image,image_path,qtype,question,options,prediction,raw_output,answer,answer_text,correct,inference_time_sec
0000001_02999_d_0000005.jpg,/home/brisic03/VisDrone/VisDrone2019-DET-val/images/0000001_02999_d_0000005.jpg,presence,Which object type is visible in the drone image?,"{'A': 'bus', 'B': 'car', 'C': 'awning-tricycle', 'D': 'van', 'E': 'truck'}",C,C,D,van,0,8.750478029251099
0000001_02999_d_0000005.jpg,/home/brisic03/VisDrone/VisDrone2019-DET-val/images/0000001_02999_d_0000005.jpg,counting,How many cars are visible in the drone image?,"{'A': '0', 'B': '1', 'C': '2', 'D': '3', 'E': '4 or more'}",E,E,E,4 or more,1,0.39559006690979004
0000001_02999_d_0000005.jpg,/home/brisic03/VisDrone/VisDrone2019-DET-val/images/0000001_02999_d_0000005.jpg,most_frequent,Which object type appears most often in the drone image?,"{'A': 'van', 'B': 'tricycle', 'C': 'car', 'D': 'bicycle', 'E': 'motor'}",C,C,C,car,1,0.39406633377075195
0000001_02999_d_0000005.jpg,/home/brisic03/VisDrone/VisDrone2019-DET-val/images/0000001_02999_d_0000005.jpg,location,Where is the largest van located in the image?,"{'A': 'top-left', 'B': 'top-right', 'C': 'bottom-left', 'D': 'bottom-right', 'E': 'center'}",A,A,E,center,0,0.39450573921203613
0000001_03499_d_0000006.jpg,/home/brisic03/VisDrone/VisDrone2019-DET-val/images/0000001_03499_d_0000006.jpg,presence,Which object type is visible in the drone image?,"{'A': 'bicycle', 'B': 'tricycle', 'C': 'van', 'D': 'bus', 'E': 'motor'}",C,C,C,van,1,0.39490699768066406
0000001_03499_d_0000006.jpg,/home/brisic03/VisDrone/VisDrone2019-DET-val/images/0000001_03499_d_0000006.jpg,counting,How many awning-tricycles are visible in the drone image?,"{'A': '0', 'B': '1', 'C': '2', 'D': '3', 'E': '4 or more'}",D,D,B,1,0,0.397965669631958
0000001_03499_d_0000006.jpg,/home/brisic03/VisDrone/VisDrone2019-DET-val/images/0000001_03499_d_0000006.jpg,most_frequent,Which object type appears most often in the drone image?,"{'A': 'motor', 'B': 'pedestrian', 'C': 'van', 'D': 'car', 'E': 'bus'}",D,D,D,car,1,0.3938171863555908
0000001_03499_d_0000006.jpg,/home/brisic03/VisDrone/VisDrone2019-DET-val/images/0000001_03499_d_0000006.jpg,location,Where is the largest car located in the image?,"{'A': 'top-left', 'B': 'top-right', 'C': 'bottom-left', 'D': 'bottom-right', 'E': 'center'}",E,E,C,bottom-left,0,0.3965897560119629
0000001_03999_d_0000007.jpg,/home/brisic03/VisDrone/VisDrone2019-DET-val/images/0000001_03999_d_0000007.jpg,presence,Which object type is visible in the drone image?,"{'A': 'bus', 'B': 'awning-tricycle', 'C': 'bicycle', 'D': 'tricycle', 'E': 'car'}",D,D,D,tricycle,1,0.39452552795410156
0000001_03999_d_0000007.jpg,/home/brisic03/VisDrone/VisDrone2019-DET-val/images/0000001_03999_d_0000007.jpg,counting,How many motors are visible in the drone image?,"{'A': '0', 'B': '1', 'C': '2', 'D': '3', 'E': '4 or more'}",B,B,E,4 or more,0,0.3951694965362549
0000001_03999_d_0000007.jpg,/home/brisic03/VisDrone/VisDrone2019-DET-val/images/0000001_03999_d_0000007.jpg,most_frequent,Which object type appears most often in the drone image?,"{'A': 'car', 'B': 'bus', 'C': 'tricycle', 'D': 'motor', 'E': 'pedestrian'}",A,A,D,motor,0,0.39438652992248535
0000001_03999_d_0000007.jpg,/home/brisic03/VisDrone/VisDrone2019-DET-val/images/0000001_03999_d_0000007.jpg,location,Where is the largest car located in the image?,"{'A': 'top-left', 'B': 'top-right', 'C': 'bottom-left', 'D': 'bottom-right', 'E': 'center'}",E,E,E,center,1,0.3932993412017822
0000001_04527_d_0000008.jpg,/home/brisic03/VisDrone/VisDrone2019-DET-val/images/0000001_04527_d_0000008.jpg,presence,Which object type is visible in the drone image?,"{'A': 'truck', 'B': 'van', 'C': 'people', 'D': 'pedestrian', 'E': 'tricycle'}",C,C,E,tricycle,0,0.39693760871887207
0000001_04527_d_0000008.jpg,/home/brisic03/VisDrone/VisDrone2019-DET-val/images/0000001_04527_d_0000008.jpg,counting,How many motors are visible in the drone image?,"{'A': '0', 'B': '1', 'C': '2', 'D': '3', 'E': '4 or more'}",A,A,B,1,0,0.3935704231262207
0000001_04527_d_0000008.jpg,/home/brisic03/VisDrone/VisDrone2019-DET-val/images/0000001_04527_d_0000008.jpg,most_frequent,Which object type appears most often in the drone image?,"{'A': 'van', 'B': 'pedestrian', 'C': 'car', 'D': 'awning-tricycle', 'E': 'tricycle'}",D,D,C,car,0,0.39990854263305664
0000001_04527_d_0000008.jpg,/home/brisic03/VisDrone/VisDrone2019-DET-val/images/0000001_04527_d_0000008.jpg,location,Where is the largest tricycle located in the image?,"{'A': 'top-left', 'B': 'top-right', 'C': 'bottom-left', 'D': 'bottom-right', 'E': 'center'}",C,C,E,center,0,0.3936936855316162
0000001_05249_d_0000009.jpg,/home/brisic03/VisDrone/VisDrone2019-DET-val/images/0000001_05249_d_0000009.jpg,presence,Which object type is visible in the drone image?,"{'A': 'awning-tricycle', 'B': 'pedestrian', 'C': 'car', 'D': 'people', 'E': 'bicycle'}",A,A,C,car,0,0.395951509475708
0000001_05249_d_0000009.jpg,/home/brisic03/VisDrone/VisDrone2019-DET-val/images/0000001_05249_d_0000009.jpg,counting,How many cars are visible in the drone image?,"{'A': '0', 'B': '1', 'C': '2', 'D': '3', 'E': '4 or more'}",E,E,E,4 or more,1,0.39424633979797363
0000001_05249_d_0000009.jpg,/home/brisic03/VisDrone/VisDrone2019-DET-val/images/0000001_05249_d_0000009.jpg,most_frequent,Which object type appears most often in the drone image?,"{'A': 'car', 'B': 'truck', 'C': 'bus', 'D': 'people', 'E': 'pedestrian'}",A,A,A,car,1,0.39440107345581055
0000001_05249_d_0000009.jpg,/home/brisic03/VisDrone/VisDrone2019-DET-val/images/0000001_05249_d_0000009.jpg,location,Where is the largest car located in the image?,"{'A': 'top-left', 'B': 'top-right', 'C': 'bottom-left', 'D': 'bottom-right', 'E': 'center'}",A,A,E,center,0,0.39382362365722656
0000001_05499_d_0000010.jpg,/home/brisic03/VisDrone/VisDrone2019-DET-val/images/0000001_05499_d_0000010.jpg,presence,Which object type is visible in the drone image?,"{'A': 'bus', 'B': 'pedestrian', 'C': 'car', 'D': 'motor', 'E': 'van'}",C,C,C,car,1,0.39433884620666504
0000001_05499_d_0000010.jpg,/home/brisic03/VisDrone/VisDrone2019-DET-val/images/0000001_05499_d_0000010.jpg,counting,How many vans are visible in the drone image?,"{'A': '0', 'B': '1', 'C': '2', 'D': '3', 'E': '4 or more'}",E,E,E,4 or more,1,0.3950338363647461
0000001_05499_d_0000010.jpg,/home/brisic03/VisDrone/VisDrone2019-DET-val/images/0000001_05499_d_0000010.jpg,most_frequent,Which object type appears most often in the drone image?,"{'A': 'pedestrian', 'B': 'bus', 'C': 'van', 'D': 'car', 'E': 'truck'}",D,D,D,car,1,0.3936302661895752
0000001_05499_d_0000010.jpg,/home/brisic03/VisDrone/VisDrone2019-DET-val/images/0000001_05499_d_0000010.jpg,location,Where is the largest car located in the image?,"{'A': 'top-left', 'B': 'top-right', 'C': 'bottom-left', 'D': 'bottom-right', 'E': 'center'}",E,E,C,bottom-left,0,0.39613890647888184
0000001_05999_d_0000011.jpg,/home/brisic03/VisDrone/VisDrone2019-DET-val/images/0000001_05999_d_0000011.jpg,presence,Which object type is visible in the drone image?,"{'A': 'truck', 'B': 'tricycle', 'C': 'motor', 'D': 'car', 'E': 'van'}",D,D,E,van,0,0.3959996700286865
0000001_05999_d_0000011.jpg,/home/brisic03/VisDrone/VisDrone2019-DET-val/images/0000001_05999_d_0000011.jpg,counting,How many motors are visible in the drone image?,"{'A': '0', 'B': '1', 'C': '2', 'D': '3', 'E': '4 or more'}",E,E,B,1,0,0.395038366317749
0000001_05999_d_0000011.jpg,/home/brisic03/VisDrone/VisDrone2019-DET-val/images/0000001_05999_d_0000011.jpg,most_frequent,Which object type appears most often in the drone image?,"{'A': 'car', 'B': 'people', 'C': 'van', 'D': 'pedestrian', 'E': 'awning-tricycle'}",A,A,A,car,1,0.3964107036590576
0000001_05999_d_0000011.jpg,/home/brisic03/VisDrone/VisDrone2019-DET-val/images/0000001_05999_d_0000011.jpg,location,Where is the largest car located in the image?,"{'A': 'top-left', 'B': 'top-right', 'C': 'bottom-left', 'D': 'bottom-right', 'E': 'center'}",E,E,E,center,1,0.39432358741760254
0000001_07999_d_0000012.jpg,/home/brisic03/VisDrone/VisDrone2019-DET-val/images/0000001_07999_d_0000012.jpg,presence,Which object type is visible in the drone image?,"{'A': 'truck', 'B': 'bicycle', 'C': 'van', 'D': 'car', 'E': 'awning-tricycle'}",D,D,B,bicycle,0,0.39606404304504395
0000001_07999_d_0000012.jpg,/home/brisic03/VisDrone/VisDrone2019-DET-val/images/0000001_07999_d_0000012.jpg,counting,How many tricycles are visible in the drone image?,"{'A': '0', 'B': '1', 'C': '2', 'D': '3', 'E': '4 or more'}",D,D,D,3,1,0.3954157829284668
0000001_07999_d_0000012.jpg,/home/brisic03/VisDrone/VisDrone2019-DET-val/images/0000001_07999_d_0000012.jpg,most_frequent,Which object type appears most often in the drone image?,"{'A': 'awning-tricycle', 'B': 'bicycle', 'C': 'car', 'D': 'truck', 'E': 'van'}",C,C,C,car,1,0.39661622047424316
0000001_07999_d_0000012.jpg,/home/brisic03/VisDrone/VisDrone2019-DET-val/images/0000001_07999_d_0000012.jpg,location,Where is the largest car located in the image?,"{'A': 'top-left', 'B': 'top-right', 'C': 'bottom-left', 'D': 'bottom-right', 'E': 'center'}",B,B,E,center,0,0.3942685127258301
0000001_08414_d_0000013.jpg,/home/brisic03/VisDrone/VisDrone2019-DET-val/images/0000001_08414_d_0000013.jpg,presence,Which object type is visible in the drone image?,"{'A': 'van', 'B': 'people', 'C': 'truck', 'D': 'bicycle', 'E': 'pedestrian'}",B,B,A,van,0,0.39618968963623047
0000001_08414_d_0000013.jpg,/home/brisic03/VisDrone/VisDrone2019-DET-val/images/0000001_08414_d_0000013.jpg,counting,How many cars are visible in the drone image?,"{'A': '0', 'B': '1', 'C': '2', 'D': '3', 'E': '4 or more'}",E,E,E,4 or more,1,0.39405131340026855
0000001_08414_d_0000013.jpg,/home/brisic03/VisDrone/VisDrone2019-DET-val/images/0000001_08414_d_0000013.jpg,most_frequent,Which object type appears most often in the drone image?,"{'A': 'truck', 'B': 'awning-tricycle', 'C': 'car', 'D': 'tricycle', 'E': 'bus'}",D,D,C,car,0,0.39778971672058105
0000001_08414_d_0000013.jpg,/home/brisic03/VisDrone/VisDrone2019-DET-val/images/0000001_08414_d_0000013.jpg,location,Where is the largest car located in the image?,"{'A': 'top-left', 'B': 'top-right', 'C': 'bottom-left', 'D': 'bottom-right', 'E': 'center'}",E,E,C,bottom-left,0,0.39397644996643066
0000021_00000_d_0000001.jpg,/home/brisic03/VisDrone/VisDrone2019-DET-val/images/0000021_00000_d_0000001.jpg,presence,Which object type is visible in the drone image?,"{'A': 'bicycle', 'B': 'bus', 'C': 'truck', 'D': 'tricycle', 'E': 'motor'}",D,D,E,motor,0,0.3492867946624756
0000021_00000_d_0000001.jpg,/home/brisic03/VisDrone/VisDrone2019-DET-val/images/0000021_00000_d_0000001.jpg,counting,How many peoples are visible in the drone image?,"{'A': '0', 'B': '1', 'C': '2', 'D': '3', 'E': '4 or more'}",E,E,C,2,0,0.34892916679382324
0000021_00000_d_0000001.jpg,/home/brisic03/VisDrone/VisDrone2019-DET-val/images/0000021_00000_d_0000001.jpg,most_frequent,Which object type appears most often in the drone image?,"{'A': 'motor', 'B': 'people', 'C': 'bicycle', 'D': 'van', 'E': 'truck'}",B,B,A,motor,0,0.34867024421691895
0000021_00000_d_0000001.jpg,/home/brisic03/VisDrone/VisDrone2019-DET-val/images/0000021_00000_d_0000001.jpg,location,Where is the largest pedestrian located in the image?,"{'A': 'top-left', 'B': 'top-right', 'C': 'bottom-left', 'D': 'bottom-right', 'E': 'center'}",E,E,D,bottom-right,0,0.34942030906677246
0000021_00500_d_0000002.jpg,/home/brisic03/VisDrone/VisDrone2019-DET-val/images/0000021_00500_d_0000002.jpg,presence,Which object type is visible in the drone image?,"{'A': 'truck', 'B': 'car', 'C': 'pedestrian', 'D': 'motor', 'E': 'van'}",D,D,D,motor,1,0.3484983444213867
0000021_00500_d_0000002.jpg,/home/brisic03/VisDrone/VisDrone2019-DET-val/images/0000021_00500_d_0000002.jpg,counting,How many pedestrians are visible in the drone image?,"{'A': '0', 'B': '1', 'C': '2', 'D': '3', 'E': '4 or more'}",A,A,C,2,0,0.34960460662841797
0000021_00500_d_0000002.jpg,/home/brisic03/VisDrone/VisDrone2019-DET-val/images/0000021_00500_d_0000002.jpg,most_frequent,Which object type appears most often in the drone image?,"{'A': 'bicycle', 'B': 'bus', 'C': 'pedestrian', 'D': 'tricycle', 'E': 'van'}",A,A,C,pedestrian,0,0.34777331352233887
0000021_00500_d_0000002.jpg,/home/brisic03/VisDrone/VisDrone2019-DET-val/images/0000021_00500_d_0000002.jpg,location,Where is the largest tricycle located in the image?,"{'A': 'top-left', 'B': 'top-right', 'C': 'bottom-left', 'D': 'bottom-right', 'E': 'center'}",C,C,C,bottom-left,1,0.3495604991912842
0000021_00800_d_0000003.jpg,/home/brisic03/VisDrone/VisDrone2019-DET-val/images/0000021_00800_d_0000003.jpg,presence,Which object type is visible in the drone image?,"{'A': 'pedestrian', 'B': 'car', 'C': 'motor', 'D': 'van', 'E': 'people'}",E,E,A,pedestrian,0,0.3461158275604248
0000021_00800_d_0000003.jpg,/home/brisic03/VisDrone/VisDrone2019-DET-val/images/0000021_00800_d_0000003.jpg,counting,How many pedestrians are visible in the drone image?,"{'A': '0', 'B': '1', 'C': '2', 'D': '3', 'E': '4 or more'}",C,C,C,2,1,0.3494100570678711
0000021_00800_d_0000003.jpg,/home/brisic03/VisDrone/VisDrone2019-DET-val/images/0000021_00800_d_0000003.jpg,location,Where is the largest tricycle located in the image?,"{'A': 'top-left', 'B': 'top-right', 'C': 'bottom-left', 'D': 'bottom-right', 'E': 'center'}",B,B,E,center,0,0.349292516708374
0000022_00000_d_0000004.jpg,/home/brisic03/VisDrone/VisDrone2019-DET-val/images/0000022_00000_d_0000004.jpg,presence,Which object type is visible in the drone image?,"{'A': 'car', 'B': 'tricycle', 'C': 'bus', 'D': 'people', 'E': 'motor'}",D,D,E,motor,0,0.34840893745422363
0000022_00000_d_0000004.jpg,/home/brisic03/VisDrone/VisDrone2019-DET-val/images/0000022_00000_d_0000004.jpg,counting,How many pedestrians are visible in the drone image?,"{'A': '0', 'B': '1', 'C': '2', 'D': '3', 'E': '4 or more'}",E,E,E,4 or more,1,0.3534243106842041
0000022_00000_d_0000004.jpg,/home/brisic03/VisDrone/VisDrone2019-DET-val/images/0000022_00000_d_0000004.jpg,most_frequent,Which object type appears most often in the drone image?,"{'A': 'van', 'B': 'people', 'C': 'truck', 'D': 'pedestrian', 'E': 'awning-tricycle'}",B,B,D,pedestrian,0,0.34963536262512207
0000022_00000_d_0000004.jpg,/home/brisic03/VisDrone/VisDrone2019-DET-val/images/0000022_00000_d_0000004.jpg,location,Where is the largest pedestrian located in the image?,"{'A': 'top-left', 'B': 'top-right', 'C': 'bottom-left', 'D': 'bottom-right', 'E': 'center'}",E,E,C,bottom-left,0,0.3495471477508545
0000022_00500_d_0000005.jpg,/home/brisic03/VisDrone/VisDrone2019-DET-val/images/0000022_00500_d_0000005.jpg,presence,Which object type is visible in the drone image?,"{'A': 'motor', 'B': 'car', 'C': 'tricycle', 'D': 'van', 'E': 'bus'}",C,C,A,motor,0,0.3479604721069336
0000022_00500_d_0000005.jpg,/home/brisic03/VisDrone/VisDrone2019-DET-val/images/0000022_00500_d_0000005.jpg,counting,How many pedestrians are visible in the drone image?,"{'A': '0', 'B': '1', 'C': '2', 'D': '3', 'E': '4 or more'}",E,E,E,4 or more,1,0.34866833686828613
0000022_00500_d_0000005.jpg,/home/brisic03/VisDrone/VisDrone2019-DET-val/images/0000022_00500_d_0000005.jpg,location,Where is the largest pedestrian located in the image?,"{'A': 'top-left', 'B': 'top-right', 'C': 'bottom-left', 'D': 'bottom-right', 'E': 'center'}",E,E,E,center,1,0.34872961044311523
0000022_01036_d_0000006.jpg,/home/brisic03/VisDrone/VisDrone2019-DET-val/images/0000022_01036_d_0000006.jpg,presence,Which object type is visible in the drone image?,"{'A': 'people', 'B': 'tricycle', 'C': 'car', 'D': 'van', 'E': 'motor'}",A,A,E,motor,0,0.3469386100769043
0000022_01036_d_0000006.jpg,/home/brisic03/VisDrone/VisDrone2019-DET-val/images/0000022_01036_d_0000006.jpg,counting,How many pedestrians are visible in the drone image?,"{'A': '0', 'B': '1', 'C': '2', 'D': '3', 'E': '4 or more'}",E,E,E,4 or more,1,0.3501553535461426
0000022_01036_d_0000006.jpg,/home/brisic03/VisDrone/VisDrone2019-DET-val/images/0000022_01036_d_0000006.jpg,most_frequent,Which object type appears most often in the drone image?,"{'A': 'van', 'B': 'car', 'C': 'bicycle', 'D': 'pedestrian', 'E': 'motor'}",D,D,D,pedestrian,1,0.34966588020324707
0000022_01036_d_0000006.jpg,/home/brisic03/VisDrone/VisDrone2019-DET-val/images/0000022_01036_d_0000006.jpg,location,Where is the largest bicycle located in the image?,"{'A': 'top-left', 'B': 'top-right', 'C': 'bottom-left', 'D': 'bottom-right', 'E': 'center'}",E,E,E,center,1,0.34974098205566406
0000022_01251_d_0000007.jpg,/home/brisic03/VisDrone/VisDrone2019-DET-val/images/0000022_01251_d_0000007.jpg,presence,Which object type is visible in the drone image?,"{'A': 'tricycle', 'B': 'bicycle', 'C': 'truck', 'D': 'van', 'E': 'pedestrian'}",B,B,E,pedestrian,0,0.35025572776794434
0000022_01251_d_0000007.jpg,/home/brisic03/VisDrone/VisDrone2019-DET-val/images/0000022_01251_d_0000007.jpg,counting,How many motors are visible in the drone image?,"{'A': '0', 'B': '1', 'C': '2', 'D': '3', 'E': '4 or more'}",A,A,C,2,0,0.34916186332702637
0000022_01251_d_0000007.jpg,/home/brisic03/VisDrone/VisDrone2019-DET-val/images/0000022_01251_d_0000007.jpg,most_frequent,Which object type appears most often in the drone image?,"{'A': 'truck', 'B': 'people', 'C': 'bus', 'D': 'pedestrian', 'E': 'motor'}",B,B,B,people,1,0.34854578971862793
0000022_01251_d_0000007.jpg,/home/brisic03/VisDrone/VisDrone2019-DET-val/images/0000022_01251_d_0000007.jpg,location,Where is the largest motor located in the image?,"{'A': 'top-left', 'B': 'top-right', 'C': 'bottom-left', 'D': 'bottom-right', 'E': 'center'}",E,E,E,center,1,0.349071741104126
0000023_00000_d_0000008.jpg,/home/brisic03/VisDrone/VisDrone2019-DET-val/images/0000023_00000_d_0000008.jpg,presence,Which object type is visible in the drone image?,"{'A': 'bus', 'B': 'truck', 'C': 'motor', 'D': 'awning-tricycle', 'E': 'van'}",D,D,C,motor,0,0.34850144386291504
0000023_00000_d_0000008.jpg,/home/brisic03/VisDrone/VisDrone2019-DET-val/images/0000023_00000_d_0000008.jpg,counting,How many pedestrians are visible in the drone image?,"{'A': '0', 'B': '1', 'C': '2', 'D': '3', 'E': '4 or more'}",E,E,E,4 or more,1,0.34967970848083496
0000023_00000_d_0000008.jpg,/home/brisic03/VisDrone/VisDrone2019-DET-val/images/0000023_00000_d_0000008.jpg,most_frequent,Which object type appears most often in the drone image?,"{'A': 'truck', 'B': 'bicycle', 'C': 'pedestrian', 'D': 'motor', 'E': 'tricycle'}",C,C,C,pedestrian,1,0.34894418716430664
0000023_00000_d_0000008.jpg,/home/brisic03/VisDrone/VisDrone2019-DET-val/images/0000023_00000_d_0000008.jpg,location,Where is the largest awning-tricycle located in the image?,"{'A': 'top-left', 'B': 'top-right', 'C': 'bottom-left', 'D': 'bottom-right', 'E': 'center'}",B,B,C,bottom-left,0,0.35163259506225586
0000023_00300_d_0000009.jpg,/home/brisic03/VisDrone/VisDrone2019-DET-val/images/0000023_00300_d_0000009.jpg,presence,Which object type is visible in the drone image?,"{'A': 'motor', 'B': 'van', 'C': 'tricycle', 'D': 'people', 'E': 'bicycle'}",A,A,D,people,0,0.34872984886169434
0000023_00300_d_0000009.jpg,/home/brisic03/VisDrone/VisDrone2019-DET-val/images/0000023_00300_d_0000009.jpg,counting,How many peoples are visible in the drone image?,"{'A': '0', 'B': '1', 'C': '2', 'D': '3', 'E': '4 or more'}",E,E,E,4 or more,1,0.35166168212890625
0000023_00300_d_0000009.jpg,/home/brisic03/VisDrone/VisDrone2019-DET-val/images/0000023_00300_d_0000009.jpg,location,Where is the largest awning-tricycle located in the image?,"{'A': 'top-left', 'B': 'top-right', 'C': 'bottom-left', 'D': 'bottom-right', 'E': 'center'}",C,C,E,center,0,0.3519611358642578
0000023_00868_d_0000010.jpg,/home/brisic03/VisDrone/VisDrone2019-DET-val/images/0000023_00868_d_0000010.jpg,presence,Which object type is visible in the drone image?,"{'A': 'van', 'B': 'people', 'C': 'tricycle', 'D': 'car', 'E': 'bus'}",B,B,B,people,1,0.34801316261291504
0000023_00868_d_0000010.jpg,/home/brisic03/VisDrone/VisDrone2019-DET-val/images/0000023_00868_d_0000010.jpg,counting,How many pedestrians are visible in the drone image?,"{'A': '0', 'B': '1', 'C': '2', 'D': '3', 'E': '4 or more'}",E,E,E,4 or more,1,0.35004162788391113
0000023_00868_d_0000010.jpg,/home/brisic03/VisDrone/VisDrone2019-DET-val/images/0000023_00868_d_0000010.jpg,most_frequent,Which object type appears most often in the drone image?,"{'A': 'bicycle', 'B': 'bus', 'C': 'pedestrian', 'D': 'people', 'E': 'awning-tricycle'}",D,D,C,pedestrian,0,0.35066819190979004
0000023_00868_d_0000010.jpg,/home/brisic03/VisDrone/VisDrone2019-DET-val/images/0000023_00868_d_0000010.jpg,location,Where is the largest motor located in the image?,"{'A': 'top-left', 'B': 'top-right', 'C': 'bottom-left', 'D': 'bottom-right', 'E': 'center'}",E,E,C,bottom-left,0,0.34792518615722656
0000023_01233_d_0000011.jpg,/home/brisic03/VisDrone/VisDrone2019-DET-val/images/0000023_01233_d_0000011.jpg,presence,Which object type is visible in the drone image?,"{'A': 'truck', 'B': 'people', 'C': 'motor', 'D': 'car', 'E': 'pedestrian'}",B,B,C,motor,0,0.3490791320800781
0000023_01233_d_0000011.jpg,/home/brisic03/VisDrone/VisDrone2019-DET-val/images/0000023_01233_d_0000011.jpg,counting,How many motors are visible in the drone image?,"{'A': '0', 'B': '1', 'C': '2', 'D': '3', 'E': '4 or more'}",A,A,C,2,0,0.35128307342529297
0000023_01233_d_0000011.jpg,/home/brisic03/VisDrone/VisDrone2019-DET-val/images/0000023_01233_d_0000011.jpg,most_frequent,Which object type appears most often in the drone image?,"{'A': 'motor', 'B': 'truck', 'C': 'car', 'D': 'pedestrian', 'E': 'people'}",E,E,E,people,1,0.3502159118652344
0000023_01233_d_0000011.jpg,/home/brisic03/VisDrone/VisDrone2019-DET-val/images/0000023_01233_d_0000011.jpg,location,Where is the largest pedestrian located in the image?,"{'A': 'top-left', 'B': 'top-right', 'C': 'bottom-left', 'D': 'bottom-right', 'E': 'center'}",E,E,E,center,1,0.3510134220123291
0000024_00000_d_0000012.jpg,/home/brisic03/VisDrone/VisDrone2019-DET-val/images/0000024_00000_d_0000012.jpg,presence,Which object type is visible in the drone image?,"{'A': 'pedestrian', 'B': 'car', 'C': 'bus', 'D': 'people', 'E': 'motor'}",D,D,D,people,1,0.3491475582122803
0000024_00000_d_0000012.jpg,/home/brisic03/VisDrone/VisDrone2019-DET-val/images/0000024_00000_d_0000012.jpg,counting,How many pedestrians are visible in the drone image?,"{'A': '0', 'B': '1', 'C': '2', 'D': '3', 'E': '4 or more'}",E,E,E,4 or more,1,0.3504946231842041
0000024_00000_d_0000012.jpg,/home/brisic03/VisDrone/VisDrone2019-DET-val/images/0000024_00000_d_0000012.jpg,most_frequent,Which object type appears most often in the drone image?,"{'A': 'tricycle', 'B': 'people', 'C': 'truck', 'D': 'car', 'E': 'pedestrian'}",B,B,E,pedestrian,0,0.34969472885131836
0000024_00000_d_0000012.jpg,/home/brisic03/VisDrone/VisDrone2019-DET-val/images/0000024_00000_d_0000012.jpg,location,Where is the largest motor located in the image?,"{'A': 'top-left', 'B': 'top-right', 'C': 'bottom-left', 'D': 'bottom-right', 'E': 'center'}",A,A,C,bottom-left,0,0.34955906867980957
0000024_00500_d_0000013.jpg,/home/brisic03/VisDrone/VisDrone2019-DET-val/images/0000024_00500_d_0000013.jpg,presence,Which object type is visible in the drone image?,"{'A': 'motor', 'B': 'tricycle', 'C': 'bicycle', 'D': 'car', 'E': 'truck'}",C,C,A,motor,0,0.349684476852417
0000024_00500_d_0000013.jpg,/home/brisic03/VisDrone/VisDrone2019-DET-val/images/0000024_00500_d_0000013.jpg,counting,How many motors are visible in the drone image?,"{'A': '0', 'B': '1', 'C': '2', 'D': '3', 'E': '4 or more'}",A,A,D,3,0,0.3493525981903076
0000024_00500_d_0000013.jpg,/home/brisic03/VisDrone/VisDrone2019-DET-val/images/0000024_00500_d_0000013.jpg,most_frequent,Which object type appears most often in the drone image?,"{'A': 'truck', 'B': 'people', 'C': 'bicycle', 'D': 'pedestrian', 'E': 'motor'}",B,B,B,people,1,0.3499312400817871
0000024_00500_d_0000013.jpg,/home/brisic03/VisDrone/VisDrone2019-DET-val/images/0000024_00500_d_0000013.jpg,location,Where is the largest pedestrian located in the image?,"{'A': 'top-left', 'B': 'top-right', 'C': 'bottom-left', 'D': 'bottom-right', 'E': 'center'}",E,E,E,center,1,0.3514597415924072
0000024_01000_d_0000014.jpg,/home/brisic03/VisDrone/VisDrone2019-DET-val/images/0000024_01000_d_0000014.jpg,presence,Which object type is visible in the drone image?,"{'A': 'people', 'B': 'van', 'C': 'truck', 'D': 'pedestrian', 'E': 'awning-tricycle'}",A,A,D,pedestrian,0,0.35016298294067383
0000024_01000_d_0000014.jpg,/home/brisic03/VisDrone/VisDrone2019-DET-val/images/0000024_01000_d_0000014.jpg,counting,How many pedestrians are visible in the drone image?,"{'A': '0', 'B': '1', 'C': '2', 'D': '3', 'E': '4 or more'}",E,E,D,3,0,0.3505868911743164
0000024_01000_d_0000014.jpg,/home/brisic03/VisDrone/VisDrone2019-DET-val/images/0000024_01000_d_0000014.jpg,most_frequent,Which object type appears most often in the drone image?,"{'A': 'bus', 'B': 'pedestrian', 'C': 'truck', 'D': 'motor', 'E': 'van'}",B,B,B,pedestrian,1,0.3488731384277344
0000024_01000_d_0000014.jpg,/home/brisic03/VisDrone/VisDrone2019-DET-val/images/0000024_01000_d_0000014.jpg,location,Where is the largest pedestrian located in the image?,"{'A': 'top-left', 'B': 'top-right', 'C': 'bottom-left', 'D': 'bottom-right', 'E': 'center'}",E,E,E,center,1,0.362062931060791
0000024_01543_d_0000015.jpg,/home/brisic03/VisDrone/VisDrone2019-DET-val/images/0000024_01543_d_0000015.jpg,presence,Which object type is visible in the drone image?,"{'A': 'pedestrian', 'B': 'bicycle', 'C': 'car', 'D': 'van', 'E': 'tricycle'}",A,A,A,pedestrian,1,0.3500385284423828
0000024_01543_d_0000015.jpg,/home/brisic03/VisDrone/VisDrone2019-DET-val/images/0000024_01543_d_0000015.jpg,counting,How many pedestrians are visible in the drone image?,"{'A': '0', 'B': '1', 'C': '2', 'D': '3', 'E': '4 or more'}",E,E,E,4 or more,1,0.3501102924346924
0000024_01543_d_0000015.jpg,/home/brisic03/VisDrone/VisDrone2019-DET-val/images/0000024_01543_d_0000015.jpg,most_frequent,Which object type appears most often in the drone image?,"{'A': 'awning-tricycle', 'B': 'pedestrian', 'C': 'people', 'D': 'truck', 'E': 'bicycle'}",C,C,B,pedestrian,0,0.3504455089569092
0000024_01543_d_0000015.jpg,/home/brisic03/VisDrone/VisDrone2019-DET-val/images/0000024_01543_d_0000015.jpg,location,Where is the largest motor located in the image?,"{'A': 'top-left', 'B': 'top-right', 'C': 'bottom-left', 'D': 'bottom-right', 'E': 'center'}",A,A,E,center,0,0.3497803211212158
0000026_00000_d_0000024.jpg,/home/brisic03/VisDrone/VisDrone2019-DET-val/images/0000026_00000_d_0000024.jpg,presence,Which object type is visible in the drone image?,"{'A': 'bus', 'B': 'people', 'C': 'car', 'D': 'awning-tricycle', 'E': 'bicycle'}",C,C,C,car,1,0.36670923233032227
0000026_00000_d_0000024.jpg,/home/brisic03/VisDrone/VisDrone2019-DET-val/images/0000026_00000_d_0000024.jpg,counting,How many vans are visible in the drone image?,"{'A': '0', 'B': '1', 'C': '2', 'D': '3', 'E': '4 or more'}",D,D,B,1,0,0.36336183547973633
0000026_00000_d_0000024.jpg,/home/brisic03/VisDrone/VisDrone2019-DET-val/images/0000026_00000_d_0000024.jpg,most_frequent,Which object type appears most often in the drone image?,"{'A': 'truck', 'B': 'pedestrian', 'C': 'car', 'D': 'bus', 'E': 'motor'}",C,C,C,car,1,0.3627047538757324
0000026_00000_d_0000024.jpg,/home/brisic03/VisDrone/VisDrone2019-DET-val/images/0000026_00000_d_0000024.jpg,location,Where is the largest van located in the image?,"{'A': 'top-left', 'B': 'top-right', 'C': 'bottom-left', 'D': 'bottom-right', 'E': 'center'}",C,C,C,bottom-left,1,0.36287689208984375
0000026_00500_d_0000025.jpg,/home/brisic03/VisDrone/VisDrone2019-DET-val/images/0000026_00500_d_0000025.jpg,presence,Which object type is visible in the drone image?,"{'A': 'truck', 'B': 'van', 'C': 'awning-tricycle', 'D': 'car', 'E': 'tricycle'}",D,D,D,car,1,0.364300012588501
0000026_00500_d_0000025.jpg,/home/brisic03/VisDrone/VisDrone2019-DET-val/images/0000026_00500_d_0000025.jpg,counting,How many cars are visible in the drone image?,"{'A': '0', 'B': '1', 'C': '2', 'D': '3', 'E': '4 or more'}",E,E,E,4 or more,1,0.3634939193725586
0000026_00500_d_0000025.jpg,/home/brisic03/VisDrone/VisDrone2019-DET-val/images/0000026_00500_d_0000025.jpg,most_frequent,Which object type appears most often in the drone image?,"{'A': 'van', 'B': 'car', 'C': 'people', 'D': 'awning-tricycle', 'E': 'motor'}",B,B,B,car,1,0.36222362518310547
0000026_00500_d_0000025.jpg,/home/brisic03/VisDrone/VisDrone2019-DET-val/images/0000026_00500_d_0000025.jpg,location,Where is the largest car located in the image?,"{'A': 'top-left', 'B': 'top-right', 'C': 'bottom-left', 'D': 'bottom-right', 'E': 'center'}",E,E,D,bottom-right,0,0.36293554306030273
0000026_01000_d_0000026.jpg,/home/brisic03/VisDrone/VisDrone2019-DET-val/images/0000026_01000_d_0000026.jpg,presence,Which object type is visible in the drone image?,"{'A': 'tricycle', 'B': 'bus', 'C': 'van', 'D': 'awning-tricycle', 'E': 'car'}",A,A,E,car,0,0.3646695613861084
0000026_01000_d_0000026.jpg,/home/brisic03/VisDrone/VisDrone2019-DET-val/images/0000026_01000_d_0000026.jpg,counting,How many motors are visible in the drone image?,"{'A': '0', 'B': '1', 'C': '2', 'D': '3', 'E': '4 or more'}",E,E,C,2,0,0.3662567138671875
0000026_01000_d_0000026.jpg,/home/brisic03/VisDrone/VisDrone2019-DET-val/images/0000026_01000_d_0000026.jpg,most_frequent,Which object type appears most often in the drone image?,"{'A': 'people', 'B': 'motor', 'C': 'bus', 'D': 'awning-tricycle', 'E': 'car'}",E,E,E,car,1,0.36284708976745605
0000026_01000_d_0000026.jpg,/home/brisic03/VisDrone/VisDrone2019-DET-val/images/0000026_01000_d_0000026.jpg,location,Where is the largest car located in the image?,"{'A': 'top-left', 'B': 'top-right', 'C': 'bottom-left', 'D': 'bottom-right', 'E': 'center'}",E,E,E,center,1,0.36345386505126953
0000026_01500_d_0000027.jpg,/home/brisic03/VisDrone/VisDrone2019-DET-val/images/0000026_01500_d_0000027.jpg,presence,Which object type is visible in the drone image?,"{'A': 'pedestrian', 'B': 'truck', 'C': 'people', 'D': 'car', 'E': 'awning-tricycle'}",D,D,A,pedestrian,0,0.3638889789581299
0000026_01500_d_0000027.jpg,/home/brisic03/VisDrone/VisDrone2019-DET-val/images/0000026_01500_d_0000027.jpg,counting,How many pedestrians are visible in the drone image?,"{'A': '0', 'B': '1', 'C': '2', 'D': '3', 'E': '4 or more'}",B,B,B,1,1,0.3648655414581299
0000026_01500_d_0000027.jpg,/home/brisic03/VisDrone/VisDrone2019-DET-val/images/0000026_01500_d_0000027.jpg,most_frequent,Which object type appears most often in the drone image?,"{'A': 'people', 'B': 'car', 'C': 'truck', 'D': 'motor', 'E': 'bus'}",B,B,B,car,1,0.3635118007659912
0000026_01500_d_0000027.jpg,/home/brisic03/VisDrone/VisDrone2019-DET-val/images/0000026_01500_d_0000027.jpg,location,Where is the largest car located in the image?,"{'A': 'top-left', 'B': 'top-right', 'C': 'bottom-left', 'D': 'bottom-right', 'E': 'center'}",E,E,E,center,1,0.3658876419067383
0000026_02000_d_0000028.jpg,/home/brisic03/VisDrone/VisDrone2019-DET-val/images/0000026_02000_d_0000028.jpg,presence,Which object type is visible in the drone image?,"{'A': 'pedestrian', 'B': 'car', 'C': 'motor', 'D': 'awning-tricycle', 'E': 'truck'}",B,B,B,car,1,0.3634612560272217
0000026_02000_d_0000028.jpg,/home/brisic03/VisDrone/VisDrone2019-DET-val/images/0000026_02000_d_0000028.jpg,counting,How many cars are visible in the drone image?,"{'A': '0', 'B': '1', 'C': '2', 'D': '3', 'E': '4 or more'}",E,E,E,4 or more,1,0.3635842800140381
0000026_02000_d_0000028.jpg,/home/brisic03/VisDrone/VisDrone2019-DET-val/images/0000026_02000_d_0000028.jpg,most_frequent,Which object type appears most often in the drone image?,"{'A': 'pedestrian', 'B': 'truck', 'C': 'car', 'D': 'motor', 'E': 'bicycle'}",C,C,C,car,1,0.36418795585632324
0000026_02000_d_0000028.jpg,/home/brisic03/VisDrone/VisDrone2019-DET-val/images/0000026_02000_d_0000028.jpg,location,Where is the largest car located in the image?,"{'A': 'top-left', 'B': 'top-right', 'C': 'bottom-left', 'D': 'bottom-right', 'E': 'center'}",E,E,E,center,1,0.36357593536376953
0000026_02500_d_0000029.jpg,/home/brisic03/VisDrone/VisDrone2019-DET-val/images/0000026_02500_d_0000029.jpg,presence,Which object type is visible in the drone image?,"{'A': 'van', 'B': 'truck', 'C': 'pedestrian', 'D': 'motor', 'E': 'bus'}",B,B,A,van,0,0.36231541633605957
0000026_02500_d_0000029.jpg,/home/brisic03/VisDrone/VisDrone2019-DET-val/images/0000026_02500_d_0000029.jpg,counting,How many vans are visible in the drone image?,"{'A': '0', 'B': '1', 'C': '2', 'D': '3', 'E': '4 or more'}",D,D,C,2,0,0.3631753921508789
0000026_02500_d_0000029.jpg,/home/brisic03/VisDrone/VisDrone2019-DET-val/images/0000026_02500_d_0000029.jpg,most_frequent,Which object type appears most often in the drone image?,"{'A': 'pedestrian', 'B': 'tricycle', 'C': 'van', 'D': 'car', 'E': 'bus'}",D,D,A,pedestrian,0,0.3624866008758545
0000026_02500_d_0000029.jpg,/home/brisic03/VisDrone/VisDrone2019-DET-val/images/0000026_02500_d_0000029.jpg,location,Where is the largest car located in the image?,"{'A': 'top-left', 'B': 'top-right', 'C': 'bottom-left', 'D': 'bottom-right', 'E': 'center'}",A,A,D,bottom-right,0,0.3657815456390381
0000026_03000_d_0000030.jpg,/home/brisic03/VisDrone/VisDrone2019-DET-val/images/0000026_03000_d_0000030.jpg,presence,Which object type is visible in the drone image?,"{'A': 'bus', 'B': 'car', 'C': 'tricycle', 'D': 'van', 'E': 'awning-tricycle'}",B,B,D,van,0,0.36364221572875977
0000026_03000_d_0000030.jpg,/home/brisic03/VisDrone/VisDrone2019-DET-val/images/0000026_03000_d_0000030.jpg,counting,How many vans are visible in the drone image?,"{'A': '0', 'B': '1', 'C': '2', 'D': '3', 'E': '4 or more'}",E,E,B,1,0,0.36313343048095703
0000026_03000_d_0000030.jpg,/home/brisic03/VisDrone/VisDrone2019-DET-val/images/0000026_03000_d_0000030.jpg,most_frequent,Which object type appears most often in the drone image?,"{'A': 'car', 'B': 'bus', 'C': 'awning-tricycle', 'D': 'tricycle', 'E': 'van'}",A,A,A,car,1,0.36372852325439453
0000026_03000_d_0000030.jpg,/home/brisic03/VisDrone/VisDrone2019-DET-val/images/0000026_03000_d_0000030.jpg,location,Where is the largest car located in the image?,"{'A': 'top-left', 'B': 'top-right', 'C': 'bottom-left', 'D': 'bottom-right', 'E': 'center'}",A,A,E,center,0,0.3636441230773926
0000026_03500_d_0000031.jpg,/home/brisic03/VisDrone/VisDrone2019-DET-val/images/0000026_03500_d_0000031.jpg,presence,Which object type is visible in the drone image?,"{'A': 'bus', 'B': 'tricycle', 'C': 'people', 'D': 'motor', 'E': 'van'}",C,C,D,motor,0,0.36284327507019043
0000026_03500_d_0000031.jpg,/home/brisic03/VisDrone/VisDrone2019-DET-val/images/0000026_03500_d_0000031.jpg,counting,How many pedestrians are visible in the drone image?,"{'A': '0', 'B': '1', 'C': '2', 'D': '3', 'E': '4 or more'}",B,B,B,1,1,0.36429810523986816
0000026_03500_d_0000031.jpg,/home/brisic03/VisDrone/VisDrone2019-DET-val/images/0000026_03500_d_0000031.jpg,most_frequent,Which object type appears most often in the drone image?,"{'A': 'car', 'B': 'bus', 'C': 'tricycle', 'D': 'motor', 'E': 'van'}",A,A,A,car,1,0.3623995780944824
0000026_03500_d_0000031.jpg,/home/brisic03/VisDrone/VisDrone2019-DET-val/images/0000026_03500_d_0000031.jpg,location,Where is the largest van located in the image?,"{'A': 'top-left', 'B': 'top-right', 'C': 'bottom-left', 'D': 'bottom-right', 'E': 'center'}",E,E,E,center,1,0.3630485534667969
0000026_04000_d_0000032.jpg,/home/brisic03/VisDrone/VisDrone2019-DET-val/images/0000026_04000_d_0000032.jpg,presence,Which object type is visible in the drone image?,"{'A': 'people', 'B': 'tricycle', 'C': 'car', 'D': 'van', 'E': 'bicycle'}",C,C,D,van,0,0.36435365676879883
0000026_04000_d_0000032.jpg,/home/brisic03/VisDrone/VisDrone2019-DET-val/images/0000026_04000_d_0000032.jpg,counting,How many cars are visible in the drone image?,"{'A': '0', 'B': '1', 'C': '2', 'D': '3', 'E': '4 or more'}",E,E,E,4 or more,1,0.36472129821777344
0000026_04000_d_0000032.jpg,/home/brisic03/VisDrone/VisDrone2019-DET-val/images/0000026_04000_d_0000032.jpg,most_frequent,Which object type appears most often in the drone image?,"{'A': 'truck', 'B': 'tricycle', 'C': 'bicycle', 'D': 'car', 'E': 'awning-tricycle'}",D,D,D,car,1,0.3640768527984619
0000026_04000_d_0000032.jpg,/home/brisic03/VisDrone/VisDrone2019-DET-val/images/0000026_04000_d_0000032.jpg,location,Where is the largest car located in the image?,"{'A': 'top-left', 'B': 'top-right', 'C': 'bottom-left', 'D': 'bottom-right', 'E': 'center'}",E,E,D,bottom-right,0,0.36308908462524414
0000026_04500_d_0000033.jpg,/home/brisic03/VisDrone/VisDrone2019-DET-val/images/0000026_04500_d_0000033.jpg,presence,Which object type is visible in the drone image?,"{'A': 'motor', 'B': 'bicycle', 'C': 'awning-tricycle', 'D': 'tricycle', 'E': 'car'}",A,A,D,tricycle,0,0.3644084930419922
0000026_04500_d_0000033.jpg,/home/brisic03/VisDrone/VisDrone2019-DET-val/images/0000026_04500_d_0000033.jpg,counting,How many tricycles are visible in the drone image?,"{'A': '0', 'B': '1', 'C': '2', 'D': '3', 'E': '4 or more'}",D,D,B,1,0,0.3644108772277832
0000026_04500_d_0000033.jpg,/home/brisic03/VisDrone/VisDrone2019-DET-val/images/0000026_04500_d_0000033.jpg,most_frequent,Which object type appears most often in the drone image?,"{'A': 'van', 'B': 'car', 'C': 'motor', 'D': 'tricycle', 'E': 'bus'}",B,B,B,car,1,0.3631327152252197
0000026_04500_d_0000033.jpg,/home/brisic03/VisDrone/VisDrone2019-DET-val/images/0000026_04500_d_0000033.jpg,location,Where is the largest car located in the image?,"{'A': 'top-left', 'B': 'top-right', 'C': 'bottom-left', 'D': 'bottom-right', 'E': 'center'}",C,C,D,bottom-right,0,0.3636667728424072
0000026_04978_d_0000034.jpg,/home/brisic03/VisDrone/VisDrone2019-DET-val/images/0000026_04978_d_0000034.jpg,presence,Which object type is visible in the drone image?,"{'A': 'people', 'B': 'pedestrian', 'C': 'bus', 'D': 'tricycle', 'E': 'car'}",E,E,D,tricycle,0,0.3623776435852051
0000026_04978_d_0000034.jpg,/home/brisic03/VisDrone/VisDrone2019-DET-val/images/0000026_04978_d_0000034.jpg,counting,How many trucks are visible in the drone image?,"{'A': '0', 'B': '1', 'C': '2', 'D': '3', 'E': '4 or more'}",D,D,B,1,0,0.36539316177368164
0000026_04978_d_0000034.jpg,/home/brisic03/VisDrone/VisDrone2019-DET-val/images/0000026_04978_d_0000034.jpg,most_frequent,Which object type appears most often in the drone image?,"{'A': 'awning-tricycle', 'B': 'van', 'C': 'bicycle', 'D': 'car', 'E': 'motor'}",D,D,D,car,1,0.3650026321411133
0000026_04978_d_0000034.jpg,/home/brisic03/VisDrone/VisDrone2019-DET-val/images/0000026_04978_d_0000034.jpg,location,Where is the largest car located in the image?,"{'A': 'top-left', 'B': 'top-right', 'C': 'bottom-left', 'D': 'bottom-right', 'E': 'center'}",E,E,E,center,1,0.3638625144958496
0000055_00000_d_0000109.jpg,/home/brisic03/VisDrone/VisDrone2019-DET-val/images/0000055_00000_d_0000109.jpg,presence,Which object type is visible in the drone image?,"{'A': 'pedestrian', 'B': 'tricycle', 'C': 'awning-tricycle', 'D': 'bus', 'E': 'people'}",C,C,B,tricycle,0,0.35013747215270996
0000055_00000_d_0000109.jpg,/home/brisic03/VisDrone/VisDrone2019-DET-val/images/0000055_00000_d_0000109.jpg,counting,How many peoples are visible in the drone image?,"{'A': '0', 'B': '1', 'C': '2', 'D': '3', 'E': '4 or more'}",E,E,E,4 or more,1,0.35024547576904297
0000055_00000_d_0000109.jpg,/home/brisic03/VisDrone/VisDrone2019-DET-val/images/0000055_00000_d_0000109.jpg,most_frequent,Which object type appears most often in the drone image?,"{'A': 'bus', 'B': 'people', 'C': 'bicycle', 'D': 'pedestrian', 'E': 'truck'}",B,B,D,pedestrian,0,0.35035228729248047
0000055_00000_d_0000109.jpg,/home/brisic03/VisDrone/VisDrone2019-DET-val/images/0000055_00000_d_0000109.jpg,location,Where is the largest tricycle located in the image?,"{'A': 'top-left', 'B': 'top-right', 'C': 'bottom-left', 'D': 'bottom-right', 'E': 'center'}",E,E,E,center,1,0.3527710437774658
0000055_00714_d_0000110.jpg,/home/brisic03/VisDrone/VisDrone2019-DET-val/images/0000055_00714_d_0000110.jpg,presence,Which object type is visible in the drone image?,"{'A': 'people', 'B': 'van', 'C': 'motor', 'D': 'tricycle', 'E': 'car'}",A,A,A,people,1,0.3502674102783203
0000055_00714_d_0000110.jpg,/home/brisic03/VisDrone/VisDrone2019-DET-val/images/0000055_00714_d_0000110.jpg,counting,How many motors are visible in the drone image?,"{'A': '0', 'B': '1', 'C': '2', 'D': '3', 'E': '4 or more'}",A,A,E,4 or more,0,0.3515322208404541
0000055_00714_d_0000110.jpg,/home/brisic03/VisDrone/VisDrone2019-DET-val/images/0000055_00714_d_0000110.jpg,most_frequent,Which object type appears most often in the drone image?,"{'A': 'motor', 'B': 'tricycle', 'C': 'bus', 'D': 'awning-tricycle', 'E': 'pedestrian'}",B,B,E,pedestrian,0,0.3517122268676758
0000055_00714_d_0000110.jpg,/home/brisic03/VisDrone/VisDrone2019-DET-val/images/0000055_00714_d_0000110.jpg,location,Where is the largest truck located in the image?,"{'A': 'top-left', 'B': 'top-right', 'C': 'bottom-left', 'D': 'bottom-right', 'E': 'center'}",B,B,B,top-right,1,0.3515348434448242
0000069_00001_d_0000001.jpg,/home/brisic03/VisDrone/VisDrone2019-DET-val/images/0000069_00001_d_0000001.jpg,presence,Which object type is visible in the drone image?,"{'A': 'bicycle', 'B': 'tricycle', 'C': 'awning-tricycle', 'D': 'car', 'E': 'people'}",C,C,E,people,0,0.3644695281982422
0000069_00001_d_0000001.jpg,/home/brisic03/VisDrone/VisDrone2019-DET-val/images/0000069_00001_d_0000001.jpg,counting,How many motors are visible in the drone image?,"{'A': '0', 'B': '1', 'C': '2', 'D': '3', 'E': '4 or more'}",A,A,D,3,0,0.36388492584228516
0000069_00001_d_0000001.jpg,/home/brisic03/VisDrone/VisDrone2019-DET-val/images/0000069_00001_d_0000001.jpg,most_frequent,Which object type appears most often in the drone image?,"{'A': 'people', 'B': 'truck', 'C': 'pedestrian', 'D': 'car', 'E': 'tricycle'}",A,A,C,pedestrian,0,0.3643460273742676
0000069_00001_d_0000001.jpg,/home/brisic03/VisDrone/VisDrone2019-DET-val/images/0000069_00001_d_0000001.jpg,location,Where is the largest pedestrian located in the image?,"{'A': 'top-left', 'B': 'top-right', 'C': 'bottom-left', 'D': 'bottom-right', 'E': 'center'}",E,E,E,center,1,0.3646247386932373
0000069_00483_d_0000002.jpg,/home/brisic03/VisDrone/VisDrone2019-DET-val/images/0000069_00483_d_0000002.jpg,presence,Which object type is visible in the drone image?,"{'A': 'people', 'B': 'bus', 'C': 'bicycle', 'D': 'van', 'E': 'motor'}",A,A,A,people,1,0.3626687526702881
0000069_00483_d_0000002.jpg,/home/brisic03/VisDrone/VisDrone2019-DET-val/images/0000069_00483_d_0000002.jpg,counting,How many peoples are visible in the drone image?,"{'A': '0', 'B': '1', 'C': '2', 'D': '3', 'E': '4 or more'}",E,E,D,3,0,0.36307644844055176
0000069_00483_d_0000002.jpg,/home/brisic03/VisDrone/VisDrone2019-DET-val/images/0000069_00483_d_0000002.jpg,most_frequent,Which object type appears most often in the drone image?,"{'A': 'bus', 'B': 'truck', 'C': 'pedestrian', 'D': 'motor', 'E': 'people'}",E,E,C,pedestrian,0,0.36287927627563477
0000069_00483_d_0000002.jpg,/home/brisic03/VisDrone/VisDrone2019-DET-val/images/0000069_00483_d_0000002.jpg,location,Where is the largest pedestrian located in the image?,"{'A': 'top-left', 'B': 'top-right', 'C': 'bottom-left', 'D': 'bottom-right', 'E': 'center'}",E,E,D,bottom-right,0,0.3655092716217041
0000069_00713_d_0000003.jpg,/home/brisic03/VisDrone/VisDrone2019-DET-val/images/0000069_00713_d_0000003.jpg,presence,Which object type is visible in the drone image?,"{'A': 'pedestrian', 'B': 'van', 'C': 'motor', 'D': 'bicycle', 'E': 'bus'}",A,A,C,motor,0,0.3633613586425781
0000069_00713_d_0000003.jpg,/home/brisic03/VisDrone/VisDrone2019-DET-val/images/0000069_00713_d_0000003.jpg,counting,How many pedestrians are visible in the drone image?,"{'A': '0', 'B': '1', 'C': '2', 'D': '3', 'E': '4 or more'}",E,E,E,4 or more,1,0.36467981338500977
0000069_00713_d_0000003.jpg,/home/brisic03/VisDrone/VisDrone2019-DET-val/images/0000069_00713_d_0000003.jpg,most_frequent,Which object type appears most often in the drone image?,"{'A': 'van', 'B': 'awning-tricycle', 'C': 'truck', 'D': 'car', 'E': 'pedestrian'}",E,E,E,pedestrian,1,0.36370038986206055
0000069_00713_d_0000003.jpg,/home/brisic03/VisDrone/VisDrone2019-DET-val/images/0000069_00713_d_0000003.jpg,location,Where is the largest pedestrian located in the image?,"{'A': 'top-left', 'B': 'top-right', 'C': 'bottom-left', 'D': 'bottom-right', 'E': 'center'}",E,E,D,bottom-right,0,0.3638935089111328
0000069_01109_d_0000004.jpg,/home/brisic03/VisDrone/VisDrone2019-DET-val/images/0000069_01109_d_0000004.jpg,presence,Which object type is visible in the drone image?,"{'A': 'pedestrian', 'B': 'motor', 'C': 'car', 'D': 'people', 'E': 'van'}",D,D,D,people,1,0.36498260498046875
0000069_01109_d_0000004.jpg,/home/brisic03/VisDrone/VisDrone2019-DET-val/images/0000069_01109_d_0000004.jpg,counting,How many motors are visible in the drone image?,"{'A': '0', 'B': '1', 'C': '2', 'D': '3', 'E': '4 or more'}",A,A,C,2,0,0.3646430969238281
0000069_01109_d_0000004.jpg,/home/brisic03/VisDrone/VisDrone2019-DET-val/images/0000069_01109_d_0000004.jpg,most_frequent,Which object type appears most often in the drone image?,"{'A': 'pedestrian', 'B': 'awning-tricycle', 'C': 'motor', 'D': 'bicycle', 'E': 'car'}",A,A,A,pedestrian,1,0.36495304107666016
0000069_01109_d_0000004.jpg,/home/brisic03/VisDrone/VisDrone2019-DET-val/images/0000069_01109_d_0000004.jpg,location,Where is the largest pedestrian located in the image?,"{'A': 'top-left', 'B': 'top-right', 'C': 'bottom-left', 'D': 'bottom-right', 'E': 'center'}",E,E,E,center,1,0.3638908863067627
0000069_01878_d_0000005.jpg,/home/brisic03/VisDrone/VisDrone2019-DET-val/images/0000069_01878_d_0000005.jpg,presence,Which object type is visible in the drone image?,"{'A': 'people', 'B': 'bicycle', 'C': 'van', 'D': 'truck', 'E': 'bus'}",A,A,A,people,1,0.36318159103393555
0000069_01878_d_0000005.jpg,/home/brisic03/VisDrone/VisDrone2019-DET-val/images/0000069_01878_d_0000005.jpg,counting,How many bicycles are visible in the drone image?,"{'A': '0', 'B': '1', 'C': '2', 'D': '3', 'E': '4 or more'}",A,A,B,1,0,0.36490297317504883
0000069_01878_d_0000005.jpg,/home/brisic03/VisDrone/VisDrone2019-DET-val/images/0000069_01878_d_0000005.jpg,most_frequent,Which object type appears most often in the drone image?,"{'A': 'tricycle', 'B': 'van', 'C': 'pedestrian', 'D': 'awning-tricycle', 'E': 'bus'}",C,C,C,pedestrian,1,0.36539316177368164
0000069_01878_d_0000005.jpg,/home/brisic03/VisDrone/VisDrone2019-DET-val/images/0000069_01878_d_0000005.jpg,location,Where is the largest people located in the image?,"{'A': 'top-left', 'B': 'top-right', 'C': 'bottom-left', 'D': 'bottom-right', 'E': 'center'}",E,E,C,bottom-left,0,0.37770533561706543
0000069_02163_d_0000006.jpg,/home/brisic03/VisDrone/VisDrone2019-DET-val/images/0000069_02163_d_0000006.jpg,presence,Which object type is visible in the drone image?,"{'A': 'bicycle', 'B': 'awning-tricycle', 'C': 'people', 'D': 'motor', 'E': 'car'}",A,A,E,car,0,0.3635976314544678
0000069_02163_d_0000006.jpg,/home/brisic03/VisDrone/VisDrone2019-DET-val/images/0000069_02163_d_0000006.jpg,counting,How many tricycles are visible in the drone image?,"{'A': '0', 'B': '1', 'C': '2', 'D': '3', 'E': '4 or more'}",C,C,B,1,0,0.36543917655944824
0000069_02163_d_0000006.jpg,/home/brisic03/VisDrone/VisDrone2019-DET-val/images/0000069_02163_d_0000006.jpg,most_frequent,Which object type appears most often in the drone image?,"{'A': 'pedestrian', 'B': 'van', 'C': 'people', 'D': 'motor', 'E': 'tricycle'}",C,C,A,pedestrian,0,0.3645462989807129
0000069_02163_d_0000006.jpg,/home/brisic03/VisDrone/VisDrone2019-DET-val/images/0000069_02163_d_0000006.jpg,location,Where is the largest bicycle located in the image?,"{'A': 'top-left', 'B': 'top-right', 'C': 'bottom-left', 'D': 'bottom-right', 'E': 'center'}",E,E,E,center,1,0.3641936779022217
0000069_02480_d_0000007.jpg,/home/brisic03/VisDrone/VisDrone2019-DET-val/images/0000069_02480_d_0000007.jpg,presence,Which object type is visible in the drone image?,"{'A': 'bus', 'B': 'car', 'C': 'people', 'D': 'awning-tricycle', 'E': 'bicycle'}",C,C,B,car,0,0.36448144912719727
0000069_02480_d_0000007.jpg,/home/brisic03/VisDrone/VisDrone2019-DET-val/images/0000069_02480_d_0000007.jpg,counting,How many cars are visible in the drone image?,"{'A': '0', 'B': '1', 'C': '2', 'D': '3', 'E': '4 or more'}",A,A,E,4 or more,0,0.3655261993408203
0000069_02480_d_0000007.jpg,/home/brisic03/VisDrone/VisDrone2019-DET-val/images/0000069_02480_d_0000007.jpg,most_frequent,Which object type appears most often in the drone image?,"{'A': 'bus', 'B': 'people', 'C': 'awning-tricycle', 'D': 'car', 'E': 'pedestrian'}",B,B,E,pedestrian,0,0.36467957496643066
0000069_02480_d_0000007.jpg,/home/brisic03/VisDrone/VisDrone2019-DET-val/images/0000069_02480_d_0000007.jpg,location,Where is the largest people located in the image?,"{'A': 'top-left', 'B': 'top-right', 'C': 'bottom-left', 'D': 'bottom-right', 'E': 'center'}",A,A,D,bottom-right,0,0.36399006843566895
0000072_02834_d_0000003.jpg,/home/brisic03/VisDrone/VisDrone2019-DET-val/images/0000072_02834_d_0000003.jpg,presence,Which object type is visible in the drone image?,"{'A': 'pedestrian', 'B': 'van', 'C': 'awning-tricycle', 'D': 'truck', 'E': 'bicycle'}",A,A,A,pedestrian,1,0.3650197982788086
0000072_02834_d_0000003.jpg,/home/brisic03/VisDrone/VisDrone2019-DET-val/images/0000072_02834_d_0000003.jpg,counting,How many bicycles are visible in the drone image?,"{'A': '0', 'B': '1', 'C': '2', 'D': '3', 'E': '4 or more'}",A,A,B,1,0,0.36467504501342773
0000072_02834_d_0000003.jpg,/home/brisic03/VisDrone/VisDrone2019-DET-val/images/0000072_02834_d_0000003.jpg,most_frequent,Which object type appears most often in the drone image?,"{'A': 'pedestrian', 'B': 'bicycle', 'C': 'van', 'D': 'people', 'E': 'motor'}",D,D,A,pedestrian,0,0.364593505859375
0000072_02834_d_0000003.jpg,/home/brisic03/VisDrone/VisDrone2019-DET-val/images/0000072_02834_d_0000003.jpg,location,Where is the largest car located in the image?,"{'A': 'top-left', 'B': 'top-right', 'C': 'bottom-left', 'D': 'bottom-right', 'E': 'center'}",E,E,E,center,1,0.36501622200012207
0000076_02142_d_0000009.jpg,/home/brisic03/VisDrone/VisDrone2019-DET-val/images/0000076_02142_d_0000009.jpg,presence,Which object type is visible in the drone image?,"{'A': 'van', 'B': 'car', 'C': 'bus', 'D': 'motor', 'E': 'tricycle'}",A,A,A,van,1,0.36540699005126953
0000076_02142_d_0000009.jpg,/home/brisic03/VisDrone/VisDrone2019-DET-val/images/0000076_02142_d_0000009.jpg,counting,How many trucks are visible in the drone image?,"{'A': '0', 'B': '1', 'C': '2', 'D': '3', 'E': '4 or more'}",D,D,E,4 or more,0,0.3645591735839844
0000076_02142_d_0000009.jpg,/home/brisic03/VisDrone/VisDrone2019-DET-val/images/0000076_02142_d_0000009.jpg,most_frequent,Which object type appears most often in the drone image?,"{'A': 'bicycle', 'B': 'people', 'C': 'awning-tricycle', 'D': 'motor', 'E': 'truck'}",E,E,E,truck,1,0.3653993606567383
0000076_02142_d_0000009.jpg,/home/brisic03/VisDrone/VisDrone2019-DET-val/images/0000076_02142_d_0000009.jpg,location,Where is the largest truck located in the image?,"{'A': 'top-left', 'B': 'top-right', 'C': 'bottom-left', 'D': 'bottom-right', 'E': 'center'}",A,A,E,center,0,0.3652355670928955
0000081_00000_d_0000001.jpg,/home/brisic03/VisDrone/VisDrone2019-DET-val/images/0000081_00000_d_0000001.jpg,presence,Which object type is visible in the drone image?,"{'A': 'motor', 'B': 'car', 'C': 'truck', 'D': 'van', 'E': 'bicycle'}",A,A,E,bicycle,0,0.35143232345581055
0000081_00000_d_0000001.jpg,/home/brisic03/VisDrone/VisDrone2019-DET-val/images/0000081_00000_d_0000001.jpg,counting,How many peoples are visible in the drone image?,"{'A': '0', 'B': '1', 'C': '2', 'D': '3', 'E': '4 or more'}",E,E,E,4 or more,1,0.3509504795074463
0000081_00000_d_0000001.jpg,/home/brisic03/VisDrone/VisDrone2019-DET-val/images/0000081_00000_d_0000001.jpg,most_frequent,Which object type appears most often in the drone image?,"{'A': 'van', 'B': 'people', 'C': 'bicycle', 'D': 'pedestrian', 'E': 'car'}",B,B,D,pedestrian,0,0.3505094051361084
0000081_00000_d_0000001.jpg,/home/brisic03/VisDrone/VisDrone2019-DET-val/images/0000081_00000_d_0000001.jpg,location,Where is the largest pedestrian located in the image?,"{'A': 'top-left', 'B': 'top-right', 'C': 'bottom-left', 'D': 'bottom-right', 'E': 'center'}",E,E,D,bottom-right,0,0.3517467975616455
0000086_00000_d_0000001.jpg,/home/brisic03/VisDrone/VisDrone2019-DET-val/images/0000086_00000_d_0000001.jpg,presence,Which object type is visible in the drone image?,"{'A': 'truck', 'B': 'car', 'C': 'pedestrian', 'D': 'awning-tricycle', 'E': 'motor'}",C,C,C,pedestrian,1,0.3519713878631592
0000086_00000_d_0000001.jpg,/home/brisic03/VisDrone/VisDrone2019-DET-val/images/0000086_00000_d_0000001.jpg,counting,How many pedestrians are visible in the drone image?,"{'A': '0', 'B': '1', 'C': '2', 'D': '3', 'E': '4 or more'}",E,E,E,4 or more,1,0.3532736301422119
0000086_00000_d_0000001.jpg,/home/brisic03/VisDrone/VisDrone2019-DET-val/images/0000086_00000_d_0000001.jpg,most_frequent,Which object type appears most often in the drone image?,"{'A': 'tricycle', 'B': 'car', 'C': 'bus', 'D': 'truck', 'E': 'pedestrian'}",E,E,E,pedestrian,1,0.3524174690246582
0000086_00000_d_0000001.jpg,/home/brisic03/VisDrone/VisDrone2019-DET-val/images/0000086_00000_d_0000001.jpg,location,Where is the largest people located in the image?,"{'A': 'top-left', 'B': 'top-right', 'C': 'bottom-left', 'D': 'bottom-right', 'E': 'center'}",E,E,E,center,1,0.35257744789123535
0000086_00592_d_0000002.jpg,/home/brisic03/VisDrone/VisDrone2019-DET-val/images/0000086_00592_d_0000002.jpg,presence,Which object type is visible in the drone image?,"{'A': 'car', 'B': 'pedestrian', 'C': 'people', 'D': 'awning-tricycle', 'E': 'bus'}",C,C,C,people,1,0.3516230583190918
0000086_00592_d_0000002.jpg,/home/brisic03/VisDrone/VisDrone2019-DET-val/images/0000086_00592_d_0000002.jpg,counting,How many peoples are visible in the drone image?,"{'A': '0', 'B': '1', 'C': '2', 'D': '3', 'E': '4 or more'}",E,E,E,4 or more,1,0.351513147354126
0000086_00592_d_0000002.jpg,/home/brisic03/VisDrone/VisDrone2019-DET-val/images/0000086_00592_d_0000002.jpg,most_frequent,Which object type appears most often in the drone image?,"{'A': 'van', 'B': 'awning-tricycle', 'C': 'truck', 'D': 'tricycle', 'E': 'pedestrian'}",D,D,E,pedestrian,0,0.3512282371520996
0000086_00592_d_0000002.jpg,/home/brisic03/VisDrone/VisDrone2019-DET-val/images/0000086_00592_d_0000002.jpg,location,Where is the largest people located in the image?,"{'A': 'top-left', 'B': 'top-right', 'C': 'bottom-left', 'D': 'bottom-right', 'E': 'center'}",E,E,C,bottom-left,0,0.352278470993042
0000086_01084_d_0000003.jpg,/home/brisic03/VisDrone/VisDrone2019-DET-val/images/0000086_01084_d_0000003.jpg,presence,Which object type is visible in the drone image?,"{'A': 'truck', 'B': 'people', 'C': 'motor', 'D': 'car', 'E': 'bus'}",B,B,B,people,1,0.35013914108276367
0000086_01084_d_0000003.jpg,/home/brisic03/VisDrone/VisDrone2019-DET-val/images/0000086_01084_d_0000003.jpg,counting,How many bicycles are visible in the drone image?,"{'A': '0', 'B': '1', 'C': '2', 'D': '3', 'E': '4 or more'}",A,A,B,1,0,0.35304737091064453
0000086_01084_d_0000003.jpg,/home/brisic03/VisDrone/VisDrone2019-DET-val/images/0000086_01084_d_0000003.jpg,most_frequent,Which object type appears most often in the drone image?,"{'A': 'bicycle', 'B': 'awning-tricycle', 'C': 'pedestrian', 'D': 'truck', 'E': 'car'}",C,C,C,pedestrian,1,0.35344624519348145
0000086_01084_d_0000003.jpg,/home/brisic03/VisDrone/VisDrone2019-DET-val/images/0000086_01084_d_0000003.jpg,location,Where is the largest pedestrian located in the image?,"{'A': 'top-left', 'B': 'top-right', 'C': 'bottom-left', 'D': 'bottom-right', 'E': 'center'}",E,E,D,bottom-right,0,0.352494478225708
0000086_01443_d_0000004.jpg,/home/brisic03/VisDrone/VisDrone2019-DET-val/images/0000086_01443_d_0000004.jpg,presence,Which object type is visible in the drone image?,"{'A': 'pedestrian', 'B': 'van', 'C': 'people', 'D': 'tricycle', 'E': 'awning-tricycle'}",C,C,C,people,1,0.3523128032684326
0000086_01443_d_0000004.jpg,/home/brisic03/VisDrone/VisDrone2019-DET-val/images/0000086_01443_d_0000004.jpg,counting,How many pedestrians are visible in the drone image?,"{'A': '0', 'B': '1', 'C': '2', 'D': '3', 'E': '4 or more'}",A,A,E,4 or more,0,0.352156400680542
0000086_01443_d_0000004.jpg,/home/brisic03/VisDrone/VisDrone2019-DET-val/images/0000086_01443_d_0000004.jpg,most_frequent,Which object type appears most often in the drone image?,"{'A': 'tricycle', 'B': 'motor', 'C': 'people', 'D': 'truck', 'E': 'pedestrian'}",C,C,E,pedestrian,0,0.35098886489868164
0000086_01443_d_0000004.jpg,/home/brisic03/VisDrone/VisDrone2019-DET-val/images/0000086_01443_d_0000004.jpg,location,Where is the largest pedestrian located in the image?,"{'A': 'top-left', 'B': 'top-right', 'C': 'bottom-left', 'D': 'bottom-right', 'E': 'center'}",E,E,D,bottom-right,0,0.3535604476928711
0000086_01954_d_0000005.jpg,/home/brisic03/VisDrone/VisDrone2019-DET-val/images/0000086_01954_d_0000005.jpg,presence,Which object type is visible in the drone image?,"{'A': 'truck', 'B': 'people', 'C': 'bus', 'D': 'bicycle', 'E': 'awning-tricycle'}",B,B,D,bicycle,0,0.35214829444885254
0000086_01954_d_0000005.jpg,/home/brisic03/VisDrone/VisDrone2019-DET-val/images/0000086_01954_d_0000005.jpg,counting,How many peoples are visible in the drone image?,"{'A': '0', 'B': '1', 'C': '2', 'D': '3', 'E': '4 or more'}",E,E,E,4 or more,1,0.3533017635345459
0000086_01954_d_0000005.jpg,/home/brisic03/VisDrone/VisDrone2019-DET-val/images/0000086_01954_d_0000005.jpg,most_frequent,Which object type appears most often in the drone image?,"{'A': 'pedestrian', 'B': 'bicycle', 'C': 'car', 'D': 'bus', 'E': 'van'}",A,A,A,pedestrian,1,0.3520166873931885
0000086_01954_d_0000005.jpg,/home/brisic03/VisDrone/VisDrone2019-DET-val/images/0000086_01954_d_0000005.jpg,location,Where is the largest pedestrian located in the image?,"{'A': 'top-left', 'B': 'top-right', 'C': 'bottom-left', 'D': 'bottom-right', 'E': 'center'}",E,E,E,center,1,0.35260462760925293
0000103_00180_d_0000026.jpg,/home/brisic03/VisDrone/VisDrone2019-DET-val/images/0000103_00180_d_0000026.jpg,presence,Which object type is visible in the drone image?,"{'A': 'tricycle', 'B': 'van', 'C': 'bicycle', 'D': 'pedestrian', 'E': 'awning-tricycle'}",D,D,D,pedestrian,1,0.3673684597015381
0000103_00180_d_0000026.jpg,/home/brisic03/VisDrone/VisDrone2019-DET-val/images/0000103_00180_d_0000026.jpg,counting,How many pedestrians are visible in the drone image?,"{'A': '0', 'B': '1', 'C': '2', 'D': '3', 'E': '4 or more'}",B,B,B,1,1,0.3653090000152588
0000103_00180_d_0000026.jpg,/home/brisic03/VisDrone/VisDrone2019-DET-val/images/0000103_00180_d_0000026.jpg,most_frequent,Which object type appears most often in the drone image?,"{'A': 'people', 'B': 'bicycle', 'C': 'car', 'D': 'tricycle', 'E': 'pedestrian'}",E,E,E,pedestrian,1,0.3635289669036865
0000103_00180_d_0000026.jpg,/home/brisic03/VisDrone/VisDrone2019-DET-val/images/0000103_00180_d_0000026.jpg,location,Where is the largest pedestrian located in the image?,"{'A': 'top-left', 'B': 'top-right', 'C': 'bottom-left', 'D': 'bottom-right', 'E': 'center'}",E,E,E,center,1,0.36656999588012695
0000103_00502_d_0000027.jpg,/home/brisic03/VisDrone/VisDrone2019-DET-val/images/0000103_00502_d_0000027.jpg,presence,Which object type is visible in the drone image?,"{'A': 'motor', 'B': 'bus', 'C': 'car', 'D': 'van', 'E': 'pedestrian'}",C,C,E,pedestrian,0,0.3647196292877197
0000103_00502_d_0000027.jpg,/home/brisic03/VisDrone/VisDrone2019-DET-val/images/0000103_00502_d_0000027.jpg,counting,How many pedestrians are visible in the drone image?,"{'A': '0', 'B': '1', 'C': '2', 'D': '3', 'E': '4 or more'}",D,D,C,2,0,0.36502933502197266
0000103_00502_d_0000027.jpg,/home/brisic03/VisDrone/VisDrone2019-DET-val/images/0000103_00502_d_0000027.jpg,most_frequent,Which object type appears most often in the drone image?,"{'A': 'people', 'B': 'tricycle', 'C': 'van', 'D': 'pedestrian', 'E': 'truck'}",A,A,D,pedestrian,0,0.3640298843383789
0000103_00502_d_0000027.jpg,/home/brisic03/VisDrone/VisDrone2019-DET-val/images/0000103_00502_d_0000027.jpg,location,Where is the largest car located in the image?,"{'A': 'top-left', 'B': 'top-right', 'C': 'bottom-left', 'D': 'bottom-right', 'E': 'center'}",A,A,A,top-left,1,0.36652541160583496
0000103_01734_d_0000028.jpg,/home/brisic03/VisDrone/VisDrone2019-DET-val/images/0000103_01734_d_0000028.jpg,presence,Which object type is visible in the drone image?,"{'A': 'motor', 'B': 'truck', 'C': 'pedestrian', 'D': 'bus', 'E': 'awning-tricycle'}",C,C,C,pedestrian,1,0.36706113815307617
0000103_01734_d_0000028.jpg,/home/brisic03/VisDrone/VisDrone2019-DET-val/images/0000103_01734_d_0000028.jpg,counting,How many cars are visible in the drone image?,"{'A': '0', 'B': '1', 'C': '2', 'D': '3', 'E': '4 or more'}",D,D,D,3,1,0.36553502082824707
0000103_01734_d_0000028.jpg,/home/brisic03/VisDrone/VisDrone2019-DET-val/images/0000103_01734_d_0000028.jpg,most_frequent,Which object type appears most often in the drone image?,"{'A': 'bus', 'B': 'van', 'C': 'motor', 'D': 'pedestrian', 'E': 'car'}",E,E,E,car,1,0.3637831211090088
0000103_01734_d_0000028.jpg,/home/brisic03/VisDrone/VisDrone2019-DET-val/images/0000103_01734_d_0000028.jpg,location,Where is the largest car located in the image?,"{'A': 'top-left', 'B': 'top-right', 'C': 'bottom-left', 'D': 'bottom-right', 'E': 'center'}",A,A,E,center,0,0.36452198028564453
0000103_02544_d_0000029.jpg,/home/brisic03/VisDrone/VisDrone2019-DET-val/images/0000103_02544_d_0000029.jpg,presence,Which object type is visible in the drone image?,"{'A': 'awning-tricycle', 'B': 'bus', 'C': 'pedestrian', 'D': 'truck', 'E': 'motor'}",C,C,E,motor,0,0.36684417724609375
0000103_02544_d_0000029.jpg,/home/brisic03/VisDrone/VisDrone2019-DET-val/images/0000103_02544_d_0000029.jpg,counting,How many pedestrians are visible in the drone image?,"{'A': '0', 'B': '1', 'C': '2', 'D': '3', 'E': '4 or more'}",A,A,B,1,0,0.36623120307922363
0000103_02544_d_0000029.jpg,/home/brisic03/VisDrone/VisDrone2019-DET-val/images/0000103_02544_d_0000029.jpg,most_frequent,Which object type appears most often in the drone image?,"{'A': 'awning-tricycle', 'B': 'car', 'C': 'bus', 'D': 'pedestrian', 'E': 'motor'}",D,D,E,motor,0,0.3655705451965332
0000103_02544_d_0000029.jpg,/home/brisic03/VisDrone/VisDrone2019-DET-val/images/0000103_02544_d_0000029.jpg,location,Where is the largest motor located in the image?,"{'A': 'top-left', 'B': 'top-right', 'C': 'bottom-left', 'D': 'bottom-right', 'E': 'center'}",B,B,C,bottom-left,0,0.36481261253356934
0000103_02964_d_0000030.jpg,/home/brisic03/VisDrone/VisDrone2019-DET-val/images/0000103_02964_d_0000030.jpg,presence,Which object type is visible in the drone image?,"{'A': 'pedestrian', 'B': 'bus', 'C': 'car', 'D': 'bicycle', 'E': 'people'}",D,D,E,people,0,0.3654286861419678
0000103_02964_d_0000030.jpg,/home/brisic03/VisDrone/VisDrone2019-DET-val/images/0000103_02964_d_0000030.jpg,counting,How many trucks are visible in the drone image?,"{'A': '0', 'B': '1', 'C': '2', 'D': '3', 'E': '4 or more'}",D,D,B,1,0,0.36597585678100586
0000103_02964_d_0000030.jpg,/home/brisic03/VisDrone/VisDrone2019-DET-val/images/0000103_02964_d_0000030.jpg,most_frequent,Which object type appears most often in the drone image?,"{'A': 'bicycle', 'B': 'van', 'C': 'bus', 'D': 'motor', 'E': 'tricycle'}",A,A,D,motor,0,0.36548304557800293
0000103_02964_d_0000030.jpg,/home/brisic03/VisDrone/VisDrone2019-DET-val/images/0000103_02964_d_0000030.jpg,location,Where is the largest van located in the image?,"{'A': 'top-left', 'B': 'top-right', 'C': 'bottom-left', 'D': 'bottom-right', 'E': 'center'}",B,B,E,center,0,0.3649017810821533
0000103_03349_d_0000031.jpg,/home/brisic03/VisDrone/VisDrone2019-DET-val/images/0000103_03349_d_0000031.jpg,presence,Which object type is visible in the drone image?,"{'A': 'motor', 'B': 'truck', 'C': 'awning-tricycle', 'D': 'van', 'E': 'bus'}",C,C,B,truck,0,0.36629700660705566
0000103_03349_d_0000031.jpg,/home/brisic03/VisDrone/VisDrone2019-DET-val/images/0000103_03349_d_0000031.jpg,counting,How many pedestrians are visible in the drone image?,"{'A': '0', 'B': '1', 'C': '2', 'D': '3', 'E': '4 or more'}",B,B,B,1,1,0.3661677837371826
0000103_03349_d_0000031.jpg,/home/brisic03/VisDrone/VisDrone2019-DET-val/images/0000103_03349_d_0000031.jpg,most_frequent,Which object type appears most often in the drone image?,"{'A': 'car', 'B': 'pedestrian', 'C': 'truck', 'D': 'awning-tricycle', 'E': 'van'}",B,B,A,car,0,0.36652302742004395
0000103_03349_d_0000031.jpg,/home/brisic03/VisDrone/VisDrone2019-DET-val/images/0000103_03349_d_0000031.jpg,location,Where is the largest truck located in the image?,"{'A': 'top-left', 'B': 'top-right', 'C': 'bottom-left', 'D': 'bottom-right', 'E': 'center'}",A,A,E,center,0,0.3642847537994385
0000103_03738_d_0000032.jpg,/home/brisic03/VisDrone/VisDrone2019-DET-val/images/0000103_03738_d_0000032.jpg,presence,Which object type is visible in the drone image?,"{'A': 'van', 'B': 'bus', 'C': 'motor', 'D': 'truck', 'E': 'people'}",D,D,D,truck,1,0.3641479015350342
0000103_03738_d_0000032.jpg,/home/brisic03/VisDrone/VisDrone2019-DET-val/images/0000103_03738_d_0000032.jpg,counting,How many trucks are visible in the drone image?,"{'A': '0', 'B': '1', 'C': '2', 'D': '3', 'E': '4 or more'}",C,C,B,1,0,0.36646246910095215
0000103_03738_d_0000032.jpg,/home/brisic03/VisDrone/VisDrone2019-DET-val/images/0000103_03738_d_0000032.jpg,most_frequent,Which object type appears most often in the drone image?,"{'A': 'van', 'B': 'pedestrian', 'C': 'bicycle', 'D': 'tricycle', 'E': 'truck'}",E,E,B,pedestrian,0,0.3662412166595459
0000103_03738_d_0000032.jpg,/home/brisic03/VisDrone/VisDrone2019-DET-val/images/0000103_03738_d_0000032.jpg,location,Where is the largest truck located in the image?,"{'A': 'top-left', 'B': 'top-right', 'C': 'bottom-left', 'D': 'bottom-right', 'E': 'center'}",B,B,B,top-right,1,0.3653378486633301
0000103_04122_d_0000033.jpg,/home/brisic03/VisDrone/VisDrone2019-DET-val/images/0000103_04122_d_0000033.jpg,presence,Which object type is visible in the drone image?,"{'A': 'car', 'B': 'bicycle', 'C': 'pedestrian', 'D': 'bus', 'E': 'people'}",E,E,E,people,1,0.36403751373291016
0000103_04122_d_0000033.jpg,/home/brisic03/VisDrone/VisDrone2019-DET-val/images/0000103_04122_d_0000033.jpg,counting,How many pedestrians are visible in the drone image?,"{'A': '0', 'B': '1', 'C': '2', 'D': '3', 'E': '4 or more'}",E,E,D,3,0,0.3652465343475342
0000103_04122_d_0000033.jpg,/home/brisic03/VisDrone/VisDrone2019-DET-val/images/0000103_04122_d_0000033.jpg,most_frequent,Which object type appears most often in the drone image?,"{'A': 'pedestrian', 'B': 'bicycle', 'C': 'motor', 'D': 'truck', 'E': 'car'}",A,A,A,pedestrian,1,0.3666713237762451
0000103_04122_d_0000033.jpg,/home/brisic03/VisDrone/VisDrone2019-DET-val/images/0000103_04122_d_0000033.jpg,location,Where is the largest pedestrian located in the image?,"{'A': 'top-left', 'B': 'top-right', 'C': 'bottom-left', 'D': 'bottom-right', 'E': 'center'}",E,E,E,center,1,0.3661661148071289
0000103_04513_d_0000034.jpg,/home/brisic03/VisDrone/VisDrone2019-DET-val/images/0000103_04513_d_0000034.jpg,presence,Which object type is visible in the drone image?,"{'A': 'awning-tricycle', 'B': 'car', 'C': 'bus', 'D': 'motor', 'E': 'van'}",A,A,B,car,0,0.3648254871368408
0000103_04513_d_0000034.jpg,/home/brisic03/VisDrone/VisDrone2019-DET-val/images/0000103_04513_d_0000034.jpg,counting,How many cars are visible in the drone image?,"{'A': '0', 'B': '1', 'C': '2', 'D': '3', 'E': '4 or more'}",B,B,B,1,1,0.36460328102111816
0000103_04513_d_0000034.jpg,/home/brisic03/VisDrone/VisDrone2019-DET-val/images/0000103_04513_d_0000034.jpg,location,Where is the largest car located in the image?,"{'A': 'top-left', 'B': 'top-right', 'C': 'bottom-left', 'D': 'bottom-right', 'E': 'center'}",B,B,E,center,0,0.3650624752044678
0000103_04948_d_0000035.jpg,/home/brisic03/VisDrone/VisDrone2019-DET-val/images/0000103_04948_d_0000035.jpg,presence,Which object type is visible in the drone image?,"{'A': 'van', 'B': 'car', 'C': 'bicycle', 'D': 'tricycle', 'E': 'bus'}",A,A,B,car,0,0.3657395839691162
0000103_04948_d_0000035.jpg,/home/brisic03/VisDrone/VisDrone2019-DET-val/images/0000103_04948_d_0000035.jpg,counting,How many cars are visible in the drone image?,"{'A': '0', 'B': '1', 'C': '2', 'D': '3', 'E': '4 or more'}",A,A,B,1,0,0.3650243282318115
0000103_04948_d_0000035.jpg,/home/brisic03/VisDrone/VisDrone2019-DET-val/images/0000103_04948_d_0000035.jpg,most_frequent,Which object type appears most often in the drone image?,"{'A': 'people', 'B': 'van', 'C': 'car', 'D': 'truck', 'E': 'awning-tricycle'}",D,D,C,car,0,0.36501431465148926
0000103_04948_d_0000035.jpg,/home/brisic03/VisDrone/VisDrone2019-DET-val/images/0000103_04948_d_0000035.jpg,location,Where is the largest car located in the image?,"{'A': 'top-left', 'B': 'top-right', 'C': 'bottom-left', 'D': 'bottom-right', 'E': 'center'}",A,A,A,top-left,1,0.36455512046813965
0000115_00315_d_0000080.jpg,/home/brisic03/VisDrone/VisDrone2019-DET-val/images/0000115_00315_d_0000080.jpg,presence,Which object type is visible in the drone image?,"{'A': 'pedestrian', 'B': 'car', 'C': 'motor', 'D': 'van', 'E': 'tricycle'}",C,C,A,pedestrian,0,0.3529963493347168
0000115_00315_d_0000080.jpg,/home/brisic03/VisDrone/VisDrone2019-DET-val/images/0000115_00315_d_0000080.jpg,counting,How many pedestrians are visible in the drone image?,"{'A': '0', 'B': '1', 'C': '2', 'D': '3', 'E': '4 or more'}",E,E,B,1,0,0.3533792495727539
0000115_00315_d_0000080.jpg,/home/brisic03/VisDrone/VisDrone2019-DET-val/images/0000115_00315_d_0000080.jpg,most_frequent,Which object type appears most often in the drone image?,"{'A': 'van', 'B': 'people', 'C': 'pedestrian', 'D': 'bus', 'E': 'car'}",A,A,E,car,0,0.35266637802124023
0000115_00315_d_0000080.jpg,/home/brisic03/VisDrone/VisDrone2019-DET-val/images/0000115_00315_d_0000080.jpg,location,Where is the largest car located in the image?,"{'A': 'top-left', 'B': 'top-right', 'C': 'bottom-left', 'D': 'bottom-right', 'E': 'center'}",E,E,E,center,1,0.35268497467041016
0000115_00796_d_0000081.jpg,/home/brisic03/VisDrone/VisDrone2019-DET-val/images/0000115_00796_d_0000081.jpg,presence,Which object type is visible in the drone image?,"{'A': 'pedestrian', 'B': 'car', 'C': 'van', 'D': 'tricycle', 'E': 'people'}",A,A,A,pedestrian,1,0.35180211067199707
0000115_00796_d_0000081.jpg,/home/brisic03/VisDrone/VisDrone2019-DET-val/images/0000115_00796_d_0000081.jpg,counting,How many tricycles are visible in the drone image?,"{'A': '0', 'B': '1', 'C': '2', 'D': '3', 'E': '4 or more'}",D,D,B,1,0,0.3514237403869629
0000115_00796_d_0000081.jpg,/home/brisic03/VisDrone/VisDrone2019-DET-val/images/0000115_00796_d_0000081.jpg,most_frequent,Which object type appears most often in the drone image?,"{'A': 'bicycle', 'B': 'car', 'C': 'tricycle', 'D': 'pedestrian', 'E': 'van'}",B,B,B,car,1,0.35155558586120605
0000115_00796_d_0000081.jpg,/home/brisic03/VisDrone/VisDrone2019-DET-val/images/0000115_00796_d_0000081.jpg,location,Where is the largest car located in the image?,"{'A': 'top-left', 'B': 'top-right', 'C': 'bottom-left', 'D': 'bottom-right', 'E': 'center'}",E,E,E,center,1,0.35199999809265137
0000115_01031_d_0000082.jpg,/home/brisic03/VisDrone/VisDrone2019-DET-val/images/0000115_01031_d_0000082.jpg,presence,Which object type is visible in the drone image?,"{'A': 'awning-tricycle', 'B': 'truck', 'C': 'car', 'D': 'tricycle', 'E': 'bus'}",D,D,D,tricycle,1,0.3530924320220947
0000115_01031_d_0000082.jpg,/home/brisic03/VisDrone/VisDrone2019-DET-val/images/0000115_01031_d_0000082.jpg,counting,How many cars are visible in the drone image?,"{'A': '0', 'B': '1', 'C': '2', 'D': '3', 'E': '4 or more'}",E,E,E,4 or more,1,0.3526599407196045
0000115_01031_d_0000082.jpg,/home/brisic03/VisDrone/VisDrone2019-DET-val/images/0000115_01031_d_0000082.jpg,most_frequent,Which object type appears most often in the drone image?,"{'A': 'truck', 'B': 'awning-tricycle', 'C': 'bicycle', 'D': 'people', 'E': 'motor'}",D,D,E,motor,0,0.35353708267211914
0000115_01031_d_0000082.jpg,/home/brisic03/VisDrone/VisDrone2019-DET-val/images/0000115_01031_d_0000082.jpg,location,Where is the largest car located in the image?,"{'A': 'top-left', 'B': 'top-right', 'C': 'bottom-left', 'D': 'bottom-right', 'E': 'center'}",E,E,C,bottom-left,0,0.35301971435546875
0000116_00351_d_0000083.jpg,/home/brisic03/VisDrone/VisDrone2019-DET-val/images/0000116_00351_d_0000083.jpg,presence,Which object type is visible in the drone image?,"{'A': 'car', 'B': 'people', 'C': 'pedestrian', 'D': 'truck', 'E': 'van'}",B,B,B,people,1,0.35086917877197266
0000116_00351_d_0000083.jpg,/home/brisic03/VisDrone/VisDrone2019-DET-val/images/0000116_00351_d_0000083.jpg,counting,How many pedestrians are visible in the drone image?,"{'A': '0', 'B': '1', 'C': '2', 'D': '3', 'E': '4 or more'}",E,E,D,3,0,0.35238051414489746
0000116_00351_d_0000083.jpg,/home/brisic03/VisDrone/VisDrone2019-DET-val/images/0000116_00351_d_0000083.jpg,most_frequent,Which object type appears most often in the drone image?,"{'A': 'car', 'B': 'bus', 'C': 'motor', 'D': 'truck', 'E': 'bicycle'}",A,A,C,motor,0,0.3509979248046875
0000116_00351_d_0000083.jpg,/home/brisic03/VisDrone/VisDrone2019-DET-val/images/0000116_00351_d_0000083.jpg,location,Where is the largest car located in the image?,"{'A': 'top-left', 'B': 'top-right', 'C': 'bottom-left', 'D': 'bottom-right', 'E': 'center'}",E,E,C,bottom-left,0,0.35175251960754395
0000116_00819_d_0000084.jpg,/home/brisic03/VisDrone/VisDrone2019-DET-val/images/0000116_00819_d_0000084.jpg,presence,Which object type is visible in the drone image?,"{'A': 'bicycle', 'B': 'van', 'C': 'tricycle', 'D': 'truck', 'E': 'people'}",D,D,B,van,0,0.350858211517334
0000116_00819_d_0000084.jpg,/home/brisic03/VisDrone/VisDrone2019-DET-val/images/0000116_00819_d_0000084.jpg,counting,How many motors are visible in the drone image?,"{'A': '0', 'B': '1', 'C': '2', 'D': '3', 'E': '4 or more'}",A,A,E,4 or more,0,0.3533153533935547
0000116_00819_d_0000084.jpg,/home/brisic03/VisDrone/VisDrone2019-DET-val/images/0000116_00819_d_0000084.jpg,most_frequent,Which object type appears most often in the drone image?,"{'A': 'bicycle', 'B': 'awning-tricycle', 'C': 'motor', 'D': 'pedestrian', 'E': 'car'}",E,E,E,car,1,0.3535788059234619
0000116_00819_d_0000084.jpg,/home/brisic03/VisDrone/VisDrone2019-DET-val/images/0000116_00819_d_0000084.jpg,location,Where is the largest van located in the image?,"{'A': 'top-left', 'B': 'top-right', 'C': 'bottom-left', 'D': 'bottom-right', 'E': 'center'}",E,E,C,bottom-left,0,0.3529205322265625
0000116_01059_d_0000085.jpg,/home/brisic03/VisDrone/VisDrone2019-DET-val/images/0000116_01059_d_0000085.jpg,presence,Which object type is visible in the drone image?,"{'A': 'truck', 'B': 'motor', 'C': 'people', 'D': 'van', 'E': 'car'}",C,C,D,van,0,0.3508718013763428
0000116_01059_d_0000085.jpg,/home/brisic03/VisDrone/VisDrone2019-DET-val/images/0000116_01059_d_0000085.jpg,counting,How many cars are visible in the drone image?,"{'A': '0', 'B': '1', 'C': '2', 'D': '3', 'E': '4 or more'}",E,E,E,4 or more,1,0.3514420986175537
0000116_01059_d_0000085.jpg,/home/brisic03/VisDrone/VisDrone2019-DET-val/images/0000116_01059_d_0000085.jpg,most_frequent,Which object type appears most often in the drone image?,"{'A': 'awning-tricycle', 'B': 'bus', 'C': 'car', 'D': 'van', 'E': 'motor'}",C,C,C,car,1,0.3518059253692627
0000116_01059_d_0000085.jpg,/home/brisic03/VisDrone/VisDrone2019-DET-val/images/0000116_01059_d_0000085.jpg,location,Where is the largest van located in the image?,"{'A': 'top-left', 'B': 'top-right', 'C': 'bottom-left', 'D': 'bottom-right', 'E': 'center'}",C,C,E,center,0,0.3528482913970947
0000116_01338_d_0000086.jpg,/home/brisic03/VisDrone/VisDrone2019-DET-val/images/0000116_01338_d_0000086.jpg,presence,Which object type is visible in the drone image?,"{'A': 'bus', 'B': 'car', 'C': 'motor', 'D': 'tricycle', 'E': 'bicycle'}",D,D,B,car,0,0.3519248962402344
0000116_01338_d_0000086.jpg,/home/brisic03/VisDrone/VisDrone2019-DET-val/images/0000116_01338_d_0000086.jpg,counting,How many pedestrians are visible in the drone image?,"{'A': '0', 'B': '1', 'C': '2', 'D': '3', 'E': '4 or more'}",E,E,B,1,0,0.35433387756347656
0000116_01338_d_0000086.jpg,/home/brisic03/VisDrone/VisDrone2019-DET-val/images/0000116_01338_d_0000086.jpg,most_frequent,Which object type appears most often in the drone image?,"{'A': 'car', 'B': 'van', 'C': 'people', 'D': 'motor', 'E': 'bus'}",C,C,A,car,0,0.3522803783416748
0000116_01338_d_0000086.jpg,/home/brisic03/VisDrone/VisDrone2019-DET-val/images/0000116_01338_d_0000086.jpg,location,Where is the largest truck located in the image?,"{'A': 'top-left', 'B': 'top-right', 'C': 'bottom-left', 'D': 'bottom-right', 'E': 'center'}",C,C,C,bottom-left,1,0.3539745807647705
0000117_00112_d_0000087.jpg,/home/brisic03/VisDrone/VisDrone2019-DET-val/images/0000117_00112_d_0000087.jpg,presence,Which object type is visible in the drone image?,"{'A': 'people', 'B': 'pedestrian', 'C': 'awning-tricycle', 'D': 'van', 'E': 'motor'}",C,C,E,motor,0,0.36627674102783203
0000117_00112_d_0000087.jpg,/home/brisic03/VisDrone/VisDrone2019-DET-val/images/0000117_00112_d_0000087.jpg,counting,How many peoples are visible in the drone image?,"{'A': '0', 'B': '1', 'C': '2', 'D': '3', 'E': '4 or more'}",A,A,C,2,0,0.3660745620727539
0000117_00112_d_0000087.jpg,/home/brisic03/VisDrone/VisDrone2019-DET-val/images/0000117_00112_d_0000087.jpg,most_frequent,Which object type appears most often in the drone image?,"{'A': 'car', 'B': 'bus', 'C': 'awning-tricycle', 'D': 'van', 'E': 'people'}",A,A,A,car,1,0.36457014083862305
0000117_00112_d_0000087.jpg,/home/brisic03/VisDrone/VisDrone2019-DET-val/images/0000117_00112_d_0000087.jpg,location,Where is the largest car located in the image?,"{'A': 'top-left', 'B': 'top-right', 'C': 'bottom-left', 'D': 'bottom-right', 'E': 'center'}",E,E,E,center,1,0.3663980960845947
0000117_01326_d_0000088.jpg,/home/brisic03/VisDrone/VisDrone2019-DET-val/images/0000117_01326_d_0000088.jpg,presence,Which object type is visible in the drone image?,"{'A': 'motor', 'B': 'tricycle', 'C': 'van', 'D': 'people', 'E': 'awning-tricycle'}",E,E,E,awning-tricycle,1,0.3658301830291748
0000117_01326_d_0000088.jpg,/home/brisic03/VisDrone/VisDrone2019-DET-val/images/0000117_01326_d_0000088.jpg,counting,How many vans are visible in the drone image?,"{'A': '0', 'B': '1', 'C': '2', 'D': '3', 'E': '4 or more'}",E,E,D,3,0,0.36495184898376465
0000117_01326_d_0000088.jpg,/home/brisic03/VisDrone/VisDrone2019-DET-val/images/0000117_01326_d_0000088.jpg,most_frequent,Which object type appears most often in the drone image?,"{'A': 'truck', 'B': 'car', 'C': 'tricycle', 'D': 'motor', 'E': 'van'}",B,B,B,car,1,0.3641986846923828
0000117_01326_d_0000088.jpg,/home/brisic03/VisDrone/VisDrone2019-DET-val/images/0000117_01326_d_0000088.jpg,location,Where is the largest car located in the image?,"{'A': 'top-left', 'B': 'top-right', 'C': 'bottom-left', 'D': 'bottom-right', 'E': 'center'}",A,A,E,center,0,0.36710190773010254
0000117_01731_d_0000089.jpg,/home/brisic03/VisDrone/VisDrone2019-DET-val/images/0000117_01731_d_0000089.jpg,presence,Which object type is visible in the drone image?,"{'A': 'motor', 'B': 'van', 'C': 'people', 'D': 'bus', 'E': 'tricycle'}",A,A,A,motor,1,0.36603808403015137
0000117_01731_d_0000089.jpg,/home/brisic03/VisDrone/VisDrone2019-DET-val/images/0000117_01731_d_0000089.jpg,counting,How many motors are visible in the drone image?,"{'A': '0', 'B': '1', 'C': '2', 'D': '3', 'E': '4 or more'}",E,E,C,2,0,0.366016149520874
0000117_01731_d_0000089.jpg,/home/brisic03/VisDrone/VisDrone2019-DET-val/images/0000117_01731_d_0000089.jpg,most_frequent,Which object type appears most often in the drone image?,"{'A': 'car', 'B': 'awning-tricycle', 'C': 'bicycle', 'D': 'truck', 'E': 'bus'}",A,A,A,car,1,0.3659243583679199
0000117_01731_d_0000089.jpg,/home/brisic03/VisDrone/VisDrone2019-DET-val/images/0000117_01731_d_0000089.jpg,location,Where is the largest car located in the image?,"{'A': 'top-left', 'B': 'top-right', 'C': 'bottom-left', 'D': 'bottom-right', 'E': 'center'}",E,E,E,center,1,0.36563539505004883
0000117_02708_d_0000090.jpg,/home/brisic03/VisDrone/VisDrone2019-DET-val/images/0000117_02708_d_0000090.jpg,presence,Which object type is visible in the drone image?,"{'A': 'tricycle', 'B': 'bicycle', 'C': 'car', 'D': 'van', 'E': 'motor'}",A,A,D,van,0,0.3666965961456299
0000117_02708_d_0000090.jpg,/home/brisic03/VisDrone/VisDrone2019-DET-val/images/0000117_02708_d_0000090.jpg,counting,How many tricycles are visible in the drone image?,"{'A': '0', 'B': '1', 'C': '2', 'D': '3', 'E': '4 or more'}",D,D,B,1,0,0.3663322925567627
0000117_02708_d_0000090.jpg,/home/brisic03/VisDrone/VisDrone2019-DET-val/images/0000117_02708_d_0000090.jpg,most_frequent,Which object type appears most often in the drone image?,"{'A': 'van', 'B': 'people', 'C': 'awning-tricycle', 'D': 'bus', 'E': 'pedestrian'}",B,B,E,pedestrian,0,0.3649754524230957
0000117_02708_d_0000090.jpg,/home/brisic03/VisDrone/VisDrone2019-DET-val/images/0000117_02708_d_0000090.jpg,location,Where is the largest car located in the image?,"{'A': 'top-left', 'B': 'top-right', 'C': 'bottom-left', 'D': 'bottom-right', 'E': 'center'}",A,A,E,center,0,0.36480093002319336
0000117_03096_d_0000091.jpg,/home/brisic03/VisDrone/VisDrone2019-DET-val/images/0000117_03096_d_0000091.jpg,presence,Which object type is visible in the drone image?,"{'A': 'motor', 'B': 'people', 'C': 'bus', 'D': 'car', 'E': 'van'}",B,B,D,car,0,0.3642902374267578
0000117_03096_d_0000091.jpg,/home/brisic03/VisDrone/VisDrone2019-DET-val/images/0000117_03096_d_0000091.jpg,counting,How many cars are visible in the drone image?,"{'A': '0', 'B': '1', 'C': '2', 'D': '3', 'E': '4 or more'}",E,E,E,4 or more,1,0.3670353889465332
0000117_03096_d_0000091.jpg,/home/brisic03/VisDrone/VisDrone2019-DET-val/images/0000117_03096_d_0000091.jpg,most_frequent,Which object type appears most often in the drone image?,"{'A': 'people', 'B': 'bicycle', 'C': 'car', 'D': 'tricycle', 'E': 'pedestrian'}",C,C,E,pedestrian,0,0.366473913192749
0000117_03096_d_0000091.jpg,/home/brisic03/VisDrone/VisDrone2019-DET-val/images/0000117_03096_d_0000091.jpg,location,Where is the largest car located in the image?,"{'A': 'top-left', 'B': 'top-right', 'C': 'bottom-left', 'D': 'bottom-right', 'E': 'center'}",E,E,C,bottom-left,0,0.3650698661804199
0000129_02411_d_0000138.jpg,/home/brisic03/VisDrone/VisDrone2019-DET-val/images/0000129_02411_d_0000138.jpg,presence,Which object type is visible in the drone image?,"{'A': 'pedestrian', 'B': 'truck', 'C': 'car', 'D': 'tricycle', 'E': 'bus'}",D,D,C,car,0,0.39524006843566895
0000129_02411_d_0000138.jpg,/home/brisic03/VisDrone/VisDrone2019-DET-val/images/0000129_02411_d_0000138.jpg,counting,How many trucks are visible in the drone image?,"{'A': '0', 'B': '1', 'C': '2', 'D': '3', 'E': '4 or more'}",E,E,E,4 or more,1,0.3971407413482666
0000129_02411_d_0000138.jpg,/home/brisic03/VisDrone/VisDrone2019-DET-val/images/0000129_02411_d_0000138.jpg,most_frequent,Which object type appears most often in the drone image?,"{'A': 'bus', 'B': 'car', 'C': 'awning-tricycle', 'D': 'people', 'E': 'motor'}",B,B,B,car,1,0.3967926502227783
0000129_02411_d_0000138.jpg,/home/brisic03/VisDrone/VisDrone2019-DET-val/images/0000129_02411_d_0000138.jpg,location,Where is the largest truck located in the image?,"{'A': 'top-left', 'B': 'top-right', 'C': 'bottom-left', 'D': 'bottom-right', 'E': 'center'}",E,E,D,bottom-right,0,0.4000272750854492
0000153_00001_d_0000001.jpg,/home/brisic03/VisDrone/VisDrone2019-DET-val/images/0000153_00001_d_0000001.jpg,presence,Which object type is visible in the drone image?,"{'A': 'pedestrian', 'B': 'tricycle', 'C': 'car', 'D': 'awning-tricycle', 'E': 'motor'}",C,C,E,motor,0,0.3521840572357178
0000153_00001_d_0000001.jpg,/home/brisic03/VisDrone/VisDrone2019-DET-val/images/0000153_00001_d_0000001.jpg,counting,How many trucks are visible in the drone image?,"{'A': '0', 'B': '1', 'C': '2', 'D': '3', 'E': '4 or more'}",A,A,C,2,0,0.35645556449890137
0000153_00001_d_0000001.jpg,/home/brisic03/VisDrone/VisDrone2019-DET-val/images/0000153_00001_d_0000001.jpg,most_frequent,Which object type appears most often in the drone image?,"{'A': 'car', 'B': 'bicycle', 'C': 'people', 'D': 'bus', 'E': 'motor'}",B,B,A,car,0,0.35314035415649414
0000153_00001_d_0000001.jpg,/home/brisic03/VisDrone/VisDrone2019-DET-val/images/0000153_00001_d_0000001.jpg,location,Where is the largest truck located in the image?,"{'A': 'top-left', 'B': 'top-right', 'C': 'bottom-left', 'D': 'bottom-right', 'E': 'center'}",A,A,D,bottom-right,0,0.35484933853149414
0000153_00401_d_0000001.jpg,/home/brisic03/VisDrone/VisDrone2019-DET-val/images/0000153_00401_d_0000001.jpg,presence,Which object type is visible in the drone image?,"{'A': 'bicycle', 'B': 'awning-tricycle', 'C': 'car', 'D': 'tricycle', 'E': 'van'}",D,D,B,awning-tricycle,0,0.35356616973876953
0000153_00401_d_0000001.jpg,/home/brisic03/VisDrone/VisDrone2019-DET-val/images/0000153_00401_d_0000001.jpg,counting,How many awning-tricycles are visible in the drone image?,"{'A': '0', 'B': '1', 'C': '2', 'D': '3', 'E': '4 or more'}",D,D,B,1,0,0.35373353958129883
0000153_00401_d_0000001.jpg,/home/brisic03/VisDrone/VisDrone2019-DET-val/images/0000153_00401_d_0000001.jpg,most_frequent,Which object type appears most often in the drone image?,"{'A': 'pedestrian', 'B': 'awning-tricycle', 'C': 'truck', 'D': 'car', 'E': 'bus'}",D,D,D,car,1,0.3533928394317627
0000153_00401_d_0000001.jpg,/home/brisic03/VisDrone/VisDrone2019-DET-val/images/0000153_00401_d_0000001.jpg,location,Where is the largest car located in the image?,"{'A': 'top-left', 'B': 'top-right', 'C': 'bottom-left', 'D': 'bottom-right', 'E': 'center'}",E,E,D,bottom-right,0,0.352200984954834
0000153_00801_d_0000001.jpg,/home/brisic03/VisDrone/VisDrone2019-DET-val/images/0000153_00801_d_0000001.jpg,presence,Which object type is visible in the drone image?,"{'A': 'bus', 'B': 'awning-tricycle', 'C': 'van', 'D': 'truck', 'E': 'tricycle'}",E,E,C,van,0,0.35216188430786133
0000153_00801_d_0000001.jpg,/home/brisic03/VisDrone/VisDrone2019-DET-val/images/0000153_00801_d_0000001.jpg,counting,How many motors are visible in the drone image?,"{'A': '0', 'B': '1', 'C': '2', 'D': '3', 'E': '4 or more'}",E,E,D,3,0,0.35218286514282227
0000153_00801_d_0000001.jpg,/home/brisic03/VisDrone/VisDrone2019-DET-val/images/0000153_00801_d_0000001.jpg,most_frequent,Which object type appears most often in the drone image?,"{'A': 'tricycle', 'B': 'people', 'C': 'car', 'D': 'truck', 'E': 'pedestrian'}",C,C,C,car,1,0.35511064529418945
0000153_00801_d_0000001.jpg,/home/brisic03/VisDrone/VisDrone2019-DET-val/images/0000153_00801_d_0000001.jpg,location,Where is the largest tricycle located in the image?,"{'A': 'top-left', 'B': 'top-right', 'C': 'bottom-left', 'D': 'bottom-right', 'E': 'center'}",C,C,C,bottom-left,1,0.35413432121276855
0000153_01201_d_0000001.jpg,/home/brisic03/VisDrone/VisDrone2019-DET-val/images/0000153_01201_d_0000001.jpg,presence,Which object type is visible in the drone image?,"{'A': 'awning-tricycle', 'B': 'motor', 'C': 'truck', 'D': 'bicycle', 'E': 'pedestrian'}",D,D,E,pedestrian,0,0.3541278839111328
0000153_01201_d_0000001.jpg,/home/brisic03/VisDrone/VisDrone2019-DET-val/images/0000153_01201_d_0000001.jpg,counting,How many bicycles are visible in the drone image?,"{'A': '0', 'B': '1', 'C': '2', 'D': '3', 'E': '4 or more'}",E,E,B,1,0,0.35341715812683105
0000153_01201_d_0000001.jpg,/home/brisic03/VisDrone/VisDrone2019-DET-val/images/0000153_01201_d_0000001.jpg,most_frequent,Which object type appears most often in the drone image?,"{'A': 'bus', 'B': 'people', 'C': 'van', 'D': 'motor', 'E': 'truck'}",B,B,C,van,0,0.3507969379425049
0000153_01201_d_0000001.jpg,/home/brisic03/VisDrone/VisDrone2019-DET-val/images/0000153_01201_d_0000001.jpg,location,Where is the largest tricycle located in the image?,"{'A': 'top-left', 'B': 'top-right', 'C': 'bottom-left', 'D': 'bottom-right', 'E': 'center'}",E,E,C,bottom-left,0,0.3532991409301758
0000153_01601_d_0000001.jpg,/home/brisic03/VisDrone/VisDrone2019-DET-val/images/0000153_01601_d_0000001.jpg,presence,Which object type is visible in the drone image?,"{'A': 'car', 'B': 'pedestrian', 'C': 'people', 'D': 'bicycle', 'E': 'van'}",C,C,A,car,0,0.35190296173095703
0000153_01601_d_0000001.jpg,/home/brisic03/VisDrone/VisDrone2019-DET-val/images/0000153_01601_d_0000001.jpg,counting,How many tricycles are visible in the drone image?,"{'A': '0', 'B': '1', 'C': '2', 'D': '3', 'E': '4 or more'}",D,D,B,1,0,0.3544478416442871
0000153_01601_d_0000001.jpg,/home/brisic03/VisDrone/VisDrone2019-DET-val/images/0000153_01601_d_0000001.jpg,most_frequent,Which object type appears most often in the drone image?,"{'A': 'bicycle', 'B': 'people', 'C': 'car', 'D': 'bus', 'E': 'motor'}",B,B,C,car,0,0.35398173332214355
0000153_01601_d_0000001.jpg,/home/brisic03/VisDrone/VisDrone2019-DET-val/images/0000153_01601_d_0000001.jpg,location,Where is the largest bus located in the image?,"{'A': 'top-left', 'B': 'top-right', 'C': 'bottom-left', 'D': 'bottom-right', 'E': 'center'}",E,E,E,center,1,0.35535669326782227
0000153_01801_d_0000001.jpg,/home/brisic03/VisDrone/VisDrone2019-DET-val/images/0000153_01801_d_0000001.jpg,presence,Which object type is visible in the drone image?,"{'A': 'tricycle', 'B': 'awning-tricycle', 'C': 'pedestrian', 'D': 'people', 'E': 'motor'}",A,A,B,awning-tricycle,0,0.3550741672515869
0000153_01801_d_0000001.jpg,/home/brisic03/VisDrone/VisDrone2019-DET-val/images/0000153_01801_d_0000001.jpg,counting,How many awning-tricycles are visible in the drone image?,"{'A': '0', 'B': '1', 'C': '2', 'D': '3', 'E': '4 or more'}",D,D,B,1,0,0.3543417453765869
0000153_01801_d_0000001.jpg,/home/brisic03/VisDrone/VisDrone2019-DET-val/images/0000153_01801_d_0000001.jpg,most_frequent,Which object type appears most often in the drone image?,"{'A': 'motor', 'B': 'car', 'C': 'pedestrian', 'D': 'awning-tricycle', 'E': 'bus'}",B,B,B,car,1,0.35129451751708984
0000153_01801_d_0000001.jpg,/home/brisic03/VisDrone/VisDrone2019-DET-val/images/0000153_01801_d_0000001.jpg,location,Where is the largest bus located in the image?,"{'A': 'top-left', 'B': 'top-right', 'C': 'bottom-left', 'D': 'bottom-right', 'E': 'center'}",E,E,E,center,1,0.3517119884490967
0000154_00001_d_0000001.jpg,/home/brisic03/VisDrone/VisDrone2019-DET-val/images/0000154_00001_d_0000001.jpg,presence,Which object type is visible in the drone image?,"{'A': 'people', 'B': 'bus', 'C': 'pedestrian', 'D': 'car', 'E': 'motor'}",A,A,E,motor,0,0.35163044929504395
0000154_00001_d_0000001.jpg,/home/brisic03/VisDrone/VisDrone2019-DET-val/images/0000154_00001_d_0000001.jpg,counting,How many tricycles are visible in the drone image?,"{'A': '0', 'B': '1', 'C': '2', 'D': '3', 'E': '4 or more'}",D,D,B,1,0,0.369614839553833
0000154_00001_d_0000001.jpg,/home/brisic03/VisDrone/VisDrone2019-DET-val/images/0000154_00001_d_0000001.jpg,most_frequent,Which object type appears most often in the drone image?,"{'A': 'bicycle', 'B': 'motor', 'C': 'truck', 'D': 'pedestrian', 'E': 'car'}",E,E,E,car,1,0.39143967628479004
0000154_00001_d_0000001.jpg,/home/brisic03/VisDrone/VisDrone2019-DET-val/images/0000154_00001_d_0000001.jpg,location,Where is the largest car located in the image?,"{'A': 'top-left', 'B': 'top-right', 'C': 'bottom-left', 'D': 'bottom-right', 'E': 'center'}",E,E,C,bottom-left,0,0.3832998275756836
0000154_00401_d_0000001.jpg,/home/brisic03/VisDrone/VisDrone2019-DET-val/images/0000154_00401_d_0000001.jpg,presence,Which object type is visible in the drone image?,"{'A': 'pedestrian', 'B': 'motor', 'C': 'van', 'D': 'truck', 'E': 'tricycle'}",A,A,C,van,0,0.37247395515441895
0000154_00401_d_0000001.jpg,/home/brisic03/VisDrone/VisDrone2019-DET-val/images/0000154_00401_d_0000001.jpg,counting,How many tricycles are visible in the drone image?,"{'A': '0', 'B': '1', 'C': '2', 'D': '3', 'E': '4 or more'}",D,D,C,2,0,0.3718717098236084
0000154_00401_d_0000001.jpg,/home/brisic03/VisDrone/VisDrone2019-DET-val/images/0000154_00401_d_0000001.jpg,location,Where is the largest truck located in the image?,"{'A': 'top-left', 'B': 'top-right', 'C': 'bottom-left', 'D': 'bottom-right', 'E': 'center'}",A,A,D,bottom-right,0,0.36541128158569336
0000154_00801_d_0000001.jpg,/home/brisic03/VisDrone/VisDrone2019-DET-val/images/0000154_00801_d_0000001.jpg,presence,Which object type is visible in the drone image?,"{'A': 'motor', 'B': 'people', 'C': 'pedestrian', 'D': 'bus', 'E': 'tricycle'}",A,A,B,people,0,0.35891151428222656
0000154_00801_d_0000001.jpg,/home/brisic03/VisDrone/VisDrone2019-DET-val/images/0000154_00801_d_0000001.jpg,counting,How many peoples are visible in the drone image?,"{'A': '0', 'B': '1', 'C': '2', 'D': '3', 'E': '4 or more'}",E,E,C,2,0,0.35564589500427246
0000154_00801_d_0000001.jpg,/home/brisic03/VisDrone/VisDrone2019-DET-val/images/0000154_00801_d_0000001.jpg,most_frequent,Which object type appears most often in the drone image?,"{'A': 'tricycle', 'B': 'pedestrian', 'C': 'bus', 'D': 'truck', 'E': 'car'}",A,A,E,car,0,0.35289835929870605
0000154_00801_d_0000001.jpg,/home/brisic03/VisDrone/VisDrone2019-DET-val/images/0000154_00801_d_0000001.jpg,location,Where is the largest van located in the image?,"{'A': 'top-left', 'B': 'top-right', 'C': 'bottom-left', 'D': 'bottom-right', 'E': 'center'}",D,D,D,bottom-right,1,0.3526268005371094
0000154_01201_d_0000001.jpg,/home/brisic03/VisDrone/VisDrone2019-DET-val/images/0000154_01201_d_0000001.jpg,presence,Which object type is visible in the drone image?,"{'A': 'pedestrian', 'B': 'bus', 'C': 'tricycle', 'D': 'people', 'E': 'truck'}",C,C,C,tricycle,1,0.35329174995422363
0000154_01201_d_0000001.jpg,/home/brisic03/VisDrone/VisDrone2019-DET-val/images/0000154_01201_d_0000001.jpg,counting,How many peoples are visible in the drone image?,"{'A': '0', 'B': '1', 'C': '2', 'D': '3', 'E': '4 or more'}",A,A,C,2,0,0.3549318313598633
0000154_01201_d_0000001.jpg,/home/brisic03/VisDrone/VisDrone2019-DET-val/images/0000154_01201_d_0000001.jpg,most_frequent,Which object type appears most often in the drone image?,"{'A': 'van', 'B': 'people', 'C': 'bicycle', 'D': 'truck', 'E': 'motor'}",C,C,E,motor,0,0.3530387878417969
0000154_01201_d_0000001.jpg,/home/brisic03/VisDrone/VisDrone2019-DET-val/images/0000154_01201_d_0000001.jpg,location,Where is the largest car located in the image?,"{'A': 'top-left', 'B': 'top-right', 'C': 'bottom-left', 'D': 'bottom-right', 'E': 'center'}",E,E,D,bottom-right,0,0.3536546230316162
0000154_01601_d_0000001.jpg,/home/brisic03/VisDrone/VisDrone2019-DET-val/images/0000154_01601_d_0000001.jpg,presence,Which object type is visible in the drone image?,"{'A': 'tricycle', 'B': 'van', 'C': 'pedestrian', 'D': 'car', 'E': 'awning-tricycle'}",A,A,E,awning-tricycle,0,0.3649585247039795
0000154_01601_d_0000001.jpg,/home/brisic03/VisDrone/VisDrone2019-DET-val/images/0000154_01601_d_0000001.jpg,counting,How many motors are visible in the drone image?,"{'A': '0', 'B': '1', 'C': '2', 'D': '3', 'E': '4 or more'}",E,E,B,1,0,0.37026143074035645
0000154_01601_d_0000001.jpg,/home/brisic03/VisDrone/VisDrone2019-DET-val/images/0000154_01601_d_0000001.jpg,most_frequent,Which object type appears most often in the drone image?,"{'A': 'truck', 'B': 'bus', 'C': 'motor', 'D': 'people', 'E': 'car'}",D,D,E,car,0,0.36278772354125977
0000154_01601_d_0000001.jpg,/home/brisic03/VisDrone/VisDrone2019-DET-val/images/0000154_01601_d_0000001.jpg,location,Where is the largest awning-tricycle located in the image?,"{'A': 'top-left', 'B': 'top-right', 'C': 'bottom-left', 'D': 'bottom-right', 'E': 'center'}",E,E,C,bottom-left,0,0.36625146865844727
0000154_02001_d_0000001.jpg,/home/brisic03/VisDrone/VisDrone2019-DET-val/images/0000154_02001_d_0000001.jpg,presence,Which object type is visible in the drone image?,"{'A': 'car', 'B': 'pedestrian', 'C': 'motor', 'D': 'bicycle', 'E': 'people'}",D,D,C,motor,0,0.36104583740234375
0000154_02001_d_0000001.jpg,/home/brisic03/VisDrone/VisDrone2019-DET-val/images/0000154_02001_d_0000001.jpg,counting,How many vans are visible in the drone image?,"{'A': '0', 'B': '1', 'C': '2', 'D': '3', 'E': '4 or more'}",D,D,C,2,0,0.35669827461242676
0000154_02001_d_0000001.jpg,/home/brisic03/VisDrone/VisDrone2019-DET-val/images/0000154_02001_d_0000001.jpg,most_frequent,Which object type appears most often in the drone image?,"{'A': 'car', 'B': 'motor', 'C': 'bicycle', 'D': 'awning-tricycle', 'E': 'van'}",C,C,A,car,0,0.3541755676269531
0000154_02001_d_0000001.jpg,/home/brisic03/VisDrone/VisDrone2019-DET-val/images/0000154_02001_d_0000001.jpg,location,Where is the largest van located in the image?,"{'A': 'top-left', 'B': 'top-right', 'C': 'bottom-left', 'D': 'bottom-right', 'E': 'center'}",C,C,C,bottom-left,1,0.35283851623535156
0000155_00001_d_0000001.jpg,/home/brisic03/VisDrone/VisDrone2019-DET-val/images/0000155_00001_d_0000001.jpg,presence,Which object type is visible in the drone image?,"{'A': 'bicycle', 'B': 'truck', 'C': 'awning-tricycle', 'D': 'pedestrian', 'E': 'van'}",A,A,C,awning-tricycle,0,0.35213279724121094
0000155_00001_d_0000001.jpg,/home/brisic03/VisDrone/VisDrone2019-DET-val/images/0000155_00001_d_0000001.jpg,counting,How many buss are visible in the drone image?,"{'A': '0', 'B': '1', 'C': '2', 'D': '3', 'E': '4 or more'}",A,A,C,2,0,0.35451507568359375
0000155_00001_d_0000001.jpg,/home/brisic03/VisDrone/VisDrone2019-DET-val/images/0000155_00001_d_0000001.jpg,most_frequent,Which object type appears most often in the drone image?,"{'A': 'pedestrian', 'B': 'people', 'C': 'bicycle', 'D': 'car', 'E': 'van'}",B,B,D,car,0,0.3555583953857422
0000155_00001_d_0000001.jpg,/home/brisic03/VisDrone/VisDrone2019-DET-val/images/0000155_00001_d_0000001.jpg,location,Where is the largest car located in the image?,"{'A': 'top-left', 'B': 'top-right', 'C': 'bottom-left', 'D': 'bottom-right', 'E': 'center'}",E,E,D,bottom-right,0,0.35375070571899414
0000155_00401_d_0000001.jpg,/home/brisic03/VisDrone/VisDrone2019-DET-val/images/0000155_00401_d_0000001.jpg,presence,Which object type is visible in the drone image?,"{'A': 'people', 'B': 'car', 'C': 'awning-tricycle', 'D': 'bus', 'E': 'pedestrian'}",A,A,B,car,0,0.35439372062683105
0000155_00401_d_0000001.jpg,/home/brisic03/VisDrone/VisDrone2019-DET-val/images/0000155_00401_d_0000001.jpg,counting,How many bicycles are visible in the drone image?,"{'A': '0', 'B': '1', 'C': '2', 'D': '3', 'E': '4 or more'}",E,E,B,1,0,0.35350871086120605
0000155_00401_d_0000001.jpg,/home/brisic03/VisDrone/VisDrone2019-DET-val/images/0000155_00401_d_0000001.jpg,most_frequent,Which object type appears most often in the drone image?,"{'A': 'awning-tricycle', 'B': 'tricycle', 'C': 'car', 'D': 'pedestrian', 'E': 'motor'}",B,B,C,car,0,0.35282444953918457
0000155_00401_d_0000001.jpg,/home/brisic03/VisDrone/VisDrone2019-DET-val/images/0000155_00401_d_0000001.jpg,location,Where is the largest car located in the image?,"{'A': 'top-left', 'B': 'top-right', 'C': 'bottom-left', 'D': 'bottom-right', 'E': 'center'}",E,E,D,bottom-right,0,0.35249948501586914
0000155_00801_d_0000001.jpg,/home/brisic03/VisDrone/VisDrone2019-DET-val/images/0000155_00801_d_0000001.jpg,presence,Which object type is visible in the drone image?,"{'A': 'van', 'B': 'car', 'C': 'pedestrian', 'D': 'bicycle', 'E': 'bus'}",D,D,C,pedestrian,0,0.351848840713501
0000155_00801_d_0000001.jpg,/home/brisic03/VisDrone/VisDrone2019-DET-val/images/0000155_00801_d_0000001.jpg,counting,How many pedestrians are visible in the drone image?,"{'A': '0', 'B': '1', 'C': '2', 'D': '3', 'E': '4 or more'}",E,E,C,2,0,0.3616065979003906
0000155_00801_d_0000001.jpg,/home/brisic03/VisDrone/VisDrone2019-DET-val/images/0000155_00801_d_0000001.jpg,most_frequent,Which object type appears most often in the drone image?,"{'A': 'motor', 'B': 'awning-tricycle', 'C': 'pedestrian', 'D': 'bicycle', 'E': 'car'}",A,A,E,car,0,0.35881519317626953
0000155_00801_d_0000001.jpg,/home/brisic03/VisDrone/VisDrone2019-DET-val/images/0000155_00801_d_0000001.jpg,location,Where is the largest car located in the image?,"{'A': 'top-left', 'B': 'top-right', 'C': 'bottom-left', 'D': 'bottom-right', 'E': 'center'}",E,E,E,center,1,0.3541862964630127
0000155_01201_d_0000001.jpg,/home/brisic03/VisDrone/VisDrone2019-DET-val/images/0000155_01201_d_0000001.jpg,presence,Which object type is visible in the drone image?,"{'A': 'van', 'B': 'car', 'C': 'people', 'D': 'bus', 'E': 'tricycle'}",C,C,D,bus,0,0.35151195526123047
0000155_01201_d_0000001.jpg,/home/brisic03/VisDrone/VisDrone2019-DET-val/images/0000155_01201_d_0000001.jpg,counting,How many awning-tricycles are visible in the drone image?,"{'A': '0', 'B': '1', 'C': '2', 'D': '3', 'E': '4 or more'}",D,D,B,1,0,0.3541562557220459
0000155_01201_d_0000001.jpg,/home/brisic03/VisDrone/VisDrone2019-DET-val/images/0000155_01201_d_0000001.jpg,most_frequent,Which object type appears most often in the drone image?,"{'A': 'motor', 'B': 'van', 'C': 'bicycle', 'D': 'bus', 'E': 'truck'}",C,C,A,motor,0,0.351271390914917
0000155_01201_d_0000001.jpg,/home/brisic03/VisDrone/VisDrone2019-DET-val/images/0000155_01201_d_0000001.jpg,location,Where is the largest bus located in the image?,"{'A': 'top-left', 'B': 'top-right', 'C': 'bottom-left', 'D': 'bottom-right', 'E': 'center'}",E,E,E,center,1,0.35228800773620605
0000155_01601_d_0000001.jpg,/home/brisic03/VisDrone/VisDrone2019-DET-val/images/0000155_01601_d_0000001.jpg,presence,Which object type is visible in the drone image?,"{'A': 'bicycle', 'B': 'car', 'C': 'van', 'D': 'bus', 'E': 'people'}",E,E,E,people,1,0.3522677421569824
0000155_01601_d_0000001.jpg,/home/brisic03/VisDrone/VisDrone2019-DET-val/images/0000155_01601_d_0000001.jpg,counting,How many awning-tricycles are visible in the drone image?,"{'A': '0', 'B': '1', 'C': '2', 'D': '3', 'E': '4 or more'}",D,D,B,1,0,0.35591912269592285
0000155_01601_d_0000001.jpg,/home/brisic03/VisDrone/VisDrone2019-DET-val/images/0000155_01601_d_0000001.jpg,most_frequent,Which object type appears most often in the drone image?,"{'A': 'truck', 'B': 'bus', 'C': 'car', 'D': 'people', 'E': 'motor'}",D,D,C,car,0,0.3561117649078369
0000155_01601_d_0000001.jpg,/home/brisic03/VisDrone/VisDrone2019-DET-val/images/0000155_01601_d_0000001.jpg,location,Where is the largest car located in the image?,"{'A': 'top-left', 'B': 'top-right', 'C': 'bottom-left', 'D': 'bottom-right', 'E': 'center'}",E,E,E,center,1,0.3552846908569336
0000155_01871_d_0000001.jpg,/home/brisic03/VisDrone/VisDrone2019-DET-val/images/0000155_01871_d_0000001.jpg,presence,Which object type is visible in the drone image?,"{'A': 'van', 'B': 'motor', 'C': 'awning-tricycle', 'D': 'pedestrian', 'E': 'truck'}",B,B,D,pedestrian,0,0.35389232635498047
0000155_01871_d_0000001.jpg,/home/brisic03/VisDrone/VisDrone2019-DET-val/images/0000155_01871_d_0000001.jpg,counting,How many vans are visible in the drone image?,"{'A': '0', 'B': '1', 'C': '2', 'D': '3', 'E': '4 or more'}",A,A,D,3,0,0.352447509765625
0000155_01871_d_0000001.jpg,/home/brisic03/VisDrone/VisDrone2019-DET-val/images/0000155_01871_d_0000001.jpg,most_frequent,Which object type appears most often in the drone image?,"{'A': 'tricycle', 'B': 'truck', 'C': 'motor', 'D': 'bus', 'E': 'bicycle'}",C,C,C,motor,1,0.3737506866455078
0000155_01871_d_0000001.jpg,/home/brisic03/VisDrone/VisDrone2019-DET-val/images/0000155_01871_d_0000001.jpg,location,Where is the largest van located in the image?,"{'A': 'top-left', 'B': 'top-right', 'C': 'bottom-left', 'D': 'bottom-right', 'E': 'center'}",B,B,E,center,0,0.39844179153442383
0000162_00001_d_0000001.jpg,/home/brisic03/VisDrone/VisDrone2019-DET-val/images/0000162_00001_d_0000001.jpg,presence,Which object type is visible in the drone image?,"{'A': 'bus', 'B': 'car', 'C': 'motor', 'D': 'tricycle', 'E': 'pedestrian'}",D,D,C,motor,0,0.3911454677581787
0000162_00001_d_0000001.jpg,/home/brisic03/VisDrone/VisDrone2019-DET-val/images/0000162_00001_d_0000001.jpg,counting,How many awning-tricycles are visible in the drone image?,"{'A': '0', 'B': '1', 'C': '2', 'D': '3', 'E': '4 or more'}",D,D,B,1,0,0.3783602714538574
0000162_00001_d_0000001.jpg,/home/brisic03/VisDrone/VisDrone2019-DET-val/images/0000162_00001_d_0000001.jpg,most_frequent,Which object type appears most often in the drone image?,"{'A': 'van', 'B': 'awning-tricycle', 'C': 'car', 'D': 'bicycle', 'E': 'people'}",C,C,C,car,1,0.38544654846191406
0000162_00001_d_0000001.jpg,/home/brisic03/VisDrone/VisDrone2019-DET-val/images/0000162_00001_d_0000001.jpg,location,Where is the largest car located in the image?,"{'A': 'top-left', 'B': 'top-right', 'C': 'bottom-left', 'D': 'bottom-right', 'E': 'center'}",E,E,C,bottom-left,0,0.3695693016052246
0000162_00401_d_0000001.jpg,/home/brisic03/VisDrone/VisDrone2019-DET-val/images/0000162_00401_d_0000001.jpg,presence,Which object type is visible in the drone image?,"{'A': 'people', 'B': 'bicycle', 'C': 'car', 'D': 'truck', 'E': 'pedestrian'}",B,B,C,car,0,0.3602430820465088
0000162_00401_d_0000001.jpg,/home/brisic03/VisDrone/VisDrone2019-DET-val/images/0000162_00401_d_0000001.jpg,counting,How many motors are visible in the drone image?,"{'A': '0', 'B': '1', 'C': '2', 'D': '3', 'E': '4 or more'}",A,A,B,1,0,0.35703444480895996
0000162_00401_d_0000001.jpg,/home/brisic03/VisDrone/VisDrone2019-DET-val/images/0000162_00401_d_0000001.jpg,most_frequent,Which object type appears most often in the drone image?,"{'A': 'awning-tricycle', 'B': 'car', 'C': 'tricycle', 'D': 'people', 'E': 'motor'}",C,C,B,car,0,0.3545725345611572
0000162_00401_d_0000001.jpg,/home/brisic03/VisDrone/VisDrone2019-DET-val/images/0000162_00401_d_0000001.jpg,location,Where is the largest car located in the image?,"{'A': 'top-left', 'B': 'top-right', 'C': 'bottom-left', 'D': 'bottom-right', 'E': 'center'}",C,C,C,bottom-left,1,0.35359883308410645
0000162_00801_d_0000001.jpg,/home/brisic03/VisDrone/VisDrone2019-DET-val/images/0000162_00801_d_0000001.jpg,presence,Which object type is visible in the drone image?,"{'A': 'truck', 'B': 'car', 'C': 'bus', 'D': 'motor', 'E': 'van'}",D,D,D,motor,1,0.35543036460876465
0000162_00801_d_0000001.jpg,/home/brisic03/VisDrone/VisDrone2019-DET-val/images/0000162_00801_d_0000001.jpg,counting,How many cars are visible in the drone image?,"{'A': '0', 'B': '1', 'C': '2', 'D': '3', 'E': '4 or more'}",E,E,D,3,0,0.3527965545654297
0000162_00801_d_0000001.jpg,/home/brisic03/VisDrone/VisDrone2019-DET-val/images/0000162_00801_d_0000001.jpg,location,Where is the largest truck located in the image?,"{'A': 'top-left', 'B': 'top-right', 'C': 'bottom-left', 'D': 'bottom-right', 'E': 'center'}",C,C,D,bottom-right,0,0.3537628650665283
0000162_01058_d_0000001.jpg,/home/brisic03/VisDrone/VisDrone2019-DET-val/images/0000162_01058_d_0000001.jpg,presence,Which object type is visible in the drone image?,"{'A': 'awning-tricycle', 'B': 'truck', 'C': 'people', 'D': 'motor', 'E': 'pedestrian'}",C,C,E,pedestrian,0,0.3533022403717041
0000162_01058_d_0000001.jpg,/home/brisic03/VisDrone/VisDrone2019-DET-val/images/0000162_01058_d_0000001.jpg,counting,How many motors are visible in the drone image?,"{'A': '0', 'B': '1', 'C': '2', 'D': '3', 'E': '4 or more'}",E,E,D,3,0,0.3540465831756592
0000162_01058_d_0000001.jpg,/home/brisic03/VisDrone/VisDrone2019-DET-val/images/0000162_01058_d_0000001.jpg,most_frequent,Which object type appears most often in the drone image?,"{'A': 'truck', 'B': 'bus', 'C': 'pedestrian', 'D': 'van', 'E': 'people'}",E,E,A,truck,0,0.36521363258361816
0000162_01058_d_0000001.jpg,/home/brisic03/VisDrone/VisDrone2019-DET-val/images/0000162_01058_d_0000001.jpg,location,Where is the largest truck located in the image?,"{'A': 'top-left', 'B': 'top-right', 'C': 'bottom-left', 'D': 'bottom-right', 'E': 'center'}",E,E,E,center,1,0.38587260246276855
0000163_00001_d_0000001.jpg,/home/brisic03/VisDrone/VisDrone2019-DET-val/images/0000163_00001_d_0000001.jpg,presence,Which object type is visible in the drone image?,"{'A': 'van', 'B': 'truck', 'C': 'car', 'D': 'pedestrian', 'E': 'tricycle'}",E,E,E,tricycle,1,0.37697410583496094
0000163_00001_d_0000001.jpg,/home/brisic03/VisDrone/VisDrone2019-DET-val/images/0000163_00001_d_0000001.jpg,counting,How many trucks are visible in the drone image?,"{'A': '0', 'B': '1', 'C': '2', 'D': '3', 'E': '4 or more'}",A,A,E,4 or more,0,0.3661229610443115
0000163_00001_d_0000001.jpg,/home/brisic03/VisDrone/VisDrone2019-DET-val/images/0000163_00001_d_0000001.jpg,location,Where is the largest car located in the image?,"{'A': 'top-left', 'B': 'top-right', 'C': 'bottom-left', 'D': 'bottom-right', 'E': 'center'}",D,D,D,bottom-right,1,0.35903120040893555
0000163_00359_d_0000001.jpg,/home/brisic03/VisDrone/VisDrone2019-DET-val/images/0000163_00359_d_0000001.jpg,presence,Which object type is visible in the drone image?,"{'A': 'van', 'B': 'truck', 'C': 'pedestrian', 'D': 'car', 'E': 'bus'}",B,B,A,van,0,0.35468173027038574
0000163_00359_d_0000001.jpg,/home/brisic03/VisDrone/VisDrone2019-DET-val/images/0000163_00359_d_0000001.jpg,counting,How many vans are visible in the drone image?,"{'A': '0', 'B': '1', 'C': '2', 'D': '3', 'E': '4 or more'}",E,E,B,1,0,0.355743408203125
0000163_00359_d_0000001.jpg,/home/brisic03/VisDrone/VisDrone2019-DET-val/images/0000163_00359_d_0000001.jpg,most_frequent,Which object type appears most often in the drone image?,"{'A': 'tricycle', 'B': 'pedestrian', 'C': 'awning-tricycle', 'D': 'car', 'E': 'truck'}",D,D,D,car,1,0.3585655689239502
0000163_00359_d_0000001.jpg,/home/brisic03/VisDrone/VisDrone2019-DET-val/images/0000163_00359_d_0000001.jpg,location,Where is the largest car located in the image?,"{'A': 'top-left', 'B': 'top-right', 'C': 'bottom-left', 'D': 'bottom-right', 'E': 'center'}",C,C,C,bottom-left,1,0.3550136089324951
0000165_04325_d_0000105.jpg,/home/brisic03/VisDrone/VisDrone2019-DET-val/images/0000165_04325_d_0000105.jpg,presence,Which object type is visible in the drone image?,"{'A': 'bus', 'B': 'bicycle', 'C': 'awning-tricycle', 'D': 'truck', 'E': 'car'}",B,B,E,car,0,0.4029078483581543
0000165_04325_d_0000105.jpg,/home/brisic03/VisDrone/VisDrone2019-DET-val/images/0000165_04325_d_0000105.jpg,counting,How many bicycles are visible in the drone image?,"{'A': '0', 'B': '1', 'C': '2', 'D': '3', 'E': '4 or more'}",C,C,C,2,1,0.39496421813964844
0000165_04325_d_0000105.jpg,/home/brisic03/VisDrone/VisDrone2019-DET-val/images/0000165_04325_d_0000105.jpg,most_frequent,Which object type appears most often in the drone image?,"{'A': 'bicycle', 'B': 'awning-tricycle', 'C': 'people', 'D': 'truck', 'E': 'car'}",C,C,E,car,0,0.3990905284881592
0000165_04325_d_0000105.jpg,/home/brisic03/VisDrone/VisDrone2019-DET-val/images/0000165_04325_d_0000105.jpg,location,Where is the largest truck located in the image?,"{'A': 'top-left', 'B': 'top-right', 'C': 'bottom-left', 'D': 'bottom-right', 'E': 'center'}",C,C,E,center,0,0.3964524269104004
0000166_00558_d_0000118.jpg,/home/brisic03/VisDrone/VisDrone2019-DET-val/images/0000166_00558_d_0000118.jpg,presence,Which object type is visible in the drone image?,"{'A': 'bus', 'B': 'bicycle', 'C': 'van', 'D': 'awning-tricycle', 'E': 'people'}",D,D,C,van,0,0.3970339298248291
0000166_00558_d_0000118.jpg,/home/brisic03/VisDrone/VisDrone2019-DET-val/images/0000166_00558_d_0000118.jpg,counting,How many vans are visible in the drone image?,"{'A': '0', 'B': '1', 'C': '2', 'D': '3', 'E': '4 or more'}",D,D,E,4 or more,0,0.3953680992126465
0000166_00558_d_0000118.jpg,/home/brisic03/VisDrone/VisDrone2019-DET-val/images/0000166_00558_d_0000118.jpg,most_frequent,Which object type appears most often in the drone image?,"{'A': 'bus', 'B': 'car', 'C': 'people', 'D': 'van', 'E': 'pedestrian'}",B,B,B,car,1,0.39740586280822754
0000166_00558_d_0000118.jpg,/home/brisic03/VisDrone/VisDrone2019-DET-val/images/0000166_00558_d_0000118.jpg,location,Where is the largest car located in the image?,"{'A': 'top-left', 'B': 'top-right', 'C': 'bottom-left', 'D': 'bottom-right', 'E': 'center'}",E,E,C,bottom-left,0,0.39566755294799805
0000193_00000_d_0000103.jpg,/home/brisic03/VisDrone/VisDrone2019-DET-val/images/0000193_00000_d_0000103.jpg,presence,Which object type is visible in the drone image?,"{'A': 'car', 'B': 'bicycle', 'C': 'tricycle', 'D': 'motor', 'E': 'bus'}",C,C,C,tricycle,1,0.3513221740722656
0000193_00000_d_0000103.jpg,/home/brisic03/VisDrone/VisDrone2019-DET-val/images/0000193_00000_d_0000103.jpg,counting,How many trucks are visible in the drone image?,"{'A': '0', 'B': '1', 'C': '2', 'D': '3', 'E': '4 or more'}",A,A,B,1,0,0.3681051731109619
0000193_00000_d_0000103.jpg,/home/brisic03/VisDrone/VisDrone2019-DET-val/images/0000193_00000_d_0000103.jpg,most_frequent,Which object type appears most often in the drone image?,"{'A': 'car', 'B': 'truck', 'C': 'tricycle', 'D': 'pedestrian', 'E': 'motor'}",A,A,A,car,1,0.38166213035583496
0000193_00000_d_0000103.jpg,/home/brisic03/VisDrone/VisDrone2019-DET-val/images/0000193_00000_d_0000103.jpg,location,Where is the largest car located in the image?,"{'A': 'top-left', 'B': 'top-right', 'C': 'bottom-left', 'D': 'bottom-right', 'E': 'center'}",E,E,D,bottom-right,0,0.3668942451477051
0000193_01497_d_0000111.jpg,/home/brisic03/VisDrone/VisDrone2019-DET-val/images/0000193_01497_d_0000111.jpg,presence,Which object type is visible in the drone image?,"{'A': 'van', 'B': 'motor', 'C': 'bus', 'D': 'awning-tricycle', 'E': 'car'}",D,D,E,car,0,0.3589451313018799
0000193_01497_d_0000111.jpg,/home/brisic03/VisDrone/VisDrone2019-DET-val/images/0000193_01497_d_0000111.jpg,counting,How many vans are visible in the drone image?,"{'A': '0', 'B': '1', 'C': '2', 'D': '3', 'E': '4 or more'}",E,E,C,2,0,0.3625771999359131
0000193_01497_d_0000111.jpg,/home/brisic03/VisDrone/VisDrone2019-DET-val/images/0000193_01497_d_0000111.jpg,most_frequent,Which object type appears most often in the drone image?,"{'A': 'motor', 'B': 'tricycle', 'C': 'pedestrian', 'D': 'car', 'E': 'truck'}",B,B,B,tricycle,1,0.36372971534729004
0000193_01497_d_0000111.jpg,/home/brisic03/VisDrone/VisDrone2019-DET-val/images/0000193_01497_d_0000111.jpg,location,Where is the largest tricycle located in the image?,"{'A': 'top-left', 'B': 'top-right', 'C': 'bottom-left', 'D': 'bottom-right', 'E': 'center'}",E,E,E,center,1,0.35769104957580566
0000193_01705_d_0000112.jpg,/home/brisic03/VisDrone/VisDrone2019-DET-val/images/0000193_01705_d_0000112.jpg,presence,Which object type is visible in the drone image?,"{'A': 'van', 'B': 'tricycle', 'C': 'bicycle', 'D': 'bus', 'E': 'motor'}",B,B,B,tricycle,1,0.3543233871459961
0000193_01705_d_0000112.jpg,/home/brisic03/VisDrone/VisDrone2019-DET-val/images/0000193_01705_d_0000112.jpg,counting,How many awning-tricycles are visible in the drone image?,"{'A': '0', 'B': '1', 'C': '2', 'D': '3', 'E': '4 or more'}",E,E,C,2,0,0.35341358184814453
0000193_01705_d_0000112.jpg,/home/brisic03/VisDrone/VisDrone2019-DET-val/images/0000193_01705_d_0000112.jpg,most_frequent,Which object type appears most often in the drone image?,"{'A': 'pedestrian', 'B': 'bus', 'C': 'motor', 'D': 'truck', 'E': 'tricycle'}",E,E,C,motor,0,0.35305333137512207
0000193_01705_d_0000112.jpg,/home/brisic03/VisDrone/VisDrone2019-DET-val/images/0000193_01705_d_0000112.jpg,location,Where is the largest car located in the image?,"{'A': 'top-left', 'B': 'top-right', 'C': 'bottom-left', 'D': 'bottom-right', 'E': 'center'}",B,B,E,center,0,0.3518047332763672
0000193_01876_d_0000113.jpg,/home/brisic03/VisDrone/VisDrone2019-DET-val/images/0000193_01876_d_0000113.jpg,presence,Which object type is visible in the drone image?,"{'A': 'pedestrian', 'B': 'tricycle', 'C': 'motor', 'D': 'truck', 'E': 'van'}",B,B,C,motor,0,0.3517894744873047
0000193_01876_d_0000113.jpg,/home/brisic03/VisDrone/VisDrone2019-DET-val/images/0000193_01876_d_0000113.jpg,counting,How many cars are visible in the drone image?,"{'A': '0', 'B': '1', 'C': '2', 'D': '3', 'E': '4 or more'}",E,E,E,4 or more,1,0.3525264263153076
0000193_01876_d_0000113.jpg,/home/brisic03/VisDrone/VisDrone2019-DET-val/images/0000193_01876_d_0000113.jpg,most_frequent,Which object type appears most often in the drone image?,"{'A': 'car', 'B': 'van', 'C': 'tricycle', 'D': 'people', 'E': 'motor'}",D,D,A,car,0,0.3546268939971924
0000193_01876_d_0000113.jpg,/home/brisic03/VisDrone/VisDrone2019-DET-val/images/0000193_01876_d_0000113.jpg,location,Where is the largest car located in the image?,"{'A': 'top-left', 'B': 'top-right', 'C': 'bottom-left', 'D': 'bottom-right', 'E': 'center'}",E,E,E,center,1,0.3569350242614746
0000193_02029_d_0000114.jpg,/home/brisic03/VisDrone/VisDrone2019-DET-val/images/0000193_02029_d_0000114.jpg,presence,Which object type is visible in the drone image?,"{'A': 'awning-tricycle', 'B': 'car', 'C': 'van', 'D': 'bus', 'E': 'tricycle'}",E,E,B,car,0,0.35465383529663086
0000193_02029_d_0000114.jpg,/home/brisic03/VisDrone/VisDrone2019-DET-val/images/0000193_02029_d_0000114.jpg,counting,How many peoples are visible in the drone image?,"{'A': '0', 'B': '1', 'C': '2', 'D': '3', 'E': '4 or more'}",E,E,E,4 or more,1,0.35353541374206543
0000193_02029_d_0000114.jpg,/home/brisic03/VisDrone/VisDrone2019-DET-val/images/0000193_02029_d_0000114.jpg,most_frequent,Which object type appears most often in the drone image?,"{'A': 'motor', 'B': 'pedestrian', 'C': 'truck', 'D': 'awning-tricycle', 'E': 'bicycle'}",A,A,A,motor,1,0.3536677360534668
0000193_02029_d_0000114.jpg,/home/brisic03/VisDrone/VisDrone2019-DET-val/images/0000193_02029_d_0000114.jpg,location,Where is the largest car located in the image?,"{'A': 'top-left', 'B': 'top-right', 'C': 'bottom-left', 'D': 'bottom-right', 'E': 'center'}",E,E,E,center,1,0.37160634994506836
0000193_02212_d_0000115.jpg,/home/brisic03/VisDrone/VisDrone2019-DET-val/images/0000193_02212_d_0000115.jpg,presence,Which object type is visible in the drone image?,"{'A': 'bus', 'B': 'van', 'C': 'motor', 'D': 'truck', 'E': 'pedestrian'}",C,C,C,motor,1,0.39641380310058594
0000193_02212_d_0000115.jpg,/home/brisic03/VisDrone/VisDrone2019-DET-val/images/0000193_02212_d_0000115.jpg,counting,How many cars are visible in the drone image?,"{'A': '0', 'B': '1', 'C': '2', 'D': '3', 'E': '4 or more'}",A,A,B,1,0,0.38658976554870605
0000193_02212_d_0000115.jpg,/home/brisic03/VisDrone/VisDrone2019-DET-val/images/0000193_02212_d_0000115.jpg,most_frequent,Which object type appears most often in the drone image?,"{'A': 'tricycle', 'B': 'van', 'C': 'motor', 'D': 'truck', 'E': 'awning-tricycle'}",A,A,A,tricycle,1,0.3766162395477295
0000193_02212_d_0000115.jpg,/home/brisic03/VisDrone/VisDrone2019-DET-val/images/0000193_02212_d_0000115.jpg,location,Where is the largest tricycle located in the image?,"{'A': 'top-left', 'B': 'top-right', 'C': 'bottom-left', 'D': 'bottom-right', 'E': 'center'}",E,E,D,bottom-right,0,0.36851954460144043
0000193_02416_d_0000116.jpg,/home/brisic03/VisDrone/VisDrone2019-DET-val/images/0000193_02416_d_0000116.jpg,presence,Which object type is visible in the drone image?,"{'A': 'motor', 'B': 'truck', 'C': 'people', 'D': 'car', 'E': 'pedestrian'}",A,A,A,motor,1,0.36829447746276855
0000193_02416_d_0000116.jpg,/home/brisic03/VisDrone/VisDrone2019-DET-val/images/0000193_02416_d_0000116.jpg,counting,How many vans are visible in the drone image?,"{'A': '0', 'B': '1', 'C': '2', 'D': '3', 'E': '4 or more'}",E,E,B,1,0,0.36283445358276367
0000193_02416_d_0000116.jpg,/home/brisic03/VisDrone/VisDrone2019-DET-val/images/0000193_02416_d_0000116.jpg,most_frequent,Which object type appears most often in the drone image?,"{'A': 'pedestrian', 'B': 'tricycle', 'C': 'van', 'D': 'people', 'E': 'bus'}",D,D,B,tricycle,0,0.3567652702331543
0000193_02416_d_0000116.jpg,/home/brisic03/VisDrone/VisDrone2019-DET-val/images/0000193_02416_d_0000116.jpg,location,Where is the largest tricycle located in the image?,"{'A': 'top-left', 'B': 'top-right', 'C': 'bottom-left', 'D': 'bottom-right', 'E': 'center'}",E,E,D,bottom-right,0,0.3537914752960205
0000193_02606_d_0000117.jpg,/home/brisic03/VisDrone/VisDrone2019-DET-val/images/0000193_02606_d_0000117.jpg,presence,Which object type is visible in the drone image?,"{'A': 'tricycle', 'B': 'motor', 'C': 'bicycle', 'D': 'people', 'E': 'truck'}",D,D,C,bicycle,0,0.35195350646972656
0000193_02606_d_0000117.jpg,/home/brisic03/VisDrone/VisDrone2019-DET-val/images/0000193_02606_d_0000117.jpg,counting,How many motors are visible in the drone image?,"{'A': '0', 'B': '1', 'C': '2', 'D': '3', 'E': '4 or more'}",A,A,C,2,0,0.35260820388793945
0000193_02606_d_0000117.jpg,/home/brisic03/VisDrone/VisDrone2019-DET-val/images/0000193_02606_d_0000117.jpg,most_frequent,Which object type appears most often in the drone image?,"{'A': 'awning-tricycle', 'B': 'motor', 'C': 'people', 'D': 'bicycle', 'E': 'truck'}",C,C,B,motor,0,0.3548121452331543
0000193_02606_d_0000117.jpg,/home/brisic03/VisDrone/VisDrone2019-DET-val/images/0000193_02606_d_0000117.jpg,location,Where is the largest awning-tricycle located in the image?,"{'A': 'top-left', 'B': 'top-right', 'C': 'bottom-left', 'D': 'bottom-right', 'E': 'center'}",C,C,E,center,0,0.35556507110595703
0000193_02725_d_0000118.jpg,/home/brisic03/VisDrone/VisDrone2019-DET-val/images/0000193_02725_d_0000118.jpg,presence,Which object type is visible in the drone image?,"{'A': 'people', 'B': 'awning-tricycle', 'C': 'van', 'D': 'truck', 'E': 'tricycle'}",E,E,A,people,0,0.3550596237182617
0000193_02725_d_0000118.jpg,/home/brisic03/VisDrone/VisDrone2019-DET-val/images/0000193_02725_d_0000118.jpg,counting,How many motors are visible in the drone image?,"{'A': '0', 'B': '1', 'C': '2', 'D': '3', 'E': '4 or more'}",A,A,D,3,0,0.35391974449157715
0000193_02725_d_0000118.jpg,/home/brisic03/VisDrone/VisDrone2019-DET-val/images/0000193_02725_d_0000118.jpg,most_frequent,Which object type appears most often in the drone image?,"{'A': 'bus', 'B': 'motor', 'C': 'tricycle', 'D': 'truck', 'E': 'car'}",C,C,B,motor,0,0.3520171642303467
0000193_02725_d_0000118.jpg,/home/brisic03/VisDrone/VisDrone2019-DET-val/images/0000193_02725_d_0000118.jpg,location,Where is the largest tricycle located in the image?,"{'A': 'top-left', 'B': 'top-right', 'C': 'bottom-left', 'D': 'bottom-right', 'E': 'center'}",E,E,E,center,1,0.3533596992492676
0000194_00000_d_0000119.jpg,/home/brisic03/VisDrone/VisDrone2019-DET-val/images/0000194_00000_d_0000119.jpg,presence,Which object type is visible in the drone image?,"{'A': 'motor', 'B': 'van', 'C': 'people', 'D': 'tricycle', 'E': 'truck'}",A,A,A,motor,1,0.35169458389282227
0000194_00000_d_0000119.jpg,/home/brisic03/VisDrone/VisDrone2019-DET-val/images/0000194_00000_d_0000119.jpg,counting,How many tricycles are visible in the drone image?,"{'A': '0', 'B': '1', 'C': '2', 'D': '3', 'E': '4 or more'}",D,D,C,2,0,0.3533589839935303
0000194_00000_d_0000119.jpg,/home/brisic03/VisDrone/VisDrone2019-DET-val/images/0000194_00000_d_0000119.jpg,most_frequent,Which object type appears most often in the drone image?,"{'A': 'tricycle', 'B': 'awning-tricycle', 'C': 'truck', 'D': 'car', 'E': 'people'}",D,D,D,car,1,0.37024831771850586
0000194_00000_d_0000119.jpg,/home/brisic03/VisDrone/VisDrone2019-DET-val/images/0000194_00000_d_0000119.jpg,location,Where is the largest bus located in the image?,"{'A': 'top-left', 'B': 'top-right', 'C': 'bottom-left', 'D': 'bottom-right', 'E': 'center'}",A,A,B,top-right,0,0.38050293922424316
0000194_00200_d_0000120.jpg,/home/brisic03/VisDrone/VisDrone2019-DET-val/images/0000194_00200_d_0000120.jpg,presence,Which object type is visible in the drone image?,"{'A': 'car', 'B': 'awning-tricycle', 'C': 'bicycle', 'D': 'van', 'E': 'truck'}",B,B,A,car,0,0.37104296684265137
0000194_00200_d_0000120.jpg,/home/brisic03/VisDrone/VisDrone2019-DET-val/images/0000194_00200_d_0000120.jpg,counting,How many motors are visible in the drone image?,"{'A': '0', 'B': '1', 'C': '2', 'D': '3', 'E': '4 or more'}",E,E,B,1,0,0.36206936836242676
0000194_00200_d_0000120.jpg,/home/brisic03/VisDrone/VisDrone2019-DET-val/images/0000194_00200_d_0000120.jpg,most_frequent,Which object type appears most often in the drone image?,"{'A': 'car', 'B': 'pedestrian', 'C': 'truck', 'D': 'bicycle', 'E': 'motor'}",A,A,A,car,1,0.36476659774780273
0000194_00200_d_0000120.jpg,/home/brisic03/VisDrone/VisDrone2019-DET-val/images/0000194_00200_d_0000120.jpg,location,Where is the largest car located in the image?,"{'A': 'top-left', 'B': 'top-right', 'C': 'bottom-left', 'D': 'bottom-right', 'E': 'center'}",E,E,E,center,1,0.36029481887817383
0000194_00399_d_0000121.jpg,/home/brisic03/VisDrone/VisDrone2019-DET-val/images/0000194_00399_d_0000121.jpg,presence,Which object type is visible in the drone image?,"{'A': 'tricycle', 'B': 'awning-tricycle', 'C': 'car', 'D': 'truck', 'E': 'bus'}",A,A,C,car,0,0.35718488693237305
0000194_00399_d_0000121.jpg,/home/brisic03/VisDrone/VisDrone2019-DET-val/images/0000194_00399_d_0000121.jpg,counting,How many peoples are visible in the drone image?,"{'A': '0', 'B': '1', 'C': '2', 'D': '3', 'E': '4 or more'}",E,E,B,1,0,0.35495638847351074
0000194_00399_d_0000121.jpg,/home/brisic03/VisDrone/VisDrone2019-DET-val/images/0000194_00399_d_0000121.jpg,location,Where is the largest van located in the image?,"{'A': 'top-left', 'B': 'top-right', 'C': 'bottom-left', 'D': 'bottom-right', 'E': 'center'}",A,A,C,bottom-left,0,0.3527665138244629
0000194_00625_d_0000122.jpg,/home/brisic03/VisDrone/VisDrone2019-DET-val/images/0000194_00625_d_0000122.jpg,presence,Which object type is visible in the drone image?,"{'A': 'car', 'B': 'people', 'C': 'bicycle', 'D': 'motor', 'E': 'pedestrian'}",D,D,B,people,0,0.3509562015533447
0000194_00625_d_0000122.jpg,/home/brisic03/VisDrone/VisDrone2019-DET-val/images/0000194_00625_d_0000122.jpg,counting,How many tricycles are visible in the drone image?,"{'A': '0', 'B': '1', 'C': '2', 'D': '3', 'E': '4 or more'}",D,D,E,4 or more,0,0.35397815704345703
0000194_00625_d_0000122.jpg,/home/brisic03/VisDrone/VisDrone2019-DET-val/images/0000194_00625_d_0000122.jpg,most_frequent,Which object type appears most often in the drone image?,"{'A': 'tricycle', 'B': 'pedestrian', 'C': 'car', 'D': 'bus', 'E': 'motor'}",A,A,E,motor,0,0.35244107246398926
0000194_00625_d_0000122.jpg,/home/brisic03/VisDrone/VisDrone2019-DET-val/images/0000194_00625_d_0000122.jpg,location,Where is the largest van located in the image?,"{'A': 'top-left', 'B': 'top-right', 'C': 'bottom-left', 'D': 'bottom-right', 'E': 'center'}",E,E,E,center,1,0.35428380966186523
0000194_00800_d_0000123.jpg,/home/brisic03/VisDrone/VisDrone2019-DET-val/images/0000194_00800_d_0000123.jpg,presence,Which object type is visible in the drone image?,"{'A': 'car', 'B': 'motor', 'C': 'pedestrian', 'D': 'bicycle', 'E': 'truck'}",D,D,B,motor,0,0.35364603996276855
0000194_00800_d_0000123.jpg,/home/brisic03/VisDrone/VisDrone2019-DET-val/images/0000194_00800_d_0000123.jpg,counting,How many cars are visible in the drone image?,"{'A': '0', 'B': '1', 'C': '2', 'D': '3', 'E': '4 or more'}",E,E,D,3,0,0.37493324279785156
0000194_00800_d_0000123.jpg,/home/brisic03/VisDrone/VisDrone2019-DET-val/images/0000194_00800_d_0000123.jpg,most_frequent,Which object type appears most often in the drone image?,"{'A': 'motor', 'B': 'pedestrian', 'C': 'van', 'D': 'tricycle', 'E': 'awning-tricycle'}",D,D,C,van,0,0.39638781547546387
0000194_00800_d_0000123.jpg,/home/brisic03/VisDrone/VisDrone2019-DET-val/images/0000194_00800_d_0000123.jpg,location,Where is the largest tricycle located in the image?,"{'A': 'top-left', 'B': 'top-right', 'C': 'bottom-left', 'D': 'bottom-right', 'E': 'center'}",E,E,E,center,1,0.3990468978881836
0000194_00998_d_0000124.jpg,/home/brisic03/VisDrone/VisDrone2019-DET-val/images/0000194_00998_d_0000124.jpg,presence,Which object type is visible in the drone image?,"{'A': 'van', 'B': 'people', 'C': 'motor', 'D': 'pedestrian', 'E': 'bicycle'}",C,C,C,motor,1,0.388873815536499
0000194_00998_d_0000124.jpg,/home/brisic03/VisDrone/VisDrone2019-DET-val/images/0000194_00998_d_0000124.jpg,counting,How many cars are visible in the drone image?,"{'A': '0', 'B': '1', 'C': '2', 'D': '3', 'E': '4 or more'}",A,A,E,4 or more,0,0.38080549240112305
0000194_00998_d_0000124.jpg,/home/brisic03/VisDrone/VisDrone2019-DET-val/images/0000194_00998_d_0000124.jpg,most_frequent,Which object type appears most often in the drone image?,"{'A': 'van', 'B': 'car', 'C': 'tricycle', 'D': 'bus', 'E': 'awning-tricycle'}",C,C,B,car,0,0.38590574264526367
0000194_00998_d_0000124.jpg,/home/brisic03/VisDrone/VisDrone2019-DET-val/images/0000194_00998_d_0000124.jpg,location,Where is the largest car located in the image?,"{'A': 'top-left', 'B': 'top-right', 'C': 'bottom-left', 'D': 'bottom-right', 'E': 'center'}",E,E,C,bottom-left,0,0.3717818260192871
0000194_01192_d_0000125.jpg,/home/brisic03/VisDrone/VisDrone2019-DET-val/images/0000194_01192_d_0000125.jpg,presence,Which object type is visible in the drone image?,"{'A': 'awning-tricycle', 'B': 'people', 'C': 'car', 'D': 'bus', 'E': 'bicycle'}",A,A,C,car,0,0.36300039291381836
0000194_01192_d_0000125.jpg,/home/brisic03/VisDrone/VisDrone2019-DET-val/images/0000194_01192_d_0000125.jpg,counting,How many vans are visible in the drone image?,"{'A': '0', 'B': '1', 'C': '2', 'D': '3', 'E': '4 or more'}",D,D,B,1,0,0.35784029960632324
0000194_01192_d_0000125.jpg,/home/brisic03/VisDrone/VisDrone2019-DET-val/images/0000194_01192_d_0000125.jpg,most_frequent,Which object type appears most often in the drone image?,"{'A': 'motor', 'B': 'awning-tricycle', 'C': 'car', 'D': 'bicycle', 'E': 'truck'}",C,C,C,car,1,0.354050874710083
0000194_01192_d_0000125.jpg,/home/brisic03/VisDrone/VisDrone2019-DET-val/images/0000194_01192_d_0000125.jpg,location,Where is the largest car located in the image?,"{'A': 'top-left', 'B': 'top-right', 'C': 'bottom-left', 'D': 'bottom-right', 'E': 'center'}",C,C,C,bottom-left,1,0.3559560775756836
0000196_04512_d_0000144.jpg,/home/brisic03/VisDrone/VisDrone2019-DET-val/images/0000196_04512_d_0000144.jpg,presence,Which object type is visible in the drone image?,"{'A': 'motor', 'B': 'bus', 'C': 'people', 'D': 'truck', 'E': 'awning-tricycle'}",C,C,A,motor,0,0.40005922317504883
0000196_04512_d_0000144.jpg,/home/brisic03/VisDrone/VisDrone2019-DET-val/images/0000196_04512_d_0000144.jpg,counting,How many motors are visible in the drone image?,"{'A': '0', 'B': '1', 'C': '2', 'D': '3', 'E': '4 or more'}",A,A,B,1,0,0.3950474262237549
0000196_04512_d_0000144.jpg,/home/brisic03/VisDrone/VisDrone2019-DET-val/images/0000196_04512_d_0000144.jpg,location,Where is the largest car located in the image?,"{'A': 'top-left', 'B': 'top-right', 'C': 'bottom-left', 'D': 'bottom-right', 'E': 'center'}",B,B,E,center,0,0.39795351028442383
0000199_01269_d_0000166.jpg,/home/brisic03/VisDrone/VisDrone2019-DET-val/images/0000199_01269_d_0000166.jpg,presence,Which object type is visible in the drone image?,"{'A': 'truck', 'B': 'bus', 'C': 'van', 'D': 'car', 'E': 'motor'}",A,A,A,truck,1,0.3517570495605469
0000199_01269_d_0000166.jpg,/home/brisic03/VisDrone/VisDrone2019-DET-val/images/0000199_01269_d_0000166.jpg,counting,How many awning-tricycles are visible in the drone image?,"{'A': '0', 'B': '1', 'C': '2', 'D': '3', 'E': '4 or more'}",A,A,B,1,0,0.3569061756134033
0000199_01269_d_0000166.jpg,/home/brisic03/VisDrone/VisDrone2019-DET-val/images/0000199_01269_d_0000166.jpg,most_frequent,Which object type appears most often in the drone image?,"{'A': 'car', 'B': 'people', 'C': 'bus', 'D': 'motor', 'E': 'pedestrian'}",A,A,A,car,1,0.3551297187805176
0000199_01269_d_0000166.jpg,/home/brisic03/VisDrone/VisDrone2019-DET-val/images/0000199_01269_d_0000166.jpg,location,Where is the largest truck located in the image?,"{'A': 'top-left', 'B': 'top-right', 'C': 'bottom-left', 'D': 'bottom-right', 'E': 'center'}",D,D,D,bottom-right,1,0.3544604778289795
0000213_02500_d_0000240.jpg,/home/brisic03/VisDrone/VisDrone2019-DET-val/images/0000213_02500_d_0000240.jpg,presence,Which object type is visible in the drone image?,"{'A': 'people', 'B': 'awning-tricycle', 'C': 'car', 'D': 'bicycle', 'E': 'van'}",D,D,E,van,0,0.3668785095214844
0000213_02500_d_0000240.jpg,/home/brisic03/VisDrone/VisDrone2019-DET-val/images/0000213_02500_d_0000240.jpg,counting,How many cars are visible in the drone image?,"{'A': '0', 'B': '1', 'C': '2', 'D': '3', 'E': '4 or more'}",E,E,E,4 or more,1,0.36753273010253906
0000213_02500_d_0000240.jpg,/home/brisic03/VisDrone/VisDrone2019-DET-val/images/0000213_02500_d_0000240.jpg,most_frequent,Which object type appears most often in the drone image?,"{'A': 'pedestrian', 'B': 'people', 'C': 'motor', 'D': 'car', 'E': 'van'}",D,D,D,car,1,0.3741016387939453
0000213_02500_d_0000240.jpg,/home/brisic03/VisDrone/VisDrone2019-DET-val/images/0000213_02500_d_0000240.jpg,location,Where is the largest car located in the image?,"{'A': 'top-left', 'B': 'top-right', 'C': 'bottom-left', 'D': 'bottom-right', 'E': 'center'}",A,A,E,center,0,0.3749682903289795
0000213_02965_d_0000241.jpg,/home/brisic03/VisDrone/VisDrone2019-DET-val/images/0000213_02965_d_0000241.jpg,presence,Which object type is visible in the drone image?,"{'A': 'tricycle', 'B': 'motor', 'C': 'truck', 'D': 'van', 'E': 'bicycle'}",A,A,A,tricycle,1,0.3732752799987793
0000213_02965_d_0000241.jpg,/home/brisic03/VisDrone/VisDrone2019-DET-val/images/0000213_02965_d_0000241.jpg,counting,How many pedestrians are visible in the drone image?,"{'A': '0', 'B': '1', 'C': '2', 'D': '3', 'E': '4 or more'}",A,A,B,1,0,0.37335705757141113
0000213_02965_d_0000241.jpg,/home/brisic03/VisDrone/VisDrone2019-DET-val/images/0000213_02965_d_0000241.jpg,most_frequent,Which object type appears most often in the drone image?,"{'A': 'pedestrian', 'B': 'motor', 'C': 'van', 'D': 'bus', 'E': 'car'}",E,E,E,car,1,0.3661797046661377
0000213_02965_d_0000241.jpg,/home/brisic03/VisDrone/VisDrone2019-DET-val/images/0000213_02965_d_0000241.jpg,location,Where is the largest car located in the image?,"{'A': 'top-left', 'B': 'top-right', 'C': 'bottom-left', 'D': 'bottom-right', 'E': 'center'}",E,E,C,bottom-left,0,0.36591410636901855
0000213_03478_d_0000242.jpg,/home/brisic03/VisDrone/VisDrone2019-DET-val/images/0000213_03478_d_0000242.jpg,presence,Which object type is visible in the drone image?,"{'A': 'motor', 'B': 'van', 'C': 'people', 'D': 'bicycle', 'E': 'truck'}",A,A,E,truck,0,0.3650939464569092
0000213_03478_d_0000242.jpg,/home/brisic03/VisDrone/VisDrone2019-DET-val/images/0000213_03478_d_0000242.jpg,counting,How many tricycles are visible in the drone image?,"{'A': '0', 'B': '1', 'C': '2', 'D': '3', 'E': '4 or more'}",D,D,C,2,0,0.3689253330230713
0000213_03478_d_0000242.jpg,/home/brisic03/VisDrone/VisDrone2019-DET-val/images/0000213_03478_d_0000242.jpg,most_frequent,Which object type appears most often in the drone image?,"{'A': 'van', 'B': 'truck', 'C': 'awning-tricycle', 'D': 'car', 'E': 'people'}",D,D,D,car,1,0.36716270446777344
0000213_03478_d_0000242.jpg,/home/brisic03/VisDrone/VisDrone2019-DET-val/images/0000213_03478_d_0000242.jpg,location,Where is the largest car located in the image?,"{'A': 'top-left', 'B': 'top-right', 'C': 'bottom-left', 'D': 'bottom-right', 'E': 'center'}",E,E,C,bottom-left,0,0.36522436141967773
0000213_03920_d_0000243.jpg,/home/brisic03/VisDrone/VisDrone2019-DET-val/images/0000213_03920_d_0000243.jpg,presence,Which object type is visible in the drone image?,"{'A': 'bus', 'B': 'van', 'C': 'people', 'D': 'pedestrian', 'E': 'truck'}",C,C,D,pedestrian,0,0.3645038604736328
0000213_03920_d_0000243.jpg,/home/brisic03/VisDrone/VisDrone2019-DET-val/images/0000213_03920_d_0000243.jpg,counting,How many bicycles are visible in the drone image?,"{'A': '0', 'B': '1', 'C': '2', 'D': '3', 'E': '4 or more'}",E,E,D,3,0,0.3654971122741699
0000213_03920_d_0000243.jpg,/home/brisic03/VisDrone/VisDrone2019-DET-val/images/0000213_03920_d_0000243.jpg,most_frequent,Which object type appears most often in the drone image?,"{'A': 'truck', 'B': 'awning-tricycle', 'C': 'van', 'D': 'car', 'E': 'pedestrian'}",D,D,D,car,1,0.37088441848754883
0000213_03920_d_0000243.jpg,/home/brisic03/VisDrone/VisDrone2019-DET-val/images/0000213_03920_d_0000243.jpg,location,Where is the largest car located in the image?,"{'A': 'top-left', 'B': 'top-right', 'C': 'bottom-left', 'D': 'bottom-right', 'E': 'center'}",E,E,D,bottom-right,0,0.3695669174194336
0000213_04405_d_0000244.jpg,/home/brisic03/VisDrone/VisDrone2019-DET-val/images/0000213_04405_d_0000244.jpg,presence,Which object type is visible in the drone image?,"{'A': 'truck', 'B': 'car', 'C': 'motor', 'D': 'pedestrian', 'E': 'bus'}",B,B,B,car,1,0.36635303497314453
0000213_04405_d_0000244.jpg,/home/brisic03/VisDrone/VisDrone2019-DET-val/images/0000213_04405_d_0000244.jpg,counting,How many bicycles are visible in the drone image?,"{'A': '0', 'B': '1', 'C': '2', 'D': '3', 'E': '4 or more'}",A,A,B,1,0,0.3698561191558838
0000213_04405_d_0000244.jpg,/home/brisic03/VisDrone/VisDrone2019-DET-val/images/0000213_04405_d_0000244.jpg,most_frequent,Which object type appears most often in the drone image?,"{'A': 'people', 'B': 'pedestrian', 'C': 'bicycle', 'D': 'car', 'E': 'bus'}",D,D,D,car,1,0.3674001693725586
0000213_04405_d_0000244.jpg,/home/brisic03/VisDrone/VisDrone2019-DET-val/images/0000213_04405_d_0000244.jpg,location,Where is the largest car located in the image?,"{'A': 'top-left', 'B': 'top-right', 'C': 'bottom-left', 'D': 'bottom-right', 'E': 'center'}",E,E,C,bottom-left,0,0.3664512634277344
0000213_04998_d_0000245.jpg,/home/brisic03/VisDrone/VisDrone2019-DET-val/images/0000213_04998_d_0000245.jpg,presence,Which object type is visible in the drone image?,"{'A': 'car', 'B': 'motor', 'C': 'people', 'D': 'pedestrian', 'E': 'awning-tricycle'}",A,A,C,people,0,0.36596131324768066
0000213_04998_d_0000245.jpg,/home/brisic03/VisDrone/VisDrone2019-DET-val/images/0000213_04998_d_0000245.jpg,counting,How many tricycles are visible in the drone image?,"{'A': '0', 'B': '1', 'C': '2', 'D': '3', 'E': '4 or more'}",D,D,E,4 or more,0,0.37823915481567383
0000213_04998_d_0000245.jpg,/home/brisic03/VisDrone/VisDrone2019-DET-val/images/0000213_04998_d_0000245.jpg,most_frequent,Which object type appears most often in the drone image?,"{'A': 'bicycle', 'B': 'motor', 'C': 'pedestrian', 'D': 'car', 'E': 'van'}",D,D,D,car,1,0.3911933898925781
0000213_04998_d_0000245.jpg,/home/brisic03/VisDrone/VisDrone2019-DET-val/images/0000213_04998_d_0000245.jpg,location,Where is the largest car located in the image?,"{'A': 'top-left', 'B': 'top-right', 'C': 'bottom-left', 'D': 'bottom-right', 'E': 'center'}",E,E,D,bottom-right,0,0.3760855197906494
0000213_05340_d_0000246.jpg,/home/brisic03/VisDrone/VisDrone2019-DET-val/images/0000213_05340_d_0000246.jpg,presence,Which object type is visible in the drone image?,"{'A': 'bus', 'B': 'people', 'C': 'car', 'D': 'bicycle', 'E': 'tricycle'}",C,C,C,car,1,0.37430834770202637
0000213_05340_d_0000246.jpg,/home/brisic03/VisDrone/VisDrone2019-DET-val/images/0000213_05340_d_0000246.jpg,counting,How many trucks are visible in the drone image?,"{'A': '0', 'B': '1', 'C': '2', 'D': '3', 'E': '4 or more'}",E,E,B,1,0,0.3754096031188965
0000213_05340_d_0000246.jpg,/home/brisic03/VisDrone/VisDrone2019-DET-val/images/0000213_05340_d_0000246.jpg,most_frequent,Which object type appears most often in the drone image?,"{'A': 'tricycle', 'B': 'van', 'C': 'awning-tricycle', 'D': 'car', 'E': 'bicycle'}",D,D,D,car,1,0.36951422691345215
0000213_05340_d_0000246.jpg,/home/brisic03/VisDrone/VisDrone2019-DET-val/images/0000213_05340_d_0000246.jpg,location,Where is the largest car located in the image?,"{'A': 'top-left', 'B': 'top-right', 'C': 'bottom-left', 'D': 'bottom-right', 'E': 'center'}",E,E,C,bottom-left,0,0.3683896064758301
0000213_05745_d_0000247.jpg,/home/brisic03/VisDrone/VisDrone2019-DET-val/images/0000213_05745_d_0000247.jpg,presence,Which object type is visible in the drone image?,"{'A': 'bicycle', 'B': 'truck', 'C': 'tricycle', 'D': 'people', 'E': 'van'}",C,C,C,tricycle,1,0.36557769775390625
0000213_05745_d_0000247.jpg,/home/brisic03/VisDrone/VisDrone2019-DET-val/images/0000213_05745_d_0000247.jpg,counting,How many tricycles are visible in the drone image?,"{'A': '0', 'B': '1', 'C': '2', 'D': '3', 'E': '4 or more'}",D,D,D,3,1,0.36891913414001465
0000213_05745_d_0000247.jpg,/home/brisic03/VisDrone/VisDrone2019-DET-val/images/0000213_05745_d_0000247.jpg,most_frequent,Which object type appears most often in the drone image?,"{'A': 'tricycle', 'B': 'car', 'C': 'motor', 'D': 'people', 'E': 'awning-tricycle'}",B,B,B,car,1,0.36731505393981934
0000213_05745_d_0000247.jpg,/home/brisic03/VisDrone/VisDrone2019-DET-val/images/0000213_05745_d_0000247.jpg,location,Where is the largest car located in the image?,"{'A': 'top-left', 'B': 'top-right', 'C': 'bottom-left', 'D': 'bottom-right', 'E': 'center'}",A,A,E,center,0,0.36476850509643555
0000215_00000_d_0000256.jpg,/home/brisic03/VisDrone/VisDrone2019-DET-val/images/0000215_00000_d_0000256.jpg,presence,Which object type is visible in the drone image?,"{'A': 'tricycle', 'B': 'people', 'C': 'motor', 'D': 'bus', 'E': 'car'}",A,A,A,tricycle,1,0.36442089080810547
0000215_00000_d_0000256.jpg,/home/brisic03/VisDrone/VisDrone2019-DET-val/images/0000215_00000_d_0000256.jpg,counting,How many tricycles are visible in the drone image?,"{'A': '0', 'B': '1', 'C': '2', 'D': '3', 'E': '4 or more'}",A,A,C,2,0,0.367128849029541
0000215_00000_d_0000256.jpg,/home/brisic03/VisDrone/VisDrone2019-DET-val/images/0000215_00000_d_0000256.jpg,most_frequent,Which object type appears most often in the drone image?,"{'A': 'pedestrian', 'B': 'van', 'C': 'truck', 'D': 'car', 'E': 'tricycle'}",D,D,D,car,1,0.36743736267089844
0000215_00000_d_0000256.jpg,/home/brisic03/VisDrone/VisDrone2019-DET-val/images/0000215_00000_d_0000256.jpg,location,Where is the largest car located in the image?,"{'A': 'top-left', 'B': 'top-right', 'C': 'bottom-left', 'D': 'bottom-right', 'E': 'center'}",E,E,C,bottom-left,0,0.36594128608703613
0000215_00447_d_0000257.jpg,/home/brisic03/VisDrone/VisDrone2019-DET-val/images/0000215_00447_d_0000257.jpg,presence,Which object type is visible in the drone image?,"{'A': 'motor', 'B': 'truck', 'C': 'car', 'D': 'tricycle', 'E': 'awning-tricycle'}",C,C,C,car,1,0.365039587020874
0000215_00447_d_0000257.jpg,/home/brisic03/VisDrone/VisDrone2019-DET-val/images/0000215_00447_d_0000257.jpg,counting,How many vans are visible in the drone image?,"{'A': '0', 'B': '1', 'C': '2', 'D': '3', 'E': '4 or more'}",E,E,E,4 or more,1,0.3682289123535156
0000215_00447_d_0000257.jpg,/home/brisic03/VisDrone/VisDrone2019-DET-val/images/0000215_00447_d_0000257.jpg,most_frequent,Which object type appears most often in the drone image?,"{'A': 'tricycle', 'B': 'van', 'C': 'bus', 'D': 'car', 'E': 'awning-tricycle'}",D,D,D,car,1,0.36654186248779297
0000215_00447_d_0000257.jpg,/home/brisic03/VisDrone/VisDrone2019-DET-val/images/0000215_00447_d_0000257.jpg,location,Where is the largest car located in the image?,"{'A': 'top-left', 'B': 'top-right', 'C': 'bottom-left', 'D': 'bottom-right', 'E': 'center'}",E,E,C,bottom-left,0,0.3663160800933838
0000215_00909_d_0000258.jpg,/home/brisic03/VisDrone/VisDrone2019-DET-val/images/0000215_00909_d_0000258.jpg,presence,Which object type is visible in the drone image?,"{'A': 'awning-tricycle', 'B': 'car', 'C': 'truck', 'D': 'people', 'E': 'tricycle'}",E,E,A,awning-tricycle,0,0.3716006278991699
0000215_00909_d_0000258.jpg,/home/brisic03/VisDrone/VisDrone2019-DET-val/images/0000215_00909_d_0000258.jpg,counting,How many vans are visible in the drone image?,"{'A': '0', 'B': '1', 'C': '2', 'D': '3', 'E': '4 or more'}",E,E,E,4 or more,1,0.37734341621398926
0000215_00909_d_0000258.jpg,/home/brisic03/VisDrone/VisDrone2019-DET-val/images/0000215_00909_d_0000258.jpg,most_frequent,Which object type appears most often in the drone image?,"{'A': 'pedestrian', 'B': 'awning-tricycle', 'C': 'people', 'D': 'car', 'E': 'tricycle'}",D,D,D,car,1,0.3764619827270508
0000215_00909_d_0000258.jpg,/home/brisic03/VisDrone/VisDrone2019-DET-val/images/0000215_00909_d_0000258.jpg,location,Where is the largest van located in the image?,"{'A': 'top-left', 'B': 'top-right', 'C': 'bottom-left', 'D': 'bottom-right', 'E': 'center'}",C,C,C,bottom-left,1,0.36826300621032715
0000215_01395_d_0000259.jpg,/home/brisic03/VisDrone/VisDrone2019-DET-val/images/0000215_01395_d_0000259.jpg,presence,Which object type is visible in the drone image?,"{'A': 'car', 'B': 'bicycle', 'C': 'van', 'D': 'motor', 'E': 'people'}",A,A,D,motor,0,0.3650176525115967
0000215_01395_d_0000259.jpg,/home/brisic03/VisDrone/VisDrone2019-DET-val/images/0000215_01395_d_0000259.jpg,counting,How many tricycles are visible in the drone image?,"{'A': '0', 'B': '1', 'C': '2', 'D': '3', 'E': '4 or more'}",D,D,C,2,0,0.36630773544311523
0000215_01395_d_0000259.jpg,/home/brisic03/VisDrone/VisDrone2019-DET-val/images/0000215_01395_d_0000259.jpg,most_frequent,Which object type appears most often in the drone image?,"{'A': 'car', 'B': 'awning-tricycle', 'C': 'truck', 'D': 'van', 'E': 'motor'}",A,A,A,car,1,0.3690037727355957
0000215_01395_d_0000259.jpg,/home/brisic03/VisDrone/VisDrone2019-DET-val/images/0000215_01395_d_0000259.jpg,location,Where is the largest car located in the image?,"{'A': 'top-left', 'B': 'top-right', 'C': 'bottom-left', 'D': 'bottom-right', 'E': 'center'}",E,E,C,bottom-left,0,0.3681142330169678
0000215_01869_d_0000260.jpg,/home/brisic03/VisDrone/VisDrone2019-DET-val/images/0000215_01869_d_0000260.jpg,presence,Which object type is visible in the drone image?,"{'A': 'tricycle', 'B': 'pedestrian', 'C': 'awning-tricycle', 'D': 'truck', 'E': 'bicycle'}",C,C,C,awning-tricycle,1,0.3666050434112549
0000215_01869_d_0000260.jpg,/home/brisic03/VisDrone/VisDrone2019-DET-val/images/0000215_01869_d_0000260.jpg,counting,How many vans are visible in the drone image?,"{'A': '0', 'B': '1', 'C': '2', 'D': '3', 'E': '4 or more'}",E,E,C,2,0,0.3666341304779053
0000215_01869_d_0000260.jpg,/home/brisic03/VisDrone/VisDrone2019-DET-val/images/0000215_01869_d_0000260.jpg,most_frequent,Which object type appears most often in the drone image?,"{'A': 'truck', 'B': 'van', 'C': 'people', 'D': 'car', 'E': 'pedestrian'}",D,D,D,car,1,0.3676459789276123
0000215_01869_d_0000260.jpg,/home/brisic03/VisDrone/VisDrone2019-DET-val/images/0000215_01869_d_0000260.jpg,location,Where is the largest car located in the image?,"{'A': 'top-left', 'B': 'top-right', 'C': 'bottom-left', 'D': 'bottom-right', 'E': 'center'}",E,E,E,center,1,0.3667283058166504
0000215_02319_d_0000261.jpg,/home/brisic03/VisDrone/VisDrone2019-DET-val/images/0000215_02319_d_0000261.jpg,presence,Which object type is visible in the drone image?,"{'A': 'awning-tricycle', 'B': 'truck', 'C': 'van', 'D': 'pedestrian', 'E': 'motor'}",A,A,C,van,0,0.3721435070037842
0000215_02319_d_0000261.jpg,/home/brisic03/VisDrone/VisDrone2019-DET-val/images/0000215_02319_d_0000261.jpg,counting,How many awning-tricycles are visible in the drone image?,"{'A': '0', 'B': '1', 'C': '2', 'D': '3', 'E': '4 or more'}",A,A,E,4 or more,0,0.37241244316101074
0000215_02319_d_0000261.jpg,/home/brisic03/VisDrone/VisDrone2019-DET-val/images/0000215_02319_d_0000261.jpg,most_frequent,Which object type appears most often in the drone image?,"{'A': 'van', 'B': 'motor', 'C': 'bicycle', 'D': 'car', 'E': 'people'}",D,D,D,car,1,0.3751842975616455
0000215_02319_d_0000261.jpg,/home/brisic03/VisDrone/VisDrone2019-DET-val/images/0000215_02319_d_0000261.jpg,location,Where is the largest car located in the image?,"{'A': 'top-left', 'B': 'top-right', 'C': 'bottom-left', 'D': 'bottom-right', 'E': 'center'}",E,E,E,center,1,0.37122511863708496
0000215_02667_d_0000262.jpg,/home/brisic03/VisDrone/VisDrone2019-DET-val/images/0000215_02667_d_0000262.jpg,presence,Which object type is visible in the drone image?,"{'A': 'pedestrian', 'B': 'awning-tricycle', 'C': 'truck', 'D': 'tricycle', 'E': 'motor'}",D,D,C,truck,0,0.36760616302490234
0000215_02667_d_0000262.jpg,/home/brisic03/VisDrone/VisDrone2019-DET-val/images/0000215_02667_d_0000262.jpg,counting,How many bicycles are visible in the drone image?,"{'A': '0', 'B': '1', 'C': '2', 'D': '3', 'E': '4 or more'}",E,E,B,1,0,0.36611008644104004
0000215_02667_d_0000262.jpg,/home/brisic03/VisDrone/VisDrone2019-DET-val/images/0000215_02667_d_0000262.jpg,most_frequent,Which object type appears most often in the drone image?,"{'A': 'truck', 'B': 'bicycle', 'C': 'people', 'D': 'tricycle', 'E': 'car'}",E,E,E,car,1,0.36599302291870117
0000215_02667_d_0000262.jpg,/home/brisic03/VisDrone/VisDrone2019-DET-val/images/0000215_02667_d_0000262.jpg,location,Where is the largest car located in the image?,"{'A': 'top-left', 'B': 'top-right', 'C': 'bottom-left', 'D': 'bottom-right', 'E': 'center'}",E,E,E,center,1,0.3811519145965576
0000215_02932_d_0000263.jpg,/home/brisic03/VisDrone/VisDrone2019-DET-val/images/0000215_02932_d_0000263.jpg,presence,Which object type is visible in the drone image?,"{'A': 'pedestrian', 'B': 'motor', 'C': 'van', 'D': 'car', 'E': 'bus'}",D,D,C,van,0,0.39229321479797363
0000215_02932_d_0000263.jpg,/home/brisic03/VisDrone/VisDrone2019-DET-val/images/0000215_02932_d_0000263.jpg,counting,How many vans are visible in the drone image?,"{'A': '0', 'B': '1', 'C': '2', 'D': '3', 'E': '4 or more'}",E,E,E,4 or more,1,0.38358092308044434
0000215_02932_d_0000263.jpg,/home/brisic03/VisDrone/VisDrone2019-DET-val/images/0000215_02932_d_0000263.jpg,most_frequent,Which object type appears most often in the drone image?,"{'A': 'awning-tricycle', 'B': 'truck', 'C': 'tricycle', 'D': 'car', 'E': 'bicycle'}",D,D,D,car,1,0.3848121166229248
0000215_02932_d_0000263.jpg,/home/brisic03/VisDrone/VisDrone2019-DET-val/images/0000215_02932_d_0000263.jpg,location,Where is the largest car located in the image?,"{'A': 'top-left', 'B': 'top-right', 'C': 'bottom-left', 'D': 'bottom-right', 'E': 'center'}",E,E,C,bottom-left,0,0.3725776672363281
0000215_03226_d_0000264.jpg,/home/brisic03/VisDrone/VisDrone2019-DET-val/images/0000215_03226_d_0000264.jpg,presence,Which object type is visible in the drone image?,"{'A': 'truck', 'B': 'pedestrian', 'C': 'van', 'D': 'awning-tricycle', 'E': 'bus'}",D,D,A,truck,0,0.3669123649597168
0000215_03226_d_0000264.jpg,/home/brisic03/VisDrone/VisDrone2019-DET-val/images/0000215_03226_d_0000264.jpg,counting,How many vans are visible in the drone image?,"{'A': '0', 'B': '1', 'C': '2', 'D': '3', 'E': '4 or more'}",D,D,B,1,0,0.37151312828063965
0000215_03226_d_0000264.jpg,/home/brisic03/VisDrone/VisDrone2019-DET-val/images/0000215_03226_d_0000264.jpg,most_frequent,Which object type appears most often in the drone image?,"{'A': 'tricycle', 'B': 'car', 'C': 'people', 'D': 'van', 'E': 'truck'}",C,C,B,car,0,0.36968135833740234
0000215_03226_d_0000264.jpg,/home/brisic03/VisDrone/VisDrone2019-DET-val/images/0000215_03226_d_0000264.jpg,location,Where is the largest truck located in the image?,"{'A': 'top-left', 'B': 'top-right', 'C': 'bottom-left', 'D': 'bottom-right', 'E': 'center'}",B,B,E,center,0,0.36789870262145996
0000216_00520_d_0000001.jpg,/home/brisic03/VisDrone/VisDrone2019-DET-val/images/0000216_00520_d_0000001.jpg,presence,Which object type is visible in the drone image?,"{'A': 'motor', 'B': 'people', 'C': 'awning-tricycle', 'D': 'van', 'E': 'pedestrian'}",C,C,D,van,0,0.3649911880493164
0000216_00520_d_0000001.jpg,/home/brisic03/VisDrone/VisDrone2019-DET-val/images/0000216_00520_d_0000001.jpg,counting,How many cars are visible in the drone image?,"{'A': '0', 'B': '1', 'C': '2', 'D': '3', 'E': '4 or more'}",E,E,E,4 or more,1,0.3660545349121094
0000216_00520_d_0000001.jpg,/home/brisic03/VisDrone/VisDrone2019-DET-val/images/0000216_00520_d_0000001.jpg,most_frequent,Which object type appears most often in the drone image?,"{'A': 'bicycle', 'B': 'bus', 'C': 'tricycle', 'D': 'car', 'E': 'people'}",D,D,D,car,1,0.3651607036590576
0000216_00520_d_0000001.jpg,/home/brisic03/VisDrone/VisDrone2019-DET-val/images/0000216_00520_d_0000001.jpg,location,Where is the largest car located in the image?,"{'A': 'top-left', 'B': 'top-right', 'C': 'bottom-left', 'D': 'bottom-right', 'E': 'center'}",B,B,E,center,0,0.36626267433166504
0000220_01242_d_0000004.jpg,/home/brisic03/VisDrone/VisDrone2019-DET-val/images/0000220_01242_d_0000004.jpg,presence,Which object type is visible in the drone image?,"{'A': 'motor', 'B': 'truck', 'C': 'awning-tricycle', 'D': 'car', 'E': 'bicycle'}",C,C,A,motor,0,0.4001173973083496
0000220_01242_d_0000004.jpg,/home/brisic03/VisDrone/VisDrone2019-DET-val/images/0000220_01242_d_0000004.jpg,counting,How many buss are visible in the drone image?,"{'A': '0', 'B': '1', 'C': '2', 'D': '3', 'E': '4 or more'}",D,D,B,1,0,0.39772582054138184
0000220_01242_d_0000004.jpg,/home/brisic03/VisDrone/VisDrone2019-DET-val/images/0000220_01242_d_0000004.jpg,most_frequent,Which object type appears most often in the drone image?,"{'A': 'people', 'B': 'car', 'C': 'truck', 'D': 'bus', 'E': 'van'}",A,A,C,truck,0,0.39841341972351074
0000220_01242_d_0000004.jpg,/home/brisic03/VisDrone/VisDrone2019-DET-val/images/0000220_01242_d_0000004.jpg,location,Where is the largest truck located in the image?,"{'A': 'top-left', 'B': 'top-right', 'C': 'bottom-left', 'D': 'bottom-right', 'E': 'center'}",E,E,E,center,1,0.4032161235809326
0000223_01802_d_0000005.jpg,/home/brisic03/VisDrone/VisDrone2019-DET-val/images/0000223_01802_d_0000005.jpg,presence,Which object type is visible in the drone image?,"{'A': 'van', 'B': 'bus', 'C': 'bicycle', 'D': 'tricycle', 'E': 'car'}",E,E,E,car,1,0.3993563652038574
0000223_01802_d_0000005.jpg,/home/brisic03/VisDrone/VisDrone2019-DET-val/images/0000223_01802_d_0000005.jpg,counting,How many cars are visible in the drone image?,"{'A': '0', 'B': '1', 'C': '2', 'D': '3', 'E': '4 or more'}",E,E,E,4 or more,1,0.3953711986541748
0000223_01802_d_0000005.jpg,/home/brisic03/VisDrone/VisDrone2019-DET-val/images/0000223_01802_d_0000005.jpg,most_frequent,Which object type appears most often in the drone image?,"{'A': 'van', 'B': 'people', 'C': 'truck', 'D': 'motor', 'E': 'car'}",D,D,E,car,0,0.3996462821960449
0000223_01802_d_0000005.jpg,/home/brisic03/VisDrone/VisDrone2019-DET-val/images/0000223_01802_d_0000005.jpg,location,Where is the largest car located in the image?,"{'A': 'top-left', 'B': 'top-right', 'C': 'bottom-left', 'D': 'bottom-right', 'E': 'center'}",E,E,E,center,1,0.3975696563720703
0000237_00001_d_0000001.jpg,/home/brisic03/VisDrone/VisDrone2019-DET-val/images/0000237_00001_d_0000001.jpg,presence,Which object type is visible in the drone image?,"{'A': 'van', 'B': 'pedestrian', 'C': 'tricycle', 'D': 'car', 'E': 'bus'}",D,D,C,tricycle,0,0.35485124588012695
0000237_00001_d_0000001.jpg,/home/brisic03/VisDrone/VisDrone2019-DET-val/images/0000237_00001_d_0000001.jpg,counting,How many motors are visible in the drone image?,"{'A': '0', 'B': '1', 'C': '2', 'D': '3', 'E': '4 or more'}",C,C,B,1,0,0.36202359199523926
0000237_00001_d_0000001.jpg,/home/brisic03/VisDrone/VisDrone2019-DET-val/images/0000237_00001_d_0000001.jpg,location,Where is the largest car located in the image?,"{'A': 'top-left', 'B': 'top-right', 'C': 'bottom-left', 'D': 'bottom-right', 'E': 'center'}",E,E,E,center,1,0.3650357723236084
0000242_00001_d_0000001.jpg,/home/brisic03/VisDrone/VisDrone2019-DET-val/images/0000242_00001_d_0000001.jpg,presence,Which object type is visible in the drone image?,"{'A': 'car', 'B': 'motor', 'C': 'van', 'D': 'pedestrian', 'E': 'people'}",A,A,B,motor,0,0.3566107749938965
0000242_00001_d_0000001.jpg,/home/brisic03/VisDrone/VisDrone2019-DET-val/images/0000242_00001_d_0000001.jpg,counting,How many trucks are visible in the drone image?,"{'A': '0', 'B': '1', 'C': '2', 'D': '3', 'E': '4 or more'}",E,E,C,2,0,0.3565213680267334
0000242_00001_d_0000001.jpg,/home/brisic03/VisDrone/VisDrone2019-DET-val/images/0000242_00001_d_0000001.jpg,most_frequent,Which object type appears most often in the drone image?,"{'A': 'bus', 'B': 'people', 'C': 'awning-tricycle', 'D': 'bicycle', 'E': 'car'}",E,E,E,car,1,0.3576195240020752
0000242_00001_d_0000001.jpg,/home/brisic03/VisDrone/VisDrone2019-DET-val/images/0000242_00001_d_0000001.jpg,location,Where is the largest truck located in the image?,"{'A': 'top-left', 'B': 'top-right', 'C': 'bottom-left', 'D': 'bottom-right', 'E': 'center'}",D,D,D,bottom-right,1,0.35709404945373535
0000242_00500_d_0000002.jpg,/home/brisic03/VisDrone/VisDrone2019-DET-val/images/0000242_00500_d_0000002.jpg,presence,Which object type is visible in the drone image?,"{'A': 'awning-tricycle', 'B': 'bus', 'C': 'van', 'D': 'motor', 'E': 'truck'}",A,A,C,van,0,0.35484981536865234
0000242_00500_d_0000002.jpg,/home/brisic03/VisDrone/VisDrone2019-DET-val/images/0000242_00500_d_0000002.jpg,counting,How many cars are visible in the drone image?,"{'A': '0', 'B': '1', 'C': '2', 'D': '3', 'E': '4 or more'}",E,E,E,4 or more,1,0.35450148582458496
0000242_00500_d_0000002.jpg,/home/brisic03/VisDrone/VisDrone2019-DET-val/images/0000242_00500_d_0000002.jpg,most_frequent,Which object type appears most often in the drone image?,"{'A': 'motor', 'B': 'pedestrian', 'C': 'car', 'D': 'truck', 'E': 'bicycle'}",C,C,C,car,1,0.35287022590637207
0000242_00500_d_0000002.jpg,/home/brisic03/VisDrone/VisDrone2019-DET-val/images/0000242_00500_d_0000002.jpg,location,Where is the largest van located in the image?,"{'A': 'top-left', 'B': 'top-right', 'C': 'bottom-left', 'D': 'bottom-right', 'E': 'center'}",E,E,D,bottom-right,0,0.3719620704650879
0000242_00627_d_0000003.jpg,/home/brisic03/VisDrone/VisDrone2019-DET-val/images/0000242_00627_d_0000003.jpg,presence,Which object type is visible in the drone image?,"{'A': 'truck', 'B': 'people', 'C': 'car', 'D': 'tricycle', 'E': 'van'}",D,D,E,van,0,0.3990645408630371
0000242_00627_d_0000003.jpg,/home/brisic03/VisDrone/VisDrone2019-DET-val/images/0000242_00627_d_0000003.jpg,counting,How many trucks are visible in the drone image?,"{'A': '0', 'B': '1', 'C': '2', 'D': '3', 'E': '4 or more'}",A,A,B,1,0,0.39897966384887695
0000242_00627_d_0000003.jpg,/home/brisic03/VisDrone/VisDrone2019-DET-val/images/0000242_00627_d_0000003.jpg,most_frequent,Which object type appears most often in the drone image?,"{'A': 'car', 'B': 'van', 'C': 'tricycle', 'D': 'bus', 'E': 'awning-tricycle'}",A,A,A,car,1,0.3767869472503662
0000242_00627_d_0000003.jpg,/home/brisic03/VisDrone/VisDrone2019-DET-val/images/0000242_00627_d_0000003.jpg,location,Where is the largest car located in the image?,"{'A': 'top-left', 'B': 'top-right', 'C': 'bottom-left', 'D': 'bottom-right', 'E': 'center'}",E,E,E,center,1,0.37033629417419434
0000242_00843_d_0000004.jpg,/home/brisic03/VisDrone/VisDrone2019-DET-val/images/0000242_00843_d_0000004.jpg,presence,Which object type is visible in the drone image?,"{'A': 'motor', 'B': 'awning-tricycle', 'C': 'car', 'D': 'van', 'E': 'truck'}",A,A,C,car,0,0.370194673538208
0000242_00843_d_0000004.jpg,/home/brisic03/VisDrone/VisDrone2019-DET-val/images/0000242_00843_d_0000004.jpg,counting,How many cars are visible in the drone image?,"{'A': '0', 'B': '1', 'C': '2', 'D': '3', 'E': '4 or more'}",D,D,C,2,0,0.36294984817504883
0000242_00843_d_0000004.jpg,/home/brisic03/VisDrone/VisDrone2019-DET-val/images/0000242_00843_d_0000004.jpg,most_frequent,Which object type appears most often in the drone image?,"{'A': 'truck', 'B': 'tricycle', 'C': 'car', 'D': 'motor', 'E': 'van'}",C,C,C,car,1,0.35677289962768555
0000242_00843_d_0000004.jpg,/home/brisic03/VisDrone/VisDrone2019-DET-val/images/0000242_00843_d_0000004.jpg,location,Where is the largest car located in the image?,"{'A': 'top-left', 'B': 'top-right', 'C': 'bottom-left', 'D': 'bottom-right', 'E': 'center'}",A,A,A,top-left,1,0.35488200187683105
0000242_00963_d_0000005.jpg,/home/brisic03/VisDrone/VisDrone2019-DET-val/images/0000242_00963_d_0000005.jpg,presence,Which object type is visible in the drone image?,"{'A': 'pedestrian', 'B': 'bicycle', 'C': 'awning-tricycle', 'D': 'motor', 'E': 'truck'}",C,C,A,pedestrian,0,0.35312700271606445
0000242_00963_d_0000005.jpg,/home/brisic03/VisDrone/VisDrone2019-DET-val/images/0000242_00963_d_0000005.jpg,counting,How many pedestrians are visible in the drone image?,"{'A': '0', 'B': '1', 'C': '2', 'D': '3', 'E': '4 or more'}",A,A,B,1,0,0.35292863845825195
0000242_00963_d_0000005.jpg,/home/brisic03/VisDrone/VisDrone2019-DET-val/images/0000242_00963_d_0000005.jpg,most_frequent,Which object type appears most often in the drone image?,"{'A': 'tricycle', 'B': 'pedestrian', 'C': 'truck', 'D': 'bus', 'E': 'car'}",E,E,E,car,1,0.3616673946380615
0000242_00963_d_0000005.jpg,/home/brisic03/VisDrone/VisDrone2019-DET-val/images/0000242_00963_d_0000005.jpg,location,Where is the largest truck located in the image?,"{'A': 'top-left', 'B': 'top-right', 'C': 'bottom-left', 'D': 'bottom-right', 'E': 'center'}",C,C,E,center,0,0.36867737770080566
0000242_01139_d_0000006.jpg,/home/brisic03/VisDrone/VisDrone2019-DET-val/images/0000242_01139_d_0000006.jpg,presence,Which object type is visible in the drone image?,"{'A': 'bicycle', 'B': 'tricycle', 'C': 'awning-tricycle', 'D': 'motor', 'E': 'truck'}",C,C,B,tricycle,0,0.3613765239715576
0000242_01139_d_0000006.jpg,/home/brisic03/VisDrone/VisDrone2019-DET-val/images/0000242_01139_d_0000006.jpg,counting,How many motors are visible in the drone image?,"{'A': '0', 'B': '1', 'C': '2', 'D': '3', 'E': '4 or more'}",E,E,C,2,0,0.3560612201690674
0000242_01139_d_0000006.jpg,/home/brisic03/VisDrone/VisDrone2019-DET-val/images/0000242_01139_d_0000006.jpg,most_frequent,Which object type appears most often in the drone image?,"{'A': 'tricycle', 'B': 'people', 'C': 'car', 'D': 'motor', 'E': 'bicycle'}",C,C,C,car,1,0.35311388969421387
0000242_01139_d_0000006.jpg,/home/brisic03/VisDrone/VisDrone2019-DET-val/images/0000242_01139_d_0000006.jpg,location,Where is the largest tricycle located in the image?,"{'A': 'top-left', 'B': 'top-right', 'C': 'bottom-left', 'D': 'bottom-right', 'E': 'center'}",E,E,C,bottom-left,0,0.3531975746154785
0000242_01475_d_0000007.jpg,/home/brisic03/VisDrone/VisDrone2019-DET-val/images/0000242_01475_d_0000007.jpg,presence,Which object type is visible in the drone image?,"{'A': 'bus', 'B': 'awning-tricycle', 'C': 'van', 'D': 'tricycle', 'E': 'truck'}",D,D,D,tricycle,1,0.35358214378356934
0000242_01475_d_0000007.jpg,/home/brisic03/VisDrone/VisDrone2019-DET-val/images/0000242_01475_d_0000007.jpg,counting,How many tricycles are visible in the drone image?,"{'A': '0', 'B': '1', 'C': '2', 'D': '3', 'E': '4 or more'}",D,D,B,1,0,0.35511326789855957
0000242_01475_d_0000007.jpg,/home/brisic03/VisDrone/VisDrone2019-DET-val/images/0000242_01475_d_0000007.jpg,most_frequent,Which object type appears most often in the drone image?,"{'A': 'bicycle', 'B': 'bus', 'C': 'pedestrian', 'D': 'truck', 'E': 'car'}",E,E,E,car,1,0.35428476333618164
0000242_01475_d_0000007.jpg,/home/brisic03/VisDrone/VisDrone2019-DET-val/images/0000242_01475_d_0000007.jpg,location,Where is the largest truck located in the image?,"{'A': 'top-left', 'B': 'top-right', 'C': 'bottom-left', 'D': 'bottom-right', 'E': 'center'}",D,D,D,bottom-right,1,0.3663506507873535
0000242_01912_d_0000008.jpg,/home/brisic03/VisDrone/VisDrone2019-DET-val/images/0000242_01912_d_0000008.jpg,presence,Which object type is visible in the drone image?,"{'A': 'tricycle', 'B': 'car', 'C': 'people', 'D': 'van', 'E': 'bicycle'}",A,A,B,car,0,0.37180352210998535
0000242_01912_d_0000008.jpg,/home/brisic03/VisDrone/VisDrone2019-DET-val/images/0000242_01912_d_0000008.jpg,counting,How many cars are visible in the drone image?,"{'A': '0', 'B': '1', 'C': '2', 'D': '3', 'E': '4 or more'}",E,E,E,4 or more,1,0.36966490745544434
0000242_01912_d_0000008.jpg,/home/brisic03/VisDrone/VisDrone2019-DET-val/images/0000242_01912_d_0000008.jpg,most_frequent,Which object type appears most often in the drone image?,"{'A': 'pedestrian', 'B': 'tricycle', 'C': 'car', 'D': 'van', 'E': 'motor'}",C,C,C,car,1,0.3668487071990967
0000242_01912_d_0000008.jpg,/home/brisic03/VisDrone/VisDrone2019-DET-val/images/0000242_01912_d_0000008.jpg,location,Where is the largest car located in the image?,"{'A': 'top-left', 'B': 'top-right', 'C': 'bottom-left', 'D': 'bottom-right', 'E': 'center'}",E,E,E,center,1,0.36133718490600586
0000242_02400_d_0000009.jpg,/home/brisic03/VisDrone/VisDrone2019-DET-val/images/0000242_02400_d_0000009.jpg,presence,Which object type is visible in the drone image?,"{'A': 'people', 'B': 'pedestrian', 'C': 'awning-tricycle', 'D': 'motor', 'E': 'truck'}",A,A,D,motor,0,0.35611653327941895
0000242_02400_d_0000009.jpg,/home/brisic03/VisDrone/VisDrone2019-DET-val/images/0000242_02400_d_0000009.jpg,counting,How many motors are visible in the drone image?,"{'A': '0', 'B': '1', 'C': '2', 'D': '3', 'E': '4 or more'}",E,E,B,1,0,0.35431528091430664
0000242_02400_d_0000009.jpg,/home/brisic03/VisDrone/VisDrone2019-DET-val/images/0000242_02400_d_0000009.jpg,most_frequent,Which object type appears most often in the drone image?,"{'A': 'car', 'B': 'bus', 'C': 'people', 'D': 'truck', 'E': 'van'}",A,A,A,car,1,0.3511040210723877
0000242_02400_d_0000009.jpg,/home/brisic03/VisDrone/VisDrone2019-DET-val/images/0000242_02400_d_0000009.jpg,location,Where is the largest van located in the image?,"{'A': 'top-left', 'B': 'top-right', 'C': 'bottom-left', 'D': 'bottom-right', 'E': 'center'}",C,C,C,bottom-left,1,0.3527810573577881
0000242_02762_d_0000010.jpg,/home/brisic03/VisDrone/VisDrone2019-DET-val/images/0000242_02762_d_0000010.jpg,presence,Which object type is visible in the drone image?,"{'A': 'pedestrian', 'B': 'car', 'C': 'bus', 'D': 'bicycle', 'E': 'van'}",A,A,A,pedestrian,1,0.3568747043609619
0000242_02762_d_0000010.jpg,/home/brisic03/VisDrone/VisDrone2019-DET-val/images/0000242_02762_d_0000010.jpg,counting,How many cars are visible in the drone image?,"{'A': '0', 'B': '1', 'C': '2', 'D': '3', 'E': '4 or more'}",E,E,E,4 or more,1,0.3579216003417969
0000242_02762_d_0000010.jpg,/home/brisic03/VisDrone/VisDrone2019-DET-val/images/0000242_02762_d_0000010.jpg,most_frequent,Which object type appears most often in the drone image?,"{'A': 'awning-tricycle', 'B': 'tricycle', 'C': 'car', 'D': 'van', 'E': 'people'}",C,C,C,car,1,0.3538229465484619
0000242_02762_d_0000010.jpg,/home/brisic03/VisDrone/VisDrone2019-DET-val/images/0000242_02762_d_0000010.jpg,location,Where is the largest car located in the image?,"{'A': 'top-left', 'B': 'top-right', 'C': 'bottom-left', 'D': 'bottom-right', 'E': 'center'}",A,A,E,center,0,0.35416555404663086
0000242_03199_d_0000011.jpg,/home/brisic03/VisDrone/VisDrone2019-DET-val/images/0000242_03199_d_0000011.jpg,presence,Which object type is visible in the drone image?,"{'A': 'awning-tricycle', 'B': 'car', 'C': 'van', 'D': 'truck', 'E': 'tricycle'}",B,B,B,car,1,0.35219454765319824
0000242_03199_d_0000011.jpg,/home/brisic03/VisDrone/VisDrone2019-DET-val/images/0000242_03199_d_0000011.jpg,counting,How many cars are visible in the drone image?,"{'A': '0', 'B': '1', 'C': '2', 'D': '3', 'E': '4 or more'}",E,E,D,3,0,0.37630581855773926
0000242_03199_d_0000011.jpg,/home/brisic03/VisDrone/VisDrone2019-DET-val/images/0000242_03199_d_0000011.jpg,most_frequent,Which object type appears most often in the drone image?,"{'A': 'people', 'B': 'car', 'C': 'bus', 'D': 'pedestrian', 'E': 'bicycle'}",B,B,B,car,1,0.3996098041534424
0000242_03199_d_0000011.jpg,/home/brisic03/VisDrone/VisDrone2019-DET-val/images/0000242_03199_d_0000011.jpg,location,Where is the largest car located in the image?,"{'A': 'top-left', 'B': 'top-right', 'C': 'bottom-left', 'D': 'bottom-right', 'E': 'center'}",E,E,C,bottom-left,0,0.39769792556762695
0000242_03668_d_0000012.jpg,/home/brisic03/VisDrone/VisDrone2019-DET-val/images/0000242_03668_d_0000012.jpg,presence,Which object type is visible in the drone image?,"{'A': 'awning-tricycle', 'B': 'truck', 'C': 'bus', 'D': 'bicycle', 'E': 'car'}",A,A,A,awning-tricycle,1,0.3868401050567627
0000242_03668_d_0000012.jpg,/home/brisic03/VisDrone/VisDrone2019-DET-val/images/0000242_03668_d_0000012.jpg,counting,How many vans are visible in the drone image?,"{'A': '0', 'B': '1', 'C': '2', 'D': '3', 'E': '4 or more'}",D,D,B,1,0,0.3952445983886719
0000242_03668_d_0000012.jpg,/home/brisic03/VisDrone/VisDrone2019-DET-val/images/0000242_03668_d_0000012.jpg,most_frequent,Which object type appears most often in the drone image?,"{'A': 'car', 'B': 'bicycle', 'C': 'awning-tricycle', 'D': 'truck', 'E': 'bus'}",A,A,A,car,1,0.38375186920166016
0000242_03668_d_0000012.jpg,/home/brisic03/VisDrone/VisDrone2019-DET-val/images/0000242_03668_d_0000012.jpg,location,Where is the largest bus located in the image?,"{'A': 'top-left', 'B': 'top-right', 'C': 'bottom-left', 'D': 'bottom-right', 'E': 'center'}",A,A,D,bottom-right,0,0.37319350242614746
0000242_04116_d_0000013.jpg,/home/brisic03/VisDrone/VisDrone2019-DET-val/images/0000242_04116_d_0000013.jpg,presence,Which object type is visible in the drone image?,"{'A': 'bus', 'B': 'pedestrian', 'C': 'van', 'D': 'awning-tricycle', 'E': 'motor'}",A,A,D,awning-tricycle,0,0.3679466247558594
0000242_04116_d_0000013.jpg,/home/brisic03/VisDrone/VisDrone2019-DET-val/images/0000242_04116_d_0000013.jpg,counting,How many awning-tricycles are visible in the drone image?,"{'A': '0', 'B': '1', 'C': '2', 'D': '3', 'E': '4 or more'}",D,D,B,1,0,0.36814093589782715
0000242_04116_d_0000013.jpg,/home/brisic03/VisDrone/VisDrone2019-DET-val/images/0000242_04116_d_0000013.jpg,most_frequent,Which object type appears most often in the drone image?,"{'A': 'car', 'B': 'tricycle', 'C': 'awning-tricycle', 'D': 'motor', 'E': 'bus'}",B,B,A,car,0,0.3604614734649658
0000242_04116_d_0000013.jpg,/home/brisic03/VisDrone/VisDrone2019-DET-val/images/0000242_04116_d_0000013.jpg,location,Where is the largest car located in the image?,"{'A': 'top-left', 'B': 'top-right', 'C': 'bottom-left', 'D': 'bottom-right', 'E': 'center'}",E,E,E,center,1,0.3575725555419922
0000242_04600_d_0000014.jpg,/home/brisic03/VisDrone/VisDrone2019-DET-val/images/0000242_04600_d_0000014.jpg,presence,Which object type is visible in the drone image?,"{'A': 'motor', 'B': 'awning-tricycle', 'C': 'people', 'D': 'truck', 'E': 'tricycle'}",E,E,E,tricycle,1,0.35338854789733887
0000242_04600_d_0000014.jpg,/home/brisic03/VisDrone/VisDrone2019-DET-val/images/0000242_04600_d_0000014.jpg,counting,How many awning-tricycles are visible in the drone image?,"{'A': '0', 'B': '1', 'C': '2', 'D': '3', 'E': '4 or more'}",D,D,B,1,0,0.3531656265258789
0000242_04600_d_0000014.jpg,/home/brisic03/VisDrone/VisDrone2019-DET-val/images/0000242_04600_d_0000014.jpg,most_frequent,Which object type appears most often in the drone image?,"{'A': 'car', 'B': 'bicycle', 'C': 'bus', 'D': 'van', 'E': 'people'}",A,A,A,car,1,0.3504626750946045
0000242_04600_d_0000014.jpg,/home/brisic03/VisDrone/VisDrone2019-DET-val/images/0000242_04600_d_0000014.jpg,location,Where is the largest car located in the image?,"{'A': 'top-left', 'B': 'top-right', 'C': 'bottom-left', 'D': 'bottom-right', 'E': 'center'}",E,E,C,bottom-left,0,0.3545961380004883
0000242_05059_d_0000015.jpg,/home/brisic03/VisDrone/VisDrone2019-DET-val/images/0000242_05059_d_0000015.jpg,presence,Which object type is visible in the drone image?,"{'A': 'car', 'B': 'awning-tricycle', 'C': 'truck', 'D': 'tricycle', 'E': 'people'}",D,D,A,car,0,0.3538689613342285
0000242_05059_d_0000015.jpg,/home/brisic03/VisDrone/VisDrone2019-DET-val/images/0000242_05059_d_0000015.jpg,counting,How many motors are visible in the drone image?,"{'A': '0', 'B': '1', 'C': '2', 'D': '3', 'E': '4 or more'}",A,A,C,2,0,0.35425567626953125
0000242_05059_d_0000015.jpg,/home/brisic03/VisDrone/VisDrone2019-DET-val/images/0000242_05059_d_0000015.jpg,most_frequent,Which object type appears most often in the drone image?,"{'A': 'awning-tricycle', 'B': 'car', 'C': 'pedestrian', 'D': 'motor', 'E': 'truck'}",B,B,B,car,1,0.36640024185180664
0000242_05059_d_0000015.jpg,/home/brisic03/VisDrone/VisDrone2019-DET-val/images/0000242_05059_d_0000015.jpg,location,Where is the largest car located in the image?,"{'A': 'top-left', 'B': 'top-right', 'C': 'bottom-left', 'D': 'bottom-right', 'E': 'center'}",B,B,E,center,0,0.374819278717041
0000242_05570_d_0000016.jpg,/home/brisic03/VisDrone/VisDrone2019-DET-val/images/0000242_05570_d_0000016.jpg,presence,Which object type is visible in the drone image?,"{'A': 'bicycle', 'B': 'awning-tricycle', 'C': 'tricycle', 'D': 'truck', 'E': 'motor'}",A,A,B,awning-tricycle,0,0.3692362308502197
0000242_05570_d_0000016.jpg,/home/brisic03/VisDrone/VisDrone2019-DET-val/images/0000242_05570_d_0000016.jpg,counting,How many cars are visible in the drone image?,"{'A': '0', 'B': '1', 'C': '2', 'D': '3', 'E': '4 or more'}",A,A,E,4 or more,0,0.3654804229736328
0000242_05570_d_0000016.jpg,/home/brisic03/VisDrone/VisDrone2019-DET-val/images/0000242_05570_d_0000016.jpg,most_frequent,Which object type appears most often in the drone image?,"{'A': 'pedestrian', 'B': 'people', 'C': 'tricycle', 'D': 'car', 'E': 'awning-tricycle'}",D,D,D,car,1,0.3608243465423584
0000242_05570_d_0000016.jpg,/home/brisic03/VisDrone/VisDrone2019-DET-val/images/0000242_05570_d_0000016.jpg,location,Where is the largest car located in the image?,"{'A': 'top-left', 'B': 'top-right', 'C': 'bottom-left', 'D': 'bottom-right', 'E': 'center'}",E,E,E,center,1,0.35601043701171875
0000242_06010_d_0000017.jpg,/home/brisic03/VisDrone/VisDrone2019-DET-val/images/0000242_06010_d_0000017.jpg,presence,Which object type is visible in the drone image?,"{'A': 'van', 'B': 'motor', 'C': 'people', 'D': 'truck', 'E': 'awning-tricycle'}",B,B,D,truck,0,0.3527529239654541
0000242_06010_d_0000017.jpg,/home/brisic03/VisDrone/VisDrone2019-DET-val/images/0000242_06010_d_0000017.jpg,counting,How many cars are visible in the drone image?,"{'A': '0', 'B': '1', 'C': '2', 'D': '3', 'E': '4 or more'}",D,D,C,2,0,0.3518385887145996
0000242_06010_d_0000017.jpg,/home/brisic03/VisDrone/VisDrone2019-DET-val/images/0000242_06010_d_0000017.jpg,most_frequent,Which object type appears most often in the drone image?,"{'A': 'truck', 'B': 'bicycle', 'C': 'people', 'D': 'car', 'E': 'tricycle'}",D,D,D,car,1,0.35216617584228516
0000242_06010_d_0000017.jpg,/home/brisic03/VisDrone/VisDrone2019-DET-val/images/0000242_06010_d_0000017.jpg,location,Where is the largest truck located in the image?,"{'A': 'top-left', 'B': 'top-right', 'C': 'bottom-left', 'D': 'bottom-right', 'E': 'center'}",B,B,E,center,0,0.3632316589355469
0000242_06452_d_0000018.jpg,/home/brisic03/VisDrone/VisDrone2019-DET-val/images/0000242_06452_d_0000018.jpg,presence,Which object type is visible in the drone image?,"{'A': 'tricycle', 'B': 'van', 'C': 'bus', 'D': 'awning-tricycle', 'E': 'motor'}",A,A,C,bus,0,0.36945152282714844
0000242_06452_d_0000018.jpg,/home/brisic03/VisDrone/VisDrone2019-DET-val/images/0000242_06452_d_0000018.jpg,counting,How many buss are visible in the drone image?,"{'A': '0', 'B': '1', 'C': '2', 'D': '3', 'E': '4 or more'}",A,A,B,1,0,0.36213254928588867
0000242_06452_d_0000018.jpg,/home/brisic03/VisDrone/VisDrone2019-DET-val/images/0000242_06452_d_0000018.jpg,location,Where is the largest car located in the image?,"{'A': 'top-left', 'B': 'top-right', 'C': 'bottom-left', 'D': 'bottom-right', 'E': 'center'}",A,A,E,center,0,0.3566453456878662
0000244_00001_d_0000001.jpg,/home/brisic03/VisDrone/VisDrone2019-DET-val/images/0000244_00001_d_0000001.jpg,presence,Which object type is visible in the drone image?,"{'A': 'bicycle', 'B': 'motor', 'C': 'car', 'D': 'people', 'E': 'pedestrian'}",C,C,B,motor,0,0.3569653034210205
0000244_00001_d_0000001.jpg,/home/brisic03/VisDrone/VisDrone2019-DET-val/images/0000244_00001_d_0000001.jpg,counting,How many vans are visible in the drone image?,"{'A': '0', 'B': '1', 'C': '2', 'D': '3', 'E': '4 or more'}",E,E,B,1,0,0.35371994972229004
0000244_00001_d_0000001.jpg,/home/brisic03/VisDrone/VisDrone2019-DET-val/images/0000244_00001_d_0000001.jpg,most_frequent,Which object type appears most often in the drone image?,"{'A': 'bus', 'B': 'bicycle', 'C': 'car', 'D': 'van', 'E': 'truck'}",C,C,C,car,1,0.3550093173980713
0000244_00001_d_0000001.jpg,/home/brisic03/VisDrone/VisDrone2019-DET-val/images/0000244_00001_d_0000001.jpg,location,Where is the largest tricycle located in the image?,"{'A': 'top-left', 'B': 'top-right', 'C': 'bottom-left', 'D': 'bottom-right', 'E': 'center'}",E,E,D,bottom-right,0,0.3553466796875
0000244_00500_d_0000002.jpg,/home/brisic03/VisDrone/VisDrone2019-DET-val/images/0000244_00500_d_0000002.jpg,presence,Which object type is visible in the drone image?,"{'A': 'people', 'B': 'van', 'C': 'bicycle', 'D': 'pedestrian', 'E': 'car'}",E,E,E,car,1,0.35384249687194824
0000244_00500_d_0000002.jpg,/home/brisic03/VisDrone/VisDrone2019-DET-val/images/0000244_00500_d_0000002.jpg,counting,How many awning-tricycles are visible in the drone image?,"{'A': '0', 'B': '1', 'C': '2', 'D': '3', 'E': '4 or more'}",A,A,E,4 or more,0,0.35813093185424805
0000244_00500_d_0000002.jpg,/home/brisic03/VisDrone/VisDrone2019-DET-val/images/0000244_00500_d_0000002.jpg,most_frequent,Which object type appears most often in the drone image?,"{'A': 'truck', 'B': 'motor', 'C': 'car', 'D': 'awning-tricycle', 'E': 'people'}",C,C,D,awning-tricycle,0,0.3578634262084961
0000244_00500_d_0000002.jpg,/home/brisic03/VisDrone/VisDrone2019-DET-val/images/0000244_00500_d_0000002.jpg,location,Where is the largest car located in the image?,"{'A': 'top-left', 'B': 'top-right', 'C': 'bottom-left', 'D': 'bottom-right', 'E': 'center'}",E,E,C,bottom-left,0,0.35447192192077637
0000244_01000_d_0000003.jpg,/home/brisic03/VisDrone/VisDrone2019-DET-val/images/0000244_01000_d_0000003.jpg,presence,Which object type is visible in the drone image?,"{'A': 'car', 'B': 'truck', 'C': 'pedestrian', 'D': 'bus', 'E': 'bicycle'}",A,A,D,bus,0,0.3535165786743164
0000244_01000_d_0000003.jpg,/home/brisic03/VisDrone/VisDrone2019-DET-val/images/0000244_01000_d_0000003.jpg,counting,How many cars are visible in the drone image?,"{'A': '0', 'B': '1', 'C': '2', 'D': '3', 'E': '4 or more'}",E,E,E,4 or more,1,0.3548712730407715
0000244_01000_d_0000003.jpg,/home/brisic03/VisDrone/VisDrone2019-DET-val/images/0000244_01000_d_0000003.jpg,most_frequent,Which object type appears most often in the drone image?,"{'A': 'bicycle', 'B': 'motor', 'C': 'car', 'D': 'pedestrian', 'E': 'tricycle'}",C,C,C,car,1,0.3542020320892334
0000244_01000_d_0000003.jpg,/home/brisic03/VisDrone/VisDrone2019-DET-val/images/0000244_01000_d_0000003.jpg,location,Where is the largest car located in the image?,"{'A': 'top-left', 'B': 'top-right', 'C': 'bottom-left', 'D': 'bottom-right', 'E': 'center'}",E,E,E,center,1,0.35353541374206543
0000244_01500_d_0000004.jpg,/home/brisic03/VisDrone/VisDrone2019-DET-val/images/0000244_01500_d_0000004.jpg,presence,Which object type is visible in the drone image?,"{'A': 'van', 'B': 'car', 'C': 'awning-tricycle', 'D': 'tricycle', 'E': 'bicycle'}",D,D,D,tricycle,1,0.3540501594543457
0000244_01500_d_0000004.jpg,/home/brisic03/VisDrone/VisDrone2019-DET-val/images/0000244_01500_d_0000004.jpg,counting,How many buss are visible in the drone image?,"{'A': '0', 'B': '1', 'C': '2', 'D': '3', 'E': '4 or more'}",D,D,B,1,0,0.3566436767578125
0000244_01500_d_0000004.jpg,/home/brisic03/VisDrone/VisDrone2019-DET-val/images/0000244_01500_d_0000004.jpg,most_frequent,Which object type appears most often in the drone image?,"{'A': 'pedestrian', 'B': 'bus', 'C': 'awning-tricycle', 'D': 'bicycle', 'E': 'tricycle'}",B,B,E,tricycle,0,0.3523132801055908
0000244_01500_d_0000004.jpg,/home/brisic03/VisDrone/VisDrone2019-DET-val/images/0000244_01500_d_0000004.jpg,location,Where is the largest truck located in the image?,"{'A': 'top-left', 'B': 'top-right', 'C': 'bottom-left', 'D': 'bottom-right', 'E': 'center'}",E,E,D,bottom-right,0,0.3524966239929199
0000244_02000_d_0000005.jpg,/home/brisic03/VisDrone/VisDrone2019-DET-val/images/0000244_02000_d_0000005.jpg,presence,Which object type is visible in the drone image?,"{'A': 'van', 'B': 'bicycle', 'C': 'awning-tricycle', 'D': 'truck', 'E': 'people'}",C,C,A,van,0,0.35340189933776855
0000244_02000_d_0000005.jpg,/home/brisic03/VisDrone/VisDrone2019-DET-val/images/0000244_02000_d_0000005.jpg,counting,How many vans are visible in the drone image?,"{'A': '0', 'B': '1', 'C': '2', 'D': '3', 'E': '4 or more'}",D,D,E,4 or more,0,0.3573756217956543
0000244_02000_d_0000005.jpg,/home/brisic03/VisDrone/VisDrone2019-DET-val/images/0000244_02000_d_0000005.jpg,most_frequent,Which object type appears most often in the drone image?,"{'A': 'car', 'B': 'pedestrian', 'C': 'van', 'D': 'tricycle', 'E': 'motor'}",A,A,A,car,1,0.3588144779205322
0000244_02000_d_0000005.jpg,/home/brisic03/VisDrone/VisDrone2019-DET-val/images/0000244_02000_d_0000005.jpg,location,Where is the largest van located in the image?,"{'A': 'top-left', 'B': 'top-right', 'C': 'bottom-left', 'D': 'bottom-right', 'E': 'center'}",E,E,C,bottom-left,0,0.3553893566131592
0000244_02500_d_0000006.jpg,/home/brisic03/VisDrone/VisDrone2019-DET-val/images/0000244_02500_d_0000006.jpg,presence,Which object type is visible in the drone image?,"{'A': 'tricycle', 'B': 'motor', 'C': 'car', 'D': 'van', 'E': 'awning-tricycle'}",A,A,A,tricycle,1,0.3534989356994629
0000244_02500_d_0000006.jpg,/home/brisic03/VisDrone/VisDrone2019-DET-val/images/0000244_02500_d_0000006.jpg,counting,How many vans are visible in the drone image?,"{'A': '0', 'B': '1', 'C': '2', 'D': '3', 'E': '4 or more'}",E,E,E,4 or more,1,0.35221195220947266
0000244_02500_d_0000006.jpg,/home/brisic03/VisDrone/VisDrone2019-DET-val/images/0000244_02500_d_0000006.jpg,most_frequent,Which object type appears most often in the drone image?,"{'A': 'bicycle', 'B': 'bus', 'C': 'car', 'D': 'van', 'E': 'motor'}",C,C,C,car,1,0.37164735794067383
0000244_02500_d_0000006.jpg,/home/brisic03/VisDrone/VisDrone2019-DET-val/images/0000244_02500_d_0000006.jpg,location,Where is the largest van located in the image?,"{'A': 'top-left', 'B': 'top-right', 'C': 'bottom-left', 'D': 'bottom-right', 'E': 'center'}",C,C,C,bottom-left,1,0.39703869819641113
0000244_03000_d_0000007.jpg,/home/brisic03/VisDrone/VisDrone2019-DET-val/images/0000244_03000_d_0000007.jpg,presence,Which object type is visible in the drone image?,"{'A': 'car', 'B': 'bicycle', 'C': 'bus', 'D': 'awning-tricycle', 'E': 'people'}",A,A,D,awning-tricycle,0,0.3879237174987793
0000244_03000_d_0000007.jpg,/home/brisic03/VisDrone/VisDrone2019-DET-val/images/0000244_03000_d_0000007.jpg,counting,How many buss are visible in the drone image?,"{'A': '0', 'B': '1', 'C': '2', 'D': '3', 'E': '4 or more'}",D,D,B,1,0,0.3756284713745117
0000244_03000_d_0000007.jpg,/home/brisic03/VisDrone/VisDrone2019-DET-val/images/0000244_03000_d_0000007.jpg,most_frequent,Which object type appears most often in the drone image?,"{'A': 'bicycle', 'B': 'car', 'C': 'bus', 'D': 'van', 'E': 'pedestrian'}",B,B,B,car,1,0.37987351417541504
0000244_03000_d_0000007.jpg,/home/brisic03/VisDrone/VisDrone2019-DET-val/images/0000244_03000_d_0000007.jpg,location,Where is the largest car located in the image?,"{'A': 'top-left', 'B': 'top-right', 'C': 'bottom-left', 'D': 'bottom-right', 'E': 'center'}",E,E,E,center,1,0.3684694766998291
0000244_03500_d_0000008.jpg,/home/brisic03/VisDrone/VisDrone2019-DET-val/images/0000244_03500_d_0000008.jpg,presence,Which object type is visible in the drone image?,"{'A': 'car', 'B': 'awning-tricycle', 'C': 'tricycle', 'D': 'van', 'E': 'pedestrian'}",C,C,B,awning-tricycle,0,0.36066555976867676
0000244_03500_d_0000008.jpg,/home/brisic03/VisDrone/VisDrone2019-DET-val/images/0000244_03500_d_0000008.jpg,counting,How many awning-tricycles are visible in the drone image?,"{'A': '0', 'B': '1', 'C': '2', 'D': '3', 'E': '4 or more'}",D,D,C,2,0,0.3561398983001709
0000244_03500_d_0000008.jpg,/home/brisic03/VisDrone/VisDrone2019-DET-val/images/0000244_03500_d_0000008.jpg,most_frequent,Which object type appears most often in the drone image?,"{'A': 'pedestrian', 'B': 'people', 'C': 'tricycle', 'D': 'car', 'E': 'bicycle'}",D,D,D,car,1,0.35283565521240234
0000244_03500_d_0000008.jpg,/home/brisic03/VisDrone/VisDrone2019-DET-val/images/0000244_03500_d_0000008.jpg,location,Where is the largest truck located in the image?,"{'A': 'top-left', 'B': 'top-right', 'C': 'bottom-left', 'D': 'bottom-right', 'E': 'center'}",B,B,D,bottom-right,0,0.3524165153503418
0000244_04000_d_0000009.jpg,/home/brisic03/VisDrone/VisDrone2019-DET-val/images/0000244_04000_d_0000009.jpg,presence,Which object type is visible in the drone image?,"{'A': 'car', 'B': 'van', 'C': 'people', 'D': 'bicycle', 'E': 'bus'}",A,A,A,car,1,0.3533055782318115
0000244_04000_d_0000009.jpg,/home/brisic03/VisDrone/VisDrone2019-DET-val/images/0000244_04000_d_0000009.jpg,counting,How many motors are visible in the drone image?,"{'A': '0', 'B': '1', 'C': '2', 'D': '3', 'E': '4 or more'}",E,E,B,1,0,0.3728771209716797
0000244_04000_d_0000009.jpg,/home/brisic03/VisDrone/VisDrone2019-DET-val/images/0000244_04000_d_0000009.jpg,most_frequent,Which object type appears most often in the drone image?,"{'A': 'bus', 'B': 'bicycle', 'C': 'car', 'D': 'truck', 'E': 'motor'}",C,C,C,car,1,0.3888528347015381
0000244_04000_d_0000009.jpg,/home/brisic03/VisDrone/VisDrone2019-DET-val/images/0000244_04000_d_0000009.jpg,location,Where is the largest truck located in the image?,"{'A': 'top-left', 'B': 'top-right', 'C': 'bottom-left', 'D': 'bottom-right', 'E': 'center'}",E,E,D,bottom-right,0,0.3747422695159912
0000244_04400_d_0000010.jpg,/home/brisic03/VisDrone/VisDrone2019-DET-val/images/0000244_04400_d_0000010.jpg,presence,Which object type is visible in the drone image?,"{'A': 'motor', 'B': 'truck', 'C': 'car', 'D': 'people', 'E': 'van'}",D,D,E,van,0,0.37494969367980957
0000244_04400_d_0000010.jpg,/home/brisic03/VisDrone/VisDrone2019-DET-val/images/0000244_04400_d_0000010.jpg,counting,How many trucks are visible in the drone image?,"{'A': '0', 'B': '1', 'C': '2', 'D': '3', 'E': '4 or more'}",E,E,E,4 or more,1,0.3711879253387451
0000244_04400_d_0000010.jpg,/home/brisic03/VisDrone/VisDrone2019-DET-val/images/0000244_04400_d_0000010.jpg,most_frequent,Which object type appears most often in the drone image?,"{'A': 'car', 'B': 'pedestrian', 'C': 'van', 'D': 'bicycle', 'E': 'awning-tricycle'}",A,A,A,car,1,0.3614518642425537
0000244_04400_d_0000010.jpg,/home/brisic03/VisDrone/VisDrone2019-DET-val/images/0000244_04400_d_0000010.jpg,location,Where is the largest truck located in the image?,"{'A': 'top-left', 'B': 'top-right', 'C': 'bottom-left', 'D': 'bottom-right', 'E': 'center'}",A,A,C,bottom-left,0,0.35552477836608887
0000244_04900_d_0000011.jpg,/home/brisic03/VisDrone/VisDrone2019-DET-val/images/0000244_04900_d_0000011.jpg,presence,Which object type is visible in the drone image?,"{'A': 'bicycle', 'B': 'tricycle', 'C': 'people', 'D': 'car', 'E': 'bus'}",D,D,B,tricycle,0,0.3527369499206543
0000244_04900_d_0000011.jpg,/home/brisic03/VisDrone/VisDrone2019-DET-val/images/0000244_04900_d_0000011.jpg,counting,How many trucks are visible in the drone image?,"{'A': '0', 'B': '1', 'C': '2', 'D': '3', 'E': '4 or more'}",E,E,E,4 or more,1,0.35332322120666504
0000244_04900_d_0000011.jpg,/home/brisic03/VisDrone/VisDrone2019-DET-val/images/0000244_04900_d_0000011.jpg,most_frequent,Which object type appears most often in the drone image?,"{'A': 'bicycle', 'B': 'motor', 'C': 'people', 'D': 'car', 'E': 'tricycle'}",D,D,D,car,1,0.3523521423339844
0000244_04900_d_0000011.jpg,/home/brisic03/VisDrone/VisDrone2019-DET-val/images/0000244_04900_d_0000011.jpg,location,Where is the largest truck located in the image?,"{'A': 'top-left', 'B': 'top-right', 'C': 'bottom-left', 'D': 'bottom-right', 'E': 'center'}",B,B,D,bottom-right,0,0.36651611328125
0000244_05400_d_0000012.jpg,/home/brisic03/VisDrone/VisDrone2019-DET-val/images/0000244_05400_d_0000012.jpg,presence,Which object type is visible in the drone image?,"{'A': 'truck', 'B': 'van', 'C': 'pedestrian', 'D': 'people', 'E': 'tricycle'}",D,D,A,truck,0,0.3719758987426758
0000244_05400_d_0000012.jpg,/home/brisic03/VisDrone/VisDrone2019-DET-val/images/0000244_05400_d_0000012.jpg,counting,How many tricycles are visible in the drone image?,"{'A': '0', 'B': '1', 'C': '2', 'D': '3', 'E': '4 or more'}",D,D,C,2,0,0.3637537956237793
0000244_05400_d_0000012.jpg,/home/brisic03/VisDrone/VisDrone2019-DET-val/images/0000244_05400_d_0000012.jpg,most_frequent,Which object type appears most often in the drone image?,"{'A': 'car', 'B': 'bus', 'C': 'tricycle', 'D': 'bicycle', 'E': 'pedestrian'}",A,A,A,car,1,0.35639309883117676
0000244_05400_d_0000012.jpg,/home/brisic03/VisDrone/VisDrone2019-DET-val/images/0000244_05400_d_0000012.jpg,location,Where is the largest truck located in the image?,"{'A': 'top-left', 'B': 'top-right', 'C': 'bottom-left', 'D': 'bottom-right', 'E': 'center'}",C,C,C,bottom-left,1,0.35431385040283203
0000244_05900_d_0000013.jpg,/home/brisic03/VisDrone/VisDrone2019-DET-val/images/0000244_05900_d_0000013.jpg,presence,Which object type is visible in the drone image?,"{'A': 'pedestrian', 'B': 'bus', 'C': 'motor', 'D': 'truck', 'E': 'bicycle'}",B,B,D,truck,0,0.35857391357421875
0000244_05900_d_0000013.jpg,/home/brisic03/VisDrone/VisDrone2019-DET-val/images/0000244_05900_d_0000013.jpg,counting,How many cars are visible in the drone image?,"{'A': '0', 'B': '1', 'C': '2', 'D': '3', 'E': '4 or more'}",E,E,E,4 or more,1,0.37215209007263184
0000244_05900_d_0000013.jpg,/home/brisic03/VisDrone/VisDrone2019-DET-val/images/0000244_05900_d_0000013.jpg,most_frequent,Which object type appears most often in the drone image?,"{'A': 'bus', 'B': 'van', 'C': 'car', 'D': 'people', 'E': 'truck'}",C,C,C,car,1,0.3525114059448242
0000244_05900_d_0000013.jpg,/home/brisic03/VisDrone/VisDrone2019-DET-val/images/0000244_05900_d_0000013.jpg,location,Where is the largest truck located in the image?,"{'A': 'top-left', 'B': 'top-right', 'C': 'bottom-left', 'D': 'bottom-right', 'E': 'center'}",A,A,E,center,0,0.3533339500427246
0000244_06388_d_0000014.jpg,/home/brisic03/VisDrone/VisDrone2019-DET-val/images/0000244_06388_d_0000014.jpg,presence,Which object type is visible in the drone image?,"{'A': 'people', 'B': 'car', 'C': 'awning-tricycle', 'D': 'tricycle', 'E': 'truck'}",D,D,B,car,0,0.3532993793487549
0000244_06388_d_0000014.jpg,/home/brisic03/VisDrone/VisDrone2019-DET-val/images/0000244_06388_d_0000014.jpg,counting,How many cars are visible in the drone image?,"{'A': '0', 'B': '1', 'C': '2', 'D': '3', 'E': '4 or more'}",E,E,B,1,0,0.3533143997192383
0000244_06388_d_0000014.jpg,/home/brisic03/VisDrone/VisDrone2019-DET-val/images/0000244_06388_d_0000014.jpg,location,Where is the largest car located in the image?,"{'A': 'top-left', 'B': 'top-right', 'C': 'bottom-left', 'D': 'bottom-right', 'E': 'center'}",E,E,E,center,1,0.35261988639831543
0000249_00001_d_0000001.jpg,/home/brisic03/VisDrone/VisDrone2019-DET-val/images/0000249_00001_d_0000001.jpg,presence,Which object type is visible in the drone image?,"{'A': 'bicycle', 'B': 'van', 'C': 'motor', 'D': 'people', 'E': 'car'}",A,A,B,van,0,0.352679967880249
0000249_00001_d_0000001.jpg,/home/brisic03/VisDrone/VisDrone2019-DET-val/images/0000249_00001_d_0000001.jpg,counting,How many awning-tricycles are visible in the drone image?,"{'A': '0', 'B': '1', 'C': '2', 'D': '3', 'E': '4 or more'}",A,A,B,1,0,0.35845947265625
0000249_00001_d_0000001.jpg,/home/brisic03/VisDrone/VisDrone2019-DET-val/images/0000249_00001_d_0000001.jpg,most_frequent,Which object type appears most often in the drone image?,"{'A': 'tricycle', 'B': 'bicycle', 'C': 'awning-tricycle', 'D': 'car', 'E': 'bus'}",D,D,D,car,1,0.36090707778930664
0000249_00001_d_0000001.jpg,/home/brisic03/VisDrone/VisDrone2019-DET-val/images/0000249_00001_d_0000001.jpg,location,Where is the largest car located in the image?,"{'A': 'top-left', 'B': 'top-right', 'C': 'bottom-left', 'D': 'bottom-right', 'E': 'center'}",E,E,C,bottom-left,0,0.35735154151916504
0000249_00235_d_0000002.jpg,/home/brisic03/VisDrone/VisDrone2019-DET-val/images/0000249_00235_d_0000002.jpg,presence,Which object type is visible in the drone image?,"{'A': 'awning-tricycle', 'B': 'tricycle', 'C': 'people', 'D': 'van', 'E': 'car'}",B,B,E,car,0,0.35285353660583496
0000249_00235_d_0000002.jpg,/home/brisic03/VisDrone/VisDrone2019-DET-val/images/0000249_00235_d_0000002.jpg,counting,How many cars are visible in the drone image?,"{'A': '0', 'B': '1', 'C': '2', 'D': '3', 'E': '4 or more'}",E,E,E,4 or more,1,0.3519465923309326
0000249_00235_d_0000002.jpg,/home/brisic03/VisDrone/VisDrone2019-DET-val/images/0000249_00235_d_0000002.jpg,most_frequent,Which object type appears most often in the drone image?,"{'A': 'car', 'B': 'truck', 'C': 'awning-tricycle', 'D': 'van', 'E': 'people'}",A,A,A,car,1,0.36791348457336426
0000249_00235_d_0000002.jpg,/home/brisic03/VisDrone/VisDrone2019-DET-val/images/0000249_00235_d_0000002.jpg,location,Where is the largest truck located in the image?,"{'A': 'top-left', 'B': 'top-right', 'C': 'bottom-left', 'D': 'bottom-right', 'E': 'center'}",E,E,C,bottom-left,0,0.3930988311767578
0000249_00603_d_0000003.jpg,/home/brisic03/VisDrone/VisDrone2019-DET-val/images/0000249_00603_d_0000003.jpg,presence,Which object type is visible in the drone image?,"{'A': 'truck', 'B': 'van', 'C': 'bus', 'D': 'awning-tricycle', 'E': 'pedestrian'}",D,D,B,van,0,0.3785247802734375
0000249_00603_d_0000003.jpg,/home/brisic03/VisDrone/VisDrone2019-DET-val/images/0000249_00603_d_0000003.jpg,counting,How many vans are visible in the drone image?,"{'A': '0', 'B': '1', 'C': '2', 'D': '3', 'E': '4 or more'}",D,D,D,3,1,0.3642582893371582
0000249_00603_d_0000003.jpg,/home/brisic03/VisDrone/VisDrone2019-DET-val/images/0000249_00603_d_0000003.jpg,most_frequent,Which object type appears most often in the drone image?,"{'A': 'awning-tricycle', 'B': 'van', 'C': 'bicycle', 'D': 'car', 'E': 'pedestrian'}",D,D,D,car,1,0.3642239570617676
0000249_00603_d_0000003.jpg,/home/brisic03/VisDrone/VisDrone2019-DET-val/images/0000249_00603_d_0000003.jpg,location,Where is the largest van located in the image?,"{'A': 'top-left', 'B': 'top-right', 'C': 'bottom-left', 'D': 'bottom-right', 'E': 'center'}",E,E,E,center,1,0.3653230667114258
0000249_01100_d_0000004.jpg,/home/brisic03/VisDrone/VisDrone2019-DET-val/images/0000249_01100_d_0000004.jpg,presence,Which object type is visible in the drone image?,"{'A': 'awning-tricycle', 'B': 'motor', 'C': 'bus', 'D': 'people', 'E': 'bicycle'}",A,A,B,motor,0,0.3608241081237793
0000249_01100_d_0000004.jpg,/home/brisic03/VisDrone/VisDrone2019-DET-val/images/0000249_01100_d_0000004.jpg,counting,How many cars are visible in the drone image?,"{'A': '0', 'B': '1', 'C': '2', 'D': '3', 'E': '4 or more'}",E,E,E,4 or more,1,0.357485294342041
0000249_01100_d_0000004.jpg,/home/brisic03/VisDrone/VisDrone2019-DET-val/images/0000249_01100_d_0000004.jpg,most_frequent,Which object type appears most often in the drone image?,"{'A': 'truck', 'B': 'motor', 'C': 'van', 'D': 'awning-tricycle', 'E': 'car'}",E,E,E,car,1,0.3536856174468994
0000249_01100_d_0000004.jpg,/home/brisic03/VisDrone/VisDrone2019-DET-val/images/0000249_01100_d_0000004.jpg,location,Where is the largest car located in the image?,"{'A': 'top-left', 'B': 'top-right', 'C': 'bottom-left', 'D': 'bottom-right', 'E': 'center'}",E,E,E,center,1,0.3524744510650635
0000249_01514_d_0000005.jpg,/home/brisic03/VisDrone/VisDrone2019-DET-val/images/0000249_01514_d_0000005.jpg,presence,Which object type is visible in the drone image?,"{'A': 'truck', 'B': 'bus', 'C': 'awning-tricycle', 'D': 'people', 'E': 'car'}",C,C,E,car,0,0.3666565418243408
0000249_01514_d_0000005.jpg,/home/brisic03/VisDrone/VisDrone2019-DET-val/images/0000249_01514_d_0000005.jpg,counting,How many trucks are visible in the drone image?,"{'A': '0', 'B': '1', 'C': '2', 'D': '3', 'E': '4 or more'}",D,D,B,1,0,0.38494157791137695
0000249_01514_d_0000005.jpg,/home/brisic03/VisDrone/VisDrone2019-DET-val/images/0000249_01514_d_0000005.jpg,most_frequent,Which object type appears most often in the drone image?,"{'A': 'bicycle', 'B': 'motor', 'C': 'pedestrian', 'D': 'car', 'E': 'people'}",D,D,D,car,1,0.3680105209350586
0000249_01514_d_0000005.jpg,/home/brisic03/VisDrone/VisDrone2019-DET-val/images/0000249_01514_d_0000005.jpg,location,Where is the largest car located in the image?,"{'A': 'top-left', 'B': 'top-right', 'C': 'bottom-left', 'D': 'bottom-right', 'E': 'center'}",E,E,E,center,1,0.360715389251709
0000249_01635_d_0000006.jpg,/home/brisic03/VisDrone/VisDrone2019-DET-val/images/0000249_01635_d_0000006.jpg,presence,Which object type is visible in the drone image?,"{'A': 'motor', 'B': 'truck', 'C': 'car', 'D': 'van', 'E': 'awning-tricycle'}",A,A,D,van,0,0.3547365665435791
0000249_01635_d_0000006.jpg,/home/brisic03/VisDrone/VisDrone2019-DET-val/images/0000249_01635_d_0000006.jpg,counting,How many tricycles are visible in the drone image?,"{'A': '0', 'B': '1', 'C': '2', 'D': '3', 'E': '4 or more'}",D,D,B,1,0,0.35457563400268555
0000249_01635_d_0000006.jpg,/home/brisic03/VisDrone/VisDrone2019-DET-val/images/0000249_01635_d_0000006.jpg,most_frequent,Which object type appears most often in the drone image?,"{'A': 'bicycle', 'B': 'car', 'C': 'bus', 'D': 'motor', 'E': 'tricycle'}",B,B,B,car,1,0.3562958240509033
0000249_01635_d_0000006.jpg,/home/brisic03/VisDrone/VisDrone2019-DET-val/images/0000249_01635_d_0000006.jpg,location,Where is the largest car located in the image?,"{'A': 'top-left', 'B': 'top-right', 'C': 'bottom-left', 'D': 'bottom-right', 'E': 'center'}",E,E,D,bottom-right,0,0.3561990261077881
0000249_02073_d_0000007.jpg,/home/brisic03/VisDrone/VisDrone2019-DET-val/images/0000249_02073_d_0000007.jpg,presence,Which object type is visible in the drone image?,"{'A': 'motor', 'B': 'truck', 'C': 'bicycle', 'D': 'car', 'E': 'bus'}",D,D,B,truck,0,0.353595495223999
0000249_02073_d_0000007.jpg,/home/brisic03/VisDrone/VisDrone2019-DET-val/images/0000249_02073_d_0000007.jpg,counting,How many trucks are visible in the drone image?,"{'A': '0', 'B': '1', 'C': '2', 'D': '3', 'E': '4 or more'}",D,D,B,1,0,0.35401058197021484
0000249_02073_d_0000007.jpg,/home/brisic03/VisDrone/VisDrone2019-DET-val/images/0000249_02073_d_0000007.jpg,most_frequent,Which object type appears most often in the drone image?,"{'A': 'awning-tricycle', 'B': 'pedestrian', 'C': 'car', 'D': 'bicycle', 'E': 'bus'}",C,C,C,car,1,0.353909969329834
0000249_02073_d_0000007.jpg,/home/brisic03/VisDrone/VisDrone2019-DET-val/images/0000249_02073_d_0000007.jpg,location,Where is the largest truck located in the image?,"{'A': 'top-left', 'B': 'top-right', 'C': 'bottom-left', 'D': 'bottom-right', 'E': 'center'}",E,E,C,bottom-left,0,0.3523993492126465
0000249_02468_d_0000008.jpg,/home/brisic03/VisDrone/VisDrone2019-DET-val/images/0000249_02468_d_0000008.jpg,presence,Which object type is visible in the drone image?,"{'A': 'bicycle', 'B': 'people', 'C': 'van', 'D': 'car', 'E': 'awning-tricycle'}",D,D,D,car,1,0.35276079177856445
0000249_02468_d_0000008.jpg,/home/brisic03/VisDrone/VisDrone2019-DET-val/images/0000249_02468_d_0000008.jpg,counting,How many tricycles are visible in the drone image?,"{'A': '0', 'B': '1', 'C': '2', 'D': '3', 'E': '4 or more'}",D,D,B,1,0,0.35389137268066406
0000249_02468_d_0000008.jpg,/home/brisic03/VisDrone/VisDrone2019-DET-val/images/0000249_02468_d_0000008.jpg,most_frequent,Which object type appears most often in the drone image?,"{'A': 'car', 'B': 'truck', 'C': 'pedestrian', 'D': 'van', 'E': 'bus'}",A,A,A,car,1,0.37165164947509766
0000249_02468_d_0000008.jpg,/home/brisic03/VisDrone/VisDrone2019-DET-val/images/0000249_02468_d_0000008.jpg,location,Where is the largest car located in the image?,"{'A': 'top-left', 'B': 'top-right', 'C': 'bottom-left', 'D': 'bottom-right', 'E': 'center'}",E,E,C,bottom-left,0,0.39100098609924316
0000249_02900_d_0000009.jpg,/home/brisic03/VisDrone/VisDrone2019-DET-val/images/0000249_02900_d_0000009.jpg,presence,Which object type is visible in the drone image?,"{'A': 'car', 'B': 'people', 'C': 'truck', 'D': 'pedestrian', 'E': 'tricycle'}",D,D,E,tricycle,0,0.3761909008026123
0000249_02900_d_0000009.jpg,/home/brisic03/VisDrone/VisDrone2019-DET-val/images/0000249_02900_d_0000009.jpg,counting,How many vans are visible in the drone image?,"{'A': '0', 'B': '1', 'C': '2', 'D': '3', 'E': '4 or more'}",D,D,B,1,0,0.36592864990234375
0000249_02900_d_0000009.jpg,/home/brisic03/VisDrone/VisDrone2019-DET-val/images/0000249_02900_d_0000009.jpg,most_frequent,Which object type appears most often in the drone image?,"{'A': 'car', 'B': 'tricycle', 'C': 'pedestrian', 'D': 'van', 'E': 'bus'}",A,A,A,car,1,0.37013792991638184
0000249_02900_d_0000009.jpg,/home/brisic03/VisDrone/VisDrone2019-DET-val/images/0000249_02900_d_0000009.jpg,location,Where is the largest truck located in the image?,"{'A': 'top-left', 'B': 'top-right', 'C': 'bottom-left', 'D': 'bottom-right', 'E': 'center'}",A,A,C,bottom-left,0,0.3629589080810547
0000249_03400_d_0000010.jpg,/home/brisic03/VisDrone/VisDrone2019-DET-val/images/0000249_03400_d_0000010.jpg,presence,Which object type is visible in the drone image?,"{'A': 'motor', 'B': 'awning-tricycle', 'C': 'bus', 'D': 'pedestrian', 'E': 'van'}",B,B,D,pedestrian,0,0.35884571075439453
0000249_03400_d_0000010.jpg,/home/brisic03/VisDrone/VisDrone2019-DET-val/images/0000249_03400_d_0000010.jpg,counting,How many cars are visible in the drone image?,"{'A': '0', 'B': '1', 'C': '2', 'D': '3', 'E': '4 or more'}",E,E,E,4 or more,1,0.3561747074127197
0000249_03400_d_0000010.jpg,/home/brisic03/VisDrone/VisDrone2019-DET-val/images/0000249_03400_d_0000010.jpg,most_frequent,Which object type appears most often in the drone image?,"{'A': 'van', 'B': 'people', 'C': 'bicycle', 'D': 'bus', 'E': 'car'}",E,E,E,car,1,0.3518683910369873
0000249_03400_d_0000010.jpg,/home/brisic03/VisDrone/VisDrone2019-DET-val/images/0000249_03400_d_0000010.jpg,location,Where is the largest car located in the image?,"{'A': 'top-left', 'B': 'top-right', 'C': 'bottom-left', 'D': 'bottom-right', 'E': 'center'}",E,E,C,bottom-left,0,0.3530550003051758
0000249_03900_d_0000011.jpg,/home/brisic03/VisDrone/VisDrone2019-DET-val/images/0000249_03900_d_0000011.jpg,presence,Which object type is visible in the drone image?,"{'A': 'motor', 'B': 'truck', 'C': 'bus', 'D': 'pedestrian', 'E': 'car'}",A,A,B,truck,0,0.3613917827606201
0000249_03900_d_0000011.jpg,/home/brisic03/VisDrone/VisDrone2019-DET-val/images/0000249_03900_d_0000011.jpg,counting,How many trucks are visible in the drone image?,"{'A': '0', 'B': '1', 'C': '2', 'D': '3', 'E': '4 or more'}",D,D,C,2,0,0.37358522415161133
0000249_03900_d_0000011.jpg,/home/brisic03/VisDrone/VisDrone2019-DET-val/images/0000249_03900_d_0000011.jpg,most_frequent,Which object type appears most often in the drone image?,"{'A': 'truck', 'B': 'pedestrian', 'C': 'bus', 'D': 'car', 'E': 'awning-tricycle'}",D,D,D,car,1,0.36674022674560547
0000249_03900_d_0000011.jpg,/home/brisic03/VisDrone/VisDrone2019-DET-val/images/0000249_03900_d_0000011.jpg,location,Where is the largest car located in the image?,"{'A': 'top-left', 'B': 'top-right', 'C': 'bottom-left', 'D': 'bottom-right', 'E': 'center'}",E,E,D,bottom-right,0,0.35840821266174316
0000253_00001_d_0000001.jpg,/home/brisic03/VisDrone/VisDrone2019-DET-val/images/0000253_00001_d_0000001.jpg,presence,Which object type is visible in the drone image?,"{'A': 'car', 'B': 'bus', 'C': 'awning-tricycle', 'D': 'truck', 'E': 'tricycle'}",E,E,B,bus,0,0.35506272315979004
0000253_00001_d_0000001.jpg,/home/brisic03/VisDrone/VisDrone2019-DET-val/images/0000253_00001_d_0000001.jpg,counting,How many buss are visible in the drone image?,"{'A': '0', 'B': '1', 'C': '2', 'D': '3', 'E': '4 or more'}",E,E,B,1,0,0.3541593551635742
0000253_00001_d_0000001.jpg,/home/brisic03/VisDrone/VisDrone2019-DET-val/images/0000253_00001_d_0000001.jpg,most_frequent,Which object type appears most often in the drone image?,"{'A': 'pedestrian', 'B': 'bus', 'C': 'awning-tricycle', 'D': 'tricycle', 'E': 'car'}",E,E,B,bus,0,0.3585691452026367
0000253_00001_d_0000001.jpg,/home/brisic03/VisDrone/VisDrone2019-DET-val/images/0000253_00001_d_0000001.jpg,location,Where is the largest bus located in the image?,"{'A': 'top-left', 'B': 'top-right', 'C': 'bottom-left', 'D': 'bottom-right', 'E': 'center'}",E,E,E,center,1,0.3561849594116211
0000256_00715_d_0000019.jpg,/home/brisic03/VisDrone/VisDrone2019-DET-val/images/0000256_00715_d_0000019.jpg,presence,Which object type is visible in the drone image?,"{'A': 'pedestrian', 'B': 'bicycle', 'C': 'tricycle', 'D': 'car', 'E': 'bus'}",E,E,D,car,0,0.3711695671081543
0000256_00715_d_0000019.jpg,/home/brisic03/VisDrone/VisDrone2019-DET-val/images/0000256_00715_d_0000019.jpg,counting,How many buss are visible in the drone image?,"{'A': '0', 'B': '1', 'C': '2', 'D': '3', 'E': '4 or more'}",C,C,D,3,0,0.36692094802856445
0000256_00715_d_0000019.jpg,/home/brisic03/VisDrone/VisDrone2019-DET-val/images/0000256_00715_d_0000019.jpg,most_frequent,Which object type appears most often in the drone image?,"{'A': 'people', 'B': 'car', 'C': 'awning-tricycle', 'D': 'tricycle', 'E': 'bus'}",D,D,B,car,0,0.3647496700286865
0000256_00715_d_0000019.jpg,/home/brisic03/VisDrone/VisDrone2019-DET-val/images/0000256_00715_d_0000019.jpg,location,Where is the largest truck located in the image?,"{'A': 'top-left', 'B': 'top-right', 'C': 'bottom-left', 'D': 'bottom-right', 'E': 'center'}",A,A,C,bottom-left,0,0.36746954917907715
0000256_02173_d_0000030.jpg,/home/brisic03/VisDrone/VisDrone2019-DET-val/images/0000256_02173_d_0000030.jpg,presence,Which object type is visible in the drone image?,"{'A': 'truck', 'B': 'people', 'C': 'motor', 'D': 'bicycle', 'E': 'van'}",A,A,A,truck,1,0.3655271530151367
0000256_02173_d_0000030.jpg,/home/brisic03/VisDrone/VisDrone2019-DET-val/images/0000256_02173_d_0000030.jpg,counting,How many cars are visible in the drone image?,"{'A': '0', 'B': '1', 'C': '2', 'D': '3', 'E': '4 or more'}",A,A,E,4 or more,0,0.3658716678619385
0000256_02173_d_0000030.jpg,/home/brisic03/VisDrone/VisDrone2019-DET-val/images/0000256_02173_d_0000030.jpg,most_frequent,Which object type appears most often in the drone image?,"{'A': 'bus', 'B': 'bicycle', 'C': 'truck', 'D': 'motor', 'E': 'awning-tricycle'}",C,C,C,truck,1,0.36565542221069336
0000256_02173_d_0000030.jpg,/home/brisic03/VisDrone/VisDrone2019-DET-val/images/0000256_02173_d_0000030.jpg,location,Where is the largest car located in the image?,"{'A': 'top-left', 'B': 'top-right', 'C': 'bottom-left', 'D': 'bottom-right', 'E': 'center'}",A,A,E,center,0,0.36864733695983887
0000263_02401_d_0000179.jpg,/home/brisic03/VisDrone/VisDrone2019-DET-val/images/0000263_02401_d_0000179.jpg,presence,Which object type is visible in the drone image?,"{'A': 'car', 'B': 'van', 'C': 'people', 'D': 'motor', 'E': 'tricycle'}",A,A,B,van,0,0.3818686008453369
0000263_02401_d_0000179.jpg,/home/brisic03/VisDrone/VisDrone2019-DET-val/images/0000263_02401_d_0000179.jpg,counting,How many cars are visible in the drone image?,"{'A': '0', 'B': '1', 'C': '2', 'D': '3', 'E': '4 or more'}",E,E,E,4 or more,1,0.3662137985229492
0000263_02401_d_0000179.jpg,/home/brisic03/VisDrone/VisDrone2019-DET-val/images/0000263_02401_d_0000179.jpg,most_frequent,Which object type appears most often in the drone image?,"{'A': 'tricycle', 'B': 'van', 'C': 'bus', 'D': 'car', 'E': 'pedestrian'}",D,D,D,car,1,0.3667137622833252
0000263_02401_d_0000179.jpg,/home/brisic03/VisDrone/VisDrone2019-DET-val/images/0000263_02401_d_0000179.jpg,location,Where is the largest van located in the image?,"{'A': 'top-left', 'B': 'top-right', 'C': 'bottom-left', 'D': 'bottom-right', 'E': 'center'}",B,B,E,center,0,0.3662395477294922
0000269_00001_d_0000348.jpg,/home/brisic03/VisDrone/VisDrone2019-DET-val/images/0000269_00001_d_0000348.jpg,presence,Which object type is visible in the drone image?,"{'A': 'car', 'B': 'van', 'C': 'motor', 'D': 'awning-tricycle', 'E': 'tricycle'}",A,A,B,van,0,0.3672316074371338
0000269_00001_d_0000348.jpg,/home/brisic03/VisDrone/VisDrone2019-DET-val/images/0000269_00001_d_0000348.jpg,counting,How many tricycles are visible in the drone image?,"{'A': '0', 'B': '1', 'C': '2', 'D': '3', 'E': '4 or more'}",D,D,B,1,0,0.36702990531921387
0000269_00001_d_0000348.jpg,/home/brisic03/VisDrone/VisDrone2019-DET-val/images/0000269_00001_d_0000348.jpg,most_frequent,Which object type appears most often in the drone image?,"{'A': 'truck', 'B': 'car', 'C': 'tricycle', 'D': 'bicycle', 'E': 'awning-tricycle'}",B,B,B,car,1,0.37700772285461426
0000269_00001_d_0000348.jpg,/home/brisic03/VisDrone/VisDrone2019-DET-val/images/0000269_00001_d_0000348.jpg,location,Where is the largest car located in the image?,"{'A': 'top-left', 'B': 'top-right', 'C': 'bottom-left', 'D': 'bottom-right', 'E': 'center'}",E,E,C,bottom-left,0,0.3684861660003662
0000269_00201_d_0000349.jpg,/home/brisic03/VisDrone/VisDrone2019-DET-val/images/0000269_00201_d_0000349.jpg,presence,Which object type is visible in the drone image?,"{'A': 'truck', 'B': 'pedestrian', 'C': 'van', 'D': 'people', 'E': 'tricycle'}",D,D,C,van,0,0.3677024841308594
0000269_00201_d_0000349.jpg,/home/brisic03/VisDrone/VisDrone2019-DET-val/images/0000269_00201_d_0000349.jpg,counting,How many vans are visible in the drone image?,"{'A': '0', 'B': '1', 'C': '2', 'D': '3', 'E': '4 or more'}",E,E,B,1,0,0.3662843704223633
0000269_00201_d_0000349.jpg,/home/brisic03/VisDrone/VisDrone2019-DET-val/images/0000269_00201_d_0000349.jpg,most_frequent,Which object type appears most often in the drone image?,"{'A': 'van', 'B': 'bus', 'C': 'tricycle', 'D': 'car', 'E': 'truck'}",D,D,D,car,1,0.3651905059814453
0000269_00201_d_0000349.jpg,/home/brisic03/VisDrone/VisDrone2019-DET-val/images/0000269_00201_d_0000349.jpg,location,Where is the largest car located in the image?,"{'A': 'top-left', 'B': 'top-right', 'C': 'bottom-left', 'D': 'bottom-right', 'E': 'center'}",E,E,E,center,1,0.3658108711242676
0000269_00601_d_0000351.jpg,/home/brisic03/VisDrone/VisDrone2019-DET-val/images/0000269_00601_d_0000351.jpg,presence,Which object type is visible in the drone image?,"{'A': 'tricycle', 'B': 'motor', 'C': 'bus', 'D': 'van', 'E': 'bicycle'}",A,A,A,tricycle,1,0.37790632247924805
0000269_00601_d_0000351.jpg,/home/brisic03/VisDrone/VisDrone2019-DET-val/images/0000269_00601_d_0000351.jpg,counting,How many motors are visible in the drone image?,"{'A': '0', 'B': '1', 'C': '2', 'D': '3', 'E': '4 or more'}",E,E,B,1,0,0.3935401439666748
0000269_00601_d_0000351.jpg,/home/brisic03/VisDrone/VisDrone2019-DET-val/images/0000269_00601_d_0000351.jpg,most_frequent,Which object type appears most often in the drone image?,"{'A': 'car', 'B': 'pedestrian', 'C': 'tricycle', 'D': 'people', 'E': 'bicycle'}",A,A,A,car,1,0.38216519355773926
0000269_00601_d_0000351.jpg,/home/brisic03/VisDrone/VisDrone2019-DET-val/images/0000269_00601_d_0000351.jpg,location,Where is the largest car located in the image?,"{'A': 'top-left', 'B': 'top-right', 'C': 'bottom-left', 'D': 'bottom-right', 'E': 'center'}",E,E,D,bottom-right,0,0.3820536136627197
0000271_00001_d_0000374.jpg,/home/brisic03/VisDrone/VisDrone2019-DET-val/images/0000271_00001_d_0000374.jpg,presence,Which object type is visible in the drone image?,"{'A': 'motor', 'B': 'truck', 'C': 'van', 'D': 'pedestrian', 'E': 'awning-tricycle'}",A,A,B,truck,0,0.37555909156799316
0000271_00001_d_0000374.jpg,/home/brisic03/VisDrone/VisDrone2019-DET-val/images/0000271_00001_d_0000374.jpg,counting,How many awning-tricycles are visible in the drone image?,"{'A': '0', 'B': '1', 'C': '2', 'D': '3', 'E': '4 or more'}",D,D,B,1,0,0.37212443351745605
0000271_00001_d_0000374.jpg,/home/brisic03/VisDrone/VisDrone2019-DET-val/images/0000271_00001_d_0000374.jpg,location,Where is the largest van located in the image?,"{'A': 'top-left', 'B': 'top-right', 'C': 'bottom-left', 'D': 'bottom-right', 'E': 'center'}",E,E,E,center,1,0.36688971519470215
0000271_00201_d_0000375.jpg,/home/brisic03/VisDrone/VisDrone2019-DET-val/images/0000271_00201_d_0000375.jpg,presence,Which object type is visible in the drone image?,"{'A': 'van', 'B': 'truck', 'C': 'motor', 'D': 'tricycle', 'E': 'bicycle'}",D,D,B,truck,0,0.36638522148132324
0000271_00201_d_0000375.jpg,/home/brisic03/VisDrone/VisDrone2019-DET-val/images/0000271_00201_d_0000375.jpg,counting,How many awning-tricycles are visible in the drone image?,"{'A': '0', 'B': '1', 'C': '2', 'D': '3', 'E': '4 or more'}",D,D,D,3,1,0.37384819984436035
0000271_00201_d_0000375.jpg,/home/brisic03/VisDrone/VisDrone2019-DET-val/images/0000271_00201_d_0000375.jpg,most_frequent,Which object type appears most often in the drone image?,"{'A': 'pedestrian', 'B': 'car', 'C': 'bicycle', 'D': 'van', 'E': 'people'}",B,B,B,car,1,0.37366437911987305
0000271_00201_d_0000375.jpg,/home/brisic03/VisDrone/VisDrone2019-DET-val/images/0000271_00201_d_0000375.jpg,location,Where is the largest car located in the image?,"{'A': 'top-left', 'B': 'top-right', 'C': 'bottom-left', 'D': 'bottom-right', 'E': 'center'}",E,E,C,bottom-left,0,0.3686842918395996
0000271_00401_d_0000376.jpg,/home/brisic03/VisDrone/VisDrone2019-DET-val/images/0000271_00401_d_0000376.jpg,presence,Which object type is visible in the drone image?,"{'A': 'car', 'B': 'bicycle', 'C': 'awning-tricycle', 'D': 'tricycle', 'E': 'truck'}",C,C,E,truck,0,0.37268829345703125
0000271_00401_d_0000376.jpg,/home/brisic03/VisDrone/VisDrone2019-DET-val/images/0000271_00401_d_0000376.jpg,counting,How many trucks are visible in the drone image?,"{'A': '0', 'B': '1', 'C': '2', 'D': '3', 'E': '4 or more'}",D,D,E,4 or more,0,0.3693666458129883
0000271_00401_d_0000376.jpg,/home/brisic03/VisDrone/VisDrone2019-DET-val/images/0000271_00401_d_0000376.jpg,most_frequent,Which object type appears most often in the drone image?,"{'A': 'bus', 'B': 'motor', 'C': 'pedestrian', 'D': 'truck', 'E': 'tricycle'}",D,D,D,truck,1,0.36565613746643066
0000271_00401_d_0000376.jpg,/home/brisic03/VisDrone/VisDrone2019-DET-val/images/0000271_00401_d_0000376.jpg,location,Where is the largest van located in the image?,"{'A': 'top-left', 'B': 'top-right', 'C': 'bottom-left', 'D': 'bottom-right', 'E': 'center'}",C,C,E,center,0,0.365405797958374
0000271_00601_d_0000377.jpg,/home/brisic03/VisDrone/VisDrone2019-DET-val/images/0000271_00601_d_0000377.jpg,presence,Which object type is visible in the drone image?,"{'A': 'car', 'B': 'van', 'C': 'people', 'D': 'bicycle', 'E': 'pedestrian'}",D,D,A,car,0,0.3808917999267578
0000271_00601_d_0000377.jpg,/home/brisic03/VisDrone/VisDrone2019-DET-val/images/0000271_00601_d_0000377.jpg,counting,How many pedestrians are visible in the drone image?,"{'A': '0', 'B': '1', 'C': '2', 'D': '3', 'E': '4 or more'}",E,E,B,1,0,0.39571142196655273
0000271_00601_d_0000377.jpg,/home/brisic03/VisDrone/VisDrone2019-DET-val/images/0000271_00601_d_0000377.jpg,most_frequent,Which object type appears most often in the drone image?,"{'A': 'bicycle', 'B': 'car', 'C': 'awning-tricycle', 'D': 'tricycle', 'E': 'motor'}",B,B,B,car,1,0.38363027572631836
0000271_00601_d_0000377.jpg,/home/brisic03/VisDrone/VisDrone2019-DET-val/images/0000271_00601_d_0000377.jpg,location,Where is the largest truck located in the image?,"{'A': 'top-left', 'B': 'top-right', 'C': 'bottom-left', 'D': 'bottom-right', 'E': 'center'}",B,B,E,center,0,0.38075900077819824
0000271_00801_d_0000378.jpg,/home/brisic03/VisDrone/VisDrone2019-DET-val/images/0000271_00801_d_0000378.jpg,presence,Which object type is visible in the drone image?,"{'A': 'car', 'B': 'bicycle', 'C': 'people', 'D': 'bus', 'E': 'pedestrian'}",A,A,B,bicycle,0,0.37340521812438965
0000271_00801_d_0000378.jpg,/home/brisic03/VisDrone/VisDrone2019-DET-val/images/0000271_00801_d_0000378.jpg,counting,How many cars are visible in the drone image?,"{'A': '0', 'B': '1', 'C': '2', 'D': '3', 'E': '4 or more'}",E,E,E,4 or more,1,0.368755578994751
0000271_00801_d_0000378.jpg,/home/brisic03/VisDrone/VisDrone2019-DET-val/images/0000271_00801_d_0000378.jpg,most_frequent,Which object type appears most often in the drone image?,"{'A': 'tricycle', 'B': 'awning-tricycle', 'C': 'bus', 'D': 'car', 'E': 'bicycle'}",D,D,D,car,1,0.36608242988586426
0000271_00801_d_0000378.jpg,/home/brisic03/VisDrone/VisDrone2019-DET-val/images/0000271_00801_d_0000378.jpg,location,Where is the largest truck located in the image?,"{'A': 'top-left', 'B': 'top-right', 'C': 'bottom-left', 'D': 'bottom-right', 'E': 'center'}",B,B,E,center,0,0.36592698097229004
0000271_01201_d_0000379.jpg,/home/brisic03/VisDrone/VisDrone2019-DET-val/images/0000271_01201_d_0000379.jpg,presence,Which object type is visible in the drone image?,"{'A': 'pedestrian', 'B': 'car', 'C': 'bus', 'D': 'awning-tricycle', 'E': 'motor'}",A,A,B,car,0,0.38180065155029297
0000271_01201_d_0000379.jpg,/home/brisic03/VisDrone/VisDrone2019-DET-val/images/0000271_01201_d_0000379.jpg,counting,How many bicycles are visible in the drone image?,"{'A': '0', 'B': '1', 'C': '2', 'D': '3', 'E': '4 or more'}",E,E,B,1,0,0.39182186126708984
0000271_01201_d_0000379.jpg,/home/brisic03/VisDrone/VisDrone2019-DET-val/images/0000271_01201_d_0000379.jpg,most_frequent,Which object type appears most often in the drone image?,"{'A': 'pedestrian', 'B': 'car', 'C': 'bus', 'D': 'van', 'E': 'motor'}",B,B,B,car,1,0.377422571182251
0000271_01201_d_0000379.jpg,/home/brisic03/VisDrone/VisDrone2019-DET-val/images/0000271_01201_d_0000379.jpg,location,Where is the largest truck located in the image?,"{'A': 'top-left', 'B': 'top-right', 'C': 'bottom-left', 'D': 'bottom-right', 'E': 'center'}",A,A,C,bottom-left,0,0.37955355644226074
0000271_01401_d_0000380.jpg,/home/brisic03/VisDrone/VisDrone2019-DET-val/images/0000271_01401_d_0000380.jpg,presence,Which object type is visible in the drone image?,"{'A': 'bus', 'B': 'people', 'C': 'tricycle', 'D': 'pedestrian', 'E': 'car'}",C,C,E,car,0,0.3708062171936035
0000271_01401_d_0000380.jpg,/home/brisic03/VisDrone/VisDrone2019-DET-val/images/0000271_01401_d_0000380.jpg,counting,How many vans are visible in the drone image?,"{'A': '0', 'B': '1', 'C': '2', 'D': '3', 'E': '4 or more'}",D,D,C,2,0,0.3668828010559082
0000271_01401_d_0000380.jpg,/home/brisic03/VisDrone/VisDrone2019-DET-val/images/0000271_01401_d_0000380.jpg,most_frequent,Which object type appears most often in the drone image?,"{'A': 'car', 'B': 'van', 'C': 'people', 'D': 'motor', 'E': 'tricycle'}",A,A,A,car,1,0.36484742164611816
0000271_01401_d_0000380.jpg,/home/brisic03/VisDrone/VisDrone2019-DET-val/images/0000271_01401_d_0000380.jpg,location,Where is the largest car located in the image?,"{'A': 'top-left', 'B': 'top-right', 'C': 'bottom-left', 'D': 'bottom-right', 'E': 'center'}",E,E,D,bottom-right,0,0.3712937831878662
0000271_01601_d_0000381.jpg,/home/brisic03/VisDrone/VisDrone2019-DET-val/images/0000271_01601_d_0000381.jpg,presence,Which object type is visible in the drone image?,"{'A': 'bus', 'B': 'car', 'C': 'people', 'D': 'awning-tricycle', 'E': 'tricycle'}",E,E,B,car,0,0.3711276054382324
0000271_01601_d_0000381.jpg,/home/brisic03/VisDrone/VisDrone2019-DET-val/images/0000271_01601_d_0000381.jpg,counting,How many cars are visible in the drone image?,"{'A': '0', 'B': '1', 'C': '2', 'D': '3', 'E': '4 or more'}",E,E,E,4 or more,1,0.3666670322418213
0000271_01601_d_0000381.jpg,/home/brisic03/VisDrone/VisDrone2019-DET-val/images/0000271_01601_d_0000381.jpg,most_frequent,Which object type appears most often in the drone image?,"{'A': 'truck', 'B': 'van', 'C': 'motor', 'D': 'car', 'E': 'awning-tricycle'}",D,D,D,car,1,0.3650665283203125
0000271_01601_d_0000381.jpg,/home/brisic03/VisDrone/VisDrone2019-DET-val/images/0000271_01601_d_0000381.jpg,location,Where is the largest car located in the image?,"{'A': 'top-left', 'B': 'top-right', 'C': 'bottom-left', 'D': 'bottom-right', 'E': 'center'}",E,E,E,center,1,0.3651735782623291
0000271_02401_d_0000385.jpg,/home/brisic03/VisDrone/VisDrone2019-DET-val/images/0000271_02401_d_0000385.jpg,presence,Which object type is visible in the drone image?,"{'A': 'van', 'B': 'tricycle', 'C': 'awning-tricycle', 'D': 'pedestrian', 'E': 'car'}",B,B,A,van,0,0.3674013614654541
0000271_02401_d_0000385.jpg,/home/brisic03/VisDrone/VisDrone2019-DET-val/images/0000271_02401_d_0000385.jpg,counting,How many motors are visible in the drone image?,"{'A': '0', 'B': '1', 'C': '2', 'D': '3', 'E': '4 or more'}",E,E,C,2,0,0.3661668300628662
0000271_02401_d_0000385.jpg,/home/brisic03/VisDrone/VisDrone2019-DET-val/images/0000271_02401_d_0000385.jpg,most_frequent,Which object type appears most often in the drone image?,"{'A': 'truck', 'B': 'pedestrian', 'C': 'car', 'D': 'people', 'E': 'bus'}",C,C,C,car,1,0.3773384094238281
0000271_02401_d_0000385.jpg,/home/brisic03/VisDrone/VisDrone2019-DET-val/images/0000271_02401_d_0000385.jpg,location,Where is the largest car located in the image?,"{'A': 'top-left', 'B': 'top-right', 'C': 'bottom-left', 'D': 'bottom-right', 'E': 'center'}",E,E,D,bottom-right,0,0.39130425453186035
0000271_02601_d_0000386.jpg,/home/brisic03/VisDrone/VisDrone2019-DET-val/images/0000271_02601_d_0000386.jpg,presence,Which object type is visible in the drone image?,"{'A': 'pedestrian', 'B': 'tricycle', 'C': 'truck', 'D': 'van', 'E': 'bicycle'}",B,B,D,van,0,0.382462739944458
0000271_02601_d_0000386.jpg,/home/brisic03/VisDrone/VisDrone2019-DET-val/images/0000271_02601_d_0000386.jpg,counting,How many trucks are visible in the drone image?,"{'A': '0', 'B': '1', 'C': '2', 'D': '3', 'E': '4 or more'}",E,E,E,4 or more,1,0.3729562759399414
0000271_02601_d_0000386.jpg,/home/brisic03/VisDrone/VisDrone2019-DET-val/images/0000271_02601_d_0000386.jpg,most_frequent,Which object type appears most often in the drone image?,"{'A': 'people', 'B': 'truck', 'C': 'pedestrian', 'D': 'car', 'E': 'bus'}",D,D,D,car,1,0.37265849113464355
0000271_02601_d_0000386.jpg,/home/brisic03/VisDrone/VisDrone2019-DET-val/images/0000271_02601_d_0000386.jpg,location,Where is the largest car located in the image?,"{'A': 'top-left', 'B': 'top-right', 'C': 'bottom-left', 'D': 'bottom-right', 'E': 'center'}",E,E,C,bottom-left,0,0.3732717037200928
0000271_03001_d_0000387.jpg,/home/brisic03/VisDrone/VisDrone2019-DET-val/images/0000271_03001_d_0000387.jpg,presence,Which object type is visible in the drone image?,"{'A': 'car', 'B': 'bicycle', 'C': 'bus', 'D': 'awning-tricycle', 'E': 'people'}",D,D,A,car,0,0.3682429790496826
0000271_03001_d_0000387.jpg,/home/brisic03/VisDrone/VisDrone2019-DET-val/images/0000271_03001_d_0000387.jpg,counting,How many vans are visible in the drone image?,"{'A': '0', 'B': '1', 'C': '2', 'D': '3', 'E': '4 or more'}",D,D,B,1,0,0.365358829498291
0000271_03001_d_0000387.jpg,/home/brisic03/VisDrone/VisDrone2019-DET-val/images/0000271_03001_d_0000387.jpg,most_frequent,Which object type appears most often in the drone image?,"{'A': 'car', 'B': 'tricycle', 'C': 'van', 'D': 'people', 'E': 'bus'}",A,A,A,car,1,0.364060640335083
0000271_03001_d_0000387.jpg,/home/brisic03/VisDrone/VisDrone2019-DET-val/images/0000271_03001_d_0000387.jpg,location,Where is the largest car located in the image?,"{'A': 'top-left', 'B': 'top-right', 'C': 'bottom-left', 'D': 'bottom-right', 'E': 'center'}",E,E,C,bottom-left,0,0.3675718307495117
0000271_03801_d_0000391.jpg,/home/brisic03/VisDrone/VisDrone2019-DET-val/images/0000271_03801_d_0000391.jpg,presence,Which object type is visible in the drone image?,"{'A': 'truck', 'B': 'awning-tricycle', 'C': 'motor', 'D': 'bus', 'E': 'pedestrian'}",B,B,C,motor,0,0.3675854206085205
0000271_03801_d_0000391.jpg,/home/brisic03/VisDrone/VisDrone2019-DET-val/images/0000271_03801_d_0000391.jpg,counting,How many vans are visible in the drone image?,"{'A': '0', 'B': '1', 'C': '2', 'D': '3', 'E': '4 or more'}",D,D,C,2,0,0.36525464057922363
0000271_03801_d_0000391.jpg,/home/brisic03/VisDrone/VisDrone2019-DET-val/images/0000271_03801_d_0000391.jpg,most_frequent,Which object type appears most often in the drone image?,"{'A': 'car', 'B': 'truck', 'C': 'pedestrian', 'D': 'bus', 'E': 'people'}",A,A,A,car,1,0.3646550178527832
0000271_03801_d_0000391.jpg,/home/brisic03/VisDrone/VisDrone2019-DET-val/images/0000271_03801_d_0000391.jpg,location,Where is the largest car located in the image?,"{'A': 'top-left', 'B': 'top-right', 'C': 'bottom-left', 'D': 'bottom-right', 'E': 'center'}",A,A,C,bottom-left,0,0.36855220794677734
0000271_04401_d_0000394.jpg,/home/brisic03/VisDrone/VisDrone2019-DET-val/images/0000271_04401_d_0000394.jpg,presence,Which object type is visible in the drone image?,"{'A': 'car', 'B': 'bus', 'C': 'van', 'D': 'truck', 'E': 'tricycle'}",E,E,E,tricycle,1,0.37278008460998535
0000271_04401_d_0000394.jpg,/home/brisic03/VisDrone/VisDrone2019-DET-val/images/0000271_04401_d_0000394.jpg,counting,How many trucks are visible in the drone image?,"{'A': '0', 'B': '1', 'C': '2', 'D': '3', 'E': '4 or more'}",E,E,E,4 or more,1,0.3695645332336426
0000271_04401_d_0000394.jpg,/home/brisic03/VisDrone/VisDrone2019-DET-val/images/0000271_04401_d_0000394.jpg,most_frequent,Which object type appears most often in the drone image?,"{'A': 'bicycle', 'B': 'tricycle', 'C': 'bus', 'D': 'awning-tricycle', 'E': 'car'}",E,E,E,car,1,0.3667747974395752
0000271_04401_d_0000394.jpg,/home/brisic03/VisDrone/VisDrone2019-DET-val/images/0000271_04401_d_0000394.jpg,location,Where is the largest tricycle located in the image?,"{'A': 'top-left', 'B': 'top-right', 'C': 'bottom-left', 'D': 'bottom-right', 'E': 'center'}",E,E,C,bottom-left,0,0.36541104316711426
0000271_04801_d_0000396.jpg,/home/brisic03/VisDrone/VisDrone2019-DET-val/images/0000271_04801_d_0000396.jpg,presence,Which object type is visible in the drone image?,"{'A': 'bus', 'B': 'pedestrian', 'C': 'van', 'D': 'car', 'E': 'tricycle'}",D,D,C,van,0,0.3658616542816162
0000271_04801_d_0000396.jpg,/home/brisic03/VisDrone/VisDrone2019-DET-val/images/0000271_04801_d_0000396.jpg,counting,How many motors are visible in the drone image?,"{'A': '0', 'B': '1', 'C': '2', 'D': '3', 'E': '4 or more'}",E,E,B,1,0,0.3728044033050537
0000271_04801_d_0000396.jpg,/home/brisic03/VisDrone/VisDrone2019-DET-val/images/0000271_04801_d_0000396.jpg,most_frequent,Which object type appears most often in the drone image?,"{'A': 'car', 'B': 'truck', 'C': 'people', 'D': 'bicycle', 'E': 'pedestrian'}",A,A,A,car,1,0.37139177322387695
0000271_04801_d_0000396.jpg,/home/brisic03/VisDrone/VisDrone2019-DET-val/images/0000271_04801_d_0000396.jpg,location,Where is the largest van located in the image?,"{'A': 'top-left', 'B': 'top-right', 'C': 'bottom-left', 'D': 'bottom-right', 'E': 'center'}",E,E,E,center,1,0.3703300952911377
0000271_05001_d_0000397.jpg,/home/brisic03/VisDrone/VisDrone2019-DET-val/images/0000271_05001_d_0000397.jpg,presence,Which object type is visible in the drone image?,"{'A': 'truck', 'B': 'pedestrian', 'C': 'motor', 'D': 'people', 'E': 'tricycle'}",C,C,A,truck,0,0.37358665466308594
0000271_05001_d_0000397.jpg,/home/brisic03/VisDrone/VisDrone2019-DET-val/images/0000271_05001_d_0000397.jpg,counting,How many cars are visible in the drone image?,"{'A': '0', 'B': '1', 'C': '2', 'D': '3', 'E': '4 or more'}",E,E,E,4 or more,1,0.36851000785827637
0000271_05001_d_0000397.jpg,/home/brisic03/VisDrone/VisDrone2019-DET-val/images/0000271_05001_d_0000397.jpg,most_frequent,Which object type appears most often in the drone image?,"{'A': 'tricycle', 'B': 'awning-tricycle', 'C': 'car', 'D': 'van', 'E': 'bicycle'}",C,C,D,van,0,0.3675501346588135
0000271_05001_d_0000397.jpg,/home/brisic03/VisDrone/VisDrone2019-DET-val/images/0000271_05001_d_0000397.jpg,location,Where is the largest car located in the image?,"{'A': 'top-left', 'B': 'top-right', 'C': 'bottom-left', 'D': 'bottom-right', 'E': 'center'}",E,E,C,bottom-left,0,0.3662753105163574
0000271_05201_d_0000398.jpg,/home/brisic03/VisDrone/VisDrone2019-DET-val/images/0000271_05201_d_0000398.jpg,presence,Which object type is visible in the drone image?,"{'A': 'people', 'B': 'bicycle', 'C': 'tricycle', 'D': 'awning-tricycle', 'E': 'motor'}",B,B,A,people,0,0.3855860233306885
0000271_05201_d_0000398.jpg,/home/brisic03/VisDrone/VisDrone2019-DET-val/images/0000271_05201_d_0000398.jpg,counting,How many pedestrians are visible in the drone image?,"{'A': '0', 'B': '1', 'C': '2', 'D': '3', 'E': '4 or more'}",E,E,C,2,0,0.39509105682373047
0000271_05201_d_0000398.jpg,/home/brisic03/VisDrone/VisDrone2019-DET-val/images/0000271_05201_d_0000398.jpg,most_frequent,Which object type appears most often in the drone image?,"{'A': 'bus', 'B': 'truck', 'C': 'people', 'D': 'pedestrian', 'E': 'car'}",E,E,E,car,1,0.3839111328125
0000271_05201_d_0000398.jpg,/home/brisic03/VisDrone/VisDrone2019-DET-val/images/0000271_05201_d_0000398.jpg,location,Where is the largest truck located in the image?,"{'A': 'top-left', 'B': 'top-right', 'C': 'bottom-left', 'D': 'bottom-right', 'E': 'center'}",A,A,D,bottom-right,0,0.38300228118896484
0000271_05401_d_0000399.jpg,/home/brisic03/VisDrone/VisDrone2019-DET-val/images/0000271_05401_d_0000399.jpg,presence,Which object type is visible in the drone image?,"{'A': 'pedestrian', 'B': 'people', 'C': 'bicycle', 'D': 'car', 'E': 'motor'}",D,D,E,motor,0,0.3719773292541504
0000271_05401_d_0000399.jpg,/home/brisic03/VisDrone/VisDrone2019-DET-val/images/0000271_05401_d_0000399.jpg,counting,How many vans are visible in the drone image?,"{'A': '0', 'B': '1', 'C': '2', 'D': '3', 'E': '4 or more'}",E,E,C,2,0,0.36811351776123047
0000271_05401_d_0000399.jpg,/home/brisic03/VisDrone/VisDrone2019-DET-val/images/0000271_05401_d_0000399.jpg,most_frequent,Which object type appears most often in the drone image?,"{'A': 'pedestrian', 'B': 'people', 'C': 'van', 'D': 'awning-tricycle', 'E': 'car'}",E,E,E,car,1,0.36733102798461914
0000271_05401_d_0000399.jpg,/home/brisic03/VisDrone/VisDrone2019-DET-val/images/0000271_05401_d_0000399.jpg,location,Where is the largest van located in the image?,"{'A': 'top-left', 'B': 'top-right', 'C': 'bottom-left', 'D': 'bottom-right', 'E': 'center'}",A,A,D,bottom-right,0,0.3694281578063965
0000271_05601_d_0000400.jpg,/home/brisic03/VisDrone/VisDrone2019-DET-val/images/0000271_05601_d_0000400.jpg,presence,Which object type is visible in the drone image?,"{'A': 'awning-tricycle', 'B': 'bus', 'C': 'pedestrian', 'D': 'car', 'E': 'tricycle'}",E,E,D,car,0,0.3711521625518799
0000271_05601_d_0000400.jpg,/home/brisic03/VisDrone/VisDrone2019-DET-val/images/0000271_05601_d_0000400.jpg,counting,How many trucks are visible in the drone image?,"{'A': '0', 'B': '1', 'C': '2', 'D': '3', 'E': '4 or more'}",E,E,B,1,0,0.3714320659637451
0000271_05601_d_0000400.jpg,/home/brisic03/VisDrone/VisDrone2019-DET-val/images/0000271_05601_d_0000400.jpg,most_frequent,Which object type appears most often in the drone image?,"{'A': 'people', 'B': 'tricycle', 'C': 'bus', 'D': 'car', 'E': 'pedestrian'}",D,D,D,car,1,0.3672337532043457
0000271_05601_d_0000400.jpg,/home/brisic03/VisDrone/VisDrone2019-DET-val/images/0000271_05601_d_0000400.jpg,location,Where is the largest car located in the image?,"{'A': 'top-left', 'B': 'top-right', 'C': 'bottom-left', 'D': 'bottom-right', 'E': 'center'}",E,E,C,bottom-left,0,0.36982154846191406
0000271_05801_d_0000401.jpg,/home/brisic03/VisDrone/VisDrone2019-DET-val/images/0000271_05801_d_0000401.jpg,presence,Which object type is visible in the drone image?,"{'A': 'pedestrian', 'B': 'truck', 'C': 'bicycle', 'D': 'bus', 'E': 'motor'}",A,A,E,motor,0,0.36835289001464844
0000271_05801_d_0000401.jpg,/home/brisic03/VisDrone/VisDrone2019-DET-val/images/0000271_05801_d_0000401.jpg,counting,How many trucks are visible in the drone image?,"{'A': '0', 'B': '1', 'C': '2', 'D': '3', 'E': '4 or more'}",A,A,B,1,0,0.3660399913787842
0000271_05801_d_0000401.jpg,/home/brisic03/VisDrone/VisDrone2019-DET-val/images/0000271_05801_d_0000401.jpg,most_frequent,Which object type appears most often in the drone image?,"{'A': 'car', 'B': 'awning-tricycle', 'C': 'bicycle', 'D': 'truck', 'E': 'motor'}",A,A,A,car,1,0.366657018661499
0000271_05801_d_0000401.jpg,/home/brisic03/VisDrone/VisDrone2019-DET-val/images/0000271_05801_d_0000401.jpg,location,Where is the largest car located in the image?,"{'A': 'top-left', 'B': 'top-right', 'C': 'bottom-left', 'D': 'bottom-right', 'E': 'center'}",E,E,C,bottom-left,0,0.3678317070007324
0000271_06001_d_0000402.jpg,/home/brisic03/VisDrone/VisDrone2019-DET-val/images/0000271_06001_d_0000402.jpg,presence,Which object type is visible in the drone image?,"{'A': 'motor', 'B': 'tricycle', 'C': 'awning-tricycle', 'D': 'car', 'E': 'bicycle'}",A,A,B,tricycle,0,0.3688046932220459
0000271_06001_d_0000402.jpg,/home/brisic03/VisDrone/VisDrone2019-DET-val/images/0000271_06001_d_0000402.jpg,counting,How many tricycles are visible in the drone image?,"{'A': '0', 'B': '1', 'C': '2', 'D': '3', 'E': '4 or more'}",D,D,B,1,0,0.36734843254089355
0000271_06001_d_0000402.jpg,/home/brisic03/VisDrone/VisDrone2019-DET-val/images/0000271_06001_d_0000402.jpg,most_frequent,Which object type appears most often in the drone image?,"{'A': 'bicycle', 'B': 'pedestrian', 'C': 'awning-tricycle', 'D': 'car', 'E': 'truck'}",D,D,D,car,1,0.3661057949066162
0000271_06001_d_0000402.jpg,/home/brisic03/VisDrone/VisDrone2019-DET-val/images/0000271_06001_d_0000402.jpg,location,Where is the largest car located in the image?,"{'A': 'top-left', 'B': 'top-right', 'C': 'bottom-left', 'D': 'bottom-right', 'E': 'center'}",E,E,C,bottom-left,0,0.3646812438964844
0000271_06201_d_0000403.jpg,/home/brisic03/VisDrone/VisDrone2019-DET-val/images/0000271_06201_d_0000403.jpg,presence,Which object type is visible in the drone image?,"{'A': 'car', 'B': 'bicycle', 'C': 'motor', 'D': 'bus', 'E': 'tricycle'}",B,B,C,motor,0,0.37236618995666504
0000271_06201_d_0000403.jpg,/home/brisic03/VisDrone/VisDrone2019-DET-val/images/0000271_06201_d_0000403.jpg,counting,How many motors are visible in the drone image?,"{'A': '0', 'B': '1', 'C': '2', 'D': '3', 'E': '4 or more'}",E,E,E,4 or more,1,0.3756554126739502
0000271_06201_d_0000403.jpg,/home/brisic03/VisDrone/VisDrone2019-DET-val/images/0000271_06201_d_0000403.jpg,most_frequent,Which object type appears most often in the drone image?,"{'A': 'car', 'B': 'motor', 'C': 'van', 'D': 'awning-tricycle', 'E': 'bicycle'}",A,A,A,car,1,0.3686211109161377
0000271_06201_d_0000403.jpg,/home/brisic03/VisDrone/VisDrone2019-DET-val/images/0000271_06201_d_0000403.jpg,location,Where is the largest car located in the image?,"{'A': 'top-left', 'B': 'top-right', 'C': 'bottom-left', 'D': 'bottom-right', 'E': 'center'}",E,E,D,bottom-right,0,0.36811232566833496
0000271_06401_d_0000404.jpg,/home/brisic03/VisDrone/VisDrone2019-DET-val/images/0000271_06401_d_0000404.jpg,presence,Which object type is visible in the drone image?,"{'A': 'motor', 'B': 'van', 'C': 'awning-tricycle', 'D': 'people', 'E': 'tricycle'}",E,E,A,motor,0,0.36816954612731934
0000271_06401_d_0000404.jpg,/home/brisic03/VisDrone/VisDrone2019-DET-val/images/0000271_06401_d_0000404.jpg,counting,How many bicycles are visible in the drone image?,"{'A': '0', 'B': '1', 'C': '2', 'D': '3', 'E': '4 or more'}",E,E,B,1,0,0.36753368377685547
0000271_06401_d_0000404.jpg,/home/brisic03/VisDrone/VisDrone2019-DET-val/images/0000271_06401_d_0000404.jpg,most_frequent,Which object type appears most often in the drone image?,"{'A': 'tricycle', 'B': 'bicycle', 'C': 'car', 'D': 'pedestrian', 'E': 'motor'}",C,C,C,car,1,0.3661155700683594
0000271_06401_d_0000404.jpg,/home/brisic03/VisDrone/VisDrone2019-DET-val/images/0000271_06401_d_0000404.jpg,location,Where is the largest car located in the image?,"{'A': 'top-left', 'B': 'top-right', 'C': 'bottom-left', 'D': 'bottom-right', 'E': 'center'}",E,E,D,bottom-right,0,0.38170337677001953
0000271_06601_d_0000405.jpg,/home/brisic03/VisDrone/VisDrone2019-DET-val/images/0000271_06601_d_0000405.jpg,presence,Which object type is visible in the drone image?,"{'A': 'tricycle', 'B': 'pedestrian', 'C': 'people', 'D': 'van', 'E': 'awning-tricycle'}",A,A,D,van,0,0.4007985591888428
0000271_06601_d_0000405.jpg,/home/brisic03/VisDrone/VisDrone2019-DET-val/images/0000271_06601_d_0000405.jpg,counting,How many pedestrians are visible in the drone image?,"{'A': '0', 'B': '1', 'C': '2', 'D': '3', 'E': '4 or more'}",E,E,B,1,0,0.3906385898590088
0000271_06601_d_0000405.jpg,/home/brisic03/VisDrone/VisDrone2019-DET-val/images/0000271_06601_d_0000405.jpg,most_frequent,Which object type appears most often in the drone image?,"{'A': 'car', 'B': 'bicycle', 'C': 'awning-tricycle', 'D': 'pedestrian', 'E': 'bus'}",A,A,A,car,1,0.37658262252807617
0000271_06601_d_0000405.jpg,/home/brisic03/VisDrone/VisDrone2019-DET-val/images/0000271_06601_d_0000405.jpg,location,Where is the largest car located in the image?,"{'A': 'top-left', 'B': 'top-right', 'C': 'bottom-left', 'D': 'bottom-right', 'E': 'center'}",E,E,C,bottom-left,0,0.3791964054107666
0000271_06801_d_0000406.jpg,/home/brisic03/VisDrone/VisDrone2019-DET-val/images/0000271_06801_d_0000406.jpg,presence,Which object type is visible in the drone image?,"{'A': 'bus', 'B': 'bicycle', 'C': 'car', 'D': 'van', 'E': 'people'}",C,C,D,van,0,0.37080907821655273
0000271_06801_d_0000406.jpg,/home/brisic03/VisDrone/VisDrone2019-DET-val/images/0000271_06801_d_0000406.jpg,counting,How many vans are visible in the drone image?,"{'A': '0', 'B': '1', 'C': '2', 'D': '3', 'E': '4 or more'}",E,E,C,2,0,0.3681321144104004
0000271_06801_d_0000406.jpg,/home/brisic03/VisDrone/VisDrone2019-DET-val/images/0000271_06801_d_0000406.jpg,most_frequent,Which object type appears most often in the drone image?,"{'A': 'awning-tricycle', 'B': 'bicycle', 'C': 'tricycle', 'D': 'bus', 'E': 'car'}",E,E,E,car,1,0.3665492534637451
0000271_06801_d_0000406.jpg,/home/brisic03/VisDrone/VisDrone2019-DET-val/images/0000271_06801_d_0000406.jpg,location,Where is the largest car located in the image?,"{'A': 'top-left', 'B': 'top-right', 'C': 'bottom-left', 'D': 'bottom-right', 'E': 'center'}",E,E,C,bottom-left,0,0.36809754371643066
0000271_07001_d_0000407.jpg,/home/brisic03/VisDrone/VisDrone2019-DET-val/images/0000271_07001_d_0000407.jpg,presence,Which object type is visible in the drone image?,"{'A': 'people', 'B': 'truck', 'C': 'tricycle', 'D': 'car', 'E': 'bicycle'}",D,D,D,car,1,0.3947122097015381
0000271_07001_d_0000407.jpg,/home/brisic03/VisDrone/VisDrone2019-DET-val/images/0000271_07001_d_0000407.jpg,counting,How many tricycles are visible in the drone image?,"{'A': '0', 'B': '1', 'C': '2', 'D': '3', 'E': '4 or more'}",C,C,B,1,0,0.4058561325073242
0000271_07001_d_0000407.jpg,/home/brisic03/VisDrone/VisDrone2019-DET-val/images/0000271_07001_d_0000407.jpg,most_frequent,Which object type appears most often in the drone image?,"{'A': 'bus', 'B': 'tricycle', 'C': 'truck', 'D': 'van', 'E': 'car'}",E,E,E,car,1,0.4084281921386719
0000271_07001_d_0000407.jpg,/home/brisic03/VisDrone/VisDrone2019-DET-val/images/0000271_07001_d_0000407.jpg,location,Where is the largest car located in the image?,"{'A': 'top-left', 'B': 'top-right', 'C': 'bottom-left', 'D': 'bottom-right', 'E': 'center'}",C,C,C,bottom-left,1,0.3956270217895508
0000271_07201_d_0000408.jpg,/home/brisic03/VisDrone/VisDrone2019-DET-val/images/0000271_07201_d_0000408.jpg,presence,Which object type is visible in the drone image?,"{'A': 'car', 'B': 'awning-tricycle', 'C': 'bicycle', 'D': 'pedestrian', 'E': 'bus'}",A,A,A,car,1,0.39646363258361816
0000271_07201_d_0000408.jpg,/home/brisic03/VisDrone/VisDrone2019-DET-val/images/0000271_07201_d_0000408.jpg,counting,How many bicycles are visible in the drone image?,"{'A': '0', 'B': '1', 'C': '2', 'D': '3', 'E': '4 or more'}",A,A,B,1,0,0.3934352397918701
0000271_07201_d_0000408.jpg,/home/brisic03/VisDrone/VisDrone2019-DET-val/images/0000271_07201_d_0000408.jpg,most_frequent,Which object type appears most often in the drone image?,"{'A': 'car', 'B': 'tricycle', 'C': 'van', 'D': 'bus', 'E': 'pedestrian'}",A,A,A,car,1,0.3759934902191162
0000271_07201_d_0000408.jpg,/home/brisic03/VisDrone/VisDrone2019-DET-val/images/0000271_07201_d_0000408.jpg,location,Where is the largest car located in the image?,"{'A': 'top-left', 'B': 'top-right', 'C': 'bottom-left', 'D': 'bottom-right', 'E': 'center'}",A,A,C,bottom-left,0,0.3738858699798584
0000271_07401_d_0000409.jpg,/home/brisic03/VisDrone/VisDrone2019-DET-val/images/0000271_07401_d_0000409.jpg,presence,Which object type is visible in the drone image?,"{'A': 'truck', 'B': 'pedestrian', 'C': 'van', 'D': 'people', 'E': 'bicycle'}",D,D,A,truck,0,0.3745706081390381
0000271_07401_d_0000409.jpg,/home/brisic03/VisDrone/VisDrone2019-DET-val/images/0000271_07401_d_0000409.jpg,counting,How many motors are visible in the drone image?,"{'A': '0', 'B': '1', 'C': '2', 'D': '3', 'E': '4 or more'}",E,E,B,1,0,0.3697357177734375
0000271_07401_d_0000409.jpg,/home/brisic03/VisDrone/VisDrone2019-DET-val/images/0000271_07401_d_0000409.jpg,most_frequent,Which object type appears most often in the drone image?,"{'A': 'truck', 'B': 'car', 'C': 'awning-tricycle', 'D': 'people', 'E': 'bicycle'}",B,B,B,car,1,0.366013765335083
0000271_07401_d_0000409.jpg,/home/brisic03/VisDrone/VisDrone2019-DET-val/images/0000271_07401_d_0000409.jpg,location,Where is the largest car located in the image?,"{'A': 'top-left', 'B': 'top-right', 'C': 'bottom-left', 'D': 'bottom-right', 'E': 'center'}",E,E,E,center,1,0.3657853603363037
0000273_05601_d_0000466.jpg,/home/brisic03/VisDrone/VisDrone2019-DET-val/images/0000273_05601_d_0000466.jpg,presence,Which object type is visible in the drone image?,"{'A': 'bus', 'B': 'truck', 'C': 'people', 'D': 'tricycle', 'E': 'van'}",B,B,E,van,0,0.3674783706665039
0000273_05601_d_0000466.jpg,/home/brisic03/VisDrone/VisDrone2019-DET-val/images/0000273_05601_d_0000466.jpg,counting,How many trucks are visible in the drone image?,"{'A': '0', 'B': '1', 'C': '2', 'D': '3', 'E': '4 or more'}",E,E,E,4 or more,1,0.3675978183746338
0000273_05601_d_0000466.jpg,/home/brisic03/VisDrone/VisDrone2019-DET-val/images/0000273_05601_d_0000466.jpg,most_frequent,Which object type appears most often in the drone image?,"{'A': 'pedestrian', 'B': 'tricycle', 'C': 'awning-tricycle', 'D': 'van', 'E': 'car'}",C,C,E,car,0,0.3658277988433838
0000273_05601_d_0000466.jpg,/home/brisic03/VisDrone/VisDrone2019-DET-val/images/0000273_05601_d_0000466.jpg,location,Where is the largest truck located in the image?,"{'A': 'top-left', 'B': 'top-right', 'C': 'bottom-left', 'D': 'bottom-right', 'E': 'center'}",A,A,E,center,0,0.36623144149780273
0000276_00001_d_0000507.jpg,/home/brisic03/VisDrone/VisDrone2019-DET-val/images/0000276_00001_d_0000507.jpg,presence,Which object type is visible in the drone image?,"{'A': 'motor', 'B': 'awning-tricycle', 'C': 'pedestrian', 'D': 'bicycle', 'E': 'van'}",A,A,E,van,0,0.3662843704223633
0000276_00001_d_0000507.jpg,/home/brisic03/VisDrone/VisDrone2019-DET-val/images/0000276_00001_d_0000507.jpg,counting,How many cars are visible in the drone image?,"{'A': '0', 'B': '1', 'C': '2', 'D': '3', 'E': '4 or more'}",E,E,E,4 or more,1,0.3735013008117676
0000276_00001_d_0000507.jpg,/home/brisic03/VisDrone/VisDrone2019-DET-val/images/0000276_00001_d_0000507.jpg,most_frequent,Which object type appears most often in the drone image?,"{'A': 'bus', 'B': 'motor', 'C': 'bicycle', 'D': 'truck', 'E': 'car'}",D,D,E,car,0,0.3738255500793457
0000276_00001_d_0000507.jpg,/home/brisic03/VisDrone/VisDrone2019-DET-val/images/0000276_00001_d_0000507.jpg,location,Where is the largest truck located in the image?,"{'A': 'top-left', 'B': 'top-right', 'C': 'bottom-left', 'D': 'bottom-right', 'E': 'center'}",A,A,E,center,0,0.36839985847473145
0000276_00401_d_0000509.jpg,/home/brisic03/VisDrone/VisDrone2019-DET-val/images/0000276_00401_d_0000509.jpg,presence,Which object type is visible in the drone image?,"{'A': 'car', 'B': 'awning-tricycle', 'C': 'truck', 'D': 'tricycle', 'E': 'pedestrian'}",D,D,D,tricycle,1,0.3737833499908447
0000276_00401_d_0000509.jpg,/home/brisic03/VisDrone/VisDrone2019-DET-val/images/0000276_00401_d_0000509.jpg,counting,How many tricycles are visible in the drone image?,"{'A': '0', 'B': '1', 'C': '2', 'D': '3', 'E': '4 or more'}",E,E,B,1,0,0.3701629638671875
0000276_00401_d_0000509.jpg,/home/brisic03/VisDrone/VisDrone2019-DET-val/images/0000276_00401_d_0000509.jpg,most_frequent,Which object type appears most often in the drone image?,"{'A': 'truck', 'B': 'car', 'C': 'motor', 'D': 'tricycle', 'E': 'van'}",A,A,B,car,0,0.3663203716278076
0000276_00401_d_0000509.jpg,/home/brisic03/VisDrone/VisDrone2019-DET-val/images/0000276_00401_d_0000509.jpg,location,Where is the largest car located in the image?,"{'A': 'top-left', 'B': 'top-right', 'C': 'bottom-left', 'D': 'bottom-right', 'E': 'center'}",E,E,D,bottom-right,0,0.36567091941833496
0000276_00601_d_0000510.jpg,/home/brisic03/VisDrone/VisDrone2019-DET-val/images/0000276_00601_d_0000510.jpg,presence,Which object type is visible in the drone image?,"{'A': 'bicycle', 'B': 'car', 'C': 'pedestrian', 'D': 'truck', 'E': 'van'}",B,B,B,car,1,0.36539602279663086
0000276_00601_d_0000510.jpg,/home/brisic03/VisDrone/VisDrone2019-DET-val/images/0000276_00601_d_0000510.jpg,counting,How many awning-tricycles are visible in the drone image?,"{'A': '0', 'B': '1', 'C': '2', 'D': '3', 'E': '4 or more'}",D,D,B,1,0,0.3680386543273926
0000276_00601_d_0000510.jpg,/home/brisic03/VisDrone/VisDrone2019-DET-val/images/0000276_00601_d_0000510.jpg,most_frequent,Which object type appears most often in the drone image?,"{'A': 'bus', 'B': 'tricycle', 'C': 'truck', 'D': 'awning-tricycle', 'E': 'car'}",E,E,E,car,1,0.3664722442626953
0000276_00601_d_0000510.jpg,/home/brisic03/VisDrone/VisDrone2019-DET-val/images/0000276_00601_d_0000510.jpg,location,Where is the largest truck located in the image?,"{'A': 'top-left', 'B': 'top-right', 'C': 'bottom-left', 'D': 'bottom-right', 'E': 'center'}",E,E,E,center,1,0.365401029586792
0000276_01001_d_0000512.jpg,/home/brisic03/VisDrone/VisDrone2019-DET-val/images/0000276_01001_d_0000512.jpg,presence,Which object type is visible in the drone image?,"{'A': 'motor', 'B': 'tricycle', 'C': 'people', 'D': 'bus', 'E': 'awning-tricycle'}",A,A,B,tricycle,0,0.36488842964172363
0000276_01001_d_0000512.jpg,/home/brisic03/VisDrone/VisDrone2019-DET-val/images/0000276_01001_d_0000512.jpg,counting,How many vans are visible in the drone image?,"{'A': '0', 'B': '1', 'C': '2', 'D': '3', 'E': '4 or more'}",E,E,B,1,0,0.3746168613433838
0000276_01001_d_0000512.jpg,/home/brisic03/VisDrone/VisDrone2019-DET-val/images/0000276_01001_d_0000512.jpg,most_frequent,Which object type appears most often in the drone image?,"{'A': 'bus', 'B': 'motor', 'C': 'van', 'D': 'awning-tricycle', 'E': 'truck'}",E,E,E,truck,1,0.37720727920532227
0000276_01001_d_0000512.jpg,/home/brisic03/VisDrone/VisDrone2019-DET-val/images/0000276_01001_d_0000512.jpg,location,Where is the largest truck located in the image?,"{'A': 'top-left', 'B': 'top-right', 'C': 'bottom-left', 'D': 'bottom-right', 'E': 'center'}",A,A,D,bottom-right,0,0.3703932762145996
0000276_01201_d_0000513.jpg,/home/brisic03/VisDrone/VisDrone2019-DET-val/images/0000276_01201_d_0000513.jpg,presence,Which object type is visible in the drone image?,"{'A': 'people', 'B': 'truck', 'C': 'car', 'D': 'van', 'E': 'awning-tricycle'}",B,B,B,truck,1,0.3664591312408447
0000276_01201_d_0000513.jpg,/home/brisic03/VisDrone/VisDrone2019-DET-val/images/0000276_01201_d_0000513.jpg,counting,How many cars are visible in the drone image?,"{'A': '0', 'B': '1', 'C': '2', 'D': '3', 'E': '4 or more'}",E,E,E,4 or more,1,0.3710155487060547
0000276_01201_d_0000513.jpg,/home/brisic03/VisDrone/VisDrone2019-DET-val/images/0000276_01201_d_0000513.jpg,most_frequent,Which object type appears most often in the drone image?,"{'A': 'pedestrian', 'B': 'people', 'C': 'tricycle', 'D': 'truck', 'E': 'bicycle'}",D,D,D,truck,1,0.36723971366882324
0000276_01201_d_0000513.jpg,/home/brisic03/VisDrone/VisDrone2019-DET-val/images/0000276_01201_d_0000513.jpg,location,Where is the largest car located in the image?,"{'A': 'top-left', 'B': 'top-right', 'C': 'bottom-left', 'D': 'bottom-right', 'E': 'center'}",E,E,D,bottom-right,0,0.3649625778198242
0000276_01401_d_0000514.jpg,/home/brisic03/VisDrone/VisDrone2019-DET-val/images/0000276_01401_d_0000514.jpg,presence,Which object type is visible in the drone image?,"{'A': 'pedestrian', 'B': 'people', 'C': 'bus', 'D': 'bicycle', 'E': 'truck'}",E,E,E,truck,1,0.37801027297973633
0000276_01401_d_0000514.jpg,/home/brisic03/VisDrone/VisDrone2019-DET-val/images/0000276_01401_d_0000514.jpg,counting,How many vans are visible in the drone image?,"{'A': '0', 'B': '1', 'C': '2', 'D': '3', 'E': '4 or more'}",D,D,B,1,0,0.3959012031555176
0000276_01401_d_0000514.jpg,/home/brisic03/VisDrone/VisDrone2019-DET-val/images/0000276_01401_d_0000514.jpg,most_frequent,Which object type appears most often in the drone image?,"{'A': 'awning-tricycle', 'B': 'truck', 'C': 'motor', 'D': 'van', 'E': 'bus'}",B,B,B,truck,1,0.3796424865722656
0000276_01401_d_0000514.jpg,/home/brisic03/VisDrone/VisDrone2019-DET-val/images/0000276_01401_d_0000514.jpg,location,Where is the largest truck located in the image?,"{'A': 'top-left', 'B': 'top-right', 'C': 'bottom-left', 'D': 'bottom-right', 'E': 'center'}",E,E,E,center,1,0.3722095489501953
0000276_01801_d_0000516.jpg,/home/brisic03/VisDrone/VisDrone2019-DET-val/images/0000276_01801_d_0000516.jpg,presence,Which object type is visible in the drone image?,"{'A': 'awning-tricycle', 'B': 'truck', 'C': 'bicycle', 'D': 'motor', 'E': 'people'}",B,B,B,truck,1,0.37207984924316406
0000276_01801_d_0000516.jpg,/home/brisic03/VisDrone/VisDrone2019-DET-val/images/0000276_01801_d_0000516.jpg,counting,How many trucks are visible in the drone image?,"{'A': '0', 'B': '1', 'C': '2', 'D': '3', 'E': '4 or more'}",E,E,C,2,0,0.37184810638427734
0000276_01801_d_0000516.jpg,/home/brisic03/VisDrone/VisDrone2019-DET-val/images/0000276_01801_d_0000516.jpg,most_frequent,Which object type appears most often in the drone image?,"{'A': 'van', 'B': 'people', 'C': 'pedestrian', 'D': 'car', 'E': 'truck'}",D,D,E,truck,0,0.36649227142333984
0000276_01801_d_0000516.jpg,/home/brisic03/VisDrone/VisDrone2019-DET-val/images/0000276_01801_d_0000516.jpg,location,Where is the largest truck located in the image?,"{'A': 'top-left', 'B': 'top-right', 'C': 'bottom-left', 'D': 'bottom-right', 'E': 'center'}",E,E,E,center,1,0.3669404983520508
0000276_02201_d_0000518.jpg,/home/brisic03/VisDrone/VisDrone2019-DET-val/images/0000276_02201_d_0000518.jpg,presence,Which object type is visible in the drone image?,"{'A': 'van', 'B': 'truck', 'C': 'awning-tricycle', 'D': 'tricycle', 'E': 'pedestrian'}",B,B,B,truck,1,0.3660595417022705
0000276_02201_d_0000518.jpg,/home/brisic03/VisDrone/VisDrone2019-DET-val/images/0000276_02201_d_0000518.jpg,counting,How many cars are visible in the drone image?,"{'A': '0', 'B': '1', 'C': '2', 'D': '3', 'E': '4 or more'}",E,E,C,2,0,0.3675706386566162
0000276_02201_d_0000518.jpg,/home/brisic03/VisDrone/VisDrone2019-DET-val/images/0000276_02201_d_0000518.jpg,most_frequent,Which object type appears most often in the drone image?,"{'A': 'tricycle', 'B': 'pedestrian', 'C': 'truck', 'D': 'motor', 'E': 'people'}",C,C,C,truck,1,0.3665657043457031
0000276_02201_d_0000518.jpg,/home/brisic03/VisDrone/VisDrone2019-DET-val/images/0000276_02201_d_0000518.jpg,location,Where is the largest truck located in the image?,"{'A': 'top-left', 'B': 'top-right', 'C': 'bottom-left', 'D': 'bottom-right', 'E': 'center'}",E,E,E,center,1,0.36611175537109375
0000276_02401_d_0000519.jpg,/home/brisic03/VisDrone/VisDrone2019-DET-val/images/0000276_02401_d_0000519.jpg,presence,Which object type is visible in the drone image?,"{'A': 'bus', 'B': 'pedestrian', 'C': 'truck', 'D': 'car', 'E': 'motor'}",C,C,C,truck,1,0.36528491973876953
0000276_02401_d_0000519.jpg,/home/brisic03/VisDrone/VisDrone2019-DET-val/images/0000276_02401_d_0000519.jpg,counting,How many cars are visible in the drone image?,"{'A': '0', 'B': '1', 'C': '2', 'D': '3', 'E': '4 or more'}",E,E,B,1,0,0.3675999641418457
0000276_02401_d_0000519.jpg,/home/brisic03/VisDrone/VisDrone2019-DET-val/images/0000276_02401_d_0000519.jpg,most_frequent,Which object type appears most often in the drone image?,"{'A': 'van', 'B': 'pedestrian', 'C': 'truck', 'D': 'people', 'E': 'tricycle'}",C,C,C,truck,1,0.3732411861419678
0000276_02401_d_0000519.jpg,/home/brisic03/VisDrone/VisDrone2019-DET-val/images/0000276_02401_d_0000519.jpg,location,Where is the largest truck located in the image?,"{'A': 'top-left', 'B': 'top-right', 'C': 'bottom-left', 'D': 'bottom-right', 'E': 'center'}",E,E,C,bottom-left,0,0.37412214279174805
0000276_02601_d_0000520.jpg,/home/brisic03/VisDrone/VisDrone2019-DET-val/images/0000276_02601_d_0000520.jpg,presence,Which object type is visible in the drone image?,"{'A': 'bus', 'B': 'bicycle', 'C': 'tricycle', 'D': 'van', 'E': 'awning-tricycle'}",A,A,A,bus,1,0.3746657371520996
0000276_02601_d_0000520.jpg,/home/brisic03/VisDrone/VisDrone2019-DET-val/images/0000276_02601_d_0000520.jpg,counting,How many trucks are visible in the drone image?,"{'A': '0', 'B': '1', 'C': '2', 'D': '3', 'E': '4 or more'}",E,E,E,4 or more,1,0.37403106689453125
0000276_02601_d_0000520.jpg,/home/brisic03/VisDrone/VisDrone2019-DET-val/images/0000276_02601_d_0000520.jpg,most_frequent,Which object type appears most often in the drone image?,"{'A': 'van', 'B': 'bicycle', 'C': 'motor', 'D': 'truck', 'E': 'pedestrian'}",D,D,D,truck,1,0.3687739372253418
0000276_02601_d_0000520.jpg,/home/brisic03/VisDrone/VisDrone2019-DET-val/images/0000276_02601_d_0000520.jpg,location,Where is the largest truck located in the image?,"{'A': 'top-left', 'B': 'top-right', 'C': 'bottom-left', 'D': 'bottom-right', 'E': 'center'}",A,A,E,center,0,0.366227388381958
0000276_02801_d_0000521.jpg,/home/brisic03/VisDrone/VisDrone2019-DET-val/images/0000276_02801_d_0000521.jpg,presence,Which object type is visible in the drone image?,"{'A': 'truck', 'B': 'tricycle', 'C': 'van', 'D': 'awning-tricycle', 'E': 'bicycle'}",A,A,A,truck,1,0.3651554584503174
0000276_02801_d_0000521.jpg,/home/brisic03/VisDrone/VisDrone2019-DET-val/images/0000276_02801_d_0000521.jpg,counting,How many trucks are visible in the drone image?,"{'A': '0', 'B': '1', 'C': '2', 'D': '3', 'E': '4 or more'}",E,E,D,3,0,0.38175344467163086
0000276_02801_d_0000521.jpg,/home/brisic03/VisDrone/VisDrone2019-DET-val/images/0000276_02801_d_0000521.jpg,most_frequent,Which object type appears most often in the drone image?,"{'A': 'people', 'B': 'motor', 'C': 'truck', 'D': 'pedestrian', 'E': 'bicycle'}",C,C,C,truck,1,0.38773083686828613
0000276_02801_d_0000521.jpg,/home/brisic03/VisDrone/VisDrone2019-DET-val/images/0000276_02801_d_0000521.jpg,location,Where is the largest truck located in the image?,"{'A': 'top-left', 'B': 'top-right', 'C': 'bottom-left', 'D': 'bottom-right', 'E': 'center'}",C,C,C,bottom-left,1,0.3752894401550293
0000276_03001_d_0000522.jpg,/home/brisic03/VisDrone/VisDrone2019-DET-val/images/0000276_03001_d_0000522.jpg,presence,Which object type is visible in the drone image?,"{'A': 'truck', 'B': 'people', 'C': 'bus', 'D': 'bicycle', 'E': 'car'}",A,A,A,truck,1,0.3777611255645752
0000276_03001_d_0000522.jpg,/home/brisic03/VisDrone/VisDrone2019-DET-val/images/0000276_03001_d_0000522.jpg,counting,How many cars are visible in the drone image?,"{'A': '0', 'B': '1', 'C': '2', 'D': '3', 'E': '4 or more'}",E,E,E,4 or more,1,0.37043166160583496
0000276_03001_d_0000522.jpg,/home/brisic03/VisDrone/VisDrone2019-DET-val/images/0000276_03001_d_0000522.jpg,most_frequent,Which object type appears most often in the drone image?,"{'A': 'tricycle', 'B': 'bicycle', 'C': 'van', 'D': 'people', 'E': 'car'}",E,E,E,car,1,0.3671000003814697
0000276_03001_d_0000522.jpg,/home/brisic03/VisDrone/VisDrone2019-DET-val/images/0000276_03001_d_0000522.jpg,location,Where is the largest car located in the image?,"{'A': 'top-left', 'B': 'top-right', 'C': 'bottom-left', 'D': 'bottom-right', 'E': 'center'}",E,E,C,bottom-left,0,0.3659636974334717
0000276_03201_d_0000523.jpg,/home/brisic03/VisDrone/VisDrone2019-DET-val/images/0000276_03201_d_0000523.jpg,presence,Which object type is visible in the drone image?,"{'A': 'motor', 'B': 'bus', 'C': 'van', 'D': 'truck', 'E': 'bicycle'}",D,D,D,truck,1,0.3700258731842041
0000276_03201_d_0000523.jpg,/home/brisic03/VisDrone/VisDrone2019-DET-val/images/0000276_03201_d_0000523.jpg,counting,How many cars are visible in the drone image?,"{'A': '0', 'B': '1', 'C': '2', 'D': '3', 'E': '4 or more'}",E,E,D,3,0,0.37416982650756836
0000276_03201_d_0000523.jpg,/home/brisic03/VisDrone/VisDrone2019-DET-val/images/0000276_03201_d_0000523.jpg,location,Where is the largest truck located in the image?,"{'A': 'top-left', 'B': 'top-right', 'C': 'bottom-left', 'D': 'bottom-right', 'E': 'center'}",E,E,E,center,1,0.36864161491394043
0000276_03401_d_0000524.jpg,/home/brisic03/VisDrone/VisDrone2019-DET-val/images/0000276_03401_d_0000524.jpg,presence,Which object type is visible in the drone image?,"{'A': 'car', 'B': 'bus', 'C': 'truck', 'D': 'awning-tricycle', 'E': 'pedestrian'}",C,C,A,car,0,0.3668708801269531
0000276_03401_d_0000524.jpg,/home/brisic03/VisDrone/VisDrone2019-DET-val/images/0000276_03401_d_0000524.jpg,counting,How many cars are visible in the drone image?,"{'A': '0', 'B': '1', 'C': '2', 'D': '3', 'E': '4 or more'}",E,E,E,4 or more,1,0.36560726165771484
0000276_03401_d_0000524.jpg,/home/brisic03/VisDrone/VisDrone2019-DET-val/images/0000276_03401_d_0000524.jpg,most_frequent,Which object type appears most often in the drone image?,"{'A': 'awning-tricycle', 'B': 'motor', 'C': 'van', 'D': 'pedestrian', 'E': 'car'}",E,E,E,car,1,0.36695218086242676
0000276_03401_d_0000524.jpg,/home/brisic03/VisDrone/VisDrone2019-DET-val/images/0000276_03401_d_0000524.jpg,location,Where is the largest car located in the image?,"{'A': 'top-left', 'B': 'top-right', 'C': 'bottom-left', 'D': 'bottom-right', 'E': 'center'}",E,E,C,bottom-left,0,0.3657655715942383
0000276_03601_d_0000525.jpg,/home/brisic03/VisDrone/VisDrone2019-DET-val/images/0000276_03601_d_0000525.jpg,presence,Which object type is visible in the drone image?,"{'A': 'awning-tricycle', 'B': 'motor', 'C': 'car', 'D': 'bus', 'E': 'truck'}",C,C,E,truck,0,0.379563570022583
0000276_03601_d_0000525.jpg,/home/brisic03/VisDrone/VisDrone2019-DET-val/images/0000276_03601_d_0000525.jpg,counting,How many vans are visible in the drone image?,"{'A': '0', 'B': '1', 'C': '2', 'D': '3', 'E': '4 or more'}",E,E,B,1,0,0.39659857749938965
0000276_03601_d_0000525.jpg,/home/brisic03/VisDrone/VisDrone2019-DET-val/images/0000276_03601_d_0000525.jpg,most_frequent,Which object type appears most often in the drone image?,"{'A': 'bicycle', 'B': 'pedestrian', 'C': 'awning-tricycle', 'D': 'tricycle', 'E': 'car'}",E,E,E,car,1,0.3814105987548828
0000276_03601_d_0000525.jpg,/home/brisic03/VisDrone/VisDrone2019-DET-val/images/0000276_03601_d_0000525.jpg,location,Where is the largest van located in the image?,"{'A': 'top-left', 'B': 'top-right', 'C': 'bottom-left', 'D': 'bottom-right', 'E': 'center'}",E,E,E,center,1,0.3713853359222412
0000276_03801_d_0000526.jpg,/home/brisic03/VisDrone/VisDrone2019-DET-val/images/0000276_03801_d_0000526.jpg,presence,Which object type is visible in the drone image?,"{'A': 'truck', 'B': 'car', 'C': 'awning-tricycle', 'D': 'bus', 'E': 'pedestrian'}",C,C,E,pedestrian,0,0.37286949157714844
0000276_03801_d_0000526.jpg,/home/brisic03/VisDrone/VisDrone2019-DET-val/images/0000276_03801_d_0000526.jpg,counting,How many trucks are visible in the drone image?,"{'A': '0', 'B': '1', 'C': '2', 'D': '3', 'E': '4 or more'}",E,E,E,4 or more,1,0.372342586517334
0000276_03801_d_0000526.jpg,/home/brisic03/VisDrone/VisDrone2019-DET-val/images/0000276_03801_d_0000526.jpg,most_frequent,Which object type appears most often in the drone image?,"{'A': 'car', 'B': 'tricycle', 'C': 'bicycle', 'D': 'awning-tricycle', 'E': 'truck'}",A,A,A,car,1,0.36884140968322754
0000276_03801_d_0000526.jpg,/home/brisic03/VisDrone/VisDrone2019-DET-val/images/0000276_03801_d_0000526.jpg,location,Where is the largest truck located in the image?,"{'A': 'top-left', 'B': 'top-right', 'C': 'bottom-left', 'D': 'bottom-right', 'E': 'center'}",E,E,E,center,1,0.36622166633605957
0000276_04001_d_0000527.jpg,/home/brisic03/VisDrone/VisDrone2019-DET-val/images/0000276_04001_d_0000527.jpg,presence,Which object type is visible in the drone image?,"{'A': 'tricycle', 'B': 'pedestrian', 'C': 'car', 'D': 'motor', 'E': 'bus'}",A,A,C,car,0,0.36547112464904785
0000276_04001_d_0000527.jpg,/home/brisic03/VisDrone/VisDrone2019-DET-val/images/0000276_04001_d_0000527.jpg,counting,How many buss are visible in the drone image?,"{'A': '0', 'B': '1', 'C': '2', 'D': '3', 'E': '4 or more'}",D,D,B,1,0,0.36635375022888184
0000276_04001_d_0000527.jpg,/home/brisic03/VisDrone/VisDrone2019-DET-val/images/0000276_04001_d_0000527.jpg,most_frequent,Which object type appears most often in the drone image?,"{'A': 'bus', 'B': 'pedestrian', 'C': 'bicycle', 'D': 'truck', 'E': 'people'}",D,D,D,truck,1,0.3669595718383789
0000276_04001_d_0000527.jpg,/home/brisic03/VisDrone/VisDrone2019-DET-val/images/0000276_04001_d_0000527.jpg,location,Where is the largest truck located in the image?,"{'A': 'top-left', 'B': 'top-right', 'C': 'bottom-left', 'D': 'bottom-right', 'E': 'center'}",E,E,E,center,1,0.36522340774536133
0000276_04201_d_0000528.jpg,/home/brisic03/VisDrone/VisDrone2019-DET-val/images/0000276_04201_d_0000528.jpg,presence,Which object type is visible in the drone image?,"{'A': 'people', 'B': 'van', 'C': 'car', 'D': 'pedestrian', 'E': 'bus'}",C,C,B,van,0,0.36603593826293945
0000276_04201_d_0000528.jpg,/home/brisic03/VisDrone/VisDrone2019-DET-val/images/0000276_04201_d_0000528.jpg,counting,How many trucks are visible in the drone image?,"{'A': '0', 'B': '1', 'C': '2', 'D': '3', 'E': '4 or more'}",E,E,E,4 or more,1,0.36719274520874023
0000276_04201_d_0000528.jpg,/home/brisic03/VisDrone/VisDrone2019-DET-val/images/0000276_04201_d_0000528.jpg,most_frequent,Which object type appears most often in the drone image?,"{'A': 'motor', 'B': 'car', 'C': 'bus', 'D': 'bicycle', 'E': 'people'}",B,B,B,car,1,0.38143420219421387
0000276_04201_d_0000528.jpg,/home/brisic03/VisDrone/VisDrone2019-DET-val/images/0000276_04201_d_0000528.jpg,location,Where is the largest truck located in the image?,"{'A': 'top-left', 'B': 'top-right', 'C': 'bottom-left', 'D': 'bottom-right', 'E': 'center'}",E,E,C,bottom-left,0,0.39147305488586426
0000276_04401_d_0000529.jpg,/home/brisic03/VisDrone/VisDrone2019-DET-val/images/0000276_04401_d_0000529.jpg,presence,Which object type is visible in the drone image?,"{'A': 'car', 'B': 'bus', 'C': 'truck', 'D': 'bicycle', 'E': 'awning-tricycle'}",C,C,A,car,0,0.38254523277282715
0000276_04401_d_0000529.jpg,/home/brisic03/VisDrone/VisDrone2019-DET-val/images/0000276_04401_d_0000529.jpg,counting,How many trucks are visible in the drone image?,"{'A': '0', 'B': '1', 'C': '2', 'D': '3', 'E': '4 or more'}",E,E,E,4 or more,1,0.3809967041015625
0000276_04401_d_0000529.jpg,/home/brisic03/VisDrone/VisDrone2019-DET-val/images/0000276_04401_d_0000529.jpg,most_frequent,Which object type appears most often in the drone image?,"{'A': 'car', 'B': 'motor', 'C': 'bus', 'D': 'pedestrian', 'E': 'awning-tricycle'}",A,A,A,car,1,0.37186145782470703
0000276_04401_d_0000529.jpg,/home/brisic03/VisDrone/VisDrone2019-DET-val/images/0000276_04401_d_0000529.jpg,location,Where is the largest truck located in the image?,"{'A': 'top-left', 'B': 'top-right', 'C': 'bottom-left', 'D': 'bottom-right', 'E': 'center'}",A,A,C,bottom-left,0,0.36698317527770996
0000276_04601_d_0000530.jpg,/home/brisic03/VisDrone/VisDrone2019-DET-val/images/0000276_04601_d_0000530.jpg,presence,Which object type is visible in the drone image?,"{'A': 'bus', 'B': 'motor', 'C': 'tricycle', 'D': 'truck', 'E': 'car'}",C,C,E,car,0,0.36728954315185547
0000276_04601_d_0000530.jpg,/home/brisic03/VisDrone/VisDrone2019-DET-val/images/0000276_04601_d_0000530.jpg,counting,How many trucks are visible in the drone image?,"{'A': '0', 'B': '1', 'C': '2', 'D': '3', 'E': '4 or more'}",D,D,B,1,0,0.3692288398742676
0000276_04601_d_0000530.jpg,/home/brisic03/VisDrone/VisDrone2019-DET-val/images/0000276_04601_d_0000530.jpg,location,Where is the largest car located in the image?,"{'A': 'top-left', 'B': 'top-right', 'C': 'bottom-left', 'D': 'bottom-right', 'E': 'center'}",E,E,E,center,1,0.3659183979034424
0000276_04801_d_0000531.jpg,/home/brisic03/VisDrone/VisDrone2019-DET-val/images/0000276_04801_d_0000531.jpg,presence,Which object type is visible in the drone image?,"{'A': 'truck', 'B': 'bus', 'C': 'van', 'D': 'car', 'E': 'awning-tricycle'}",D,D,A,truck,0,0.36537671089172363
0000276_04801_d_0000531.jpg,/home/brisic03/VisDrone/VisDrone2019-DET-val/images/0000276_04801_d_0000531.jpg,counting,How many trucks are visible in the drone image?,"{'A': '0', 'B': '1', 'C': '2', 'D': '3', 'E': '4 or more'}",E,E,D,3,0,0.3665168285369873
0000276_04801_d_0000531.jpg,/home/brisic03/VisDrone/VisDrone2019-DET-val/images/0000276_04801_d_0000531.jpg,most_frequent,Which object type appears most often in the drone image?,"{'A': 'truck', 'B': 'bus', 'C': 'awning-tricycle', 'D': 'car', 'E': 'motor'}",A,A,A,truck,1,0.36702847480773926
0000276_04801_d_0000531.jpg,/home/brisic03/VisDrone/VisDrone2019-DET-val/images/0000276_04801_d_0000531.jpg,location,Where is the largest truck located in the image?,"{'A': 'top-left', 'B': 'top-right', 'C': 'bottom-left', 'D': 'bottom-right', 'E': 'center'}",B,B,E,center,0,0.36710047721862793
0000276_05001_d_0000532.jpg,/home/brisic03/VisDrone/VisDrone2019-DET-val/images/0000276_05001_d_0000532.jpg,presence,Which object type is visible in the drone image?,"{'A': 'bus', 'B': 'tricycle', 'C': 'awning-tricycle', 'D': 'car', 'E': 'motor'}",B,B,D,car,0,0.36591625213623047
0000276_05001_d_0000532.jpg,/home/brisic03/VisDrone/VisDrone2019-DET-val/images/0000276_05001_d_0000532.jpg,counting,How many cars are visible in the drone image?,"{'A': '0', 'B': '1', 'C': '2', 'D': '3', 'E': '4 or more'}",A,A,C,2,0,0.36539673805236816
0000276_05001_d_0000532.jpg,/home/brisic03/VisDrone/VisDrone2019-DET-val/images/0000276_05001_d_0000532.jpg,most_frequent,Which object type appears most often in the drone image?,"{'A': 'pedestrian', 'B': 'van', 'C': 'car', 'D': 'people', 'E': 'awning-tricycle'}",C,C,C,car,1,0.36437439918518066
0000276_05001_d_0000532.jpg,/home/brisic03/VisDrone/VisDrone2019-DET-val/images/0000276_05001_d_0000532.jpg,location,Where is the largest car located in the image?,"{'A': 'top-left', 'B': 'top-right', 'C': 'bottom-left', 'D': 'bottom-right', 'E': 'center'}",E,E,E,center,1,0.36775922775268555
0000276_05201_d_0000533.jpg,/home/brisic03/VisDrone/VisDrone2019-DET-val/images/0000276_05201_d_0000533.jpg,presence,Which object type is visible in the drone image?,"{'A': 'bus', 'B': 'van', 'C': 'tricycle', 'D': 'truck', 'E': 'car'}",C,C,E,car,0,0.36566662788391113
0000276_05201_d_0000533.jpg,/home/brisic03/VisDrone/VisDrone2019-DET-val/images/0000276_05201_d_0000533.jpg,counting,How many cars are visible in the drone image?,"{'A': '0', 'B': '1', 'C': '2', 'D': '3', 'E': '4 or more'}",D,D,D,3,1,0.3653101921081543
0000276_05201_d_0000533.jpg,/home/brisic03/VisDrone/VisDrone2019-DET-val/images/0000276_05201_d_0000533.jpg,most_frequent,Which object type appears most often in the drone image?,"{'A': 'bus', 'B': 'awning-tricycle', 'C': 'pedestrian', 'D': 'car', 'E': 'motor'}",D,D,D,car,1,0.36451196670532227
0000276_05201_d_0000533.jpg,/home/brisic03/VisDrone/VisDrone2019-DET-val/images/0000276_05201_d_0000533.jpg,location,Where is the largest car located in the image?,"{'A': 'top-left', 'B': 'top-right', 'C': 'bottom-left', 'D': 'bottom-right', 'E': 'center'}",E,E,E,center,1,0.3790123462677002
0000276_06001_d_0000537.jpg,/home/brisic03/VisDrone/VisDrone2019-DET-val/images/0000276_06001_d_0000537.jpg,presence,Which object type is visible in the drone image?,"{'A': 'car', 'B': 'truck', 'C': 'bicycle', 'D': 'bus', 'E': 'awning-tricycle'}",A,A,B,truck,0,0.3869295120239258
0000276_06001_d_0000537.jpg,/home/brisic03/VisDrone/VisDrone2019-DET-val/images/0000276_06001_d_0000537.jpg,counting,How many trucks are visible in the drone image?,"{'A': '0', 'B': '1', 'C': '2', 'D': '3', 'E': '4 or more'}",D,D,B,1,0,0.3763539791107178
0000276_06001_d_0000537.jpg,/home/brisic03/VisDrone/VisDrone2019-DET-val/images/0000276_06001_d_0000537.jpg,most_frequent,Which object type appears most often in the drone image?,"{'A': 'people', 'B': 'motor', 'C': 'tricycle', 'D': 'awning-tricycle', 'E': 'truck'}",C,C,E,truck,0,0.3783435821533203
0000276_06001_d_0000537.jpg,/home/brisic03/VisDrone/VisDrone2019-DET-val/images/0000276_06001_d_0000537.jpg,location,Where is the largest truck located in the image?,"{'A': 'top-left', 'B': 'top-right', 'C': 'bottom-left', 'D': 'bottom-right', 'E': 'center'}",B,B,B,top-right,1,0.3709874153137207
0000277_00001_d_0000539.jpg,/home/brisic03/VisDrone/VisDrone2019-DET-val/images/0000277_00001_d_0000539.jpg,presence,Which object type is visible in the drone image?,"{'A': 'people', 'B': 'tricycle', 'C': 'car', 'D': 'motor', 'E': 'truck'}",A,A,A,people,1,0.3658719062805176
0000277_00001_d_0000539.jpg,/home/brisic03/VisDrone/VisDrone2019-DET-val/images/0000277_00001_d_0000539.jpg,counting,How many motors are visible in the drone image?,"{'A': '0', 'B': '1', 'C': '2', 'D': '3', 'E': '4 or more'}",A,A,B,1,0,0.36643552780151367
0000277_00001_d_0000539.jpg,/home/brisic03/VisDrone/VisDrone2019-DET-val/images/0000277_00001_d_0000539.jpg,most_frequent,Which object type appears most often in the drone image?,"{'A': 'bus', 'B': 'tricycle', 'C': 'bicycle', 'D': 'pedestrian', 'E': 'car'}",E,E,E,car,1,0.37957167625427246
0000277_00001_d_0000539.jpg,/home/brisic03/VisDrone/VisDrone2019-DET-val/images/0000277_00001_d_0000539.jpg,location,Where is the largest bus located in the image?,"{'A': 'top-left', 'B': 'top-right', 'C': 'bottom-left', 'D': 'bottom-right', 'E': 'center'}",C,C,C,bottom-left,1,0.38838768005371094
0000277_00201_d_0000540.jpg,/home/brisic03/VisDrone/VisDrone2019-DET-val/images/0000277_00201_d_0000540.jpg,presence,Which object type is visible in the drone image?,"{'A': 'van', 'B': 'awning-tricycle', 'C': 'bus', 'D': 'tricycle', 'E': 'pedestrian'}",D,D,A,van,0,0.3760497570037842
0000277_00201_d_0000540.jpg,/home/brisic03/VisDrone/VisDrone2019-DET-val/images/0000277_00201_d_0000540.jpg,counting,How many cars are visible in the drone image?,"{'A': '0', 'B': '1', 'C': '2', 'D': '3', 'E': '4 or more'}",E,E,E,4 or more,1,0.3778061866760254
0000277_00201_d_0000540.jpg,/home/brisic03/VisDrone/VisDrone2019-DET-val/images/0000277_00201_d_0000540.jpg,most_frequent,Which object type appears most often in the drone image?,"{'A': 'awning-tricycle', 'B': 'car', 'C': 'truck', 'D': 'tricycle', 'E': 'motor'}",B,B,B,car,1,0.3738217353820801
0000277_00201_d_0000540.jpg,/home/brisic03/VisDrone/VisDrone2019-DET-val/images/0000277_00201_d_0000540.jpg,location,Where is the largest car located in the image?,"{'A': 'top-left', 'B': 'top-right', 'C': 'bottom-left', 'D': 'bottom-right', 'E': 'center'}",A,A,E,center,0,0.3682065010070801
0000277_00401_d_0000541.jpg,/home/brisic03/VisDrone/VisDrone2019-DET-val/images/0000277_00401_d_0000541.jpg,presence,Which object type is visible in the drone image?,"{'A': 'tricycle', 'B': 'motor', 'C': 'bus', 'D': 'bicycle', 'E': 'car'}",D,D,C,bus,0,0.36530089378356934
0000277_00401_d_0000541.jpg,/home/brisic03/VisDrone/VisDrone2019-DET-val/images/0000277_00401_d_0000541.jpg,counting,How many vans are visible in the drone image?,"{'A': '0', 'B': '1', 'C': '2', 'D': '3', 'E': '4 or more'}",D,D,D,3,1,0.36571693420410156
0000277_00401_d_0000541.jpg,/home/brisic03/VisDrone/VisDrone2019-DET-val/images/0000277_00401_d_0000541.jpg,most_frequent,Which object type appears most often in the drone image?,"{'A': 'tricycle', 'B': 'car', 'C': 'people', 'D': 'awning-tricycle', 'E': 'truck'}",B,B,B,car,1,0.3798487186431885
0000277_00401_d_0000541.jpg,/home/brisic03/VisDrone/VisDrone2019-DET-val/images/0000277_00401_d_0000541.jpg,location,Where is the largest car located in the image?,"{'A': 'top-left', 'B': 'top-right', 'C': 'bottom-left', 'D': 'bottom-right', 'E': 'center'}",E,E,E,center,1,0.38892698287963867
0000277_01401_d_0000546.jpg,/home/brisic03/VisDrone/VisDrone2019-DET-val/images/0000277_01401_d_0000546.jpg,presence,Which object type is visible in the drone image?,"{'A': 'pedestrian', 'B': 'awning-tricycle', 'C': 'van', 'D': 'car', 'E': 'motor'}",A,A,A,pedestrian,1,0.3755981922149658
0000277_01401_d_0000546.jpg,/home/brisic03/VisDrone/VisDrone2019-DET-val/images/0000277_01401_d_0000546.jpg,counting,How many peoples are visible in the drone image?,"{'A': '0', 'B': '1', 'C': '2', 'D': '3', 'E': '4 or more'}",E,E,C,2,0,0.3763132095336914
0000277_01401_d_0000546.jpg,/home/brisic03/VisDrone/VisDrone2019-DET-val/images/0000277_01401_d_0000546.jpg,most_frequent,Which object type appears most often in the drone image?,"{'A': 'motor', 'B': 'bus', 'C': 'tricycle', 'D': 'car', 'E': 'truck'}",D,D,D,car,1,0.37122321128845215
0000277_01401_d_0000546.jpg,/home/brisic03/VisDrone/VisDrone2019-DET-val/images/0000277_01401_d_0000546.jpg,location,Where is the largest car located in the image?,"{'A': 'top-left', 'B': 'top-right', 'C': 'bottom-left', 'D': 'bottom-right', 'E': 'center'}",B,B,E,center,0,0.3681826591491699
0000277_01601_d_0000547.jpg,/home/brisic03/VisDrone/VisDrone2019-DET-val/images/0000277_01601_d_0000547.jpg,presence,Which object type is visible in the drone image?,"{'A': 'people', 'B': 'bicycle', 'C': 'pedestrian', 'D': 'awning-tricycle', 'E': 'car'}",B,B,A,people,0,0.3665437698364258
0000277_01601_d_0000547.jpg,/home/brisic03/VisDrone/VisDrone2019-DET-val/images/0000277_01601_d_0000547.jpg,counting,How many motors are visible in the drone image?,"{'A': '0', 'B': '1', 'C': '2', 'D': '3', 'E': '4 or more'}",A,A,C,2,0,0.365966796875
0000277_01601_d_0000547.jpg,/home/brisic03/VisDrone/VisDrone2019-DET-val/images/0000277_01601_d_0000547.jpg,most_frequent,Which object type appears most often in the drone image?,"{'A': 'bicycle', 'B': 'van', 'C': 'motor', 'D': 'bus', 'E': 'car'}",E,E,E,car,1,0.3668811321258545
0000277_01601_d_0000547.jpg,/home/brisic03/VisDrone/VisDrone2019-DET-val/images/0000277_01601_d_0000547.jpg,location,Where is the largest car located in the image?,"{'A': 'top-left', 'B': 'top-right', 'C': 'bottom-left', 'D': 'bottom-right', 'E': 'center'}",A,A,E,center,0,0.36705660820007324
0000277_01801_d_0000548.jpg,/home/brisic03/VisDrone/VisDrone2019-DET-val/images/0000277_01801_d_0000548.jpg,presence,Which object type is visible in the drone image?,"{'A': 'car', 'B': 'people', 'C': 'truck', 'D': 'van', 'E': 'bus'}",A,A,A,car,1,0.36425089836120605
0000277_01801_d_0000548.jpg,/home/brisic03/VisDrone/VisDrone2019-DET-val/images/0000277_01801_d_0000548.jpg,counting,How many trucks are visible in the drone image?,"{'A': '0', 'B': '1', 'C': '2', 'D': '3', 'E': '4 or more'}",E,E,C,2,0,0.36510515213012695
0000277_01801_d_0000548.jpg,/home/brisic03/VisDrone/VisDrone2019-DET-val/images/0000277_01801_d_0000548.jpg,most_frequent,Which object type appears most often in the drone image?,"{'A': 'awning-tricycle', 'B': 'bicycle', 'C': 'car', 'D': 'pedestrian', 'E': 'truck'}",C,C,C,car,1,0.3672471046447754
0000277_01801_d_0000548.jpg,/home/brisic03/VisDrone/VisDrone2019-DET-val/images/0000277_01801_d_0000548.jpg,location,Where is the largest car located in the image?,"{'A': 'top-left', 'B': 'top-right', 'C': 'bottom-left', 'D': 'bottom-right', 'E': 'center'}",E,E,E,center,1,0.3826406002044678
0000277_02001_d_0000549.jpg,/home/brisic03/VisDrone/VisDrone2019-DET-val/images/0000277_02001_d_0000549.jpg,presence,Which object type is visible in the drone image?,"{'A': 'people', 'B': 'car', 'C': 'van', 'D': 'truck', 'E': 'bus'}",A,A,C,van,0,0.3888230323791504
0000277_02001_d_0000549.jpg,/home/brisic03/VisDrone/VisDrone2019-DET-val/images/0000277_02001_d_0000549.jpg,counting,How many vans are visible in the drone image?,"{'A': '0', 'B': '1', 'C': '2', 'D': '3', 'E': '4 or more'}",E,E,E,4 or more,1,0.38510990142822266
0000277_02001_d_0000549.jpg,/home/brisic03/VisDrone/VisDrone2019-DET-val/images/0000277_02001_d_0000549.jpg,most_frequent,Which object type appears most often in the drone image?,"{'A': 'car', 'B': 'people', 'C': 'pedestrian', 'D': 'van', 'E': 'bicycle'}",A,A,A,car,1,0.38179445266723633
0000277_02001_d_0000549.jpg,/home/brisic03/VisDrone/VisDrone2019-DET-val/images/0000277_02001_d_0000549.jpg,location,Where is the largest truck located in the image?,"{'A': 'top-left', 'B': 'top-right', 'C': 'bottom-left', 'D': 'bottom-right', 'E': 'center'}",E,E,E,center,1,0.37360525131225586
0000277_02201_d_0000550.jpg,/home/brisic03/VisDrone/VisDrone2019-DET-val/images/0000277_02201_d_0000550.jpg,presence,Which object type is visible in the drone image?,"{'A': 'truck', 'B': 'bicycle', 'C': 'pedestrian', 'D': 'awning-tricycle', 'E': 'motor'}",C,C,A,truck,0,0.3685123920440674
0000277_02201_d_0000550.jpg,/home/brisic03/VisDrone/VisDrone2019-DET-val/images/0000277_02201_d_0000550.jpg,counting,How many cars are visible in the drone image?,"{'A': '0', 'B': '1', 'C': '2', 'D': '3', 'E': '4 or more'}",E,E,E,4 or more,1,0.37183189392089844
0000277_02201_d_0000550.jpg,/home/brisic03/VisDrone/VisDrone2019-DET-val/images/0000277_02201_d_0000550.jpg,most_frequent,Which object type appears most often in the drone image?,"{'A': 'awning-tricycle', 'B': 'car', 'C': 'van', 'D': 'truck', 'E': 'people'}",B,B,B,car,1,0.36953020095825195
0000277_02201_d_0000550.jpg,/home/brisic03/VisDrone/VisDrone2019-DET-val/images/0000277_02201_d_0000550.jpg,location,Where is the largest car located in the image?,"{'A': 'top-left', 'B': 'top-right', 'C': 'bottom-left', 'D': 'bottom-right', 'E': 'center'}",E,E,E,center,1,0.3666250705718994
0000277_02401_d_0000551.jpg,/home/brisic03/VisDrone/VisDrone2019-DET-val/images/0000277_02401_d_0000551.jpg,presence,Which object type is visible in the drone image?,"{'A': 'motor', 'B': 'bicycle', 'C': 'people', 'D': 'car', 'E': 'truck'}",A,A,D,car,0,0.3638341426849365
0000277_02401_d_0000551.jpg,/home/brisic03/VisDrone/VisDrone2019-DET-val/images/0000277_02401_d_0000551.jpg,counting,How many pedestrians are visible in the drone image?,"{'A': '0', 'B': '1', 'C': '2', 'D': '3', 'E': '4 or more'}",A,A,B,1,0,0.3658449649810791
0000277_02401_d_0000551.jpg,/home/brisic03/VisDrone/VisDrone2019-DET-val/images/0000277_02401_d_0000551.jpg,most_frequent,Which object type appears most often in the drone image?,"{'A': 'pedestrian', 'B': 'truck', 'C': 'car', 'D': 'van', 'E': 'people'}",C,C,C,car,1,0.36656737327575684
0000277_02401_d_0000551.jpg,/home/brisic03/VisDrone/VisDrone2019-DET-val/images/0000277_02401_d_0000551.jpg,location,Where is the largest car located in the image?,"{'A': 'top-left', 'B': 'top-right', 'C': 'bottom-left', 'D': 'bottom-right', 'E': 'center'}",E,E,E,center,1,0.36614084243774414
0000277_02601_d_0000552.jpg,/home/brisic03/VisDrone/VisDrone2019-DET-val/images/0000277_02601_d_0000552.jpg,presence,Which object type is visible in the drone image?,"{'A': 'people', 'B': 'bus', 'C': 'tricycle', 'D': 'car', 'E': 'awning-tricycle'}",C,C,E,awning-tricycle,0,0.3674323558807373
0000277_02601_d_0000552.jpg,/home/brisic03/VisDrone/VisDrone2019-DET-val/images/0000277_02601_d_0000552.jpg,counting,How many vans are visible in the drone image?,"{'A': '0', 'B': '1', 'C': '2', 'D': '3', 'E': '4 or more'}",E,E,C,2,0,0.3674476146697998
0000277_02601_d_0000552.jpg,/home/brisic03/VisDrone/VisDrone2019-DET-val/images/0000277_02601_d_0000552.jpg,most_frequent,Which object type appears most often in the drone image?,"{'A': 'pedestrian', 'B': 'car', 'C': 'van', 'D': 'people', 'E': 'awning-tricycle'}",B,B,B,car,1,0.37033963203430176
0000277_02601_d_0000552.jpg,/home/brisic03/VisDrone/VisDrone2019-DET-val/images/0000277_02601_d_0000552.jpg,location,Where is the largest van located in the image?,"{'A': 'top-left', 'B': 'top-right', 'C': 'bottom-left', 'D': 'bottom-right', 'E': 'center'}",B,B,E,center,0,0.3674352169036865
0000277_03201_d_0000554.jpg,/home/brisic03/VisDrone/VisDrone2019-DET-val/images/0000277_03201_d_0000554.jpg,presence,Which object type is visible in the drone image?,"{'A': 'pedestrian', 'B': 'van', 'C': 'truck', 'D': 'bicycle', 'E': 'motor'}",D,D,D,bicycle,1,0.36577916145324707
0000277_03201_d_0000554.jpg,/home/brisic03/VisDrone/VisDrone2019-DET-val/images/0000277_03201_d_0000554.jpg,counting,How many cars are visible in the drone image?,"{'A': '0', 'B': '1', 'C': '2', 'D': '3', 'E': '4 or more'}",E,E,E,4 or more,1,0.3660242557525635
0000277_03201_d_0000554.jpg,/home/brisic03/VisDrone/VisDrone2019-DET-val/images/0000277_03201_d_0000554.jpg,most_frequent,Which object type appears most often in the drone image?,"{'A': 'car', 'B': 'motor', 'C': 'truck', 'D': 'people', 'E': 'pedestrian'}",A,A,A,car,1,0.36582493782043457
0000277_03201_d_0000554.jpg,/home/brisic03/VisDrone/VisDrone2019-DET-val/images/0000277_03201_d_0000554.jpg,location,Where is the largest car located in the image?,"{'A': 'top-left', 'B': 'top-right', 'C': 'bottom-left', 'D': 'bottom-right', 'E': 'center'}",B,B,E,center,0,0.3883066177368164
0000277_03401_d_0000555.jpg,/home/brisic03/VisDrone/VisDrone2019-DET-val/images/0000277_03401_d_0000555.jpg,presence,Which object type is visible in the drone image?,"{'A': 'car', 'B': 'bicycle', 'C': 'motor', 'D': 'awning-tricycle', 'E': 'tricycle'}",C,C,A,car,0,0.4044914245605469
0000277_03401_d_0000555.jpg,/home/brisic03/VisDrone/VisDrone2019-DET-val/images/0000277_03401_d_0000555.jpg,counting,How many peoples are visible in the drone image?,"{'A': '0', 'B': '1', 'C': '2', 'D': '3', 'E': '4 or more'}",A,A,D,3,0,0.4085524082183838
0000277_03401_d_0000555.jpg,/home/brisic03/VisDrone/VisDrone2019-DET-val/images/0000277_03401_d_0000555.jpg,most_frequent,Which object type appears most often in the drone image?,"{'A': 'bus', 'B': 'awning-tricycle', 'C': 'people', 'D': 'car', 'E': 'tricycle'}",E,E,D,car,0,0.391157865524292
0000277_03401_d_0000555.jpg,/home/brisic03/VisDrone/VisDrone2019-DET-val/images/0000277_03401_d_0000555.jpg,location,Where is the largest van located in the image?,"{'A': 'top-left', 'B': 'top-right', 'C': 'bottom-left', 'D': 'bottom-right', 'E': 'center'}",B,B,E,center,0,0.377408504486084
0000277_03601_d_0000556.jpg,/home/brisic03/VisDrone/VisDrone2019-DET-val/images/0000277_03601_d_0000556.jpg,presence,Which object type is visible in the drone image?,"{'A': 'bus', 'B': 'van', 'C': 'people', 'D': 'motor', 'E': 'car'}",C,C,B,van,0,0.37683749198913574
0000277_03601_d_0000556.jpg,/home/brisic03/VisDrone/VisDrone2019-DET-val/images/0000277_03601_d_0000556.jpg,counting,How many tricycles are visible in the drone image?,"{'A': '0', 'B': '1', 'C': '2', 'D': '3', 'E': '4 or more'}",D,D,B,1,0,0.3744957447052002
0000277_03601_d_0000556.jpg,/home/brisic03/VisDrone/VisDrone2019-DET-val/images/0000277_03601_d_0000556.jpg,most_frequent,Which object type appears most often in the drone image?,"{'A': 'people', 'B': 'motor', 'C': 'awning-tricycle', 'D': 'car', 'E': 'van'}",A,A,D,car,0,0.3688359260559082
0000277_03601_d_0000556.jpg,/home/brisic03/VisDrone/VisDrone2019-DET-val/images/0000277_03601_d_0000556.jpg,location,Where is the largest car located in the image?,"{'A': 'top-left', 'B': 'top-right', 'C': 'bottom-left', 'D': 'bottom-right', 'E': 'center'}",E,E,C,bottom-left,0,0.3659226894378662
0000277_04001_d_0000558.jpg,/home/brisic03/VisDrone/VisDrone2019-DET-val/images/0000277_04001_d_0000558.jpg,presence,Which object type is visible in the drone image?,"{'A': 'awning-tricycle', 'B': 'van', 'C': 'people', 'D': 'truck', 'E': 'pedestrian'}",A,A,E,pedestrian,0,0.3668498992919922
0000277_04001_d_0000558.jpg,/home/brisic03/VisDrone/VisDrone2019-DET-val/images/0000277_04001_d_0000558.jpg,counting,How many pedestrians are visible in the drone image?,"{'A': '0', 'B': '1', 'C': '2', 'D': '3', 'E': '4 or more'}",E,E,D,3,0,0.3689594268798828
0000277_04001_d_0000558.jpg,/home/brisic03/VisDrone/VisDrone2019-DET-val/images/0000277_04001_d_0000558.jpg,most_frequent,Which object type appears most often in the drone image?,"{'A': 'van', 'B': 'awning-tricycle', 'C': 'bicycle', 'D': 'tricycle', 'E': 'car'}",D,D,E,car,0,0.36698341369628906
0000277_04001_d_0000558.jpg,/home/brisic03/VisDrone/VisDrone2019-DET-val/images/0000277_04001_d_0000558.jpg,location,Where is the largest car located in the image?,"{'A': 'top-left', 'B': 'top-right', 'C': 'bottom-left', 'D': 'bottom-right', 'E': 'center'}",E,E,E,center,1,0.36549806594848633
0000277_04201_d_0000559.jpg,/home/brisic03/VisDrone/VisDrone2019-DET-val/images/0000277_04201_d_0000559.jpg,presence,Which object type is visible in the drone image?,"{'A': 'pedestrian', 'B': 'truck', 'C': 'motor', 'D': 'van', 'E': 'tricycle'}",B,B,D,van,0,0.3653576374053955
0000277_04201_d_0000559.jpg,/home/brisic03/VisDrone/VisDrone2019-DET-val/images/0000277_04201_d_0000559.jpg,counting,How many pedestrians are visible in the drone image?,"{'A': '0', 'B': '1', 'C': '2', 'D': '3', 'E': '4 or more'}",E,E,C,2,0,0.3674952983856201
0000277_04201_d_0000559.jpg,/home/brisic03/VisDrone/VisDrone2019-DET-val/images/0000277_04201_d_0000559.jpg,most_frequent,Which object type appears most often in the drone image?,"{'A': 'bus', 'B': 'van', 'C': 'car', 'D': 'motor', 'E': 'tricycle'}",C,C,C,car,1,0.3667140007019043
0000277_04201_d_0000559.jpg,/home/brisic03/VisDrone/VisDrone2019-DET-val/images/0000277_04201_d_0000559.jpg,location,Where is the largest car located in the image?,"{'A': 'top-left', 'B': 'top-right', 'C': 'bottom-left', 'D': 'bottom-right', 'E': 'center'}",E,E,E,center,1,0.36738014221191406
0000277_04401_d_0000560.jpg,/home/brisic03/VisDrone/VisDrone2019-DET-val/images/0000277_04401_d_0000560.jpg,presence,Which object type is visible in the drone image?,"{'A': 'tricycle', 'B': 'bus', 'C': 'motor', 'D': 'van', 'E': 'car'}",A,A,E,car,0,0.36488842964172363
0000277_04401_d_0000560.jpg,/home/brisic03/VisDrone/VisDrone2019-DET-val/images/0000277_04401_d_0000560.jpg,counting,How many trucks are visible in the drone image?,"{'A': '0', 'B': '1', 'C': '2', 'D': '3', 'E': '4 or more'}",D,D,B,1,0,0.3661785125732422
0000277_04401_d_0000560.jpg,/home/brisic03/VisDrone/VisDrone2019-DET-val/images/0000277_04401_d_0000560.jpg,most_frequent,Which object type appears most often in the drone image?,"{'A': 'car', 'B': 'tricycle', 'C': 'awning-tricycle', 'D': 'bicycle', 'E': 'motor'}",A,A,A,car,1,0.3675100803375244
0000277_04401_d_0000560.jpg,/home/brisic03/VisDrone/VisDrone2019-DET-val/images/0000277_04401_d_0000560.jpg,location,Where is the largest car located in the image?,"{'A': 'top-left', 'B': 'top-right', 'C': 'bottom-left', 'D': 'bottom-right', 'E': 'center'}",E,E,E,center,1,0.3674278259277344
0000277_04601_d_0000561.jpg,/home/brisic03/VisDrone/VisDrone2019-DET-val/images/0000277_04601_d_0000561.jpg,presence,Which object type is visible in the drone image?,"{'A': 'motor', 'B': 'people', 'C': 'van', 'D': 'bicycle', 'E': 'tricycle'}",A,A,E,tricycle,0,0.3669431209564209
0000277_04601_d_0000561.jpg,/home/brisic03/VisDrone/VisDrone2019-DET-val/images/0000277_04601_d_0000561.jpg,counting,How many cars are visible in the drone image?,"{'A': '0', 'B': '1', 'C': '2', 'D': '3', 'E': '4 or more'}",E,E,E,4 or more,1,0.37102317810058594
0000277_04601_d_0000561.jpg,/home/brisic03/VisDrone/VisDrone2019-DET-val/images/0000277_04601_d_0000561.jpg,most_frequent,Which object type appears most often in the drone image?,"{'A': 'pedestrian', 'B': 'people', 'C': 'car', 'D': 'van', 'E': 'truck'}",C,C,C,car,1,0.3732278347015381
0000277_04601_d_0000561.jpg,/home/brisic03/VisDrone/VisDrone2019-DET-val/images/0000277_04601_d_0000561.jpg,location,Where is the largest car located in the image?,"{'A': 'top-left', 'B': 'top-right', 'C': 'bottom-left', 'D': 'bottom-right', 'E': 'center'}",E,E,D,bottom-right,0,0.3673868179321289
0000277_05001_d_0000562.jpg,/home/brisic03/VisDrone/VisDrone2019-DET-val/images/0000277_05001_d_0000562.jpg,presence,Which object type is visible in the drone image?,"{'A': 'awning-tricycle', 'B': 'bicycle', 'C': 'tricycle', 'D': 'bus', 'E': 'people'}",C,C,E,people,0,0.3648707866668701
0000277_05001_d_0000562.jpg,/home/brisic03/VisDrone/VisDrone2019-DET-val/images/0000277_05001_d_0000562.jpg,counting,How many vans are visible in the drone image?,"{'A': '0', 'B': '1', 'C': '2', 'D': '3', 'E': '4 or more'}",E,E,B,1,0,0.3653147220611572
0000277_05001_d_0000562.jpg,/home/brisic03/VisDrone/VisDrone2019-DET-val/images/0000277_05001_d_0000562.jpg,most_frequent,Which object type appears most often in the drone image?,"{'A': 'motor', 'B': 'truck', 'C': 'car', 'D': 'tricycle', 'E': 'bicycle'}",C,C,C,car,1,0.3738832473754883
0000277_05001_d_0000562.jpg,/home/brisic03/VisDrone/VisDrone2019-DET-val/images/0000277_05001_d_0000562.jpg,location,Where is the largest car located in the image?,"{'A': 'top-left', 'B': 'top-right', 'C': 'bottom-left', 'D': 'bottom-right', 'E': 'center'}",E,E,D,bottom-right,0,0.3773078918457031
0000280_00001_d_0000612.jpg,/home/brisic03/VisDrone/VisDrone2019-DET-val/images/0000280_00001_d_0000612.jpg,presence,Which object type is visible in the drone image?,"{'A': 'car', 'B': 'van', 'C': 'truck', 'D': 'motor', 'E': 'people'}",A,A,D,motor,0,0.36780357360839844
0000280_00001_d_0000612.jpg,/home/brisic03/VisDrone/VisDrone2019-DET-val/images/0000280_00001_d_0000612.jpg,counting,How many tricycles are visible in the drone image?,"{'A': '0', 'B': '1', 'C': '2', 'D': '3', 'E': '4 or more'}",D,D,B,1,0,0.37035155296325684
0000280_00001_d_0000612.jpg,/home/brisic03/VisDrone/VisDrone2019-DET-val/images/0000280_00001_d_0000612.jpg,most_frequent,Which object type appears most often in the drone image?,"{'A': 'bus', 'B': 'pedestrian', 'C': 'awning-tricycle', 'D': 'car', 'E': 'van'}",D,D,D,car,1,0.37077879905700684
0000280_00001_d_0000612.jpg,/home/brisic03/VisDrone/VisDrone2019-DET-val/images/0000280_00001_d_0000612.jpg,location,Where is the largest car located in the image?,"{'A': 'top-left', 'B': 'top-right', 'C': 'bottom-left', 'D': 'bottom-right', 'E': 'center'}",E,E,C,bottom-left,0,0.3667268753051758
0000280_00201_d_0000613.jpg,/home/brisic03/VisDrone/VisDrone2019-DET-val/images/0000280_00201_d_0000613.jpg,presence,Which object type is visible in the drone image?,"{'A': 'truck', 'B': 'pedestrian', 'C': 'awning-tricycle', 'D': 'van', 'E': 'motor'}",C,C,B,pedestrian,0,0.3656156063079834
0000280_00201_d_0000613.jpg,/home/brisic03/VisDrone/VisDrone2019-DET-val/images/0000280_00201_d_0000613.jpg,counting,How many bicycles are visible in the drone image?,"{'A': '0', 'B': '1', 'C': '2', 'D': '3', 'E': '4 or more'}",A,A,B,1,0,0.37883830070495605
0000280_00201_d_0000613.jpg,/home/brisic03/VisDrone/VisDrone2019-DET-val/images/0000280_00201_d_0000613.jpg,most_frequent,Which object type appears most often in the drone image?,"{'A': 'car', 'B': 'awning-tricycle', 'C': 'bus', 'D': 'bicycle', 'E': 'pedestrian'}",A,A,A,car,1,0.393632173538208
0000280_00201_d_0000613.jpg,/home/brisic03/VisDrone/VisDrone2019-DET-val/images/0000280_00201_d_0000613.jpg,location,Where is the largest car located in the image?,"{'A': 'top-left', 'B': 'top-right', 'C': 'bottom-left', 'D': 'bottom-right', 'E': 'center'}",E,E,D,bottom-right,0,0.3783376216888428
0000280_00401_d_0000614.jpg,/home/brisic03/VisDrone/VisDrone2019-DET-val/images/0000280_00401_d_0000614.jpg,presence,Which object type is visible in the drone image?,"{'A': 'car', 'B': 'tricycle', 'C': 'truck', 'D': 'van', 'E': 'motor'}",B,B,E,motor,0,0.383256196975708
0000280_00401_d_0000614.jpg,/home/brisic03/VisDrone/VisDrone2019-DET-val/images/0000280_00401_d_0000614.jpg,counting,How many pedestrians are visible in the drone image?,"{'A': '0', 'B': '1', 'C': '2', 'D': '3', 'E': '4 or more'}",A,A,C,2,0,0.3758275508880615
0000280_00401_d_0000614.jpg,/home/brisic03/VisDrone/VisDrone2019-DET-val/images/0000280_00401_d_0000614.jpg,most_frequent,Which object type appears most often in the drone image?,"{'A': 'motor', 'B': 'bus', 'C': 'car', 'D': 'awning-tricycle', 'E': 'pedestrian'}",A,A,C,car,0,0.36946582794189453
0000280_00401_d_0000614.jpg,/home/brisic03/VisDrone/VisDrone2019-DET-val/images/0000280_00401_d_0000614.jpg,location,Where is the largest car located in the image?,"{'A': 'top-left', 'B': 'top-right', 'C': 'bottom-left', 'D': 'bottom-right', 'E': 'center'}",A,A,D,bottom-right,0,0.3661503791809082
0000280_00601_d_0000615.jpg,/home/brisic03/VisDrone/VisDrone2019-DET-val/images/0000280_00601_d_0000615.jpg,presence,Which object type is visible in the drone image?,"{'A': 'car', 'B': 'tricycle', 'C': 'van', 'D': 'bicycle', 'E': 'truck'}",D,D,C,van,0,0.36582183837890625
0000280_00601_d_0000615.jpg,/home/brisic03/VisDrone/VisDrone2019-DET-val/images/0000280_00601_d_0000615.jpg,counting,How many tricycles are visible in the drone image?,"{'A': '0', 'B': '1', 'C': '2', 'D': '3', 'E': '4 or more'}",D,D,B,1,0,0.36701536178588867
0000280_00601_d_0000615.jpg,/home/brisic03/VisDrone/VisDrone2019-DET-val/images/0000280_00601_d_0000615.jpg,most_frequent,Which object type appears most often in the drone image?,"{'A': 'pedestrian', 'B': 'tricycle', 'C': 'van', 'D': 'car', 'E': 'bicycle'}",D,D,D,car,1,0.36733007431030273
0000280_00601_d_0000615.jpg,/home/brisic03/VisDrone/VisDrone2019-DET-val/images/0000280_00601_d_0000615.jpg,location,Where is the largest car located in the image?,"{'A': 'top-left', 'B': 'top-right', 'C': 'bottom-left', 'D': 'bottom-right', 'E': 'center'}",A,A,D,bottom-right,0,0.36571407318115234
0000280_00801_d_0000616.jpg,/home/brisic03/VisDrone/VisDrone2019-DET-val/images/0000280_00801_d_0000616.jpg,presence,Which object type is visible in the drone image?,"{'A': 'bus', 'B': 'motor', 'C': 'bicycle', 'D': 'car', 'E': 'awning-tricycle'}",C,C,B,motor,0,0.36498379707336426
0000280_00801_d_0000616.jpg,/home/brisic03/VisDrone/VisDrone2019-DET-val/images/0000280_00801_d_0000616.jpg,counting,How many peoples are visible in the drone image?,"{'A': '0', 'B': '1', 'C': '2', 'D': '3', 'E': '4 or more'}",A,A,E,4 or more,0,0.36612558364868164
0000280_00801_d_0000616.jpg,/home/brisic03/VisDrone/VisDrone2019-DET-val/images/0000280_00801_d_0000616.jpg,most_frequent,Which object type appears most often in the drone image?,"{'A': 'tricycle', 'B': 'motor', 'C': 'car', 'D': 'bus', 'E': 'bicycle'}",C,C,C,car,1,0.3671255111694336
0000280_00801_d_0000616.jpg,/home/brisic03/VisDrone/VisDrone2019-DET-val/images/0000280_00801_d_0000616.jpg,location,Where is the largest car located in the image?,"{'A': 'top-left', 'B': 'top-right', 'C': 'bottom-left', 'D': 'bottom-right', 'E': 'center'}",A,A,E,center,0,0.36684393882751465
0000280_01001_d_0000617.jpg,/home/brisic03/VisDrone/VisDrone2019-DET-val/images/0000280_01001_d_0000617.jpg,presence,Which object type is visible in the drone image?,"{'A': 'pedestrian', 'B': 'motor', 'C': 'awning-tricycle', 'D': 'bus', 'E': 'car'}",C,C,E,car,0,0.36512255668640137
0000280_01001_d_0000617.jpg,/home/brisic03/VisDrone/VisDrone2019-DET-val/images/0000280_01001_d_0000617.jpg,counting,How many pedestrians are visible in the drone image?,"{'A': '0', 'B': '1', 'C': '2', 'D': '3', 'E': '4 or more'}",E,E,B,1,0,0.36672163009643555
0000280_01001_d_0000617.jpg,/home/brisic03/VisDrone/VisDrone2019-DET-val/images/0000280_01001_d_0000617.jpg,most_frequent,Which object type appears most often in the drone image?,"{'A': 'tricycle', 'B': 'car', 'C': 'people', 'D': 'bus', 'E': 'truck'}",C,C,B,car,0,0.36687445640563965
0000280_01001_d_0000617.jpg,/home/brisic03/VisDrone/VisDrone2019-DET-val/images/0000280_01001_d_0000617.jpg,location,Where is the largest car located in the image?,"{'A': 'top-left', 'B': 'top-right', 'C': 'bottom-left', 'D': 'bottom-right', 'E': 'center'}",E,E,D,bottom-right,0,0.36700940132141113
0000280_01201_d_0000618.jpg,/home/brisic03/VisDrone/VisDrone2019-DET-val/images/0000280_01201_d_0000618.jpg,presence,Which object type is visible in the drone image?,"{'A': 'truck', 'B': 'bus', 'C': 'motor', 'D': 'tricycle', 'E': 'van'}",D,D,C,motor,0,0.3654022216796875
0000280_01201_d_0000618.jpg,/home/brisic03/VisDrone/VisDrone2019-DET-val/images/0000280_01201_d_0000618.jpg,counting,How many vans are visible in the drone image?,"{'A': '0', 'B': '1', 'C': '2', 'D': '3', 'E': '4 or more'}",A,A,C,2,0,0.3900308609008789
0000280_01201_d_0000618.jpg,/home/brisic03/VisDrone/VisDrone2019-DET-val/images/0000280_01201_d_0000618.jpg,most_frequent,Which object type appears most often in the drone image?,"{'A': 'awning-tricycle', 'B': 'car', 'C': 'motor', 'D': 'bicycle', 'E': 'truck'}",B,B,B,car,1,0.4096405506134033
0000280_01201_d_0000618.jpg,/home/brisic03/VisDrone/VisDrone2019-DET-val/images/0000280_01201_d_0000618.jpg,location,Where is the largest van located in the image?,"{'A': 'top-left', 'B': 'top-right', 'C': 'bottom-left', 'D': 'bottom-right', 'E': 'center'}",C,C,C,bottom-left,1,0.3975400924682617
0000280_01401_d_0000619.jpg,/home/brisic03/VisDrone/VisDrone2019-DET-val/images/0000280_01401_d_0000619.jpg,presence,Which object type is visible in the drone image?,"{'A': 'motor', 'B': 'bus', 'C': 'awning-tricycle', 'D': 'truck', 'E': 'tricycle'}",E,E,E,tricycle,1,0.40459561347961426
0000280_01401_d_0000619.jpg,/home/brisic03/VisDrone/VisDrone2019-DET-val/images/0000280_01401_d_0000619.jpg,counting,How many pedestrians are visible in the drone image?,"{'A': '0', 'B': '1', 'C': '2', 'D': '3', 'E': '4 or more'}",E,E,E,4 or more,1,0.39425110816955566
0000280_01401_d_0000619.jpg,/home/brisic03/VisDrone/VisDrone2019-DET-val/images/0000280_01401_d_0000619.jpg,most_frequent,Which object type appears most often in the drone image?,"{'A': 'motor', 'B': 'bus', 'C': 'pedestrian', 'D': 'awning-tricycle', 'E': 'car'}",E,E,E,car,1,0.3843250274658203
0000280_01401_d_0000619.jpg,/home/brisic03/VisDrone/VisDrone2019-DET-val/images/0000280_01401_d_0000619.jpg,location,Where is the largest car located in the image?,"{'A': 'top-left', 'B': 'top-right', 'C': 'bottom-left', 'D': 'bottom-right', 'E': 'center'}",E,E,D,bottom-right,0,0.3818809986114502
0000280_01601_d_0000620.jpg,/home/brisic03/VisDrone/VisDrone2019-DET-val/images/0000280_01601_d_0000620.jpg,presence,Which object type is visible in the drone image?,"{'A': 'people', 'B': 'van', 'C': 'truck', 'D': 'awning-tricycle', 'E': 'tricycle'}",E,E,B,van,0,0.371598482131958
0000280_01601_d_0000620.jpg,/home/brisic03/VisDrone/VisDrone2019-DET-val/images/0000280_01601_d_0000620.jpg,counting,How many peoples are visible in the drone image?,"{'A': '0', 'B': '1', 'C': '2', 'D': '3', 'E': '4 or more'}",A,A,B,1,0,0.36806607246398926
0000280_01601_d_0000620.jpg,/home/brisic03/VisDrone/VisDrone2019-DET-val/images/0000280_01601_d_0000620.jpg,most_frequent,Which object type appears most often in the drone image?,"{'A': 'tricycle', 'B': 'bicycle', 'C': 'truck', 'D': 'car', 'E': 'people'}",D,D,D,car,1,0.36861348152160645
0000280_01601_d_0000620.jpg,/home/brisic03/VisDrone/VisDrone2019-DET-val/images/0000280_01601_d_0000620.jpg,location,Where is the largest car located in the image?,"{'A': 'top-left', 'B': 'top-right', 'C': 'bottom-left', 'D': 'bottom-right', 'E': 'center'}",E,E,D,bottom-right,0,0.36969757080078125
0000280_01801_d_0000621.jpg,/home/brisic03/VisDrone/VisDrone2019-DET-val/images/0000280_01801_d_0000621.jpg,presence,Which object type is visible in the drone image?,"{'A': 'bus', 'B': 'car', 'C': 'motor', 'D': 'bicycle', 'E': 'truck'}",B,B,B,car,1,0.36629819869995117
0000280_01801_d_0000621.jpg,/home/brisic03/VisDrone/VisDrone2019-DET-val/images/0000280_01801_d_0000621.jpg,counting,How many cars are visible in the drone image?,"{'A': '0', 'B': '1', 'C': '2', 'D': '3', 'E': '4 or more'}",E,E,E,4 or more,1,0.3645761013031006
0000280_01801_d_0000621.jpg,/home/brisic03/VisDrone/VisDrone2019-DET-val/images/0000280_01801_d_0000621.jpg,most_frequent,Which object type appears most often in the drone image?,"{'A': 'bicycle', 'B': 'pedestrian', 'C': 'car', 'D': 'awning-tricycle', 'E': 'motor'}",C,C,C,car,1,0.36522793769836426
0000280_01801_d_0000621.jpg,/home/brisic03/VisDrone/VisDrone2019-DET-val/images/0000280_01801_d_0000621.jpg,location,Where is the largest car located in the image?,"{'A': 'top-left', 'B': 'top-right', 'C': 'bottom-left', 'D': 'bottom-right', 'E': 'center'}",E,E,C,bottom-left,0,0.3674328327178955
0000280_02001_d_0000622.jpg,/home/brisic03/VisDrone/VisDrone2019-DET-val/images/0000280_02001_d_0000622.jpg,presence,Which object type is visible in the drone image?,"{'A': 'bus', 'B': 'truck', 'C': 'motor', 'D': 'awning-tricycle', 'E': 'van'}",D,D,B,truck,0,0.367537260055542
0000280_02001_d_0000622.jpg,/home/brisic03/VisDrone/VisDrone2019-DET-val/images/0000280_02001_d_0000622.jpg,counting,How many bicycles are visible in the drone image?,"{'A': '0', 'B': '1', 'C': '2', 'D': '3', 'E': '4 or more'}",A,A,B,1,0,0.3656623363494873
0000280_02001_d_0000622.jpg,/home/brisic03/VisDrone/VisDrone2019-DET-val/images/0000280_02001_d_0000622.jpg,most_frequent,Which object type appears most often in the drone image?,"{'A': 'truck', 'B': 'people', 'C': 'car', 'D': 'bicycle', 'E': 'bus'}",C,C,C,car,1,0.37157201766967773
0000280_02001_d_0000622.jpg,/home/brisic03/VisDrone/VisDrone2019-DET-val/images/0000280_02001_d_0000622.jpg,location,Where is the largest car located in the image?,"{'A': 'top-left', 'B': 'top-right', 'C': 'bottom-left', 'D': 'bottom-right', 'E': 'center'}",E,E,D,bottom-right,0,0.3827486038208008
0000280_02201_d_0000623.jpg,/home/brisic03/VisDrone/VisDrone2019-DET-val/images/0000280_02201_d_0000623.jpg,presence,Which object type is visible in the drone image?,"{'A': 'pedestrian', 'B': 'motor', 'C': 'van', 'D': 'bus', 'E': 'awning-tricycle'}",A,A,A,pedestrian,1,0.3737766742706299
0000280_02201_d_0000623.jpg,/home/brisic03/VisDrone/VisDrone2019-DET-val/images/0000280_02201_d_0000623.jpg,counting,How many vans are visible in the drone image?,"{'A': '0', 'B': '1', 'C': '2', 'D': '3', 'E': '4 or more'}",E,E,B,1,0,0.3675234317779541
0000280_02201_d_0000623.jpg,/home/brisic03/VisDrone/VisDrone2019-DET-val/images/0000280_02201_d_0000623.jpg,most_frequent,Which object type appears most often in the drone image?,"{'A': 'car', 'B': 'van', 'C': 'motor', 'D': 'awning-tricycle', 'E': 'people'}",A,A,A,car,1,0.3662557601928711
0000280_02201_d_0000623.jpg,/home/brisic03/VisDrone/VisDrone2019-DET-val/images/0000280_02201_d_0000623.jpg,location,Where is the largest car located in the image?,"{'A': 'top-left', 'B': 'top-right', 'C': 'bottom-left', 'D': 'bottom-right', 'E': 'center'}",E,E,D,bottom-right,0,0.36962175369262695
0000280_02401_d_0000624.jpg,/home/brisic03/VisDrone/VisDrone2019-DET-val/images/0000280_02401_d_0000624.jpg,presence,Which object type is visible in the drone image?,"{'A': 'tricycle', 'B': 'people', 'C': 'truck', 'D': 'bicycle', 'E': 'van'}",B,B,E,van,0,0.3662757873535156
0000280_02401_d_0000624.jpg,/home/brisic03/VisDrone/VisDrone2019-DET-val/images/0000280_02401_d_0000624.jpg,counting,How many cars are visible in the drone image?,"{'A': '0', 'B': '1', 'C': '2', 'D': '3', 'E': '4 or more'}",E,E,E,4 or more,1,0.3666703701019287
0000280_02401_d_0000624.jpg,/home/brisic03/VisDrone/VisDrone2019-DET-val/images/0000280_02401_d_0000624.jpg,most_frequent,Which object type appears most often in the drone image?,"{'A': 'car', 'B': 'motor', 'C': 'tricycle', 'D': 'van', 'E': 'pedestrian'}",A,A,A,car,1,0.3653383255004883
0000280_02401_d_0000624.jpg,/home/brisic03/VisDrone/VisDrone2019-DET-val/images/0000280_02401_d_0000624.jpg,location,Where is the largest van located in the image?,"{'A': 'top-left', 'B': 'top-right', 'C': 'bottom-left', 'D': 'bottom-right', 'E': 'center'}",C,C,C,bottom-left,1,0.364973783493042
0000280_02601_d_0000625.jpg,/home/brisic03/VisDrone/VisDrone2019-DET-val/images/0000280_02601_d_0000625.jpg,presence,Which object type is visible in the drone image?,"{'A': 'van', 'B': 'awning-tricycle', 'C': 'truck', 'D': 'tricycle', 'E': 'car'}",D,D,A,van,0,0.36667442321777344
0000280_02601_d_0000625.jpg,/home/brisic03/VisDrone/VisDrone2019-DET-val/images/0000280_02601_d_0000625.jpg,counting,How many vans are visible in the drone image?,"{'A': '0', 'B': '1', 'C': '2', 'D': '3', 'E': '4 or more'}",D,D,B,1,0,0.3674602508544922
0000280_02601_d_0000625.jpg,/home/brisic03/VisDrone/VisDrone2019-DET-val/images/0000280_02601_d_0000625.jpg,most_frequent,Which object type appears most often in the drone image?,"{'A': 'car', 'B': 'people', 'C': 'awning-tricycle', 'D': 'tricycle', 'E': 'pedestrian'}",D,D,A,car,0,0.3684864044189453
0000280_02601_d_0000625.jpg,/home/brisic03/VisDrone/VisDrone2019-DET-val/images/0000280_02601_d_0000625.jpg,location,Where is the largest car located in the image?,"{'A': 'top-left', 'B': 'top-right', 'C': 'bottom-left', 'D': 'bottom-right', 'E': 'center'}",E,E,C,bottom-left,0,0.3666496276855469
0000280_02801_d_0000626.jpg,/home/brisic03/VisDrone/VisDrone2019-DET-val/images/0000280_02801_d_0000626.jpg,presence,Which object type is visible in the drone image?,"{'A': 'truck', 'B': 'tricycle', 'C': 'van', 'D': 'motor', 'E': 'people'}",B,B,C,van,0,0.36702823638916016
0000280_02801_d_0000626.jpg,/home/brisic03/VisDrone/VisDrone2019-DET-val/images/0000280_02801_d_0000626.jpg,counting,How many motors are visible in the drone image?,"{'A': '0', 'B': '1', 'C': '2', 'D': '3', 'E': '4 or more'}",E,E,C,2,0,0.36682558059692383
0000280_02801_d_0000626.jpg,/home/brisic03/VisDrone/VisDrone2019-DET-val/images/0000280_02801_d_0000626.jpg,most_frequent,Which object type appears most often in the drone image?,"{'A': 'bus', 'B': 'car', 'C': 'awning-tricycle', 'D': 'truck', 'E': 'van'}",B,B,B,car,1,0.3661665916442871
0000280_02801_d_0000626.jpg,/home/brisic03/VisDrone/VisDrone2019-DET-val/images/0000280_02801_d_0000626.jpg,location,Where is the largest car located in the image?,"{'A': 'top-left', 'B': 'top-right', 'C': 'bottom-left', 'D': 'bottom-right', 'E': 'center'}",E,E,C,bottom-left,0,0.3658421039581299
0000280_03001_d_0000627.jpg,/home/brisic03/VisDrone/VisDrone2019-DET-val/images/0000280_03001_d_0000627.jpg,presence,Which object type is visible in the drone image?,"{'A': 'car', 'B': 'van', 'C': 'truck', 'D': 'bus', 'E': 'people'}",A,A,A,car,1,0.36703014373779297
0000280_03001_d_0000627.jpg,/home/brisic03/VisDrone/VisDrone2019-DET-val/images/0000280_03001_d_0000627.jpg,counting,How many vans are visible in the drone image?,"{'A': '0', 'B': '1', 'C': '2', 'D': '3', 'E': '4 or more'}",D,D,E,4 or more,0,0.37346696853637695
0000280_03001_d_0000627.jpg,/home/brisic03/VisDrone/VisDrone2019-DET-val/images/0000280_03001_d_0000627.jpg,most_frequent,Which object type appears most often in the drone image?,"{'A': 'car', 'B': 'tricycle', 'C': 'motor', 'D': 'truck', 'E': 'bicycle'}",C,C,A,car,0,0.36779189109802246
0000280_03001_d_0000627.jpg,/home/brisic03/VisDrone/VisDrone2019-DET-val/images/0000280_03001_d_0000627.jpg,location,Where is the largest car located in the image?,"{'A': 'top-left', 'B': 'top-right', 'C': 'bottom-left', 'D': 'bottom-right', 'E': 'center'}",A,A,C,bottom-left,0,0.36544227600097656
0000280_03201_d_0000628.jpg,/home/brisic03/VisDrone/VisDrone2019-DET-val/images/0000280_03201_d_0000628.jpg,presence,Which object type is visible in the drone image?,"{'A': 'people', 'B': 'pedestrian', 'C': 'awning-tricycle', 'D': 'motor', 'E': 'truck'}",A,A,D,motor,0,0.36568117141723633
0000280_03201_d_0000628.jpg,/home/brisic03/VisDrone/VisDrone2019-DET-val/images/0000280_03201_d_0000628.jpg,counting,How many buss are visible in the drone image?,"{'A': '0', 'B': '1', 'C': '2', 'D': '3', 'E': '4 or more'}",D,D,B,1,0,0.3670158386230469
0000280_03201_d_0000628.jpg,/home/brisic03/VisDrone/VisDrone2019-DET-val/images/0000280_03201_d_0000628.jpg,most_frequent,Which object type appears most often in the drone image?,"{'A': 'motor', 'B': 'bicycle', 'C': 'tricycle', 'D': 'bus', 'E': 'car'}",E,E,E,car,1,0.37145447731018066
0000280_03201_d_0000628.jpg,/home/brisic03/VisDrone/VisDrone2019-DET-val/images/0000280_03201_d_0000628.jpg,location,Where is the largest car located in the image?,"{'A': 'top-left', 'B': 'top-right', 'C': 'bottom-left', 'D': 'bottom-right', 'E': 'center'}",E,E,C,bottom-left,0,0.37110328674316406
0000280_03401_d_0000629.jpg,/home/brisic03/VisDrone/VisDrone2019-DET-val/images/0000280_03401_d_0000629.jpg,presence,Which object type is visible in the drone image?,"{'A': 'people', 'B': 'bus', 'C': 'tricycle', 'D': 'bicycle', 'E': 'truck'}",A,A,B,bus,0,0.3711512088775635
0000280_03401_d_0000629.jpg,/home/brisic03/VisDrone/VisDrone2019-DET-val/images/0000280_03401_d_0000629.jpg,counting,How many motors are visible in the drone image?,"{'A': '0', 'B': '1', 'C': '2', 'D': '3', 'E': '4 or more'}",E,E,B,1,0,0.3716094493865967
0000280_03401_d_0000629.jpg,/home/brisic03/VisDrone/VisDrone2019-DET-val/images/0000280_03401_d_0000629.jpg,most_frequent,Which object type appears most often in the drone image?,"{'A': 'bicycle', 'B': 'bus', 'C': 'pedestrian', 'D': 'truck', 'E': 'car'}",E,E,E,car,1,0.36760449409484863
0000280_03401_d_0000629.jpg,/home/brisic03/VisDrone/VisDrone2019-DET-val/images/0000280_03401_d_0000629.jpg,location,Where is the largest car located in the image?,"{'A': 'top-left', 'B': 'top-right', 'C': 'bottom-left', 'D': 'bottom-right', 'E': 'center'}",E,E,E,center,1,0.36428046226501465
0000283_00401_d_0000676.jpg,/home/brisic03/VisDrone/VisDrone2019-DET-val/images/0000283_00401_d_0000676.jpg,presence,Which object type is visible in the drone image?,"{'A': 'pedestrian', 'B': 'truck', 'C': 'car', 'D': 'awning-tricycle', 'E': 'people'}",A,A,A,pedestrian,1,0.3991730213165283
0000283_00401_d_0000676.jpg,/home/brisic03/VisDrone/VisDrone2019-DET-val/images/0000283_00401_d_0000676.jpg,counting,How many cars are visible in the drone image?,"{'A': '0', 'B': '1', 'C': '2', 'D': '3', 'E': '4 or more'}",B,B,D,3,0,0.3982565402984619
0000283_00401_d_0000676.jpg,/home/brisic03/VisDrone/VisDrone2019-DET-val/images/0000283_00401_d_0000676.jpg,most_frequent,Which object type appears most often in the drone image?,"{'A': 'pedestrian', 'B': 'awning-tricycle', 'C': 'truck', 'D': 'tricycle', 'E': 'car'}",D,D,E,car,0,0.3984718322753906
0000283_00401_d_0000676.jpg,/home/brisic03/VisDrone/VisDrone2019-DET-val/images/0000283_00401_d_0000676.jpg,location,Where is the largest car located in the image?,"{'A': 'top-left', 'B': 'top-right', 'C': 'bottom-left', 'D': 'bottom-right', 'E': 'center'}",D,D,D,bottom-right,1,0.3993682861328125
0000283_00601_d_0000677.jpg,/home/brisic03/VisDrone/VisDrone2019-DET-val/images/0000283_00601_d_0000677.jpg,presence,Which object type is visible in the drone image?,"{'A': 'awning-tricycle', 'B': 'motor', 'C': 'truck', 'D': 'pedestrian', 'E': 'car'}",A,A,C,truck,0,0.3984487056732178
0000283_00601_d_0000677.jpg,/home/brisic03/VisDrone/VisDrone2019-DET-val/images/0000283_00601_d_0000677.jpg,counting,How many trucks are visible in the drone image?,"{'A': '0', 'B': '1', 'C': '2', 'D': '3', 'E': '4 or more'}",D,D,B,1,0,0.39852428436279297
0000283_00601_d_0000677.jpg,/home/brisic03/VisDrone/VisDrone2019-DET-val/images/0000283_00601_d_0000677.jpg,location,Where is the largest car located in the image?,"{'A': 'top-left', 'B': 'top-right', 'C': 'bottom-left', 'D': 'bottom-right', 'E': 'center'}",A,A,E,center,0,0.39756107330322266
0000283_00801_d_0000678.jpg,/home/brisic03/VisDrone/VisDrone2019-DET-val/images/0000283_00801_d_0000678.jpg,presence,Which object type is visible in the drone image?,"{'A': 'awning-tricycle', 'B': 'truck', 'C': 'bicycle', 'D': 'car', 'E': 'van'}",D,D,D,car,1,0.39688825607299805
0000283_00801_d_0000678.jpg,/home/brisic03/VisDrone/VisDrone2019-DET-val/images/0000283_00801_d_0000678.jpg,counting,How many cars are visible in the drone image?,"{'A': '0', 'B': '1', 'C': '2', 'D': '3', 'E': '4 or more'}",A,A,B,1,0,0.3996756076812744
0000283_00801_d_0000678.jpg,/home/brisic03/VisDrone/VisDrone2019-DET-val/images/0000283_00801_d_0000678.jpg,most_frequent,Which object type appears most often in the drone image?,"{'A': 'pedestrian', 'B': 'motor', 'C': 'truck', 'D': 'car', 'E': 'van'}",D,D,D,car,1,0.3963286876678467
0000283_00801_d_0000678.jpg,/home/brisic03/VisDrone/VisDrone2019-DET-val/images/0000283_00801_d_0000678.jpg,location,Where is the largest car located in the image?,"{'A': 'top-left', 'B': 'top-right', 'C': 'bottom-left', 'D': 'bottom-right', 'E': 'center'}",B,B,E,center,0,0.398578405380249
0000283_01001_d_0000679.jpg,/home/brisic03/VisDrone/VisDrone2019-DET-val/images/0000283_01001_d_0000679.jpg,presence,Which object type is visible in the drone image?,"{'A': 'people', 'B': 'car', 'C': 'pedestrian', 'D': 'bicycle', 'E': 'bus'}",B,B,B,car,1,0.3940403461456299
0000283_01001_d_0000679.jpg,/home/brisic03/VisDrone/VisDrone2019-DET-val/images/0000283_01001_d_0000679.jpg,counting,How many cars are visible in the drone image?,"{'A': '0', 'B': '1', 'C': '2', 'D': '3', 'E': '4 or more'}",B,B,B,1,1,0.400144100189209
0000283_01001_d_0000679.jpg,/home/brisic03/VisDrone/VisDrone2019-DET-val/images/0000283_01001_d_0000679.jpg,most_frequent,Which object type appears most often in the drone image?,"{'A': 'car', 'B': 'truck', 'C': 'awning-tricycle', 'D': 'pedestrian', 'E': 'van'}",A,A,A,car,1,0.3953697681427002
0000283_01001_d_0000679.jpg,/home/brisic03/VisDrone/VisDrone2019-DET-val/images/0000283_01001_d_0000679.jpg,location,Where is the largest car located in the image?,"{'A': 'top-left', 'B': 'top-right', 'C': 'bottom-left', 'D': 'bottom-right', 'E': 'center'}",E,E,E,center,1,0.401076078414917
0000287_00001_d_0000759.jpg,/home/brisic03/VisDrone/VisDrone2019-DET-val/images/0000287_00001_d_0000759.jpg,presence,Which object type is visible in the drone image?,"{'A': 'people', 'B': 'bicycle', 'C': 'awning-tricycle', 'D': 'van', 'E': 'car'}",C,C,E,car,0,0.3669610023498535
0000287_00001_d_0000759.jpg,/home/brisic03/VisDrone/VisDrone2019-DET-val/images/0000287_00001_d_0000759.jpg,counting,How many trucks are visible in the drone image?,"{'A': '0', 'B': '1', 'C': '2', 'D': '3', 'E': '4 or more'}",A,A,B,1,0,0.36538243293762207
0000287_00001_d_0000759.jpg,/home/brisic03/VisDrone/VisDrone2019-DET-val/images/0000287_00001_d_0000759.jpg,most_frequent,Which object type appears most often in the drone image?,"{'A': 'people', 'B': 'pedestrian', 'C': 'bus', 'D': 'car', 'E': 'van'}",D,D,D,car,1,0.38115596771240234
0000287_00001_d_0000759.jpg,/home/brisic03/VisDrone/VisDrone2019-DET-val/images/0000287_00001_d_0000759.jpg,location,Where is the largest car located in the image?,"{'A': 'top-left', 'B': 'top-right', 'C': 'bottom-left', 'D': 'bottom-right', 'E': 'center'}",E,E,C,bottom-left,0,0.39160752296447754
0000287_00201_d_0000760.jpg,/home/brisic03/VisDrone/VisDrone2019-DET-val/images/0000287_00201_d_0000760.jpg,presence,Which object type is visible in the drone image?,"{'A': 'truck', 'B': 'motor', 'C': 'tricycle', 'D': 'people', 'E': 'van'}",C,C,D,people,0,0.38036346435546875
0000287_00201_d_0000760.jpg,/home/brisic03/VisDrone/VisDrone2019-DET-val/images/0000287_00201_d_0000760.jpg,counting,How many motors are visible in the drone image?,"{'A': '0', 'B': '1', 'C': '2', 'D': '3', 'E': '4 or more'}",A,A,E,4 or more,0,0.3805685043334961
0000287_00201_d_0000760.jpg,/home/brisic03/VisDrone/VisDrone2019-DET-val/images/0000287_00201_d_0000760.jpg,most_frequent,Which object type appears most often in the drone image?,"{'A': 'car', 'B': 'truck', 'C': 'motor', 'D': 'tricycle', 'E': 'awning-tricycle'}",A,A,A,car,1,0.37292051315307617
0000287_00201_d_0000760.jpg,/home/brisic03/VisDrone/VisDrone2019-DET-val/images/0000287_00201_d_0000760.jpg,location,Where is the largest car located in the image?,"{'A': 'top-left', 'B': 'top-right', 'C': 'bottom-left', 'D': 'bottom-right', 'E': 'center'}",E,E,D,bottom-right,0,0.3681623935699463
0000287_00401_d_0000761.jpg,/home/brisic03/VisDrone/VisDrone2019-DET-val/images/0000287_00401_d_0000761.jpg,presence,Which object type is visible in the drone image?,"{'A': 'motor', 'B': 'bicycle', 'C': 'van', 'D': 'awning-tricycle', 'E': 'car'}",A,A,C,van,0,0.3663039207458496
0000287_00401_d_0000761.jpg,/home/brisic03/VisDrone/VisDrone2019-DET-val/images/0000287_00401_d_0000761.jpg,counting,How many vans are visible in the drone image?,"{'A': '0', 'B': '1', 'C': '2', 'D': '3', 'E': '4 or more'}",E,E,B,1,0,0.36953186988830566
0000287_00401_d_0000761.jpg,/home/brisic03/VisDrone/VisDrone2019-DET-val/images/0000287_00401_d_0000761.jpg,most_frequent,Which object type appears most often in the drone image?,"{'A': 'motor', 'B': 'bicycle', 'C': 'truck', 'D': 'van', 'E': 'car'}",E,E,E,car,1,0.3836338520050049
0000287_00401_d_0000761.jpg,/home/brisic03/VisDrone/VisDrone2019-DET-val/images/0000287_00401_d_0000761.jpg,location,Where is the largest car located in the image?,"{'A': 'top-left', 'B': 'top-right', 'C': 'bottom-left', 'D': 'bottom-right', 'E': 'center'}",E,E,C,bottom-left,0,0.38631701469421387
0000287_00601_d_0000762.jpg,/home/brisic03/VisDrone/VisDrone2019-DET-val/images/0000287_00601_d_0000762.jpg,presence,Which object type is visible in the drone image?,"{'A': 'truck', 'B': 'people', 'C': 'car', 'D': 'van', 'E': 'motor'}",C,C,E,motor,0,0.3858673572540283
0000287_00601_d_0000762.jpg,/home/brisic03/VisDrone/VisDrone2019-DET-val/images/0000287_00601_d_0000762.jpg,counting,How many motors are visible in the drone image?,"{'A': '0', 'B': '1', 'C': '2', 'D': '3', 'E': '4 or more'}",A,A,B,1,0,0.37690091133117676
0000287_00601_d_0000762.jpg,/home/brisic03/VisDrone/VisDrone2019-DET-val/images/0000287_00601_d_0000762.jpg,most_frequent,Which object type appears most often in the drone image?,"{'A': 'motor', 'B': 'car', 'C': 'awning-tricycle', 'D': 'people', 'E': 'truck'}",B,B,B,car,1,0.3698439598083496
0000287_00601_d_0000762.jpg,/home/brisic03/VisDrone/VisDrone2019-DET-val/images/0000287_00601_d_0000762.jpg,location,Where is the largest car located in the image?,"{'A': 'top-left', 'B': 'top-right', 'C': 'bottom-left', 'D': 'bottom-right', 'E': 'center'}",C,C,C,bottom-left,1,0.36809802055358887
0000287_00801_d_0000763.jpg,/home/brisic03/VisDrone/VisDrone2019-DET-val/images/0000287_00801_d_0000763.jpg,presence,Which object type is visible in the drone image?,"{'A': 'car', 'B': 'people', 'C': 'bus', 'D': 'motor', 'E': 'tricycle'}",A,A,B,people,0,0.37029147148132324
0000287_00801_d_0000763.jpg,/home/brisic03/VisDrone/VisDrone2019-DET-val/images/0000287_00801_d_0000763.jpg,counting,How many awning-tricycles are visible in the drone image?,"{'A': '0', 'B': '1', 'C': '2', 'D': '3', 'E': '4 or more'}",D,D,B,1,0,0.3690333366394043
0000287_00801_d_0000763.jpg,/home/brisic03/VisDrone/VisDrone2019-DET-val/images/0000287_00801_d_0000763.jpg,most_frequent,Which object type appears most often in the drone image?,"{'A': 'pedestrian', 'B': 'motor', 'C': 'bicycle', 'D': 'car', 'E': 'awning-tricycle'}",D,D,D,car,1,0.36662912368774414
0000287_00801_d_0000763.jpg,/home/brisic03/VisDrone/VisDrone2019-DET-val/images/0000287_00801_d_0000763.jpg,location,Where is the largest car located in the image?,"{'A': 'top-left', 'B': 'top-right', 'C': 'bottom-left', 'D': 'bottom-right', 'E': 'center'}",E,E,C,bottom-left,0,0.3659026622772217
0000287_01001_d_0000764.jpg,/home/brisic03/VisDrone/VisDrone2019-DET-val/images/0000287_01001_d_0000764.jpg,presence,Which object type is visible in the drone image?,"{'A': 'bicycle', 'B': 'pedestrian', 'C': 'motor', 'D': 'tricycle', 'E': 'truck'}",C,C,D,tricycle,0,0.3669755458831787
0000287_01001_d_0000764.jpg,/home/brisic03/VisDrone/VisDrone2019-DET-val/images/0000287_01001_d_0000764.jpg,counting,How many tricycles are visible in the drone image?,"{'A': '0', 'B': '1', 'C': '2', 'D': '3', 'E': '4 or more'}",D,D,C,2,0,0.3682870864868164
0000287_01001_d_0000764.jpg,/home/brisic03/VisDrone/VisDrone2019-DET-val/images/0000287_01001_d_0000764.jpg,most_frequent,Which object type appears most often in the drone image?,"{'A': 'awning-tricycle', 'B': 'bicycle', 'C': 'car', 'D': 'people', 'E': 'van'}",C,C,E,van,0,0.3668220043182373
0000287_01001_d_0000764.jpg,/home/brisic03/VisDrone/VisDrone2019-DET-val/images/0000287_01001_d_0000764.jpg,location,Where is the largest car located in the image?,"{'A': 'top-left', 'B': 'top-right', 'C': 'bottom-left', 'D': 'bottom-right', 'E': 'center'}",E,E,C,bottom-left,0,0.3686330318450928
0000287_01201_d_0000765.jpg,/home/brisic03/VisDrone/VisDrone2019-DET-val/images/0000287_01201_d_0000765.jpg,presence,Which object type is visible in the drone image?,"{'A': 'car', 'B': 'tricycle', 'C': 'people', 'D': 'awning-tricycle', 'E': 'pedestrian'}",B,B,E,pedestrian,0,0.3720133304595947
0000287_01201_d_0000765.jpg,/home/brisic03/VisDrone/VisDrone2019-DET-val/images/0000287_01201_d_0000765.jpg,counting,How many vans are visible in the drone image?,"{'A': '0', 'B': '1', 'C': '2', 'D': '3', 'E': '4 or more'}",D,D,D,3,1,0.3712139129638672
0000287_01201_d_0000765.jpg,/home/brisic03/VisDrone/VisDrone2019-DET-val/images/0000287_01201_d_0000765.jpg,most_frequent,Which object type appears most often in the drone image?,"{'A': 'truck', 'B': 'awning-tricycle', 'C': 'bicycle', 'D': 'people', 'E': 'car'}",E,E,E,car,1,0.3674590587615967
0000287_01201_d_0000765.jpg,/home/brisic03/VisDrone/VisDrone2019-DET-val/images/0000287_01201_d_0000765.jpg,location,Where is the largest car located in the image?,"{'A': 'top-left', 'B': 'top-right', 'C': 'bottom-left', 'D': 'bottom-right', 'E': 'center'}",A,A,C,bottom-left,0,0.36686253547668457
0000287_01401_d_0000766.jpg,/home/brisic03/VisDrone/VisDrone2019-DET-val/images/0000287_01401_d_0000766.jpg,presence,Which object type is visible in the drone image?,"{'A': 'truck', 'B': 'van', 'C': 'awning-tricycle', 'D': 'car', 'E': 'tricycle'}",E,E,E,tricycle,1,0.3665175437927246
0000287_01401_d_0000766.jpg,/home/brisic03/VisDrone/VisDrone2019-DET-val/images/0000287_01401_d_0000766.jpg,counting,How many cars are visible in the drone image?,"{'A': '0', 'B': '1', 'C': '2', 'D': '3', 'E': '4 or more'}",E,E,E,4 or more,1,0.3674309253692627
0000287_01401_d_0000766.jpg,/home/brisic03/VisDrone/VisDrone2019-DET-val/images/0000287_01401_d_0000766.jpg,most_frequent,Which object type appears most often in the drone image?,"{'A': 'tricycle', 'B': 'bus', 'C': 'car', 'D': 'people', 'E': 'pedestrian'}",C,C,C,car,1,0.3794412612915039
0000287_01401_d_0000766.jpg,/home/brisic03/VisDrone/VisDrone2019-DET-val/images/0000287_01401_d_0000766.jpg,location,Where is the largest van located in the image?,"{'A': 'top-left', 'B': 'top-right', 'C': 'bottom-left', 'D': 'bottom-right', 'E': 'center'}",E,E,C,bottom-left,0,0.38848280906677246
0000287_01601_d_0000767.jpg,/home/brisic03/VisDrone/VisDrone2019-DET-val/images/0000287_01601_d_0000767.jpg,presence,Which object type is visible in the drone image?,"{'A': 'van', 'B': 'pedestrian', 'C': 'bicycle', 'D': 'car', 'E': 'awning-tricycle'}",D,D,E,awning-tricycle,0,0.3900947570800781
0000287_01601_d_0000767.jpg,/home/brisic03/VisDrone/VisDrone2019-DET-val/images/0000287_01601_d_0000767.jpg,counting,How many vans are visible in the drone image?,"{'A': '0', 'B': '1', 'C': '2', 'D': '3', 'E': '4 or more'}",D,D,D,3,1,0.38101816177368164
0000287_01601_d_0000767.jpg,/home/brisic03/VisDrone/VisDrone2019-DET-val/images/0000287_01601_d_0000767.jpg,most_frequent,Which object type appears most often in the drone image?,"{'A': 'car', 'B': 'motor', 'C': 'pedestrian', 'D': 'bus', 'E': 'van'}",A,A,A,car,1,0.36994504928588867
0000287_01601_d_0000767.jpg,/home/brisic03/VisDrone/VisDrone2019-DET-val/images/0000287_01601_d_0000767.jpg,location,Where is the largest car located in the image?,"{'A': 'top-left', 'B': 'top-right', 'C': 'bottom-left', 'D': 'bottom-right', 'E': 'center'}",E,E,C,bottom-left,0,0.36745715141296387
0000287_01801_d_0000768.jpg,/home/brisic03/VisDrone/VisDrone2019-DET-val/images/0000287_01801_d_0000768.jpg,presence,Which object type is visible in the drone image?,"{'A': 'pedestrian', 'B': 'people', 'C': 'truck', 'D': 'car', 'E': 'motor'}",D,D,E,motor,0,0.36924195289611816
0000287_01801_d_0000768.jpg,/home/brisic03/VisDrone/VisDrone2019-DET-val/images/0000287_01801_d_0000768.jpg,counting,How many motors are visible in the drone image?,"{'A': '0', 'B': '1', 'C': '2', 'D': '3', 'E': '4 or more'}",A,A,B,1,0,0.3687734603881836
0000287_01801_d_0000768.jpg,/home/brisic03/VisDrone/VisDrone2019-DET-val/images/0000287_01801_d_0000768.jpg,most_frequent,Which object type appears most often in the drone image?,"{'A': 'tricycle', 'B': 'truck', 'C': 'car', 'D': 'bicycle', 'E': 'van'}",C,C,C,car,1,0.3662073612213135
0000287_01801_d_0000768.jpg,/home/brisic03/VisDrone/VisDrone2019-DET-val/images/0000287_01801_d_0000768.jpg,location,Where is the largest car located in the image?,"{'A': 'top-left', 'B': 'top-right', 'C': 'bottom-left', 'D': 'bottom-right', 'E': 'center'}",C,C,D,bottom-right,0,0.36597752571105957
0000287_02001_d_0000769.jpg,/home/brisic03/VisDrone/VisDrone2019-DET-val/images/0000287_02001_d_0000769.jpg,presence,Which object type is visible in the drone image?,"{'A': 'motor', 'B': 'pedestrian', 'C': 'bicycle', 'D': 'van', 'E': 'awning-tricycle'}",A,A,D,van,0,0.36607813835144043
0000287_02001_d_0000769.jpg,/home/brisic03/VisDrone/VisDrone2019-DET-val/images/0000287_02001_d_0000769.jpg,counting,How many vans are visible in the drone image?,"{'A': '0', 'B': '1', 'C': '2', 'D': '3', 'E': '4 or more'}",D,D,C,2,0,0.3665182590484619
0000287_02001_d_0000769.jpg,/home/brisic03/VisDrone/VisDrone2019-DET-val/images/0000287_02001_d_0000769.jpg,most_frequent,Which object type appears most often in the drone image?,"{'A': 'van', 'B': 'car', 'C': 'pedestrian', 'D': 'truck', 'E': 'people'}",B,B,B,car,1,0.36498498916625977
0000287_02001_d_0000769.jpg,/home/brisic03/VisDrone/VisDrone2019-DET-val/images/0000287_02001_d_0000769.jpg,location,Where is the largest van located in the image?,"{'A': 'top-left', 'B': 'top-right', 'C': 'bottom-left', 'D': 'bottom-right', 'E': 'center'}",D,D,D,bottom-right,1,0.36658453941345215
0000287_02201_d_0000770.jpg,/home/brisic03/VisDrone/VisDrone2019-DET-val/images/0000287_02201_d_0000770.jpg,presence,Which object type is visible in the drone image?,"{'A': 'pedestrian', 'B': 'bus', 'C': 'tricycle', 'D': 'motor', 'E': 'van'}",A,A,C,tricycle,0,0.3814089298248291
0000287_02201_d_0000770.jpg,/home/brisic03/VisDrone/VisDrone2019-DET-val/images/0000287_02201_d_0000770.jpg,counting,How many cars are visible in the drone image?,"{'A': '0', 'B': '1', 'C': '2', 'D': '3', 'E': '4 or more'}",B,B,E,4 or more,0,0.3998885154724121
0000287_02201_d_0000770.jpg,/home/brisic03/VisDrone/VisDrone2019-DET-val/images/0000287_02201_d_0000770.jpg,most_frequent,Which object type appears most often in the drone image?,"{'A': 'awning-tricycle', 'B': 'van', 'C': 'bus', 'D': 'tricycle', 'E': 'car'}",E,E,E,car,1,0.38703393936157227
0000287_02201_d_0000770.jpg,/home/brisic03/VisDrone/VisDrone2019-DET-val/images/0000287_02201_d_0000770.jpg,location,Where is the largest car located in the image?,"{'A': 'top-left', 'B': 'top-right', 'C': 'bottom-left', 'D': 'bottom-right', 'E': 'center'}",E,E,E,center,1,0.37987852096557617
0000287_02401_d_0000771.jpg,/home/brisic03/VisDrone/VisDrone2019-DET-val/images/0000287_02401_d_0000771.jpg,presence,Which object type is visible in the drone image?,"{'A': 'bus', 'B': 'tricycle', 'C': 'van', 'D': 'people', 'E': 'truck'}",C,C,B,tricycle,0,0.37578821182250977
0000287_02401_d_0000771.jpg,/home/brisic03/VisDrone/VisDrone2019-DET-val/images/0000287_02401_d_0000771.jpg,counting,How many vans are visible in the drone image?,"{'A': '0', 'B': '1', 'C': '2', 'D': '3', 'E': '4 or more'}",D,D,B,1,0,0.3695974349975586
0000287_02401_d_0000771.jpg,/home/brisic03/VisDrone/VisDrone2019-DET-val/images/0000287_02401_d_0000771.jpg,most_frequent,Which object type appears most often in the drone image?,"{'A': 'awning-tricycle', 'B': 'tricycle', 'C': 'car', 'D': 'pedestrian', 'E': 'motor'}",C,C,C,car,1,0.3671104907989502
0000287_02401_d_0000771.jpg,/home/brisic03/VisDrone/VisDrone2019-DET-val/images/0000287_02401_d_0000771.jpg,location,Where is the largest car located in the image?,"{'A': 'top-left', 'B': 'top-right', 'C': 'bottom-left', 'D': 'bottom-right', 'E': 'center'}",C,C,C,bottom-left,1,0.3659632205963135
0000287_02601_d_0000772.jpg,/home/brisic03/VisDrone/VisDrone2019-DET-val/images/0000287_02601_d_0000772.jpg,presence,Which object type is visible in the drone image?,"{'A': 'truck', 'B': 'bus', 'C': 'motor', 'D': 'awning-tricycle', 'E': 'van'}",D,D,D,awning-tricycle,1,0.38281702995300293
0000287_02601_d_0000772.jpg,/home/brisic03/VisDrone/VisDrone2019-DET-val/images/0000287_02601_d_0000772.jpg,counting,How many awning-tricycles are visible in the drone image?,"{'A': '0', 'B': '1', 'C': '2', 'D': '3', 'E': '4 or more'}",D,D,B,1,0,0.3899195194244385
0000287_02601_d_0000772.jpg,/home/brisic03/VisDrone/VisDrone2019-DET-val/images/0000287_02601_d_0000772.jpg,most_frequent,Which object type appears most often in the drone image?,"{'A': 'people', 'B': 'bicycle', 'C': 'van', 'D': 'car', 'E': 'awning-tricycle'}",D,D,D,car,1,0.37589025497436523
0000287_02601_d_0000772.jpg,/home/brisic03/VisDrone/VisDrone2019-DET-val/images/0000287_02601_d_0000772.jpg,location,Where is the largest car located in the image?,"{'A': 'top-left', 'B': 'top-right', 'C': 'bottom-left', 'D': 'bottom-right', 'E': 'center'}",C,C,D,bottom-right,0,0.37792468070983887
0000287_02801_d_0000773.jpg,/home/brisic03/VisDrone/VisDrone2019-DET-val/images/0000287_02801_d_0000773.jpg,presence,Which object type is visible in the drone image?,"{'A': 'van', 'B': 'motor', 'C': 'awning-tricycle', 'D': 'pedestrian', 'E': 'bicycle'}",C,C,C,awning-tricycle,1,0.371645450592041
0000287_02801_d_0000773.jpg,/home/brisic03/VisDrone/VisDrone2019-DET-val/images/0000287_02801_d_0000773.jpg,counting,How many trucks are visible in the drone image?,"{'A': '0', 'B': '1', 'C': '2', 'D': '3', 'E': '4 or more'}",E,E,B,1,0,0.36717796325683594
0000287_02801_d_0000773.jpg,/home/brisic03/VisDrone/VisDrone2019-DET-val/images/0000287_02801_d_0000773.jpg,most_frequent,Which object type appears most often in the drone image?,"{'A': 'car', 'B': 'pedestrian', 'C': 'awning-tricycle', 'D': 'people', 'E': 'motor'}",A,A,A,car,1,0.36643505096435547
0000287_02801_d_0000773.jpg,/home/brisic03/VisDrone/VisDrone2019-DET-val/images/0000287_02801_d_0000773.jpg,location,Where is the largest truck located in the image?,"{'A': 'top-left', 'B': 'top-right', 'C': 'bottom-left', 'D': 'bottom-right', 'E': 'center'}",B,B,E,center,0,0.3703937530517578
0000287_03001_d_0000774.jpg,/home/brisic03/VisDrone/VisDrone2019-DET-val/images/0000287_03001_d_0000774.jpg,presence,Which object type is visible in the drone image?,"{'A': 'motor', 'B': 'truck', 'C': 'people', 'D': 'pedestrian', 'E': 'car'}",A,A,E,car,0,0.3660433292388916
0000287_03001_d_0000774.jpg,/home/brisic03/VisDrone/VisDrone2019-DET-val/images/0000287_03001_d_0000774.jpg,counting,How many vans are visible in the drone image?,"{'A': '0', 'B': '1', 'C': '2', 'D': '3', 'E': '4 or more'}",E,E,C,2,0,0.3661956787109375
0000287_03001_d_0000774.jpg,/home/brisic03/VisDrone/VisDrone2019-DET-val/images/0000287_03001_d_0000774.jpg,most_frequent,Which object type appears most often in the drone image?,"{'A': 'pedestrian', 'B': 'motor', 'C': 'car', 'D': 'van', 'E': 'awning-tricycle'}",C,C,C,car,1,0.3657567501068115
0000287_03001_d_0000774.jpg,/home/brisic03/VisDrone/VisDrone2019-DET-val/images/0000287_03001_d_0000774.jpg,location,Where is the largest truck located in the image?,"{'A': 'top-left', 'B': 'top-right', 'C': 'bottom-left', 'D': 'bottom-right', 'E': 'center'}",B,B,B,top-right,1,0.36614155769348145
0000287_03401_d_0000776.jpg,/home/brisic03/VisDrone/VisDrone2019-DET-val/images/0000287_03401_d_0000776.jpg,presence,Which object type is visible in the drone image?,"{'A': 'pedestrian', 'B': 'awning-tricycle', 'C': 'truck', 'D': 'people', 'E': 'bicycle'}",B,B,C,truck,0,0.3673830032348633
0000287_03401_d_0000776.jpg,/home/brisic03/VisDrone/VisDrone2019-DET-val/images/0000287_03401_d_0000776.jpg,counting,How many trucks are visible in the drone image?,"{'A': '0', 'B': '1', 'C': '2', 'D': '3', 'E': '4 or more'}",E,E,B,1,0,0.3652656078338623
0000287_03401_d_0000776.jpg,/home/brisic03/VisDrone/VisDrone2019-DET-val/images/0000287_03401_d_0000776.jpg,most_frequent,Which object type appears most often in the drone image?,"{'A': 'truck', 'B': 'people', 'C': 'car', 'D': 'awning-tricycle', 'E': 'bus'}",C,C,C,car,1,0.3734724521636963
0000287_03401_d_0000776.jpg,/home/brisic03/VisDrone/VisDrone2019-DET-val/images/0000287_03401_d_0000776.jpg,location,Where is the largest truck located in the image?,"{'A': 'top-left', 'B': 'top-right', 'C': 'bottom-left', 'D': 'bottom-right', 'E': 'center'}",E,E,D,bottom-right,0,0.36636900901794434
0000287_04601_d_0000780.jpg,/home/brisic03/VisDrone/VisDrone2019-DET-val/images/0000287_04601_d_0000780.jpg,presence,Which object type is visible in the drone image?,"{'A': 'pedestrian', 'B': 'truck', 'C': 'car', 'D': 'bicycle', 'E': 'van'}",C,C,B,truck,0,0.36628293991088867
0000287_04601_d_0000780.jpg,/home/brisic03/VisDrone/VisDrone2019-DET-val/images/0000287_04601_d_0000780.jpg,counting,How many vans are visible in the drone image?,"{'A': '0', 'B': '1', 'C': '2', 'D': '3', 'E': '4 or more'}",E,E,C,2,0,0.3661942481994629
0000287_04601_d_0000780.jpg,/home/brisic03/VisDrone/VisDrone2019-DET-val/images/0000287_04601_d_0000780.jpg,most_frequent,Which object type appears most often in the drone image?,"{'A': 'motor', 'B': 'pedestrian', 'C': 'bus', 'D': 'car', 'E': 'awning-tricycle'}",D,D,D,car,1,0.36553072929382324
0000287_04601_d_0000780.jpg,/home/brisic03/VisDrone/VisDrone2019-DET-val/images/0000287_04601_d_0000780.jpg,location,Where is the largest truck located in the image?,"{'A': 'top-left', 'B': 'top-right', 'C': 'bottom-left', 'D': 'bottom-right', 'E': 'center'}",A,A,B,top-right,0,0.3651719093322754
0000287_04801_d_0000781.jpg,/home/brisic03/VisDrone/VisDrone2019-DET-val/images/0000287_04801_d_0000781.jpg,presence,Which object type is visible in the drone image?,"{'A': 'van', 'B': 'tricycle', 'C': 'motor', 'D': 'people', 'E': 'bicycle'}",A,A,E,bicycle,0,0.3800089359283447
0000287_04801_d_0000781.jpg,/home/brisic03/VisDrone/VisDrone2019-DET-val/images/0000287_04801_d_0000781.jpg,counting,How many trucks are visible in the drone image?,"{'A': '0', 'B': '1', 'C': '2', 'D': '3', 'E': '4 or more'}",E,E,B,1,0,0.39049458503723145
0000287_04801_d_0000781.jpg,/home/brisic03/VisDrone/VisDrone2019-DET-val/images/0000287_04801_d_0000781.jpg,most_frequent,Which object type appears most often in the drone image?,"{'A': 'pedestrian', 'B': 'bus', 'C': 'motor', 'D': 'car', 'E': 'tricycle'}",D,D,D,car,1,0.3760409355163574
0000287_04801_d_0000781.jpg,/home/brisic03/VisDrone/VisDrone2019-DET-val/images/0000287_04801_d_0000781.jpg,location,Where is the largest bicycle located in the image?,"{'A': 'top-left', 'B': 'top-right', 'C': 'bottom-left', 'D': 'bottom-right', 'E': 'center'}",E,E,E,center,1,0.38237810134887695
0000287_05001_d_0000782.jpg,/home/brisic03/VisDrone/VisDrone2019-DET-val/images/0000287_05001_d_0000782.jpg,presence,Which object type is visible in the drone image?,"{'A': 'van', 'B': 'pedestrian', 'C': 'tricycle', 'D': 'people', 'E': 'awning-tricycle'}",E,E,A,van,0,0.3732290267944336
0000287_05001_d_0000782.jpg,/home/brisic03/VisDrone/VisDrone2019-DET-val/images/0000287_05001_d_0000782.jpg,counting,How many vans are visible in the drone image?,"{'A': '0', 'B': '1', 'C': '2', 'D': '3', 'E': '4 or more'}",E,E,C,2,0,0.3673992156982422
0000287_05001_d_0000782.jpg,/home/brisic03/VisDrone/VisDrone2019-DET-val/images/0000287_05001_d_0000782.jpg,most_frequent,Which object type appears most often in the drone image?,"{'A': 'car', 'B': 'bus', 'C': 'motor', 'D': 'van', 'E': 'tricycle'}",A,A,A,car,1,0.36597251892089844
0000287_05001_d_0000782.jpg,/home/brisic03/VisDrone/VisDrone2019-DET-val/images/0000287_05001_d_0000782.jpg,location,Where is the largest truck located in the image?,"{'A': 'top-left', 'B': 'top-right', 'C': 'bottom-left', 'D': 'bottom-right', 'E': 'center'}",A,A,E,center,0,0.3690476417541504
0000289_00001_d_0000811.jpg,/home/brisic03/VisDrone/VisDrone2019-DET-val/images/0000289_00001_d_0000811.jpg,presence,Which object type is visible in the drone image?,"{'A': 'motor', 'B': 'bus', 'C': 'bicycle', 'D': 'pedestrian', 'E': 'car'}",A,A,E,car,0,0.38105034828186035
0000289_00001_d_0000811.jpg,/home/brisic03/VisDrone/VisDrone2019-DET-val/images/0000289_00001_d_0000811.jpg,counting,How many cars are visible in the drone image?,"{'A': '0', 'B': '1', 'C': '2', 'D': '3', 'E': '4 or more'}",E,E,E,4 or more,1,0.3944423198699951
0000289_00001_d_0000811.jpg,/home/brisic03/VisDrone/VisDrone2019-DET-val/images/0000289_00001_d_0000811.jpg,most_frequent,Which object type appears most often in the drone image?,"{'A': 'bicycle', 'B': 'people', 'C': 'pedestrian', 'D': 'van', 'E': 'car'}",E,E,E,car,1,0.39064717292785645
0000289_00001_d_0000811.jpg,/home/brisic03/VisDrone/VisDrone2019-DET-val/images/0000289_00001_d_0000811.jpg,location,Where is the largest car located in the image?,"{'A': 'top-left', 'B': 'top-right', 'C': 'bottom-left', 'D': 'bottom-right', 'E': 'center'}",A,A,E,center,0,0.3822920322418213
0000289_00201_d_0000812.jpg,/home/brisic03/VisDrone/VisDrone2019-DET-val/images/0000289_00201_d_0000812.jpg,presence,Which object type is visible in the drone image?,"{'A': 'car', 'B': 'motor', 'C': 'truck', 'D': 'bus', 'E': 'van'}",A,A,E,van,0,0.37062525749206543
0000289_00201_d_0000812.jpg,/home/brisic03/VisDrone/VisDrone2019-DET-val/images/0000289_00201_d_0000812.jpg,counting,How many motors are visible in the drone image?,"{'A': '0', 'B': '1', 'C': '2', 'D': '3', 'E': '4 or more'}",E,E,D,3,0,0.3679072856903076
0000289_00201_d_0000812.jpg,/home/brisic03/VisDrone/VisDrone2019-DET-val/images/0000289_00201_d_0000812.jpg,most_frequent,Which object type appears most often in the drone image?,"{'A': 'bicycle', 'B': 'pedestrian', 'C': 'car', 'D': 'bus', 'E': 'truck'}",C,C,C,car,1,0.36985301971435547
0000289_00201_d_0000812.jpg,/home/brisic03/VisDrone/VisDrone2019-DET-val/images/0000289_00201_d_0000812.jpg,location,Where is the largest car located in the image?,"{'A': 'top-left', 'B': 'top-right', 'C': 'bottom-left', 'D': 'bottom-right', 'E': 'center'}",A,A,D,bottom-right,0,0.36977601051330566
0000289_00401_d_0000813.jpg,/home/brisic03/VisDrone/VisDrone2019-DET-val/images/0000289_00401_d_0000813.jpg,presence,Which object type is visible in the drone image?,"{'A': 'motor', 'B': 'tricycle', 'C': 'pedestrian', 'D': 'bus', 'E': 'van'}",A,A,E,van,0,0.3656578063964844
0000289_00401_d_0000813.jpg,/home/brisic03/VisDrone/VisDrone2019-DET-val/images/0000289_00401_d_0000813.jpg,counting,How many bicycles are visible in the drone image?,"{'A': '0', 'B': '1', 'C': '2', 'D': '3', 'E': '4 or more'}",D,D,D,3,1,0.3660159111022949
0000289_00401_d_0000813.jpg,/home/brisic03/VisDrone/VisDrone2019-DET-val/images/0000289_00401_d_0000813.jpg,most_frequent,Which object type appears most often in the drone image?,"{'A': 'bus', 'B': 'car', 'C': 'motor', 'D': 'people', 'E': 'tricycle'}",B,B,B,car,1,0.3656272888183594
0000289_00401_d_0000813.jpg,/home/brisic03/VisDrone/VisDrone2019-DET-val/images/0000289_00401_d_0000813.jpg,location,Where is the largest car located in the image?,"{'A': 'top-left', 'B': 'top-right', 'C': 'bottom-left', 'D': 'bottom-right', 'E': 'center'}",E,E,C,bottom-left,0,0.366987943649292
0000289_00601_d_0000814.jpg,/home/brisic03/VisDrone/VisDrone2019-DET-val/images/0000289_00601_d_0000814.jpg,presence,Which object type is visible in the drone image?,"{'A': 'car', 'B': 'truck', 'C': 'pedestrian', 'D': 'bicycle', 'E': 'people'}",A,A,A,car,1,0.3666672706604004
0000289_00601_d_0000814.jpg,/home/brisic03/VisDrone/VisDrone2019-DET-val/images/0000289_00601_d_0000814.jpg,counting,How many motors are visible in the drone image?,"{'A': '0', 'B': '1', 'C': '2', 'D': '3', 'E': '4 or more'}",E,E,D,3,0,0.36604976654052734
0000289_00601_d_0000814.jpg,/home/brisic03/VisDrone/VisDrone2019-DET-val/images/0000289_00601_d_0000814.jpg,most_frequent,Which object type appears most often in the drone image?,"{'A': 'pedestrian', 'B': 'car', 'C': 'tricycle', 'D': 'motor', 'E': 'van'}",B,B,B,car,1,0.3740108013153076
0000289_00601_d_0000814.jpg,/home/brisic03/VisDrone/VisDrone2019-DET-val/images/0000289_00601_d_0000814.jpg,location,Where is the largest car located in the image?,"{'A': 'top-left', 'B': 'top-right', 'C': 'bottom-left', 'D': 'bottom-right', 'E': 'center'}",E,E,D,bottom-right,0,0.383272647857666
0000289_00801_d_0000815.jpg,/home/brisic03/VisDrone/VisDrone2019-DET-val/images/0000289_00801_d_0000815.jpg,presence,Which object type is visible in the drone image?,"{'A': 'bicycle', 'B': 'tricycle', 'C': 'pedestrian', 'D': 'awning-tricycle', 'E': 'car'}",E,E,E,car,1,0.3737528324127197
0000289_00801_d_0000815.jpg,/home/brisic03/VisDrone/VisDrone2019-DET-val/images/0000289_00801_d_0000815.jpg,counting,How many awning-tricycles are visible in the drone image?,"{'A': '0', 'B': '1', 'C': '2', 'D': '3', 'E': '4 or more'}",D,D,B,1,0,0.3691534996032715
0000289_00801_d_0000815.jpg,/home/brisic03/VisDrone/VisDrone2019-DET-val/images/0000289_00801_d_0000815.jpg,most_frequent,Which object type appears most often in the drone image?,"{'A': 'truck', 'B': 'people', 'C': 'pedestrian', 'D': 'car', 'E': 'bicycle'}",D,D,D,car,1,0.3704078197479248
0000289_00801_d_0000815.jpg,/home/brisic03/VisDrone/VisDrone2019-DET-val/images/0000289_00801_d_0000815.jpg,location,Where is the largest van located in the image?,"{'A': 'top-left', 'B': 'top-right', 'C': 'bottom-left', 'D': 'bottom-right', 'E': 'center'}",E,E,E,center,1,0.3693063259124756
0000289_01001_d_0000816.jpg,/home/brisic03/VisDrone/VisDrone2019-DET-val/images/0000289_01001_d_0000816.jpg,presence,Which object type is visible in the drone image?,"{'A': 'motor', 'B': 'people', 'C': 'bicycle', 'D': 'car', 'E': 'pedestrian'}",D,D,A,motor,0,0.36715221405029297
0000289_01001_d_0000816.jpg,/home/brisic03/VisDrone/VisDrone2019-DET-val/images/0000289_01001_d_0000816.jpg,counting,How many tricycles are visible in the drone image?,"{'A': '0', 'B': '1', 'C': '2', 'D': '3', 'E': '4 or more'}",D,D,B,1,0,0.3788430690765381
0000289_01001_d_0000816.jpg,/home/brisic03/VisDrone/VisDrone2019-DET-val/images/0000289_01001_d_0000816.jpg,most_frequent,Which object type appears most often in the drone image?,"{'A': 'bus', 'B': 'tricycle', 'C': 'car', 'D': 'awning-tricycle', 'E': 'van'}",C,C,C,car,1,0.3889026641845703
0000289_01001_d_0000816.jpg,/home/brisic03/VisDrone/VisDrone2019-DET-val/images/0000289_01001_d_0000816.jpg,location,Where is the largest car located in the image?,"{'A': 'top-left', 'B': 'top-right', 'C': 'bottom-left', 'D': 'bottom-right', 'E': 'center'}",E,E,C,bottom-left,0,0.3798675537109375
0000289_01201_d_0000817.jpg,/home/brisic03/VisDrone/VisDrone2019-DET-val/images/0000289_01201_d_0000817.jpg,presence,Which object type is visible in the drone image?,"{'A': 'car', 'B': 'bus', 'C': 'tricycle', 'D': 'van', 'E': 'truck'}",A,A,A,car,1,0.3695549964904785
0000289_01201_d_0000817.jpg,/home/brisic03/VisDrone/VisDrone2019-DET-val/images/0000289_01201_d_0000817.jpg,counting,How many awning-tricycles are visible in the drone image?,"{'A': '0', 'B': '1', 'C': '2', 'D': '3', 'E': '4 or more'}",D,D,D,3,1,0.36873793601989746
0000289_01201_d_0000817.jpg,/home/brisic03/VisDrone/VisDrone2019-DET-val/images/0000289_01201_d_0000817.jpg,most_frequent,Which object type appears most often in the drone image?,"{'A': 'tricycle', 'B': 'van', 'C': 'car', 'D': 'people', 'E': 'pedestrian'}",C,C,C,car,1,0.37186384201049805
0000289_01201_d_0000817.jpg,/home/brisic03/VisDrone/VisDrone2019-DET-val/images/0000289_01201_d_0000817.jpg,location,Where is the largest car located in the image?,"{'A': 'top-left', 'B': 'top-right', 'C': 'bottom-left', 'D': 'bottom-right', 'E': 'center'}",E,E,D,bottom-right,0,0.36843204498291016
0000289_01401_d_0000818.jpg,/home/brisic03/VisDrone/VisDrone2019-DET-val/images/0000289_01401_d_0000818.jpg,presence,Which object type is visible in the drone image?,"{'A': 'awning-tricycle', 'B': 'bus', 'C': 'tricycle', 'D': 'van', 'E': 'motor'}",C,C,B,bus,0,0.3651864528656006
0000289_01401_d_0000818.jpg,/home/brisic03/VisDrone/VisDrone2019-DET-val/images/0000289_01401_d_0000818.jpg,counting,How many vans are visible in the drone image?,"{'A': '0', 'B': '1', 'C': '2', 'D': '3', 'E': '4 or more'}",D,D,C,2,0,0.3658638000488281
0000289_01401_d_0000818.jpg,/home/brisic03/VisDrone/VisDrone2019-DET-val/images/0000289_01401_d_0000818.jpg,most_frequent,Which object type appears most often in the drone image?,"{'A': 'awning-tricycle', 'B': 'people', 'C': 'van', 'D': 'motor', 'E': 'car'}",E,E,E,car,1,0.36579227447509766
0000289_01401_d_0000818.jpg,/home/brisic03/VisDrone/VisDrone2019-DET-val/images/0000289_01401_d_0000818.jpg,location,Where is the largest bus located in the image?,"{'A': 'top-left', 'B': 'top-right', 'C': 'bottom-left', 'D': 'bottom-right', 'E': 'center'}",E,E,E,center,1,0.3672144412994385
0000289_01601_d_0000819.jpg,/home/brisic03/VisDrone/VisDrone2019-DET-val/images/0000289_01601_d_0000819.jpg,presence,Which object type is visible in the drone image?,"{'A': 'tricycle', 'B': 'motor', 'C': 'pedestrian', 'D': 'car', 'E': 'bicycle'}",D,D,D,car,1,0.3673362731933594
0000289_01601_d_0000819.jpg,/home/brisic03/VisDrone/VisDrone2019-DET-val/images/0000289_01601_d_0000819.jpg,counting,How many vans are visible in the drone image?,"{'A': '0', 'B': '1', 'C': '2', 'D': '3', 'E': '4 or more'}",E,E,B,1,0,0.36580967903137207
0000289_01601_d_0000819.jpg,/home/brisic03/VisDrone/VisDrone2019-DET-val/images/0000289_01601_d_0000819.jpg,most_frequent,Which object type appears most often in the drone image?,"{'A': 'motor', 'B': 'bicycle', 'C': 'tricycle', 'D': 'truck', 'E': 'car'}",E,E,E,car,1,0.3740668296813965
0000289_01601_d_0000819.jpg,/home/brisic03/VisDrone/VisDrone2019-DET-val/images/0000289_01601_d_0000819.jpg,location,Where is the largest car located in the image?,"{'A': 'top-left', 'B': 'top-right', 'C': 'bottom-left', 'D': 'bottom-right', 'E': 'center'}",E,E,E,center,1,0.3854668140411377
0000289_02001_d_0000821.jpg,/home/brisic03/VisDrone/VisDrone2019-DET-val/images/0000289_02001_d_0000821.jpg,presence,Which object type is visible in the drone image?,"{'A': 'people', 'B': 'motor', 'C': 'awning-tricycle', 'D': 'truck', 'E': 'van'}",B,B,D,truck,0,0.3744947910308838
0000289_02001_d_0000821.jpg,/home/brisic03/VisDrone/VisDrone2019-DET-val/images/0000289_02001_d_0000821.jpg,counting,How many bicycles are visible in the drone image?,"{'A': '0', 'B': '1', 'C': '2', 'D': '3', 'E': '4 or more'}",A,A,C,2,0,0.36847877502441406
0000289_02001_d_0000821.jpg,/home/brisic03/VisDrone/VisDrone2019-DET-val/images/0000289_02001_d_0000821.jpg,most_frequent,Which object type appears most often in the drone image?,"{'A': 'van', 'B': 'awning-tricycle', 'C': 'car', 'D': 'motor', 'E': 'truck'}",C,C,C,car,1,0.3702099323272705
0000289_02001_d_0000821.jpg,/home/brisic03/VisDrone/VisDrone2019-DET-val/images/0000289_02001_d_0000821.jpg,location,Where is the largest car located in the image?,"{'A': 'top-left', 'B': 'top-right', 'C': 'bottom-left', 'D': 'bottom-right', 'E': 'center'}",E,E,E,center,1,0.37079954147338867
0000289_02201_d_0000822.jpg,/home/brisic03/VisDrone/VisDrone2019-DET-val/images/0000289_02201_d_0000822.jpg,presence,Which object type is visible in the drone image?,"{'A': 'motor', 'B': 'pedestrian', 'C': 'bicycle', 'D': 'truck', 'E': 'tricycle'}",C,C,B,pedestrian,0,0.3673713207244873
0000289_02201_d_0000822.jpg,/home/brisic03/VisDrone/VisDrone2019-DET-val/images/0000289_02201_d_0000822.jpg,counting,How many cars are visible in the drone image?,"{'A': '0', 'B': '1', 'C': '2', 'D': '3', 'E': '4 or more'}",E,E,E,4 or more,1,0.37020373344421387
0000289_02201_d_0000822.jpg,/home/brisic03/VisDrone/VisDrone2019-DET-val/images/0000289_02201_d_0000822.jpg,most_frequent,Which object type appears most often in the drone image?,"{'A': 'car', 'B': 'people', 'C': 'tricycle', 'D': 'motor', 'E': 'pedestrian'}",A,A,A,car,1,0.37179112434387207
0000289_02201_d_0000822.jpg,/home/brisic03/VisDrone/VisDrone2019-DET-val/images/0000289_02201_d_0000822.jpg,location,Where is the largest car located in the image?,"{'A': 'top-left', 'B': 'top-right', 'C': 'bottom-left', 'D': 'bottom-right', 'E': 'center'}",E,E,A,top-left,0,0.37236642837524414
0000289_02401_d_0000823.jpg,/home/brisic03/VisDrone/VisDrone2019-DET-val/images/0000289_02401_d_0000823.jpg,presence,Which object type is visible in the drone image?,"{'A': 'van', 'B': 'bicycle', 'C': 'people', 'D': 'tricycle', 'E': 'pedestrian'}",C,C,A,van,0,0.36722469329833984
0000289_02401_d_0000823.jpg,/home/brisic03/VisDrone/VisDrone2019-DET-val/images/0000289_02401_d_0000823.jpg,counting,How many cars are visible in the drone image?,"{'A': '0', 'B': '1', 'C': '2', 'D': '3', 'E': '4 or more'}",E,E,E,4 or more,1,0.36556529998779297
0000289_02401_d_0000823.jpg,/home/brisic03/VisDrone/VisDrone2019-DET-val/images/0000289_02401_d_0000823.jpg,most_frequent,Which object type appears most often in the drone image?,"{'A': 'truck', 'B': 'car', 'C': 'bicycle', 'D': 'awning-tricycle', 'E': 'motor'}",B,B,B,car,1,0.36602163314819336
0000289_02401_d_0000823.jpg,/home/brisic03/VisDrone/VisDrone2019-DET-val/images/0000289_02401_d_0000823.jpg,location,Where is the largest car located in the image?,"{'A': 'top-left', 'B': 'top-right', 'C': 'bottom-left', 'D': 'bottom-right', 'E': 'center'}",E,E,D,bottom-right,0,0.37059664726257324
0000289_02601_d_0000824.jpg,/home/brisic03/VisDrone/VisDrone2019-DET-val/images/0000289_02601_d_0000824.jpg,presence,Which object type is visible in the drone image?,"{'A': 'pedestrian', 'B': 'motor', 'C': 'awning-tricycle', 'D': 'van', 'E': 'car'}",B,B,D,van,0,0.37066078186035156
0000289_02601_d_0000824.jpg,/home/brisic03/VisDrone/VisDrone2019-DET-val/images/0000289_02601_d_0000824.jpg,counting,How many motors are visible in the drone image?,"{'A': '0', 'B': '1', 'C': '2', 'D': '3', 'E': '4 or more'}",E,E,B,1,0,0.36553025245666504
0000289_02601_d_0000824.jpg,/home/brisic03/VisDrone/VisDrone2019-DET-val/images/0000289_02601_d_0000824.jpg,most_frequent,Which object type appears most often in the drone image?,"{'A': 'awning-tricycle', 'B': 'car', 'C': 'bus', 'D': 'pedestrian', 'E': 'bicycle'}",B,B,B,car,1,0.3657841682434082
0000289_02601_d_0000824.jpg,/home/brisic03/VisDrone/VisDrone2019-DET-val/images/0000289_02601_d_0000824.jpg,location,Where is the largest car located in the image?,"{'A': 'top-left', 'B': 'top-right', 'C': 'bottom-left', 'D': 'bottom-right', 'E': 'center'}",E,E,E,center,1,0.3674900531768799
0000289_03001_d_0000826.jpg,/home/brisic03/VisDrone/VisDrone2019-DET-val/images/0000289_03001_d_0000826.jpg,presence,Which object type is visible in the drone image?,"{'A': 'motor', 'B': 'van', 'C': 'bicycle', 'D': 'bus', 'E': 'awning-tricycle'}",A,A,E,awning-tricycle,0,0.36702966690063477
0000289_03001_d_0000826.jpg,/home/brisic03/VisDrone/VisDrone2019-DET-val/images/0000289_03001_d_0000826.jpg,counting,How many motors are visible in the drone image?,"{'A': '0', 'B': '1', 'C': '2', 'D': '3', 'E': '4 or more'}",E,E,D,3,0,0.368030309677124
0000289_03001_d_0000826.jpg,/home/brisic03/VisDrone/VisDrone2019-DET-val/images/0000289_03001_d_0000826.jpg,most_frequent,Which object type appears most often in the drone image?,"{'A': 'van', 'B': 'people', 'C': 'pedestrian', 'D': 'awning-tricycle', 'E': 'car'}",E,E,E,car,1,0.3706972599029541
0000289_03001_d_0000826.jpg,/home/brisic03/VisDrone/VisDrone2019-DET-val/images/0000289_03001_d_0000826.jpg,location,Where is the largest car located in the image?,"{'A': 'top-left', 'B': 'top-right', 'C': 'bottom-left', 'D': 'bottom-right', 'E': 'center'}",E,E,E,center,1,0.3712022304534912
0000289_03201_d_0000827.jpg,/home/brisic03/VisDrone/VisDrone2019-DET-val/images/0000289_03201_d_0000827.jpg,presence,Which object type is visible in the drone image?,"{'A': 'van', 'B': 'bicycle', 'C': 'people', 'D': 'truck', 'E': 'tricycle'}",A,A,A,van,1,0.36746788024902344
0000289_03201_d_0000827.jpg,/home/brisic03/VisDrone/VisDrone2019-DET-val/images/0000289_03201_d_0000827.jpg,counting,How many motors are visible in the drone image?,"{'A': '0', 'B': '1', 'C': '2', 'D': '3', 'E': '4 or more'}",E,E,E,4 or more,1,0.3666558265686035
0000289_03201_d_0000827.jpg,/home/brisic03/VisDrone/VisDrone2019-DET-val/images/0000289_03201_d_0000827.jpg,most_frequent,Which object type appears most often in the drone image?,"{'A': 'people', 'B': 'motor', 'C': 'truck', 'D': 'car', 'E': 'van'}",D,D,D,car,1,0.36367106437683105
0000289_03201_d_0000827.jpg,/home/brisic03/VisDrone/VisDrone2019-DET-val/images/0000289_03201_d_0000827.jpg,location,Where is the largest car located in the image?,"{'A': 'top-left', 'B': 'top-right', 'C': 'bottom-left', 'D': 'bottom-right', 'E': 'center'}",E,E,C,bottom-left,0,0.365858793258667
0000289_03401_d_0000828.jpg,/home/brisic03/VisDrone/VisDrone2019-DET-val/images/0000289_03401_d_0000828.jpg,presence,Which object type is visible in the drone image?,"{'A': 'bicycle', 'B': 'motor', 'C': 'truck', 'D': 'pedestrian', 'E': 'car'}",E,E,E,car,1,0.38407373428344727
0000289_03401_d_0000828.jpg,/home/brisic03/VisDrone/VisDrone2019-DET-val/images/0000289_03401_d_0000828.jpg,counting,How many motors are visible in the drone image?,"{'A': '0', 'B': '1', 'C': '2', 'D': '3', 'E': '4 or more'}",E,E,E,4 or more,1,0.39191293716430664
0000289_03401_d_0000828.jpg,/home/brisic03/VisDrone/VisDrone2019-DET-val/images/0000289_03401_d_0000828.jpg,most_frequent,Which object type appears most often in the drone image?,"{'A': 'motor', 'B': 'van', 'C': 'bicycle', 'D': 'truck', 'E': 'car'}",E,E,E,car,1,0.38636183738708496
0000289_03401_d_0000828.jpg,/home/brisic03/VisDrone/VisDrone2019-DET-val/images/0000289_03401_d_0000828.jpg,location,Where is the largest car located in the image?,"{'A': 'top-left', 'B': 'top-right', 'C': 'bottom-left', 'D': 'bottom-right', 'E': 'center'}",E,E,D,bottom-right,0,0.3817570209503174
0000289_03601_d_0000829.jpg,/home/brisic03/VisDrone/VisDrone2019-DET-val/images/0000289_03601_d_0000829.jpg,presence,Which object type is visible in the drone image?,"{'A': 'motor', 'B': 'car', 'C': 'people', 'D': 'bus', 'E': 'truck'}",C,C,A,motor,0,0.37166523933410645
0000289_03601_d_0000829.jpg,/home/brisic03/VisDrone/VisDrone2019-DET-val/images/0000289_03601_d_0000829.jpg,counting,How many cars are visible in the drone image?,"{'A': '0', 'B': '1', 'C': '2', 'D': '3', 'E': '4 or more'}",E,E,E,4 or more,1,0.3672752380371094
0000289_03601_d_0000829.jpg,/home/brisic03/VisDrone/VisDrone2019-DET-val/images/0000289_03601_d_0000829.jpg,most_frequent,Which object type appears most often in the drone image?,"{'A': 'pedestrian', 'B': 'bicycle', 'C': 'people', 'D': 'car', 'E': 'motor'}",D,D,D,car,1,0.3677029609680176
0000289_03601_d_0000829.jpg,/home/brisic03/VisDrone/VisDrone2019-DET-val/images/0000289_03601_d_0000829.jpg,location,Where is the largest car located in the image?,"{'A': 'top-left', 'B': 'top-right', 'C': 'bottom-left', 'D': 'bottom-right', 'E': 'center'}",E,E,D,bottom-right,0,0.3694882392883301
0000289_03801_d_0000830.jpg,/home/brisic03/VisDrone/VisDrone2019-DET-val/images/0000289_03801_d_0000830.jpg,presence,Which object type is visible in the drone image?,"{'A': 'awning-tricycle', 'B': 'bicycle', 'C': 'bus', 'D': 'pedestrian', 'E': 'motor'}",A,A,C,bus,0,0.36814117431640625
0000289_03801_d_0000830.jpg,/home/brisic03/VisDrone/VisDrone2019-DET-val/images/0000289_03801_d_0000830.jpg,counting,How many cars are visible in the drone image?,"{'A': '0', 'B': '1', 'C': '2', 'D': '3', 'E': '4 or more'}",E,E,E,4 or more,1,0.36504530906677246
0000289_03801_d_0000830.jpg,/home/brisic03/VisDrone/VisDrone2019-DET-val/images/0000289_03801_d_0000830.jpg,most_frequent,Which object type appears most often in the drone image?,"{'A': 'tricycle', 'B': 'pedestrian', 'C': 'car', 'D': 'awning-tricycle', 'E': 'truck'}",C,C,C,car,1,0.3666107654571533
0000289_03801_d_0000830.jpg,/home/brisic03/VisDrone/VisDrone2019-DET-val/images/0000289_03801_d_0000830.jpg,location,Where is the largest car located in the image?,"{'A': 'top-left', 'B': 'top-right', 'C': 'bottom-left', 'D': 'bottom-right', 'E': 'center'}",E,E,E,center,1,0.3671131134033203
0000289_04001_d_0000831.jpg,/home/brisic03/VisDrone/VisDrone2019-DET-val/images/0000289_04001_d_0000831.jpg,presence,Which object type is visible in the drone image?,"{'A': 'van', 'B': 'pedestrian', 'C': 'motor', 'D': 'bicycle', 'E': 'awning-tricycle'}",B,B,C,motor,0,0.3682882785797119
0000289_04001_d_0000831.jpg,/home/brisic03/VisDrone/VisDrone2019-DET-val/images/0000289_04001_d_0000831.jpg,counting,How many vans are visible in the drone image?,"{'A': '0', 'B': '1', 'C': '2', 'D': '3', 'E': '4 or more'}",D,D,D,3,1,0.36658596992492676
0000289_04001_d_0000831.jpg,/home/brisic03/VisDrone/VisDrone2019-DET-val/images/0000289_04001_d_0000831.jpg,most_frequent,Which object type appears most often in the drone image?,"{'A': 'truck', 'B': 'motor', 'C': 'pedestrian', 'D': 'car', 'E': 'bicycle'}",D,D,D,car,1,0.3841390609741211
0000289_04001_d_0000831.jpg,/home/brisic03/VisDrone/VisDrone2019-DET-val/images/0000289_04001_d_0000831.jpg,location,Where is the largest car located in the image?,"{'A': 'top-left', 'B': 'top-right', 'C': 'bottom-left', 'D': 'bottom-right', 'E': 'center'}",E,E,C,bottom-left,0,0.4024057388305664
0000289_04201_d_0000832.jpg,/home/brisic03/VisDrone/VisDrone2019-DET-val/images/0000289_04201_d_0000832.jpg,presence,Which object type is visible in the drone image?,"{'A': 'tricycle', 'B': 'awning-tricycle', 'C': 'bus', 'D': 'car', 'E': 'motor'}",A,A,E,motor,0,0.39140772819519043
0000289_04201_d_0000832.jpg,/home/brisic03/VisDrone/VisDrone2019-DET-val/images/0000289_04201_d_0000832.jpg,counting,How many peoples are visible in the drone image?,"{'A': '0', 'B': '1', 'C': '2', 'D': '3', 'E': '4 or more'}",A,A,B,1,0,0.385164737701416
0000289_04201_d_0000832.jpg,/home/brisic03/VisDrone/VisDrone2019-DET-val/images/0000289_04201_d_0000832.jpg,location,Where is the largest car located in the image?,"{'A': 'top-left', 'B': 'top-right', 'C': 'bottom-left', 'D': 'bottom-right', 'E': 'center'}",E,E,E,center,1,0.3821604251861572
0000289_04401_d_0000833.jpg,/home/brisic03/VisDrone/VisDrone2019-DET-val/images/0000289_04401_d_0000833.jpg,presence,Which object type is visible in the drone image?,"{'A': 'car', 'B': 'bicycle', 'C': 'people', 'D': 'bus', 'E': 'tricycle'}",B,B,E,tricycle,0,0.3708152770996094
0000289_04401_d_0000833.jpg,/home/brisic03/VisDrone/VisDrone2019-DET-val/images/0000289_04401_d_0000833.jpg,counting,How many cars are visible in the drone image?,"{'A': '0', 'B': '1', 'C': '2', 'D': '3', 'E': '4 or more'}",E,E,E,4 or more,1,0.367584228515625
0000289_04401_d_0000833.jpg,/home/brisic03/VisDrone/VisDrone2019-DET-val/images/0000289_04401_d_0000833.jpg,most_frequent,Which object type appears most often in the drone image?,"{'A': 'car', 'B': 'tricycle', 'C': 'van', 'D': 'awning-tricycle', 'E': 'bicycle'}",A,A,A,car,1,0.37059760093688965
0000289_04401_d_0000833.jpg,/home/brisic03/VisDrone/VisDrone2019-DET-val/images/0000289_04401_d_0000833.jpg,location,Where is the largest car located in the image?,"{'A': 'top-left', 'B': 'top-right', 'C': 'bottom-left', 'D': 'bottom-right', 'E': 'center'}",E,E,C,bottom-left,0,0.3696718215942383
0000289_04601_d_0000834.jpg,/home/brisic03/VisDrone/VisDrone2019-DET-val/images/0000289_04601_d_0000834.jpg,presence,Which object type is visible in the drone image?,"{'A': 'bicycle', 'B': 'tricycle', 'C': 'van', 'D': 'car', 'E': 'awning-tricycle'}",B,B,E,awning-tricycle,0,0.3667573928833008
0000289_04601_d_0000834.jpg,/home/brisic03/VisDrone/VisDrone2019-DET-val/images/0000289_04601_d_0000834.jpg,counting,How many awning-tricycles are visible in the drone image?,"{'A': '0', 'B': '1', 'C': '2', 'D': '3', 'E': '4 or more'}",D,D,B,1,0,0.3665761947631836
0000289_04601_d_0000834.jpg,/home/brisic03/VisDrone/VisDrone2019-DET-val/images/0000289_04601_d_0000834.jpg,most_frequent,Which object type appears most often in the drone image?,"{'A': 'truck', 'B': 'tricycle', 'C': 'bicycle', 'D': 'motor', 'E': 'pedestrian'}",B,B,E,pedestrian,0,0.36517882347106934
0000289_04601_d_0000834.jpg,/home/brisic03/VisDrone/VisDrone2019-DET-val/images/0000289_04601_d_0000834.jpg,location,Where is the largest van located in the image?,"{'A': 'top-left', 'B': 'top-right', 'C': 'bottom-left', 'D': 'bottom-right', 'E': 'center'}",E,E,E,center,1,0.3668956756591797
0000289_04801_d_0000835.jpg,/home/brisic03/VisDrone/VisDrone2019-DET-val/images/0000289_04801_d_0000835.jpg,presence,Which object type is visible in the drone image?,"{'A': 'car', 'B': 'tricycle', 'C': 'bus', 'D': 'people', 'E': 'pedestrian'}",A,A,A,car,1,0.36615896224975586
0000289_04801_d_0000835.jpg,/home/brisic03/VisDrone/VisDrone2019-DET-val/images/0000289_04801_d_0000835.jpg,counting,How many pedestrians are visible in the drone image?,"{'A': '0', 'B': '1', 'C': '2', 'D': '3', 'E': '4 or more'}",E,E,E,4 or more,1,0.36685705184936523
0000289_04801_d_0000835.jpg,/home/brisic03/VisDrone/VisDrone2019-DET-val/images/0000289_04801_d_0000835.jpg,most_frequent,Which object type appears most often in the drone image?,"{'A': 'tricycle', 'B': 'motor', 'C': 'car', 'D': 'van', 'E': 'people'}",C,C,C,car,1,0.3849320411682129
0000289_04801_d_0000835.jpg,/home/brisic03/VisDrone/VisDrone2019-DET-val/images/0000289_04801_d_0000835.jpg,location,Where is the largest car located in the image?,"{'A': 'top-left', 'B': 'top-right', 'C': 'bottom-left', 'D': 'bottom-right', 'E': 'center'}",E,E,E,center,1,0.4048933982849121
0000289_05001_d_0000836.jpg,/home/brisic03/VisDrone/VisDrone2019-DET-val/images/0000289_05001_d_0000836.jpg,presence,Which object type is visible in the drone image?,"{'A': 'car', 'B': 'van', 'C': 'truck', 'D': 'bus', 'E': 'bicycle'}",A,A,A,car,1,0.39360642433166504
0000289_05001_d_0000836.jpg,/home/brisic03/VisDrone/VisDrone2019-DET-val/images/0000289_05001_d_0000836.jpg,counting,How many motors are visible in the drone image?,"{'A': '0', 'B': '1', 'C': '2', 'D': '3', 'E': '4 or more'}",E,E,E,4 or more,1,0.38446640968322754
0000289_05001_d_0000836.jpg,/home/brisic03/VisDrone/VisDrone2019-DET-val/images/0000289_05001_d_0000836.jpg,most_frequent,Which object type appears most often in the drone image?,"{'A': 'car', 'B': 'people', 'C': 'van', 'D': 'bus', 'E': 'motor'}",A,A,A,car,1,0.38334035873413086
0000289_05001_d_0000836.jpg,/home/brisic03/VisDrone/VisDrone2019-DET-val/images/0000289_05001_d_0000836.jpg,location,Where is the largest car located in the image?,"{'A': 'top-left', 'B': 'top-right', 'C': 'bottom-left', 'D': 'bottom-right', 'E': 'center'}",E,E,E,center,1,0.37412405014038086
0000289_05201_d_0000837.jpg,/home/brisic03/VisDrone/VisDrone2019-DET-val/images/0000289_05201_d_0000837.jpg,presence,Which object type is visible in the drone image?,"{'A': 'van', 'B': 'pedestrian', 'C': 'motor', 'D': 'truck', 'E': 'car'}",C,C,A,van,0,0.36676979064941406
0000289_05201_d_0000837.jpg,/home/brisic03/VisDrone/VisDrone2019-DET-val/images/0000289_05201_d_0000837.jpg,counting,How many motors are visible in the drone image?,"{'A': '0', 'B': '1', 'C': '2', 'D': '3', 'E': '4 or more'}",E,E,E,4 or more,1,0.3694267272949219
0000289_05201_d_0000837.jpg,/home/brisic03/VisDrone/VisDrone2019-DET-val/images/0000289_05201_d_0000837.jpg,most_frequent,Which object type appears most often in the drone image?,"{'A': 'car', 'B': 'pedestrian', 'C': 'van', 'D': 'awning-tricycle', 'E': 'tricycle'}",A,A,A,car,1,0.37097835540771484
0000289_05201_d_0000837.jpg,/home/brisic03/VisDrone/VisDrone2019-DET-val/images/0000289_05201_d_0000837.jpg,location,Where is the largest car located in the image?,"{'A': 'top-left', 'B': 'top-right', 'C': 'bottom-left', 'D': 'bottom-right', 'E': 'center'}",E,E,D,bottom-right,0,0.36758875846862793
0000289_05401_d_0000838.jpg,/home/brisic03/VisDrone/VisDrone2019-DET-val/images/0000289_05401_d_0000838.jpg,presence,Which object type is visible in the drone image?,"{'A': 'van', 'B': 'truck', 'C': 'motor', 'D': 'bus', 'E': 'people'}",C,C,E,people,0,0.36417102813720703
0000289_05401_d_0000838.jpg,/home/brisic03/VisDrone/VisDrone2019-DET-val/images/0000289_05401_d_0000838.jpg,counting,How many bicycles are visible in the drone image?,"{'A': '0', 'B': '1', 'C': '2', 'D': '3', 'E': '4 or more'}",D,D,D,3,1,0.36641478538513184
0000289_05401_d_0000838.jpg,/home/brisic03/VisDrone/VisDrone2019-DET-val/images/0000289_05401_d_0000838.jpg,most_frequent,Which object type appears most often in the drone image?,"{'A': 'car', 'B': 'bus', 'C': 'people', 'D': 'pedestrian', 'E': 'bicycle'}",A,A,A,car,1,0.36645078659057617
0000289_05401_d_0000838.jpg,/home/brisic03/VisDrone/VisDrone2019-DET-val/images/0000289_05401_d_0000838.jpg,location,Where is the largest van located in the image?,"{'A': 'top-left', 'B': 'top-right', 'C': 'bottom-left', 'D': 'bottom-right', 'E': 'center'}",E,E,C,bottom-left,0,0.36675548553466797
0000289_05601_d_0000839.jpg,/home/brisic03/VisDrone/VisDrone2019-DET-val/images/0000289_05601_d_0000839.jpg,presence,Which object type is visible in the drone image?,"{'A': 'bus', 'B': 'motor', 'C': 'tricycle', 'D': 'pedestrian', 'E': 'awning-tricycle'}",C,C,E,awning-tricycle,0,0.36591267585754395
0000289_05601_d_0000839.jpg,/home/brisic03/VisDrone/VisDrone2019-DET-val/images/0000289_05601_d_0000839.jpg,counting,How many vans are visible in the drone image?,"{'A': '0', 'B': '1', 'C': '2', 'D': '3', 'E': '4 or more'}",E,E,D,3,0,0.3772444725036621
0000289_05601_d_0000839.jpg,/home/brisic03/VisDrone/VisDrone2019-DET-val/images/0000289_05601_d_0000839.jpg,most_frequent,Which object type appears most often in the drone image?,"{'A': 'bus', 'B': 'tricycle', 'C': 'bicycle', 'D': 'car', 'E': 'truck'}",D,D,D,car,1,0.39862847328186035
0000289_05601_d_0000839.jpg,/home/brisic03/VisDrone/VisDrone2019-DET-val/images/0000289_05601_d_0000839.jpg,location,Where is the largest car located in the image?,"{'A': 'top-left', 'B': 'top-right', 'C': 'bottom-left', 'D': 'bottom-right', 'E': 'center'}",E,E,D,bottom-right,0,0.38632678985595703
0000289_05801_d_0000840.jpg,/home/brisic03/VisDrone/VisDrone2019-DET-val/images/0000289_05801_d_0000840.jpg,presence,Which object type is visible in the drone image?,"{'A': 'motor', 'B': 'pedestrian', 'C': 'people', 'D': 'car', 'E': 'truck'}",A,A,A,motor,1,0.37100934982299805
0000289_05801_d_0000840.jpg,/home/brisic03/VisDrone/VisDrone2019-DET-val/images/0000289_05801_d_0000840.jpg,counting,How many peoples are visible in the drone image?,"{'A': '0', 'B': '1', 'C': '2', 'D': '3', 'E': '4 or more'}",A,A,B,1,0,0.37399792671203613
0000289_05801_d_0000840.jpg,/home/brisic03/VisDrone/VisDrone2019-DET-val/images/0000289_05801_d_0000840.jpg,most_frequent,Which object type appears most often in the drone image?,"{'A': 'bus', 'B': 'car', 'C': 'awning-tricycle', 'D': 'pedestrian', 'E': 'tricycle'}",E,E,B,car,0,0.37214183807373047
0000289_05801_d_0000840.jpg,/home/brisic03/VisDrone/VisDrone2019-DET-val/images/0000289_05801_d_0000840.jpg,location,Where is the largest car located in the image?,"{'A': 'top-left', 'B': 'top-right', 'C': 'bottom-left', 'D': 'bottom-right', 'E': 'center'}",E,E,E,center,1,0.3680226802825928
0000289_06001_d_0000841.jpg,/home/brisic03/VisDrone/VisDrone2019-DET-val/images/0000289_06001_d_0000841.jpg,presence,Which object type is visible in the drone image?,"{'A': 'car', 'B': 'bus', 'C': 'pedestrian', 'D': 'bicycle', 'E': 'awning-tricycle'}",A,A,C,pedestrian,0,0.36564159393310547
0000289_06001_d_0000841.jpg,/home/brisic03/VisDrone/VisDrone2019-DET-val/images/0000289_06001_d_0000841.jpg,counting,How many motors are visible in the drone image?,"{'A': '0', 'B': '1', 'C': '2', 'D': '3', 'E': '4 or more'}",E,E,E,4 or more,1,0.37275147438049316
0000289_06001_d_0000841.jpg,/home/brisic03/VisDrone/VisDrone2019-DET-val/images/0000289_06001_d_0000841.jpg,most_frequent,Which object type appears most often in the drone image?,"{'A': 'bus', 'B': 'van', 'C': 'car', 'D': 'pedestrian', 'E': 'people'}",C,C,C,car,1,0.3791792392730713
0000289_06001_d_0000841.jpg,/home/brisic03/VisDrone/VisDrone2019-DET-val/images/0000289_06001_d_0000841.jpg,location,Where is the largest car located in the image?,"{'A': 'top-left', 'B': 'top-right', 'C': 'bottom-left', 'D': 'bottom-right', 'E': 'center'}",E,E,E,center,1,0.37196969985961914
0000289_06201_d_0000842.jpg,/home/brisic03/VisDrone/VisDrone2019-DET-val/images/0000289_06201_d_0000842.jpg,presence,Which object type is visible in the drone image?,"{'A': 'truck', 'B': 'bicycle', 'C': 'bus', 'D': 'pedestrian', 'E': 'people'}",B,B,E,people,0,0.36681699752807617
0000289_06201_d_0000842.jpg,/home/brisic03/VisDrone/VisDrone2019-DET-val/images/0000289_06201_d_0000842.jpg,counting,How many pedestrians are visible in the drone image?,"{'A': '0', 'B': '1', 'C': '2', 'D': '3', 'E': '4 or more'}",E,E,E,4 or more,1,0.36723947525024414
0000289_06201_d_0000842.jpg,/home/brisic03/VisDrone/VisDrone2019-DET-val/images/0000289_06201_d_0000842.jpg,most_frequent,Which object type appears most often in the drone image?,"{'A': 'motor', 'B': 'awning-tricycle', 'C': 'car', 'D': 'people', 'E': 'pedestrian'}",C,C,C,car,1,0.36948323249816895
0000289_06201_d_0000842.jpg,/home/brisic03/VisDrone/VisDrone2019-DET-val/images/0000289_06201_d_0000842.jpg,location,Where is the largest van located in the image?,"{'A': 'top-left', 'B': 'top-right', 'C': 'bottom-left', 'D': 'bottom-right', 'E': 'center'}",A,A,C,bottom-left,0,0.36676645278930664
0000289_06401_d_0000843.jpg,/home/brisic03/VisDrone/VisDrone2019-DET-val/images/0000289_06401_d_0000843.jpg,presence,Which object type is visible in the drone image?,"{'A': 'tricycle', 'B': 'pedestrian', 'C': 'truck', 'D': 'car', 'E': 'bus'}",A,A,D,car,0,0.36524319648742676
0000289_06401_d_0000843.jpg,/home/brisic03/VisDrone/VisDrone2019-DET-val/images/0000289_06401_d_0000843.jpg,counting,How many bicycles are visible in the drone image?,"{'A': '0', 'B': '1', 'C': '2', 'D': '3', 'E': '4 or more'}",E,E,B,1,0,0.3661186695098877
0000289_06401_d_0000843.jpg,/home/brisic03/VisDrone/VisDrone2019-DET-val/images/0000289_06401_d_0000843.jpg,most_frequent,Which object type appears most often in the drone image?,"{'A': 'awning-tricycle', 'B': 'car', 'C': 'bicycle', 'D': 'van', 'E': 'bus'}",B,B,B,car,1,0.36844396591186523
0000289_06401_d_0000843.jpg,/home/brisic03/VisDrone/VisDrone2019-DET-val/images/0000289_06401_d_0000843.jpg,location,Where is the largest van located in the image?,"{'A': 'top-left', 'B': 'top-right', 'C': 'bottom-left', 'D': 'bottom-right', 'E': 'center'}",B,B,E,center,0,0.370166540145874
0000289_06601_d_0000844.jpg,/home/brisic03/VisDrone/VisDrone2019-DET-val/images/0000289_06601_d_0000844.jpg,presence,Which object type is visible in the drone image?,"{'A': 'tricycle', 'B': 'truck', 'C': 'awning-tricycle', 'D': 'van', 'E': 'car'}",A,A,E,car,0,0.36601686477661133
0000289_06601_d_0000844.jpg,/home/brisic03/VisDrone/VisDrone2019-DET-val/images/0000289_06601_d_0000844.jpg,counting,How many bicycles are visible in the drone image?,"{'A': '0', 'B': '1', 'C': '2', 'D': '3', 'E': '4 or more'}",E,E,C,2,0,0.3687248229980469
0000289_06601_d_0000844.jpg,/home/brisic03/VisDrone/VisDrone2019-DET-val/images/0000289_06601_d_0000844.jpg,most_frequent,Which object type appears most often in the drone image?,"{'A': 'truck', 'B': 'motor', 'C': 'car', 'D': 'bus', 'E': 'bicycle'}",C,C,C,car,1,0.3818955421447754
0000289_06601_d_0000844.jpg,/home/brisic03/VisDrone/VisDrone2019-DET-val/images/0000289_06601_d_0000844.jpg,location,Where is the largest car located in the image?,"{'A': 'top-left', 'B': 'top-right', 'C': 'bottom-left', 'D': 'bottom-right', 'E': 'center'}",A,A,D,bottom-right,0,0.3900585174560547
0000289_06801_d_0000845.jpg,/home/brisic03/VisDrone/VisDrone2019-DET-val/images/0000289_06801_d_0000845.jpg,presence,Which object type is visible in the drone image?,"{'A': 'truck', 'B': 'van', 'C': 'awning-tricycle', 'D': 'pedestrian', 'E': 'car'}",D,D,B,van,0,0.37821245193481445
0000289_06801_d_0000845.jpg,/home/brisic03/VisDrone/VisDrone2019-DET-val/images/0000289_06801_d_0000845.jpg,counting,How many vans are visible in the drone image?,"{'A': '0', 'B': '1', 'C': '2', 'D': '3', 'E': '4 or more'}",E,E,B,1,0,0.3808867931365967
0000289_06801_d_0000845.jpg,/home/brisic03/VisDrone/VisDrone2019-DET-val/images/0000289_06801_d_0000845.jpg,most_frequent,Which object type appears most often in the drone image?,"{'A': 'car', 'B': 'bus', 'C': 'people', 'D': 'van', 'E': 'truck'}",A,A,A,car,1,0.36939573287963867
0000289_06801_d_0000845.jpg,/home/brisic03/VisDrone/VisDrone2019-DET-val/images/0000289_06801_d_0000845.jpg,location,Where is the largest car located in the image?,"{'A': 'top-left', 'B': 'top-right', 'C': 'bottom-left', 'D': 'bottom-right', 'E': 'center'}",E,E,C,bottom-left,0,0.3663463592529297
0000289_07001_d_0000846.jpg,/home/brisic03/VisDrone/VisDrone2019-DET-val/images/0000289_07001_d_0000846.jpg,presence,Which object type is visible in the drone image?,"{'A': 'van', 'B': 'motor', 'C': 'truck', 'D': 'bicycle', 'E': 'car'}",A,A,E,car,0,0.3654024600982666
0000289_07001_d_0000846.jpg,/home/brisic03/VisDrone/VisDrone2019-DET-val/images/0000289_07001_d_0000846.jpg,counting,How many cars are visible in the drone image?,"{'A': '0', 'B': '1', 'C': '2', 'D': '3', 'E': '4 or more'}",E,E,E,4 or more,1,0.3693115711212158
0000289_07001_d_0000846.jpg,/home/brisic03/VisDrone/VisDrone2019-DET-val/images/0000289_07001_d_0000846.jpg,most_frequent,Which object type appears most often in the drone image?,"{'A': 'people', 'B': 'tricycle', 'C': 'bicycle', 'D': 'truck', 'E': 'car'}",E,E,E,car,1,0.3683145046234131
0000289_07001_d_0000846.jpg,/home/brisic03/VisDrone/VisDrone2019-DET-val/images/0000289_07001_d_0000846.jpg,location,Where is the largest car located in the image?,"{'A': 'top-left', 'B': 'top-right', 'C': 'bottom-left', 'D': 'bottom-right', 'E': 'center'}",A,A,C,bottom-left,0,0.36611461639404297
0000289_07201_d_0000847.jpg,/home/brisic03/VisDrone/VisDrone2019-DET-val/images/0000289_07201_d_0000847.jpg,presence,Which object type is visible in the drone image?,"{'A': 'tricycle', 'B': 'truck', 'C': 'pedestrian', 'D': 'awning-tricycle', 'E': 'people'}",D,D,B,truck,0,0.3661684989929199
0000289_07201_d_0000847.jpg,/home/brisic03/VisDrone/VisDrone2019-DET-val/images/0000289_07201_d_0000847.jpg,counting,How many trucks are visible in the drone image?,"{'A': '0', 'B': '1', 'C': '2', 'D': '3', 'E': '4 or more'}",E,E,B,1,0,0.3679227828979492
0000289_07201_d_0000847.jpg,/home/brisic03/VisDrone/VisDrone2019-DET-val/images/0000289_07201_d_0000847.jpg,most_frequent,Which object type appears most often in the drone image?,"{'A': 'bicycle', 'B': 'bus', 'C': 'people', 'D': 'car', 'E': 'tricycle'}",D,D,D,car,1,0.3665049076080322
0000289_07201_d_0000847.jpg,/home/brisic03/VisDrone/VisDrone2019-DET-val/images/0000289_07201_d_0000847.jpg,location,Where is the largest car located in the image?,"{'A': 'top-left', 'B': 'top-right', 'C': 'bottom-left', 'D': 'bottom-right', 'E': 'center'}",E,E,C,bottom-left,0,0.36573052406311035
0000290_04001_d_0000867.jpg,/home/brisic03/VisDrone/VisDrone2019-DET-val/images/0000290_04001_d_0000867.jpg,presence,Which object type is visible in the drone image?,"{'A': 'van', 'B': 'pedestrian', 'C': 'motor', 'D': 'car', 'E': 'bus'}",D,D,D,car,1,0.37787699699401855
0000290_04001_d_0000867.jpg,/home/brisic03/VisDrone/VisDrone2019-DET-val/images/0000290_04001_d_0000867.jpg,counting,How many cars are visible in the drone image?,"{'A': '0', 'B': '1', 'C': '2', 'D': '3', 'E': '4 or more'}",E,E,E,4 or more,1,0.3953864574432373
0000290_04001_d_0000867.jpg,/home/brisic03/VisDrone/VisDrone2019-DET-val/images/0000290_04001_d_0000867.jpg,most_frequent,Which object type appears most often in the drone image?,"{'A': 'car', 'B': 'awning-tricycle', 'C': 'pedestrian', 'D': 'van', 'E': 'motor'}",A,A,A,car,1,0.3820970058441162
0000290_04001_d_0000867.jpg,/home/brisic03/VisDrone/VisDrone2019-DET-val/images/0000290_04001_d_0000867.jpg,location,Where is the largest truck located in the image?,"{'A': 'top-left', 'B': 'top-right', 'C': 'bottom-left', 'D': 'bottom-right', 'E': 'center'}",A,A,A,top-left,1,0.37078094482421875
0000291_00001_d_0000868.jpg,/home/brisic03/VisDrone/VisDrone2019-DET-val/images/0000291_00001_d_0000868.jpg,presence,Which object type is visible in the drone image?,"{'A': 'awning-tricycle', 'B': 'van', 'C': 'tricycle', 'D': 'pedestrian', 'E': 'motor'}",C,C,E,motor,0,0.3695967197418213
0000291_00001_d_0000868.jpg,/home/brisic03/VisDrone/VisDrone2019-DET-val/images/0000291_00001_d_0000868.jpg,counting,How many awning-tricycles are visible in the drone image?,"{'A': '0', 'B': '1', 'C': '2', 'D': '3', 'E': '4 or more'}",D,D,B,1,0,0.37259793281555176
0000291_00001_d_0000868.jpg,/home/brisic03/VisDrone/VisDrone2019-DET-val/images/0000291_00001_d_0000868.jpg,most_frequent,Which object type appears most often in the drone image?,"{'A': 'motor', 'B': 'people', 'C': 'pedestrian', 'D': 'bus', 'E': 'van'}",B,B,E,van,0,0.36740970611572266
0000291_00001_d_0000868.jpg,/home/brisic03/VisDrone/VisDrone2019-DET-val/images/0000291_00001_d_0000868.jpg,location,Where is the largest car located in the image?,"{'A': 'top-left', 'B': 'top-right', 'C': 'bottom-left', 'D': 'bottom-right', 'E': 'center'}",E,E,E,center,1,0.36618947982788086
0000291_00201_d_0000869.jpg,/home/brisic03/VisDrone/VisDrone2019-DET-val/images/0000291_00201_d_0000869.jpg,presence,Which object type is visible in the drone image?,"{'A': 'motor', 'B': 'pedestrian', 'C': 'bus', 'D': 'bicycle', 'E': 'awning-tricycle'}",A,A,E,awning-tricycle,0,0.36646413803100586
0000291_00201_d_0000869.jpg,/home/brisic03/VisDrone/VisDrone2019-DET-val/images/0000291_00201_d_0000869.jpg,counting,How many motors are visible in the drone image?,"{'A': '0', 'B': '1', 'C': '2', 'D': '3', 'E': '4 or more'}",E,E,B,1,0,0.3659703731536865
0000291_00201_d_0000869.jpg,/home/brisic03/VisDrone/VisDrone2019-DET-val/images/0000291_00201_d_0000869.jpg,most_frequent,Which object type appears most often in the drone image?,"{'A': 'van', 'B': 'bicycle', 'C': 'awning-tricycle', 'D': 'car', 'E': 'truck'}",D,D,D,car,1,0.36743688583374023
0000291_00201_d_0000869.jpg,/home/brisic03/VisDrone/VisDrone2019-DET-val/images/0000291_00201_d_0000869.jpg,location,Where is the largest truck located in the image?,"{'A': 'top-left', 'B': 'top-right', 'C': 'bottom-left', 'D': 'bottom-right', 'E': 'center'}",C,C,D,bottom-right,0,0.36496496200561523
0000291_00401_d_0000870.jpg,/home/brisic03/VisDrone/VisDrone2019-DET-val/images/0000291_00401_d_0000870.jpg,presence,Which object type is visible in the drone image?,"{'A': 'truck', 'B': 'people', 'C': 'van', 'D': 'awning-tricycle', 'E': 'tricycle'}",E,E,E,tricycle,1,0.36538004875183105
0000291_00401_d_0000870.jpg,/home/brisic03/VisDrone/VisDrone2019-DET-val/images/0000291_00401_d_0000870.jpg,counting,How many cars are visible in the drone image?,"{'A': '0', 'B': '1', 'C': '2', 'D': '3', 'E': '4 or more'}",E,E,E,4 or more,1,0.36580777168273926
0000291_00401_d_0000870.jpg,/home/brisic03/VisDrone/VisDrone2019-DET-val/images/0000291_00401_d_0000870.jpg,most_frequent,Which object type appears most often in the drone image?,"{'A': 'bicycle', 'B': 'tricycle', 'C': 'pedestrian', 'D': 'van', 'E': 'car'}",E,E,E,car,1,0.36776065826416016
0000291_00401_d_0000870.jpg,/home/brisic03/VisDrone/VisDrone2019-DET-val/images/0000291_00401_d_0000870.jpg,location,Where is the largest car located in the image?,"{'A': 'top-left', 'B': 'top-right', 'C': 'bottom-left', 'D': 'bottom-right', 'E': 'center'}",E,E,D,bottom-right,0,0.3659806251525879
0000291_00601_d_0000871.jpg,/home/brisic03/VisDrone/VisDrone2019-DET-val/images/0000291_00601_d_0000871.jpg,presence,Which object type is visible in the drone image?,"{'A': 'motor', 'B': 'bicycle', 'C': 'people', 'D': 'awning-tricycle', 'E': 'bus'}",A,A,E,bus,0,0.3655357360839844
0000291_00601_d_0000871.jpg,/home/brisic03/VisDrone/VisDrone2019-DET-val/images/0000291_00601_d_0000871.jpg,counting,How many trucks are visible in the drone image?,"{'A': '0', 'B': '1', 'C': '2', 'D': '3', 'E': '4 or more'}",D,D,B,1,0,0.366443395614624
0000291_00601_d_0000871.jpg,/home/brisic03/VisDrone/VisDrone2019-DET-val/images/0000291_00601_d_0000871.jpg,most_frequent,Which object type appears most often in the drone image?,"{'A': 'motor', 'B': 'car', 'C': 'pedestrian', 'D': 'people', 'E': 'truck'}",B,B,B,car,1,0.36675000190734863
0000291_00601_d_0000871.jpg,/home/brisic03/VisDrone/VisDrone2019-DET-val/images/0000291_00601_d_0000871.jpg,location,Where is the largest car located in the image?,"{'A': 'top-left', 'B': 'top-right', 'C': 'bottom-left', 'D': 'bottom-right', 'E': 'center'}",E,E,D,bottom-right,0,0.36918044090270996
0000291_01001_d_0000873.jpg,/home/brisic03/VisDrone/VisDrone2019-DET-val/images/0000291_01001_d_0000873.jpg,presence,Which object type is visible in the drone image?,"{'A': 'bicycle', 'B': 'motor', 'C': 'car', 'D': 'people', 'E': 'tricycle'}",D,D,C,car,0,0.36654138565063477
0000291_01001_d_0000873.jpg,/home/brisic03/VisDrone/VisDrone2019-DET-val/images/0000291_01001_d_0000873.jpg,counting,How many cars are visible in the drone image?,"{'A': '0', 'B': '1', 'C': '2', 'D': '3', 'E': '4 or more'}",E,E,E,4 or more,1,0.3660128116607666
0000291_01001_d_0000873.jpg,/home/brisic03/VisDrone/VisDrone2019-DET-val/images/0000291_01001_d_0000873.jpg,most_frequent,Which object type appears most often in the drone image?,"{'A': 'truck', 'B': 'pedestrian', 'C': 'van', 'D': 'bicycle', 'E': 'car'}",E,E,E,car,1,0.36798524856567383
0000291_01001_d_0000873.jpg,/home/brisic03/VisDrone/VisDrone2019-DET-val/images/0000291_01001_d_0000873.jpg,location,Where is the largest bus located in the image?,"{'A': 'top-left', 'B': 'top-right', 'C': 'bottom-left', 'D': 'bottom-right', 'E': 'center'}",E,E,E,center,1,0.36642909049987793
0000291_01201_d_0000874.jpg,/home/brisic03/VisDrone/VisDrone2019-DET-val/images/0000291_01201_d_0000874.jpg,presence,Which object type is visible in the drone image?,"{'A': 'awning-tricycle', 'B': 'bus', 'C': 'pedestrian', 'D': 'car', 'E': 'motor'}",C,C,C,pedestrian,1,0.36475634574890137
0000291_01201_d_0000874.jpg,/home/brisic03/VisDrone/VisDrone2019-DET-val/images/0000291_01201_d_0000874.jpg,counting,How many peoples are visible in the drone image?,"{'A': '0', 'B': '1', 'C': '2', 'D': '3', 'E': '4 or more'}",E,E,E,4 or more,1,0.3697543144226074
0000291_01201_d_0000874.jpg,/home/brisic03/VisDrone/VisDrone2019-DET-val/images/0000291_01201_d_0000874.jpg,most_frequent,Which object type appears most often in the drone image?,"{'A': 'truck', 'B': 'motor', 'C': 'van', 'D': 'car', 'E': 'bicycle'}",D,D,D,car,1,0.364788293838501
0000291_01201_d_0000874.jpg,/home/brisic03/VisDrone/VisDrone2019-DET-val/images/0000291_01201_d_0000874.jpg,location,Where is the largest car located in the image?,"{'A': 'top-left', 'B': 'top-right', 'C': 'bottom-left', 'D': 'bottom-right', 'E': 'center'}",B,B,E,center,0,0.36674046516418457
0000291_01401_d_0000875.jpg,/home/brisic03/VisDrone/VisDrone2019-DET-val/images/0000291_01401_d_0000875.jpg,presence,Which object type is visible in the drone image?,"{'A': 'van', 'B': 'car', 'C': 'bicycle', 'D': 'awning-tricycle', 'E': 'bus'}",C,C,D,awning-tricycle,0,0.36617445945739746
0000291_01401_d_0000875.jpg,/home/brisic03/VisDrone/VisDrone2019-DET-val/images/0000291_01401_d_0000875.jpg,counting,How many vans are visible in the drone image?,"{'A': '0', 'B': '1', 'C': '2', 'D': '3', 'E': '4 or more'}",E,E,E,4 or more,1,0.3659529685974121
0000291_01401_d_0000875.jpg,/home/brisic03/VisDrone/VisDrone2019-DET-val/images/0000291_01401_d_0000875.jpg,most_frequent,Which object type appears most often in the drone image?,"{'A': 'bicycle', 'B': 'van', 'C': 'motor', 'D': 'truck', 'E': 'people'}",C,C,B,van,0,0.36414670944213867
0000291_01401_d_0000875.jpg,/home/brisic03/VisDrone/VisDrone2019-DET-val/images/0000291_01401_d_0000875.jpg,location,Where is the largest car located in the image?,"{'A': 'top-left', 'B': 'top-right', 'C': 'bottom-left', 'D': 'bottom-right', 'E': 'center'}",A,A,C,bottom-left,0,0.37741875648498535
0000291_01601_d_0000876.jpg,/home/brisic03/VisDrone/VisDrone2019-DET-val/images/0000291_01601_d_0000876.jpg,presence,Which object type is visible in the drone image?,"{'A': 'van', 'B': 'bicycle', 'C': 'car', 'D': 'awning-tricycle', 'E': 'motor'}",B,B,A,van,0,0.38118505477905273
0000291_01601_d_0000876.jpg,/home/brisic03/VisDrone/VisDrone2019-DET-val/images/0000291_01601_d_0000876.jpg,counting,How many awning-tricycles are visible in the drone image?,"{'A': '0', 'B': '1', 'C': '2', 'D': '3', 'E': '4 or more'}",A,A,D,3,0,0.3741278648376465
0000291_01601_d_0000876.jpg,/home/brisic03/VisDrone/VisDrone2019-DET-val/images/0000291_01601_d_0000876.jpg,most_frequent,Which object type appears most often in the drone image?,"{'A': 'car', 'B': 'motor', 'C': 'tricycle', 'D': 'van', 'E': 'truck'}",A,A,A,car,1,0.37288546562194824
0000291_01601_d_0000876.jpg,/home/brisic03/VisDrone/VisDrone2019-DET-val/images/0000291_01601_d_0000876.jpg,location,Where is the largest car located in the image?,"{'A': 'top-left', 'B': 'top-right', 'C': 'bottom-left', 'D': 'bottom-right', 'E': 'center'}",A,A,E,center,0,0.372208833694458
0000291_01801_d_0000877.jpg,/home/brisic03/VisDrone/VisDrone2019-DET-val/images/0000291_01801_d_0000877.jpg,presence,Which object type is visible in the drone image?,"{'A': 'awning-tricycle', 'B': 'truck', 'C': 'van', 'D': 'pedestrian', 'E': 'tricycle'}",E,E,E,tricycle,1,0.36823606491088867
0000291_01801_d_0000877.jpg,/home/brisic03/VisDrone/VisDrone2019-DET-val/images/0000291_01801_d_0000877.jpg,counting,How many peoples are visible in the drone image?,"{'A': '0', 'B': '1', 'C': '2', 'D': '3', 'E': '4 or more'}",E,E,C,2,0,0.3667163848876953
0000291_01801_d_0000877.jpg,/home/brisic03/VisDrone/VisDrone2019-DET-val/images/0000291_01801_d_0000877.jpg,most_frequent,Which object type appears most often in the drone image?,"{'A': 'tricycle', 'B': 'awning-tricycle', 'C': 'truck', 'D': 'bus', 'E': 'car'}",E,E,E,car,1,0.36870455741882324
0000291_01801_d_0000877.jpg,/home/brisic03/VisDrone/VisDrone2019-DET-val/images/0000291_01801_d_0000877.jpg,location,Where is the largest car located in the image?,"{'A': 'top-left', 'B': 'top-right', 'C': 'bottom-left', 'D': 'bottom-right', 'E': 'center'}",A,A,C,bottom-left,0,0.3691089153289795
0000291_02001_d_0000878.jpg,/home/brisic03/VisDrone/VisDrone2019-DET-val/images/0000291_02001_d_0000878.jpg,presence,Which object type is visible in the drone image?,"{'A': 'people', 'B': 'car', 'C': 'pedestrian', 'D': 'bicycle', 'E': 'van'}",A,A,C,pedestrian,0,0.3684985637664795
0000291_02001_d_0000878.jpg,/home/brisic03/VisDrone/VisDrone2019-DET-val/images/0000291_02001_d_0000878.jpg,counting,How many tricycles are visible in the drone image?,"{'A': '0', 'B': '1', 'C': '2', 'D': '3', 'E': '4 or more'}",D,D,E,4 or more,0,0.3742561340332031
0000291_02001_d_0000878.jpg,/home/brisic03/VisDrone/VisDrone2019-DET-val/images/0000291_02001_d_0000878.jpg,most_frequent,Which object type appears most often in the drone image?,"{'A': 'car', 'B': 'truck', 'C': 'tricycle', 'D': 'van', 'E': 'bicycle'}",A,A,A,car,1,0.36571335792541504
0000291_02001_d_0000878.jpg,/home/brisic03/VisDrone/VisDrone2019-DET-val/images/0000291_02001_d_0000878.jpg,location,Where is the largest car located in the image?,"{'A': 'top-left', 'B': 'top-right', 'C': 'bottom-left', 'D': 'bottom-right', 'E': 'center'}",E,E,E,center,1,0.36643075942993164
0000291_02201_d_0000879.jpg,/home/brisic03/VisDrone/VisDrone2019-DET-val/images/0000291_02201_d_0000879.jpg,presence,Which object type is visible in the drone image?,"{'A': 'truck', 'B': 'van', 'C': 'bicycle', 'D': 'awning-tricycle', 'E': 'motor'}",D,D,D,awning-tricycle,1,0.3675382137298584
0000291_02201_d_0000879.jpg,/home/brisic03/VisDrone/VisDrone2019-DET-val/images/0000291_02201_d_0000879.jpg,counting,How many buss are visible in the drone image?,"{'A': '0', 'B': '1', 'C': '2', 'D': '3', 'E': '4 or more'}",A,A,C,2,0,0.36534833908081055
0000291_02201_d_0000879.jpg,/home/brisic03/VisDrone/VisDrone2019-DET-val/images/0000291_02201_d_0000879.jpg,most_frequent,Which object type appears most often in the drone image?,"{'A': 'van', 'B': 'car', 'C': 'pedestrian', 'D': 'bicycle', 'E': 'awning-tricycle'}",B,B,B,car,1,0.3664982318878174
0000291_02201_d_0000879.jpg,/home/brisic03/VisDrone/VisDrone2019-DET-val/images/0000291_02201_d_0000879.jpg,location,Where is the largest car located in the image?,"{'A': 'top-left', 'B': 'top-right', 'C': 'bottom-left', 'D': 'bottom-right', 'E': 'center'}",E,E,E,center,1,0.3677101135253906
0000291_02601_d_0000881.jpg,/home/brisic03/VisDrone/VisDrone2019-DET-val/images/0000291_02601_d_0000881.jpg,presence,Which object type is visible in the drone image?,"{'A': 'tricycle', 'B': 'pedestrian', 'C': 'van', 'D': 'awning-tricycle', 'E': 'car'}",B,B,C,van,0,0.3677535057067871
0000291_02601_d_0000881.jpg,/home/brisic03/VisDrone/VisDrone2019-DET-val/images/0000291_02601_d_0000881.jpg,counting,How many peoples are visible in the drone image?,"{'A': '0', 'B': '1', 'C': '2', 'D': '3', 'E': '4 or more'}",E,E,D,3,0,0.36592912673950195
0000291_02601_d_0000881.jpg,/home/brisic03/VisDrone/VisDrone2019-DET-val/images/0000291_02601_d_0000881.jpg,most_frequent,Which object type appears most often in the drone image?,"{'A': 'van', 'B': 'car', 'C': 'people', 'D': 'truck', 'E': 'bus'}",C,C,B,car,0,0.36641526222229004
0000291_02601_d_0000881.jpg,/home/brisic03/VisDrone/VisDrone2019-DET-val/images/0000291_02601_d_0000881.jpg,location,Where is the largest van located in the image?,"{'A': 'top-left', 'B': 'top-right', 'C': 'bottom-left', 'D': 'bottom-right', 'E': 'center'}",E,E,E,center,1,0.3688466548919678
0000291_03201_d_0000884.jpg,/home/brisic03/VisDrone/VisDrone2019-DET-val/images/0000291_03201_d_0000884.jpg,presence,Which object type is visible in the drone image?,"{'A': 'bus', 'B': 'pedestrian', 'C': 'bicycle', 'D': 'van', 'E': 'car'}",B,B,A,bus,0,0.3661952018737793
0000291_03201_d_0000884.jpg,/home/brisic03/VisDrone/VisDrone2019-DET-val/images/0000291_03201_d_0000884.jpg,counting,How many tricycles are visible in the drone image?,"{'A': '0', 'B': '1', 'C': '2', 'D': '3', 'E': '4 or more'}",A,A,D,3,0,0.36650681495666504
0000291_03201_d_0000884.jpg,/home/brisic03/VisDrone/VisDrone2019-DET-val/images/0000291_03201_d_0000884.jpg,most_frequent,Which object type appears most often in the drone image?,"{'A': 'bus', 'B': 'tricycle', 'C': 'people', 'D': 'motor', 'E': 'car'}",C,C,E,car,0,0.3645336627960205
0000291_03201_d_0000884.jpg,/home/brisic03/VisDrone/VisDrone2019-DET-val/images/0000291_03201_d_0000884.jpg,location,Where is the largest bus located in the image?,"{'A': 'top-left', 'B': 'top-right', 'C': 'bottom-left', 'D': 'bottom-right', 'E': 'center'}",A,A,E,center,0,0.3662533760070801
0000291_03401_d_0000885.jpg,/home/brisic03/VisDrone/VisDrone2019-DET-val/images/0000291_03401_d_0000885.jpg,presence,Which object type is visible in the drone image?,"{'A': 'motor', 'B': 'car', 'C': 'bicycle', 'D': 'bus', 'E': 'pedestrian'}",C,C,A,motor,0,0.37380290031433105
0000291_03401_d_0000885.jpg,/home/brisic03/VisDrone/VisDrone2019-DET-val/images/0000291_03401_d_0000885.jpg,counting,How many pedestrians are visible in the drone image?,"{'A': '0', 'B': '1', 'C': '2', 'D': '3', 'E': '4 or more'}",E,E,E,4 or more,1,0.3687927722930908
0000291_03401_d_0000885.jpg,/home/brisic03/VisDrone/VisDrone2019-DET-val/images/0000291_03401_d_0000885.jpg,most_frequent,Which object type appears most often in the drone image?,"{'A': 'pedestrian', 'B': 'car', 'C': 'bicycle', 'D': 'people', 'E': 'awning-tricycle'}",B,B,B,car,1,0.3672339916229248
0000291_03401_d_0000885.jpg,/home/brisic03/VisDrone/VisDrone2019-DET-val/images/0000291_03401_d_0000885.jpg,location,Where is the largest car located in the image?,"{'A': 'top-left', 'B': 'top-right', 'C': 'bottom-left', 'D': 'bottom-right', 'E': 'center'}",E,E,C,bottom-left,0,0.3663632869720459
0000291_03601_d_0000886.jpg,/home/brisic03/VisDrone/VisDrone2019-DET-val/images/0000291_03601_d_0000886.jpg,presence,Which object type is visible in the drone image?,"{'A': 'pedestrian', 'B': 'car', 'C': 'tricycle', 'D': 'people', 'E': 'truck'}",D,D,A,pedestrian,0,0.36694860458374023
0000291_03601_d_0000886.jpg,/home/brisic03/VisDrone/VisDrone2019-DET-val/images/0000291_03601_d_0000886.jpg,counting,How many motors are visible in the drone image?,"{'A': '0', 'B': '1', 'C': '2', 'D': '3', 'E': '4 or more'}",E,E,E,4 or more,1,0.3673412799835205
0000291_03601_d_0000886.jpg,/home/brisic03/VisDrone/VisDrone2019-DET-val/images/0000291_03601_d_0000886.jpg,most_frequent,Which object type appears most often in the drone image?,"{'A': 'truck', 'B': 'motor', 'C': 'van', 'D': 'people', 'E': 'tricycle'}",D,D,D,people,1,0.36518049240112305
0000291_03601_d_0000886.jpg,/home/brisic03/VisDrone/VisDrone2019-DET-val/images/0000291_03601_d_0000886.jpg,location,Where is the largest car located in the image?,"{'A': 'top-left', 'B': 'top-right', 'C': 'bottom-left', 'D': 'bottom-right', 'E': 'center'}",A,A,C,bottom-left,0,0.3907434940338135
0000291_03801_d_0000887.jpg,/home/brisic03/VisDrone/VisDrone2019-DET-val/images/0000291_03801_d_0000887.jpg,presence,Which object type is visible in the drone image?,"{'A': 'truck', 'B': 'pedestrian', 'C': 'tricycle', 'D': 'bicycle', 'E': 'people'}",C,C,D,bicycle,0,0.41153740882873535
0000291_03801_d_0000887.jpg,/home/brisic03/VisDrone/VisDrone2019-DET-val/images/0000291_03801_d_0000887.jpg,counting,How many peoples are visible in the drone image?,"{'A': '0', 'B': '1', 'C': '2', 'D': '3', 'E': '4 or more'}",E,E,E,4 or more,1,0.3995990753173828
0000291_03801_d_0000887.jpg,/home/brisic03/VisDrone/VisDrone2019-DET-val/images/0000291_03801_d_0000887.jpg,most_frequent,Which object type appears most often in the drone image?,"{'A': 'van', 'B': 'motor', 'C': 'bus', 'D': 'tricycle', 'E': 'pedestrian'}",D,D,E,pedestrian,0,0.4031031131744385
0000291_03801_d_0000887.jpg,/home/brisic03/VisDrone/VisDrone2019-DET-val/images/0000291_03801_d_0000887.jpg,location,Where is the largest car located in the image?,"{'A': 'top-left', 'B': 'top-right', 'C': 'bottom-left', 'D': 'bottom-right', 'E': 'center'}",B,B,E,center,0,0.39270520210266113
0000291_04001_d_0000888.jpg,/home/brisic03/VisDrone/VisDrone2019-DET-val/images/0000291_04001_d_0000888.jpg,presence,Which object type is visible in the drone image?,"{'A': 'motor', 'B': 'truck', 'C': 'awning-tricycle', 'D': 'van', 'E': 'pedestrian'}",C,C,A,motor,0,0.3840048313140869
0000291_04001_d_0000888.jpg,/home/brisic03/VisDrone/VisDrone2019-DET-val/images/0000291_04001_d_0000888.jpg,counting,How many motors are visible in the drone image?,"{'A': '0', 'B': '1', 'C': '2', 'D': '3', 'E': '4 or more'}",E,E,E,4 or more,1,0.38401341438293457
0000291_04001_d_0000888.jpg,/home/brisic03/VisDrone/VisDrone2019-DET-val/images/0000291_04001_d_0000888.jpg,most_frequent,Which object type appears most often in the drone image?,"{'A': 'pedestrian', 'B': 'car', 'C': 'bus', 'D': 'people', 'E': 'tricycle'}",B,B,B,car,1,0.3733389377593994
0000291_04001_d_0000888.jpg,/home/brisic03/VisDrone/VisDrone2019-DET-val/images/0000291_04001_d_0000888.jpg,location,Where is the largest car located in the image?,"{'A': 'top-left', 'B': 'top-right', 'C': 'bottom-left', 'D': 'bottom-right', 'E': 'center'}",B,B,D,bottom-right,0,0.3677496910095215
0000291_04201_d_0000889.jpg,/home/brisic03/VisDrone/VisDrone2019-DET-val/images/0000291_04201_d_0000889.jpg,presence,Which object type is visible in the drone image?,"{'A': 'motor', 'B': 'bicycle', 'C': 'pedestrian', 'D': 'car', 'E': 'awning-tricycle'}",C,C,D,car,0,0.3685343265533447
0000291_04201_d_0000889.jpg,/home/brisic03/VisDrone/VisDrone2019-DET-val/images/0000291_04201_d_0000889.jpg,counting,How many pedestrians are visible in the drone image?,"{'A': '0', 'B': '1', 'C': '2', 'D': '3', 'E': '4 or more'}",E,E,E,4 or more,1,0.36972808837890625
0000291_04201_d_0000889.jpg,/home/brisic03/VisDrone/VisDrone2019-DET-val/images/0000291_04201_d_0000889.jpg,most_frequent,Which object type appears most often in the drone image?,"{'A': 'tricycle', 'B': 'car', 'C': 'people', 'D': 'bicycle', 'E': 'pedestrian'}",B,B,B,car,1,0.3665201663970947
0000291_04201_d_0000889.jpg,/home/brisic03/VisDrone/VisDrone2019-DET-val/images/0000291_04201_d_0000889.jpg,location,Where is the largest van located in the image?,"{'A': 'top-left', 'B': 'top-right', 'C': 'bottom-left', 'D': 'bottom-right', 'E': 'center'}",A,A,E,center,0,0.3681061267852783
0000291_04401_d_0000890.jpg,/home/brisic03/VisDrone/VisDrone2019-DET-val/images/0000291_04401_d_0000890.jpg,presence,Which object type is visible in the drone image?,"{'A': 'pedestrian', 'B': 'bicycle', 'C': 'van', 'D': 'tricycle', 'E': 'awning-tricycle'}",A,A,D,tricycle,0,0.3668191432952881
0000291_04401_d_0000890.jpg,/home/brisic03/VisDrone/VisDrone2019-DET-val/images/0000291_04401_d_0000890.jpg,counting,How many awning-tricycles are visible in the drone image?,"{'A': '0', 'B': '1', 'C': '2', 'D': '3', 'E': '4 or more'}",A,A,D,3,0,0.38030314445495605
0000291_04401_d_0000890.jpg,/home/brisic03/VisDrone/VisDrone2019-DET-val/images/0000291_04401_d_0000890.jpg,most_frequent,Which object type appears most often in the drone image?,"{'A': 'van', 'B': 'motor', 'C': 'pedestrian', 'D': 'car', 'E': 'people'}",D,D,D,car,1,0.3663055896759033
0000291_04401_d_0000890.jpg,/home/brisic03/VisDrone/VisDrone2019-DET-val/images/0000291_04401_d_0000890.jpg,location,Where is the largest car located in the image?,"{'A': 'top-left', 'B': 'top-right', 'C': 'bottom-left', 'D': 'bottom-right', 'E': 'center'}",E,E,D,bottom-right,0,0.3644745349884033
0000291_05001_d_0000892.jpg,/home/brisic03/VisDrone/VisDrone2019-DET-val/images/0000291_05001_d_0000892.jpg,presence,Which object type is visible in the drone image?,"{'A': 'truck', 'B': 'pedestrian', 'C': 'tricycle', 'D': 'bus', 'E': 'motor'}",C,C,E,motor,0,0.36482858657836914
0000291_05001_d_0000892.jpg,/home/brisic03/VisDrone/VisDrone2019-DET-val/images/0000291_05001_d_0000892.jpg,counting,How many pedestrians are visible in the drone image?,"{'A': '0', 'B': '1', 'C': '2', 'D': '3', 'E': '4 or more'}",E,E,E,4 or more,1,0.3691728115081787
0000291_05001_d_0000892.jpg,/home/brisic03/VisDrone/VisDrone2019-DET-val/images/0000291_05001_d_0000892.jpg,most_frequent,Which object type appears most often in the drone image?,"{'A': 'tricycle', 'B': 'awning-tricycle', 'C': 'truck', 'D': 'car', 'E': 'people'}",D,D,D,car,1,0.3674616813659668
0000291_05001_d_0000892.jpg,/home/brisic03/VisDrone/VisDrone2019-DET-val/images/0000291_05001_d_0000892.jpg,location,Where is the largest car located in the image?,"{'A': 'top-left', 'B': 'top-right', 'C': 'bottom-left', 'D': 'bottom-right', 'E': 'center'}",E,E,E,center,1,0.365558385848999
0000291_05201_d_0000893.jpg,/home/brisic03/VisDrone/VisDrone2019-DET-val/images/0000291_05201_d_0000893.jpg,presence,Which object type is visible in the drone image?,"{'A': 'truck', 'B': 'tricycle', 'C': 'van', 'D': 'bus', 'E': 'awning-tricycle'}",B,B,B,tricycle,1,0.36600470542907715
0000291_05201_d_0000893.jpg,/home/brisic03/VisDrone/VisDrone2019-DET-val/images/0000291_05201_d_0000893.jpg,counting,How many pedestrians are visible in the drone image?,"{'A': '0', 'B': '1', 'C': '2', 'D': '3', 'E': '4 or more'}",E,E,E,4 or more,1,0.3665895462036133
0000291_05201_d_0000893.jpg,/home/brisic03/VisDrone/VisDrone2019-DET-val/images/0000291_05201_d_0000893.jpg,most_frequent,Which object type appears most often in the drone image?,"{'A': 'motor', 'B': 'car', 'C': 'truck', 'D': 'tricycle', 'E': 'pedestrian'}",B,B,B,car,1,0.37236762046813965
0000291_05201_d_0000893.jpg,/home/brisic03/VisDrone/VisDrone2019-DET-val/images/0000291_05201_d_0000893.jpg,location,Where is the largest car located in the image?,"{'A': 'top-left', 'B': 'top-right', 'C': 'bottom-left', 'D': 'bottom-right', 'E': 'center'}",A,A,D,bottom-right,0,0.37297558784484863
0000293_03601_d_0000940.jpg,/home/brisic03/VisDrone/VisDrone2019-DET-val/images/0000293_03601_d_0000940.jpg,presence,Which object type is visible in the drone image?,"{'A': 'tricycle', 'B': 'truck', 'C': 'motor', 'D': 'bicycle', 'E': 'car'}",A,A,A,tricycle,1,0.36821889877319336
0000293_03601_d_0000940.jpg,/home/brisic03/VisDrone/VisDrone2019-DET-val/images/0000293_03601_d_0000940.jpg,counting,How many tricycles are visible in the drone image?,"{'A': '0', 'B': '1', 'C': '2', 'D': '3', 'E': '4 or more'}",D,D,B,1,0,0.37467098236083984
0000293_03601_d_0000940.jpg,/home/brisic03/VisDrone/VisDrone2019-DET-val/images/0000293_03601_d_0000940.jpg,most_frequent,Which object type appears most often in the drone image?,"{'A': 'people', 'B': 'car', 'C': 'awning-tricycle', 'D': 'tricycle', 'E': 'bicycle'}",B,B,B,car,1,0.3717808723449707
0000293_03601_d_0000940.jpg,/home/brisic03/VisDrone/VisDrone2019-DET-val/images/0000293_03601_d_0000940.jpg,location,Where is the largest car located in the image?,"{'A': 'top-left', 'B': 'top-right', 'C': 'bottom-left', 'D': 'bottom-right', 'E': 'center'}",E,E,D,bottom-right,0,0.3671555519104004
0000295_00000_d_0000021.jpg,/home/brisic03/VisDrone/VisDrone2019-DET-val/images/0000295_00000_d_0000021.jpg,presence,Which object type is visible in the drone image?,"{'A': 'people', 'B': 'bicycle', 'C': 'bus', 'D': 'pedestrian', 'E': 'awning-tricycle'}",A,A,D,pedestrian,0,0.36758947372436523
0000295_00000_d_0000021.jpg,/home/brisic03/VisDrone/VisDrone2019-DET-val/images/0000295_00000_d_0000021.jpg,counting,How many buss are visible in the drone image?,"{'A': '0', 'B': '1', 'C': '2', 'D': '3', 'E': '4 or more'}",E,E,D,3,0,0.38665080070495605
0000295_00000_d_0000021.jpg,/home/brisic03/VisDrone/VisDrone2019-DET-val/images/0000295_00000_d_0000021.jpg,most_frequent,Which object type appears most often in the drone image?,"{'A': 'people', 'B': 'car', 'C': 'van', 'D': 'pedestrian', 'E': 'awning-tricycle'}",B,B,B,car,1,0.39824604988098145
0000295_00000_d_0000021.jpg,/home/brisic03/VisDrone/VisDrone2019-DET-val/images/0000295_00000_d_0000021.jpg,location,Where is the largest car located in the image?,"{'A': 'top-left', 'B': 'top-right', 'C': 'bottom-left', 'D': 'bottom-right', 'E': 'center'}",E,E,D,bottom-right,0,0.3860306739807129
0000295_00200_d_0000022.jpg,/home/brisic03/VisDrone/VisDrone2019-DET-val/images/0000295_00200_d_0000022.jpg,presence,Which object type is visible in the drone image?,"{'A': 'bus', 'B': 'pedestrian', 'C': 'tricycle', 'D': 'awning-tricycle', 'E': 'truck'}",D,D,D,awning-tricycle,1,0.3885691165924072
0000295_00200_d_0000022.jpg,/home/brisic03/VisDrone/VisDrone2019-DET-val/images/0000295_00200_d_0000022.jpg,counting,How many cars are visible in the drone image?,"{'A': '0', 'B': '1', 'C': '2', 'D': '3', 'E': '4 or more'}",E,E,E,4 or more,1,0.3767578601837158
0000295_00200_d_0000022.jpg,/home/brisic03/VisDrone/VisDrone2019-DET-val/images/0000295_00200_d_0000022.jpg,most_frequent,Which object type appears most often in the drone image?,"{'A': 'motor', 'B': 'truck', 'C': 'people', 'D': 'pedestrian', 'E': 'car'}",E,E,E,car,1,0.36823105812072754
0000295_00200_d_0000022.jpg,/home/brisic03/VisDrone/VisDrone2019-DET-val/images/0000295_00200_d_0000022.jpg,location,Where is the largest car located in the image?,"{'A': 'top-left', 'B': 'top-right', 'C': 'bottom-left', 'D': 'bottom-right', 'E': 'center'}",E,E,E,center,1,0.3677520751953125
0000295_00600_d_0000024.jpg,/home/brisic03/VisDrone/VisDrone2019-DET-val/images/0000295_00600_d_0000024.jpg,presence,Which object type is visible in the drone image?,"{'A': 'tricycle', 'B': 'bus', 'C': 'people', 'D': 'bicycle', 'E': 'van'}",A,A,B,bus,0,0.36983704566955566
0000295_00600_d_0000024.jpg,/home/brisic03/VisDrone/VisDrone2019-DET-val/images/0000295_00600_d_0000024.jpg,counting,How many cars are visible in the drone image?,"{'A': '0', 'B': '1', 'C': '2', 'D': '3', 'E': '4 or more'}",E,E,E,4 or more,1,0.3665504455566406
0000295_00600_d_0000024.jpg,/home/brisic03/VisDrone/VisDrone2019-DET-val/images/0000295_00600_d_0000024.jpg,most_frequent,Which object type appears most often in the drone image?,"{'A': 'truck', 'B': 'awning-tricycle', 'C': 'van', 'D': 'tricycle', 'E': 'car'}",D,D,E,car,0,0.37873172760009766
0000295_00600_d_0000024.jpg,/home/brisic03/VisDrone/VisDrone2019-DET-val/images/0000295_00600_d_0000024.jpg,location,Where is the largest bus located in the image?,"{'A': 'top-left', 'B': 'top-right', 'C': 'bottom-left', 'D': 'bottom-right', 'E': 'center'}",E,E,D,bottom-right,0,0.3862888813018799
0000295_00800_d_0000025.jpg,/home/brisic03/VisDrone/VisDrone2019-DET-val/images/0000295_00800_d_0000025.jpg,presence,Which object type is visible in the drone image?,"{'A': 'bus', 'B': 'awning-tricycle', 'C': 'motor', 'D': 'van', 'E': 'people'}",A,A,D,van,0,0.3782379627227783
0000295_00800_d_0000025.jpg,/home/brisic03/VisDrone/VisDrone2019-DET-val/images/0000295_00800_d_0000025.jpg,counting,How many bicycles are visible in the drone image?,"{'A': '0', 'B': '1', 'C': '2', 'D': '3', 'E': '4 or more'}",A,A,C,2,0,0.37044286727905273
0000295_00800_d_0000025.jpg,/home/brisic03/VisDrone/VisDrone2019-DET-val/images/0000295_00800_d_0000025.jpg,most_frequent,Which object type appears most often in the drone image?,"{'A': 'awning-tricycle', 'B': 'truck', 'C': 'tricycle', 'D': 'car', 'E': 'bicycle'}",C,C,D,car,0,0.36871886253356934
0000295_00800_d_0000025.jpg,/home/brisic03/VisDrone/VisDrone2019-DET-val/images/0000295_00800_d_0000025.jpg,location,Where is the largest bus located in the image?,"{'A': 'top-left', 'B': 'top-right', 'C': 'bottom-left', 'D': 'bottom-right', 'E': 'center'}",C,C,C,bottom-left,1,0.3716404438018799
0000295_01000_d_0000026.jpg,/home/brisic03/VisDrone/VisDrone2019-DET-val/images/0000295_01000_d_0000026.jpg,presence,Which object type is visible in the drone image?,"{'A': 'car', 'B': 'truck', 'C': 'bus', 'D': 'pedestrian', 'E': 'van'}",D,D,D,pedestrian,1,0.36859679222106934
0000295_01000_d_0000026.jpg,/home/brisic03/VisDrone/VisDrone2019-DET-val/images/0000295_01000_d_0000026.jpg,counting,How many cars are visible in the drone image?,"{'A': '0', 'B': '1', 'C': '2', 'D': '3', 'E': '4 or more'}",E,E,E,4 or more,1,0.37031984329223633
0000295_01000_d_0000026.jpg,/home/brisic03/VisDrone/VisDrone2019-DET-val/images/0000295_01000_d_0000026.jpg,most_frequent,Which object type appears most often in the drone image?,"{'A': 'pedestrian', 'B': 'motor', 'C': 'car', 'D': 'bus', 'E': 'bicycle'}",C,C,C,car,1,0.3700089454650879
0000295_01000_d_0000026.jpg,/home/brisic03/VisDrone/VisDrone2019-DET-val/images/0000295_01000_d_0000026.jpg,location,Where is the largest bus located in the image?,"{'A': 'top-left', 'B': 'top-right', 'C': 'bottom-left', 'D': 'bottom-right', 'E': 'center'}",A,A,E,center,0,0.3754129409790039
0000295_01200_d_0000027.jpg,/home/brisic03/VisDrone/VisDrone2019-DET-val/images/0000295_01200_d_0000027.jpg,presence,Which object type is visible in the drone image?,"{'A': 'tricycle', 'B': 'awning-tricycle', 'C': 'bus', 'D': 'van', 'E': 'people'}",A,A,C,bus,0,0.37003040313720703
0000295_01200_d_0000027.jpg,/home/brisic03/VisDrone/VisDrone2019-DET-val/images/0000295_01200_d_0000027.jpg,counting,How many buss are visible in the drone image?,"{'A': '0', 'B': '1', 'C': '2', 'D': '3', 'E': '4 or more'}",E,E,C,2,0,0.3663821220397949
0000295_01200_d_0000027.jpg,/home/brisic03/VisDrone/VisDrone2019-DET-val/images/0000295_01200_d_0000027.jpg,most_frequent,Which object type appears most often in the drone image?,"{'A': 'motor', 'B': 'awning-tricycle', 'C': 'tricycle', 'D': 'car', 'E': 'truck'}",C,C,D,car,0,0.3659229278564453
0000295_01200_d_0000027.jpg,/home/brisic03/VisDrone/VisDrone2019-DET-val/images/0000295_01200_d_0000027.jpg,location,Where is the largest bus located in the image?,"{'A': 'top-left', 'B': 'top-right', 'C': 'bottom-left', 'D': 'bottom-right', 'E': 'center'}",A,A,E,center,0,0.3684120178222656
0000295_01400_d_0000028.jpg,/home/brisic03/VisDrone/VisDrone2019-DET-val/images/0000295_01400_d_0000028.jpg,presence,Which object type is visible in the drone image?,"{'A': 'awning-tricycle', 'B': 'van', 'C': 'truck', 'D': 'pedestrian', 'E': 'car'}",D,D,E,car,0,0.38762664794921875
0000295_01400_d_0000028.jpg,/home/brisic03/VisDrone/VisDrone2019-DET-val/images/0000295_01400_d_0000028.jpg,counting,How many bicycles are visible in the drone image?,"{'A': '0', 'B': '1', 'C': '2', 'D': '3', 'E': '4 or more'}",A,A,B,1,0,0.43757200241088867
0000295_01400_d_0000028.jpg,/home/brisic03/VisDrone/VisDrone2019-DET-val/images/0000295_01400_d_0000028.jpg,most_frequent,Which object type appears most often in the drone image?,"{'A': 'bicycle', 'B': 'people', 'C': 'tricycle', 'D': 'car', 'E': 'bus'}",D,D,D,car,1,0.3984971046447754
0000295_01400_d_0000028.jpg,/home/brisic03/VisDrone/VisDrone2019-DET-val/images/0000295_01400_d_0000028.jpg,location,Where is the largest car located in the image?,"{'A': 'top-left', 'B': 'top-right', 'C': 'bottom-left', 'D': 'bottom-right', 'E': 'center'}",E,E,D,bottom-right,0,0.3869798183441162
0000295_01600_d_0000029.jpg,/home/brisic03/VisDrone/VisDrone2019-DET-val/images/0000295_01600_d_0000029.jpg,presence,Which object type is visible in the drone image?,"{'A': 'van', 'B': 'tricycle', 'C': 'pedestrian', 'D': 'bicycle', 'E': 'motor'}",B,B,A,van,0,0.37485718727111816
0000295_01600_d_0000029.jpg,/home/brisic03/VisDrone/VisDrone2019-DET-val/images/0000295_01600_d_0000029.jpg,counting,How many cars are visible in the drone image?,"{'A': '0', 'B': '1', 'C': '2', 'D': '3', 'E': '4 or more'}",E,E,E,4 or more,1,0.37747669219970703
0000295_01600_d_0000029.jpg,/home/brisic03/VisDrone/VisDrone2019-DET-val/images/0000295_01600_d_0000029.jpg,most_frequent,Which object type appears most often in the drone image?,"{'A': 'van', 'B': 'bicycle', 'C': 'people', 'D': 'awning-tricycle', 'E': 'car'}",E,E,E,car,1,0.37180042266845703
0000295_01600_d_0000029.jpg,/home/brisic03/VisDrone/VisDrone2019-DET-val/images/0000295_01600_d_0000029.jpg,location,Where is the largest bus located in the image?,"{'A': 'top-left', 'B': 'top-right', 'C': 'bottom-left', 'D': 'bottom-right', 'E': 'center'}",E,E,E,center,1,0.3667635917663574
0000295_01800_d_0000030.jpg,/home/brisic03/VisDrone/VisDrone2019-DET-val/images/0000295_01800_d_0000030.jpg,presence,Which object type is visible in the drone image?,"{'A': 'bicycle', 'B': 'tricycle', 'C': 'van', 'D': 'bus', 'E': 'awning-tricycle'}",B,B,C,van,0,0.36690258979797363
0000295_01800_d_0000030.jpg,/home/brisic03/VisDrone/VisDrone2019-DET-val/images/0000295_01800_d_0000030.jpg,counting,How many buss are visible in the drone image?,"{'A': '0', 'B': '1', 'C': '2', 'D': '3', 'E': '4 or more'}",E,E,E,4 or more,1,0.3689420223236084
0000295_01800_d_0000030.jpg,/home/brisic03/VisDrone/VisDrone2019-DET-val/images/0000295_01800_d_0000030.jpg,most_frequent,Which object type appears most often in the drone image?,"{'A': 'truck', 'B': 'tricycle', 'C': 'bicycle', 'D': 'van', 'E': 'car'}",E,E,E,car,1,0.3675577640533447
0000295_01800_d_0000030.jpg,/home/brisic03/VisDrone/VisDrone2019-DET-val/images/0000295_01800_d_0000030.jpg,location,Where is the largest car located in the image?,"{'A': 'top-left', 'B': 'top-right', 'C': 'bottom-left', 'D': 'bottom-right', 'E': 'center'}",E,E,D,bottom-right,0,0.36545562744140625
0000295_02000_d_0000031.jpg,/home/brisic03/VisDrone/VisDrone2019-DET-val/images/0000295_02000_d_0000031.jpg,presence,Which object type is visible in the drone image?,"{'A': 'car', 'B': 'truck', 'C': 'pedestrian', 'D': 'people', 'E': 'bus'}",D,D,C,pedestrian,0,0.3660297393798828
0000295_02000_d_0000031.jpg,/home/brisic03/VisDrone/VisDrone2019-DET-val/images/0000295_02000_d_0000031.jpg,counting,How many awning-tricycles are visible in the drone image?,"{'A': '0', 'B': '1', 'C': '2', 'D': '3', 'E': '4 or more'}",D,D,B,1,0,0.37786030769348145
0000295_02000_d_0000031.jpg,/home/brisic03/VisDrone/VisDrone2019-DET-val/images/0000295_02000_d_0000031.jpg,most_frequent,Which object type appears most often in the drone image?,"{'A': 'awning-tricycle', 'B': 'motor', 'C': 'car', 'D': 'van', 'E': 'pedestrian'}",C,C,C,car,1,0.3670341968536377
0000295_02000_d_0000031.jpg,/home/brisic03/VisDrone/VisDrone2019-DET-val/images/0000295_02000_d_0000031.jpg,location,Where is the largest car located in the image?,"{'A': 'top-left', 'B': 'top-right', 'C': 'bottom-left', 'D': 'bottom-right', 'E': 'center'}",E,E,D,bottom-right,0,0.366077184677124
0000295_02200_d_0000032.jpg,/home/brisic03/VisDrone/VisDrone2019-DET-val/images/0000295_02200_d_0000032.jpg,presence,Which object type is visible in the drone image?,"{'A': 'van', 'B': 'pedestrian', 'C': 'truck', 'D': 'bicycle', 'E': 'motor'}",D,D,E,motor,0,0.36606597900390625
0000295_02200_d_0000032.jpg,/home/brisic03/VisDrone/VisDrone2019-DET-val/images/0000295_02200_d_0000032.jpg,counting,How many buss are visible in the drone image?,"{'A': '0', 'B': '1', 'C': '2', 'D': '3', 'E': '4 or more'}",E,E,E,4 or more,1,0.368009090423584
0000295_02200_d_0000032.jpg,/home/brisic03/VisDrone/VisDrone2019-DET-val/images/0000295_02200_d_0000032.jpg,most_frequent,Which object type appears most often in the drone image?,"{'A': 'bus', 'B': 'pedestrian', 'C': 'car', 'D': 'people', 'E': 'tricycle'}",C,C,C,car,1,0.36780548095703125
0000295_02200_d_0000032.jpg,/home/brisic03/VisDrone/VisDrone2019-DET-val/images/0000295_02200_d_0000032.jpg,location,Where is the largest bus located in the image?,"{'A': 'top-left', 'B': 'top-right', 'C': 'bottom-left', 'D': 'bottom-right', 'E': 'center'}",E,E,E,center,1,0.366863489151001
0000295_02400_d_0000033.jpg,/home/brisic03/VisDrone/VisDrone2019-DET-val/images/0000295_02400_d_0000033.jpg,presence,Which object type is visible in the drone image?,"{'A': 'bus', 'B': 'truck', 'C': 'motor', 'D': 'van', 'E': 'bicycle'}",A,A,A,bus,1,0.36441874504089355
0000295_02400_d_0000033.jpg,/home/brisic03/VisDrone/VisDrone2019-DET-val/images/0000295_02400_d_0000033.jpg,counting,How many motors are visible in the drone image?,"{'A': '0', 'B': '1', 'C': '2', 'D': '3', 'E': '4 or more'}",E,E,B,1,0,0.3654143810272217
0000295_02400_d_0000033.jpg,/home/brisic03/VisDrone/VisDrone2019-DET-val/images/0000295_02400_d_0000033.jpg,most_frequent,Which object type appears most often in the drone image?,"{'A': 'motor', 'B': 'pedestrian', 'C': 'van', 'D': 'people', 'E': 'car'}",D,D,E,car,0,0.3663182258605957
0000295_02400_d_0000033.jpg,/home/brisic03/VisDrone/VisDrone2019-DET-val/images/0000295_02400_d_0000033.jpg,location,Where is the largest bus located in the image?,"{'A': 'top-left', 'B': 'top-right', 'C': 'bottom-left', 'D': 'bottom-right', 'E': 'center'}",B,B,E,center,0,0.3798959255218506
0000295_02900_d_0000034.jpg,/home/brisic03/VisDrone/VisDrone2019-DET-val/images/0000295_02900_d_0000034.jpg,presence,Which object type is visible in the drone image?,"{'A': 'people', 'B': 'van', 'C': 'pedestrian', 'D': 'bus', 'E': 'car'}",C,C,E,car,0,0.3886134624481201
0000295_02900_d_0000034.jpg,/home/brisic03/VisDrone/VisDrone2019-DET-val/images/0000295_02900_d_0000034.jpg,counting,How many cars are visible in the drone image?,"{'A': '0', 'B': '1', 'C': '2', 'D': '3', 'E': '4 or more'}",E,E,E,4 or more,1,0.3930785655975342
0000295_02900_d_0000034.jpg,/home/brisic03/VisDrone/VisDrone2019-DET-val/images/0000295_02900_d_0000034.jpg,most_frequent,Which object type appears most often in the drone image?,"{'A': 'people', 'B': 'van', 'C': 'car', 'D': 'tricycle', 'E': 'truck'}",C,C,C,car,1,0.3747551441192627
0000295_02900_d_0000034.jpg,/home/brisic03/VisDrone/VisDrone2019-DET-val/images/0000295_02900_d_0000034.jpg,location,Where is the largest bus located in the image?,"{'A': 'top-left', 'B': 'top-right', 'C': 'bottom-left', 'D': 'bottom-right', 'E': 'center'}",C,C,C,bottom-left,1,0.3688650131225586
0000296_00601_d_0000038.jpg,/home/brisic03/VisDrone/VisDrone2019-DET-val/images/0000296_00601_d_0000038.jpg,presence,Which object type is visible in the drone image?,"{'A': 'pedestrian', 'B': 'car', 'C': 'bicycle', 'D': 'bus', 'E': 'truck'}",B,B,B,car,1,0.37103796005249023
0000296_00601_d_0000038.jpg,/home/brisic03/VisDrone/VisDrone2019-DET-val/images/0000296_00601_d_0000038.jpg,counting,How many motors are visible in the drone image?,"{'A': '0', 'B': '1', 'C': '2', 'D': '3', 'E': '4 or more'}",E,E,B,1,0,0.37181949615478516
0000296_00601_d_0000038.jpg,/home/brisic03/VisDrone/VisDrone2019-DET-val/images/0000296_00601_d_0000038.jpg,most_frequent,Which object type appears most often in the drone image?,"{'A': 'tricycle', 'B': 'pedestrian', 'C': 'people', 'D': 'bicycle', 'E': 'car'}",E,E,E,car,1,0.36799025535583496
0000296_00601_d_0000038.jpg,/home/brisic03/VisDrone/VisDrone2019-DET-val/images/0000296_00601_d_0000038.jpg,location,Where is the largest bus located in the image?,"{'A': 'top-left', 'B': 'top-right', 'C': 'bottom-left', 'D': 'bottom-right', 'E': 'center'}",C,C,C,bottom-left,1,0.3656001091003418
0000296_01001_d_0000040.jpg,/home/brisic03/VisDrone/VisDrone2019-DET-val/images/0000296_01001_d_0000040.jpg,presence,Which object type is visible in the drone image?,"{'A': 'bicycle', 'B': 'motor', 'C': 'awning-tricycle', 'D': 'pedestrian', 'E': 'people'}",D,D,E,people,0,0.3683145046234131
0000296_01001_d_0000040.jpg,/home/brisic03/VisDrone/VisDrone2019-DET-val/images/0000296_01001_d_0000040.jpg,counting,How many buss are visible in the drone image?,"{'A': '0', 'B': '1', 'C': '2', 'D': '3', 'E': '4 or more'}",E,E,D,3,0,0.36765146255493164
0000296_01001_d_0000040.jpg,/home/brisic03/VisDrone/VisDrone2019-DET-val/images/0000296_01001_d_0000040.jpg,most_frequent,Which object type appears most often in the drone image?,"{'A': 'pedestrian', 'B': 'car', 'C': 'motor', 'D': 'bus', 'E': 'bicycle'}",B,B,B,car,1,0.3663458824157715
0000296_01001_d_0000040.jpg,/home/brisic03/VisDrone/VisDrone2019-DET-val/images/0000296_01001_d_0000040.jpg,location,Where is the largest bus located in the image?,"{'A': 'top-left', 'B': 'top-right', 'C': 'bottom-left', 'D': 'bottom-right', 'E': 'center'}",E,E,E,center,1,0.36640143394470215
0000300_03201_d_0000154.jpg,/home/brisic03/VisDrone/VisDrone2019-DET-val/images/0000300_03201_d_0000154.jpg,presence,Which object type is visible in the drone image?,"{'A': 'pedestrian', 'B': 'people', 'C': 'awning-tricycle', 'D': 'car', 'E': 'van'}",B,B,A,pedestrian,0,0.36592602729797363
0000300_03201_d_0000154.jpg,/home/brisic03/VisDrone/VisDrone2019-DET-val/images/0000300_03201_d_0000154.jpg,counting,How many pedestrians are visible in the drone image?,"{'A': '0', 'B': '1', 'C': '2', 'D': '3', 'E': '4 or more'}",E,E,E,4 or more,1,0.381533145904541
0000300_03201_d_0000154.jpg,/home/brisic03/VisDrone/VisDrone2019-DET-val/images/0000300_03201_d_0000154.jpg,most_frequent,Which object type appears most often in the drone image?,"{'A': 'tricycle', 'B': 'truck', 'C': 'van', 'D': 'motor', 'E': 'car'}",E,E,E,car,1,0.3913443088531494
0000300_03201_d_0000154.jpg,/home/brisic03/VisDrone/VisDrone2019-DET-val/images/0000300_03201_d_0000154.jpg,location,Where is the largest car located in the image?,"{'A': 'top-left', 'B': 'top-right', 'C': 'bottom-left', 'D': 'bottom-right', 'E': 'center'}",E,E,E,center,1,0.37723231315612793
0000301_00001_d_0000156.jpg,/home/brisic03/VisDrone/VisDrone2019-DET-val/images/0000301_00001_d_0000156.jpg,presence,Which object type is visible in the drone image?,"{'A': 'van', 'B': 'truck', 'C': 'car', 'D': 'motor', 'E': 'tricycle'}",A,A,E,tricycle,0,0.3811793327331543
0000301_00001_d_0000156.jpg,/home/brisic03/VisDrone/VisDrone2019-DET-val/images/0000301_00001_d_0000156.jpg,counting,How many tricycles are visible in the drone image?,"{'A': '0', 'B': '1', 'C': '2', 'D': '3', 'E': '4 or more'}",D,D,B,1,0,0.37303829193115234
0000301_00001_d_0000156.jpg,/home/brisic03/VisDrone/VisDrone2019-DET-val/images/0000301_00001_d_0000156.jpg,most_frequent,Which object type appears most often in the drone image?,"{'A': 'people', 'B': 'pedestrian', 'C': 'car', 'D': 'tricycle', 'E': 'bus'}",C,C,C,car,1,0.36878371238708496
0000301_00001_d_0000156.jpg,/home/brisic03/VisDrone/VisDrone2019-DET-val/images/0000301_00001_d_0000156.jpg,location,Where is the largest car located in the image?,"{'A': 'top-left', 'B': 'top-right', 'C': 'bottom-left', 'D': 'bottom-right', 'E': 'center'}",E,E,C,bottom-left,0,0.36653757095336914
0000301_00201_d_0000157.jpg,/home/brisic03/VisDrone/VisDrone2019-DET-val/images/0000301_00201_d_0000157.jpg,presence,Which object type is visible in the drone image?,"{'A': 'people', 'B': 'awning-tricycle', 'C': 'car', 'D': 'bus', 'E': 'truck'}",B,B,B,awning-tricycle,1,0.36742520332336426
0000301_00201_d_0000157.jpg,/home/brisic03/VisDrone/VisDrone2019-DET-val/images/0000301_00201_d_0000157.jpg,counting,How many pedestrians are visible in the drone image?,"{'A': '0', 'B': '1', 'C': '2', 'D': '3', 'E': '4 or more'}",E,E,C,2,0,0.36890268325805664
0000301_00201_d_0000157.jpg,/home/brisic03/VisDrone/VisDrone2019-DET-val/images/0000301_00201_d_0000157.jpg,most_frequent,Which object type appears most often in the drone image?,"{'A': 'pedestrian', 'B': 'car', 'C': 'awning-tricycle', 'D': 'bus', 'E': 'van'}",B,B,B,car,1,0.3662106990814209
0000301_00201_d_0000157.jpg,/home/brisic03/VisDrone/VisDrone2019-DET-val/images/0000301_00201_d_0000157.jpg,location,Where is the largest car located in the image?,"{'A': 'top-left', 'B': 'top-right', 'C': 'bottom-left', 'D': 'bottom-right', 'E': 'center'}",E,E,E,center,1,0.36709141731262207
0000301_01001_d_0000161.jpg,/home/brisic03/VisDrone/VisDrone2019-DET-val/images/0000301_01001_d_0000161.jpg,presence,Which object type is visible in the drone image?,"{'A': 'people', 'B': 'bus', 'C': 'tricycle', 'D': 'car', 'E': 'van'}",D,D,B,bus,0,0.37038516998291016
0000301_01001_d_0000161.jpg,/home/brisic03/VisDrone/VisDrone2019-DET-val/images/0000301_01001_d_0000161.jpg,counting,How many vans are visible in the drone image?,"{'A': '0', 'B': '1', 'C': '2', 'D': '3', 'E': '4 or more'}",D,D,C,2,0,0.36702394485473633
0000301_01001_d_0000161.jpg,/home/brisic03/VisDrone/VisDrone2019-DET-val/images/0000301_01001_d_0000161.jpg,most_frequent,Which object type appears most often in the drone image?,"{'A': 'truck', 'B': 'van', 'C': 'people', 'D': 'car', 'E': 'bicycle'}",D,D,D,car,1,0.3658335208892822
0000301_01001_d_0000161.jpg,/home/brisic03/VisDrone/VisDrone2019-DET-val/images/0000301_01001_d_0000161.jpg,location,Where is the largest car located in the image?,"{'A': 'top-left', 'B': 'top-right', 'C': 'bottom-left', 'D': 'bottom-right', 'E': 'center'}",E,E,E,center,1,0.36591339111328125
0000301_01201_d_0000162.jpg,/home/brisic03/VisDrone/VisDrone2019-DET-val/images/0000301_01201_d_0000162.jpg,presence,Which object type is visible in the drone image?,"{'A': 'bicycle', 'B': 'motor', 'C': 'car', 'D': 'tricycle', 'E': 'awning-tricycle'}",C,C,C,car,1,0.3668365478515625
0000301_01201_d_0000162.jpg,/home/brisic03/VisDrone/VisDrone2019-DET-val/images/0000301_01201_d_0000162.jpg,counting,How many cars are visible in the drone image?,"{'A': '0', 'B': '1', 'C': '2', 'D': '3', 'E': '4 or more'}",D,D,E,4 or more,0,0.36982274055480957
0000301_01201_d_0000162.jpg,/home/brisic03/VisDrone/VisDrone2019-DET-val/images/0000301_01201_d_0000162.jpg,most_frequent,Which object type appears most often in the drone image?,"{'A': 'truck', 'B': 'tricycle', 'C': 'motor', 'D': 'car', 'E': 'bus'}",D,D,D,car,1,0.3686330318450928
0000301_01201_d_0000162.jpg,/home/brisic03/VisDrone/VisDrone2019-DET-val/images/0000301_01201_d_0000162.jpg,location,Where is the largest bus located in the image?,"{'A': 'top-left', 'B': 'top-right', 'C': 'bottom-left', 'D': 'bottom-right', 'E': 'center'}",B,B,E,center,0,0.3668332099914551
0000303_03401_d_0000200.jpg,/home/brisic03/VisDrone/VisDrone2019-DET-val/images/0000303_03401_d_0000200.jpg,presence,Which object type is visible in the drone image?,"{'A': 'bus', 'B': 'car', 'C': 'awning-tricycle', 'D': 'pedestrian', 'E': 'bicycle'}",C,C,A,bus,0,0.3678905963897705
0000303_03401_d_0000200.jpg,/home/brisic03/VisDrone/VisDrone2019-DET-val/images/0000303_03401_d_0000200.jpg,counting,How many cars are visible in the drone image?,"{'A': '0', 'B': '1', 'C': '2', 'D': '3', 'E': '4 or more'}",E,E,E,4 or more,1,0.37959718704223633
0000303_03401_d_0000200.jpg,/home/brisic03/VisDrone/VisDrone2019-DET-val/images/0000303_03401_d_0000200.jpg,most_frequent,Which object type appears most often in the drone image?,"{'A': 'motor', 'B': 'car', 'C': 'people', 'D': 'tricycle', 'E': 'bus'}",B,B,B,car,1,0.3824582099914551
0000303_03401_d_0000200.jpg,/home/brisic03/VisDrone/VisDrone2019-DET-val/images/0000303_03401_d_0000200.jpg,location,Where is the largest car located in the image?,"{'A': 'top-left', 'B': 'top-right', 'C': 'bottom-left', 'D': 'bottom-right', 'E': 'center'}",E,E,C,bottom-left,0,0.3715813159942627
0000308_04401_d_0000327.jpg,/home/brisic03/VisDrone/VisDrone2019-DET-val/images/0000308_04401_d_0000327.jpg,presence,Which object type is visible in the drone image?,"{'A': 'people', 'B': 'awning-tricycle', 'C': 'bicycle', 'D': 'motor', 'E': 'bus'}",B,B,A,people,0,0.3763160705566406
0000308_04401_d_0000327.jpg,/home/brisic03/VisDrone/VisDrone2019-DET-val/images/0000308_04401_d_0000327.jpg,counting,How many pedestrians are visible in the drone image?,"{'A': '0', 'B': '1', 'C': '2', 'D': '3', 'E': '4 or more'}",E,E,E,4 or more,1,0.37308359146118164
0000308_04401_d_0000327.jpg,/home/brisic03/VisDrone/VisDrone2019-DET-val/images/0000308_04401_d_0000327.jpg,most_frequent,Which object type appears most often in the drone image?,"{'A': 'car', 'B': 'tricycle', 'C': 'people', 'D': 'bicycle', 'E': 'truck'}",A,A,A,car,1,0.3671226501464844
0000308_04401_d_0000327.jpg,/home/brisic03/VisDrone/VisDrone2019-DET-val/images/0000308_04401_d_0000327.jpg,location,Where is the largest bus located in the image?,"{'A': 'top-left', 'B': 'top-right', 'C': 'bottom-left', 'D': 'bottom-right', 'E': 'center'}",E,E,E,center,1,0.3666036128997803
0000312_00001_d_0000414.jpg,/home/brisic03/VisDrone/VisDrone2019-DET-val/images/0000312_00001_d_0000414.jpg,presence,Which object type is visible in the drone image?,"{'A': 'van', 'B': 'bicycle', 'C': 'bus', 'D': 'people', 'E': 'motor'}",D,D,B,bicycle,0,0.368086576461792
0000312_00001_d_0000414.jpg,/home/brisic03/VisDrone/VisDrone2019-DET-val/images/0000312_00001_d_0000414.jpg,counting,How many trucks are visible in the drone image?,"{'A': '0', 'B': '1', 'C': '2', 'D': '3', 'E': '4 or more'}",E,E,C,2,0,0.3751485347747803
0000312_00001_d_0000414.jpg,/home/brisic03/VisDrone/VisDrone2019-DET-val/images/0000312_00001_d_0000414.jpg,most_frequent,Which object type appears most often in the drone image?,"{'A': 'motor', 'B': 'bus', 'C': 'tricycle', 'D': 'van', 'E': 'car'}",E,E,E,car,1,0.3693516254425049
0000312_00001_d_0000414.jpg,/home/brisic03/VisDrone/VisDrone2019-DET-val/images/0000312_00001_d_0000414.jpg,location,Where is the largest car located in the image?,"{'A': 'top-left', 'B': 'top-right', 'C': 'bottom-left', 'D': 'bottom-right', 'E': 'center'}",A,A,C,bottom-left,0,0.3658266067504883
0000312_00201_d_0000415.jpg,/home/brisic03/VisDrone/VisDrone2019-DET-val/images/0000312_00201_d_0000415.jpg,presence,Which object type is visible in the drone image?,"{'A': 'tricycle', 'B': 'truck', 'C': 'bus', 'D': 'awning-tricycle', 'E': 'people'}",A,A,B,truck,0,0.3659327030181885
0000312_00201_d_0000415.jpg,/home/brisic03/VisDrone/VisDrone2019-DET-val/images/0000312_00201_d_0000415.jpg,counting,How many trucks are visible in the drone image?,"{'A': '0', 'B': '1', 'C': '2', 'D': '3', 'E': '4 or more'}",A,A,C,2,0,0.3677070140838623
0000312_00201_d_0000415.jpg,/home/brisic03/VisDrone/VisDrone2019-DET-val/images/0000312_00201_d_0000415.jpg,most_frequent,Which object type appears most often in the drone image?,"{'A': 'awning-tricycle', 'B': 'bicycle', 'C': 'people', 'D': 'car', 'E': 'pedestrian'}",D,D,D,car,1,0.3699159622192383
0000312_00201_d_0000415.jpg,/home/brisic03/VisDrone/VisDrone2019-DET-val/images/0000312_00201_d_0000415.jpg,location,Where is the largest truck located in the image?,"{'A': 'top-left', 'B': 'top-right', 'C': 'bottom-left', 'D': 'bottom-right', 'E': 'center'}",A,A,C,bottom-left,0,0.36734890937805176
0000312_00601_d_0000417.jpg,/home/brisic03/VisDrone/VisDrone2019-DET-val/images/0000312_00601_d_0000417.jpg,presence,Which object type is visible in the drone image?,"{'A': 'pedestrian', 'B': 'motor', 'C': 'van', 'D': 'awning-tricycle', 'E': 'people'}",D,D,B,motor,0,0.3674473762512207
0000312_00601_d_0000417.jpg,/home/brisic03/VisDrone/VisDrone2019-DET-val/images/0000312_00601_d_0000417.jpg,counting,How many motors are visible in the drone image?,"{'A': '0', 'B': '1', 'C': '2', 'D': '3', 'E': '4 or more'}",E,E,B,1,0,0.3693537712097168
0000312_00601_d_0000417.jpg,/home/brisic03/VisDrone/VisDrone2019-DET-val/images/0000312_00601_d_0000417.jpg,most_frequent,Which object type appears most often in the drone image?,"{'A': 'pedestrian', 'B': 'truck', 'C': 'car', 'D': 'bus', 'E': 'tricycle'}",C,C,C,car,1,0.3678581714630127
0000312_00601_d_0000417.jpg,/home/brisic03/VisDrone/VisDrone2019-DET-val/images/0000312_00601_d_0000417.jpg,location,Where is the largest car located in the image?,"{'A': 'top-left', 'B': 'top-right', 'C': 'bottom-left', 'D': 'bottom-right', 'E': 'center'}",E,E,C,bottom-left,0,0.3669447898864746
0000312_01001_d_0000419.jpg,/home/brisic03/VisDrone/VisDrone2019-DET-val/images/0000312_01001_d_0000419.jpg,presence,Which object type is visible in the drone image?,"{'A': 'pedestrian', 'B': 'car', 'C': 'bus', 'D': 'people', 'E': 'truck'}",B,B,A,pedestrian,0,0.36835312843322754
0000312_01001_d_0000419.jpg,/home/brisic03/VisDrone/VisDrone2019-DET-val/images/0000312_01001_d_0000419.jpg,counting,How many pedestrians are visible in the drone image?,"{'A': '0', 'B': '1', 'C': '2', 'D': '3', 'E': '4 or more'}",A,A,B,1,0,0.37651729583740234
0000312_01001_d_0000419.jpg,/home/brisic03/VisDrone/VisDrone2019-DET-val/images/0000312_01001_d_0000419.jpg,most_frequent,Which object type appears most often in the drone image?,"{'A': 'van', 'B': 'car', 'C': 'truck', 'D': 'motor', 'E': 'people'}",B,B,B,car,1,0.3704721927642822
0000312_01001_d_0000419.jpg,/home/brisic03/VisDrone/VisDrone2019-DET-val/images/0000312_01001_d_0000419.jpg,location,Where is the largest car located in the image?,"{'A': 'top-left', 'B': 'top-right', 'C': 'bottom-left', 'D': 'bottom-right', 'E': 'center'}",E,E,E,center,1,0.36696672439575195
0000312_01201_d_0000420.jpg,/home/brisic03/VisDrone/VisDrone2019-DET-val/images/0000312_01201_d_0000420.jpg,presence,Which object type is visible in the drone image?,"{'A': 'car', 'B': 'awning-tricycle', 'C': 'bus', 'D': 'people', 'E': 'tricycle'}",E,E,D,people,0,0.379685640335083
0000312_01201_d_0000420.jpg,/home/brisic03/VisDrone/VisDrone2019-DET-val/images/0000312_01201_d_0000420.jpg,counting,How many tricycles are visible in the drone image?,"{'A': '0', 'B': '1', 'C': '2', 'D': '3', 'E': '4 or more'}",A,A,B,1,0,0.3685894012451172
0000312_01201_d_0000420.jpg,/home/brisic03/VisDrone/VisDrone2019-DET-val/images/0000312_01201_d_0000420.jpg,most_frequent,Which object type appears most often in the drone image?,"{'A': 'van', 'B': 'car', 'C': 'tricycle', 'D': 'motor', 'E': 'pedestrian'}",B,B,B,car,1,0.3670926094055176
0000312_01201_d_0000420.jpg,/home/brisic03/VisDrone/VisDrone2019-DET-val/images/0000312_01201_d_0000420.jpg,location,Where is the largest car located in the image?,"{'A': 'top-left', 'B': 'top-right', 'C': 'bottom-left', 'D': 'bottom-right', 'E': 'center'}",E,E,E,center,1,0.37082386016845703
0000312_02201_d_0000425.jpg,/home/brisic03/VisDrone/VisDrone2019-DET-val/images/0000312_02201_d_0000425.jpg,presence,Which object type is visible in the drone image?,"{'A': 'bicycle', 'B': 'car', 'C': 'tricycle', 'D': 'awning-tricycle', 'E': 'people'}",B,B,C,tricycle,0,0.3676431179046631
0000312_02201_d_0000425.jpg,/home/brisic03/VisDrone/VisDrone2019-DET-val/images/0000312_02201_d_0000425.jpg,counting,How many tricycles are visible in the drone image?,"{'A': '0', 'B': '1', 'C': '2', 'D': '3', 'E': '4 or more'}",D,D,C,2,0,0.36728930473327637
0000312_02201_d_0000425.jpg,/home/brisic03/VisDrone/VisDrone2019-DET-val/images/0000312_02201_d_0000425.jpg,most_frequent,Which object type appears most often in the drone image?,"{'A': 'van', 'B': 'bicycle', 'C': 'bus', 'D': 'tricycle', 'E': 'car'}",E,E,E,car,1,0.3672199249267578
0000312_02201_d_0000425.jpg,/home/brisic03/VisDrone/VisDrone2019-DET-val/images/0000312_02201_d_0000425.jpg,location,Where is the largest car located in the image?,"{'A': 'top-left', 'B': 'top-right', 'C': 'bottom-left', 'D': 'bottom-right', 'E': 'center'}",E,E,C,bottom-left,0,0.3670945167541504
0000312_02401_d_0000426.jpg,/home/brisic03/VisDrone/VisDrone2019-DET-val/images/0000312_02401_d_0000426.jpg,presence,Which object type is visible in the drone image?,"{'A': 'people', 'B': 'bus', 'C': 'awning-tricycle', 'D': 'truck', 'E': 'bicycle'}",C,C,A,people,0,0.3661155700683594
0000312_02401_d_0000426.jpg,/home/brisic03/VisDrone/VisDrone2019-DET-val/images/0000312_02401_d_0000426.jpg,counting,How many cars are visible in the drone image?,"{'A': '0', 'B': '1', 'C': '2', 'D': '3', 'E': '4 or more'}",E,E,E,4 or more,1,0.3690457344055176
0000312_02401_d_0000426.jpg,/home/brisic03/VisDrone/VisDrone2019-DET-val/images/0000312_02401_d_0000426.jpg,most_frequent,Which object type appears most often in the drone image?,"{'A': 'motor', 'B': 'pedestrian', 'C': 'people', 'D': 'van', 'E': 'car'}",E,E,E,car,1,0.3683171272277832
0000312_02401_d_0000426.jpg,/home/brisic03/VisDrone/VisDrone2019-DET-val/images/0000312_02401_d_0000426.jpg,location,Where is the largest car located in the image?,"{'A': 'top-left', 'B': 'top-right', 'C': 'bottom-left', 'D': 'bottom-right', 'E': 'center'}",E,E,E,center,1,0.3664817810058594
0000312_04201_d_0000435.jpg,/home/brisic03/VisDrone/VisDrone2019-DET-val/images/0000312_04201_d_0000435.jpg,presence,Which object type is visible in the drone image?,"{'A': 'car', 'B': 'bicycle', 'C': 'awning-tricycle', 'D': 'pedestrian', 'E': 'bus'}",A,A,A,car,1,0.3669593334197998
0000312_04201_d_0000435.jpg,/home/brisic03/VisDrone/VisDrone2019-DET-val/images/0000312_04201_d_0000435.jpg,counting,How many cars are visible in the drone image?,"{'A': '0', 'B': '1', 'C': '2', 'D': '3', 'E': '4 or more'}",E,E,E,4 or more,1,0.36639857292175293
0000312_04201_d_0000435.jpg,/home/brisic03/VisDrone/VisDrone2019-DET-val/images/0000312_04201_d_0000435.jpg,most_frequent,Which object type appears most often in the drone image?,"{'A': 'awning-tricycle', 'B': 'car', 'C': 'tricycle', 'D': 'bus', 'E': 'pedestrian'}",B,B,B,car,1,0.36769938468933105
0000312_04201_d_0000435.jpg,/home/brisic03/VisDrone/VisDrone2019-DET-val/images/0000312_04201_d_0000435.jpg,location,Where is the largest car located in the image?,"{'A': 'top-left', 'B': 'top-right', 'C': 'bottom-left', 'D': 'bottom-right', 'E': 'center'}",E,E,C,bottom-left,0,0.3709537982940674
0000313_06401_d_0000468.jpg,/home/brisic03/VisDrone/VisDrone2019-DET-val/images/0000313_06401_d_0000468.jpg,presence,Which object type is visible in the drone image?,"{'A': 'van', 'B': 'pedestrian', 'C': 'bicycle', 'D': 'bus', 'E': 'car'}",A,A,A,van,1,0.3647780418395996
0000313_06401_d_0000468.jpg,/home/brisic03/VisDrone/VisDrone2019-DET-val/images/0000313_06401_d_0000468.jpg,counting,How many cars are visible in the drone image?,"{'A': '0', 'B': '1', 'C': '2', 'D': '3', 'E': '4 or more'}",E,E,E,4 or more,1,0.3664865493774414
0000313_06401_d_0000468.jpg,/home/brisic03/VisDrone/VisDrone2019-DET-val/images/0000313_06401_d_0000468.jpg,most_frequent,Which object type appears most often in the drone image?,"{'A': 'bus', 'B': 'truck', 'C': 'tricycle', 'D': 'people', 'E': 'car'}",E,E,E,car,1,0.3669242858886719
0000313_06401_d_0000468.jpg,/home/brisic03/VisDrone/VisDrone2019-DET-val/images/0000313_06401_d_0000468.jpg,location,Where is the largest van located in the image?,"{'A': 'top-left', 'B': 'top-right', 'C': 'bottom-left', 'D': 'bottom-right', 'E': 'center'}",E,E,E,center,1,0.3671104907989502
0000313_06601_d_0000469.jpg,/home/brisic03/VisDrone/VisDrone2019-DET-val/images/0000313_06601_d_0000469.jpg,presence,Which object type is visible in the drone image?,"{'A': 'pedestrian', 'B': 'motor', 'C': 'car', 'D': 'van', 'E': 'bus'}",A,A,C,car,0,0.36542439460754395
0000313_06601_d_0000469.jpg,/home/brisic03/VisDrone/VisDrone2019-DET-val/images/0000313_06601_d_0000469.jpg,counting,How many trucks are visible in the drone image?,"{'A': '0', 'B': '1', 'C': '2', 'D': '3', 'E': '4 or more'}",A,A,B,1,0,0.37392282485961914
0000313_06601_d_0000469.jpg,/home/brisic03/VisDrone/VisDrone2019-DET-val/images/0000313_06601_d_0000469.jpg,most_frequent,Which object type appears most often in the drone image?,"{'A': 'awning-tricycle', 'B': 'car', 'C': 'tricycle', 'D': 'people', 'E': 'bicycle'}",B,B,B,car,1,0.37151002883911133
0000313_06601_d_0000469.jpg,/home/brisic03/VisDrone/VisDrone2019-DET-val/images/0000313_06601_d_0000469.jpg,location,Where is the largest van located in the image?,"{'A': 'top-left', 'B': 'top-right', 'C': 'bottom-left', 'D': 'bottom-right', 'E': 'center'}",E,E,D,bottom-right,0,0.3671865463256836
0000313_07001_d_0000471.jpg,/home/brisic03/VisDrone/VisDrone2019-DET-val/images/0000313_07001_d_0000471.jpg,presence,Which object type is visible in the drone image?,"{'A': 'truck', 'B': 'car', 'C': 'motor', 'D': 'pedestrian', 'E': 'bus'}",C,C,B,car,0,0.3653421401977539
0000313_07001_d_0000471.jpg,/home/brisic03/VisDrone/VisDrone2019-DET-val/images/0000313_07001_d_0000471.jpg,counting,How many cars are visible in the drone image?,"{'A': '0', 'B': '1', 'C': '2', 'D': '3', 'E': '4 or more'}",A,A,B,1,0,0.3654160499572754
0000313_07001_d_0000471.jpg,/home/brisic03/VisDrone/VisDrone2019-DET-val/images/0000313_07001_d_0000471.jpg,most_frequent,Which object type appears most often in the drone image?,"{'A': 'car', 'B': 'pedestrian', 'C': 'people', 'D': 'tricycle', 'E': 'awning-tricycle'}",E,E,A,car,0,0.3676340579986572
0000313_07001_d_0000471.jpg,/home/brisic03/VisDrone/VisDrone2019-DET-val/images/0000313_07001_d_0000471.jpg,location,Where is the largest car located in the image?,"{'A': 'top-left', 'B': 'top-right', 'C': 'bottom-left', 'D': 'bottom-right', 'E': 'center'}",B,B,E,center,0,0.37000060081481934
0000315_01601_d_0000509.jpg,/home/brisic03/VisDrone/VisDrone2019-DET-val/images/0000315_01601_d_0000509.jpg,presence,Which object type is visible in the drone image?,"{'A': 'motor', 'B': 'pedestrian', 'C': 'bicycle', 'D': 'people', 'E': 'car'}",D,D,B,pedestrian,0,0.36751294136047363
0000315_01601_d_0000509.jpg,/home/brisic03/VisDrone/VisDrone2019-DET-val/images/0000315_01601_d_0000509.jpg,counting,How many tricycles are visible in the drone image?,"{'A': '0', 'B': '1', 'C': '2', 'D': '3', 'E': '4 or more'}",A,A,D,3,0,0.36672353744506836
0000315_01601_d_0000509.jpg,/home/brisic03/VisDrone/VisDrone2019-DET-val/images/0000315_01601_d_0000509.jpg,most_frequent,Which object type appears most often in the drone image?,"{'A': 'bicycle', 'B': 'truck', 'C': 'van', 'D': 'people', 'E': 'car'}",E,E,E,car,1,0.3665885925292969
0000315_01601_d_0000509.jpg,/home/brisic03/VisDrone/VisDrone2019-DET-val/images/0000315_01601_d_0000509.jpg,location,Where is the largest car located in the image?,"{'A': 'top-left', 'B': 'top-right', 'C': 'bottom-left', 'D': 'bottom-right', 'E': 'center'}",E,E,E,center,1,0.36782097816467285
0000316_00001_d_0000519.jpg,/home/brisic03/VisDrone/VisDrone2019-DET-val/images/0000316_00001_d_0000519.jpg,presence,Which object type is visible in the drone image?,"{'A': 'car', 'B': 'motor', 'C': 'tricycle', 'D': 'people', 'E': 'bicycle'}",A,A,D,people,0,0.3649709224700928
0000316_00001_d_0000519.jpg,/home/brisic03/VisDrone/VisDrone2019-DET-val/images/0000316_00001_d_0000519.jpg,counting,How many motors are visible in the drone image?,"{'A': '0', 'B': '1', 'C': '2', 'D': '3', 'E': '4 or more'}",E,E,C,2,0,0.36818909645080566
0000316_00001_d_0000519.jpg,/home/brisic03/VisDrone/VisDrone2019-DET-val/images/0000316_00001_d_0000519.jpg,most_frequent,Which object type appears most often in the drone image?,"{'A': 'van', 'B': 'motor', 'C': 'car', 'D': 'bus', 'E': 'people'}",A,A,C,car,0,0.3871757984161377
0000316_00001_d_0000519.jpg,/home/brisic03/VisDrone/VisDrone2019-DET-val/images/0000316_00001_d_0000519.jpg,location,Where is the largest van located in the image?,"{'A': 'top-left', 'B': 'top-right', 'C': 'bottom-left', 'D': 'bottom-right', 'E': 'center'}",A,A,E,center,0,0.4057152271270752
0000316_00201_d_0000520.jpg,/home/brisic03/VisDrone/VisDrone2019-DET-val/images/0000316_00201_d_0000520.jpg,presence,Which object type is visible in the drone image?,"{'A': 'awning-tricycle', 'B': 'car', 'C': 'motor', 'D': 'bicycle', 'E': 'pedestrian'}",B,B,C,motor,0,0.39735984802246094
0000316_00201_d_0000520.jpg,/home/brisic03/VisDrone/VisDrone2019-DET-val/images/0000316_00201_d_0000520.jpg,counting,How many cars are visible in the drone image?,"{'A': '0', 'B': '1', 'C': '2', 'D': '3', 'E': '4 or more'}",E,E,E,4 or more,1,0.4018282890319824
0000316_00201_d_0000520.jpg,/home/brisic03/VisDrone/VisDrone2019-DET-val/images/0000316_00201_d_0000520.jpg,most_frequent,Which object type appears most often in the drone image?,"{'A': 'motor', 'B': 'people', 'C': 'car', 'D': 'bicycle', 'E': 'bus'}",C,C,C,car,1,0.38951849937438965
0000316_00201_d_0000520.jpg,/home/brisic03/VisDrone/VisDrone2019-DET-val/images/0000316_00201_d_0000520.jpg,location,Where is the largest car located in the image?,"{'A': 'top-left', 'B': 'top-right', 'C': 'bottom-left', 'D': 'bottom-right', 'E': 'center'}",E,E,C,bottom-left,0,0.38309502601623535
0000316_00401_d_0000521.jpg,/home/brisic03/VisDrone/VisDrone2019-DET-val/images/0000316_00401_d_0000521.jpg,presence,Which object type is visible in the drone image?,"{'A': 'car', 'B': 'awning-tricycle', 'C': 'motor', 'D': 'bicycle', 'E': 'pedestrian'}",A,A,E,pedestrian,0,0.3804171085357666
0000316_00401_d_0000521.jpg,/home/brisic03/VisDrone/VisDrone2019-DET-val/images/0000316_00401_d_0000521.jpg,counting,How many motors are visible in the drone image?,"{'A': '0', 'B': '1', 'C': '2', 'D': '3', 'E': '4 or more'}",A,A,B,1,0,0.3718390464782715
0000316_00401_d_0000521.jpg,/home/brisic03/VisDrone/VisDrone2019-DET-val/images/0000316_00401_d_0000521.jpg,most_frequent,Which object type appears most often in the drone image?,"{'A': 'van', 'B': 'motor', 'C': 'bus', 'D': 'people', 'E': 'car'}",A,A,E,car,0,0.3662536144256592
0000316_00401_d_0000521.jpg,/home/brisic03/VisDrone/VisDrone2019-DET-val/images/0000316_00401_d_0000521.jpg,location,Where is the largest van located in the image?,"{'A': 'top-left', 'B': 'top-right', 'C': 'bottom-left', 'D': 'bottom-right', 'E': 'center'}",E,E,D,bottom-right,0,0.36579394340515137
0000316_00601_d_0000522.jpg,/home/brisic03/VisDrone/VisDrone2019-DET-val/images/0000316_00601_d_0000522.jpg,presence,Which object type is visible in the drone image?,"{'A': 'van', 'B': 'motor', 'C': 'tricycle', 'D': 'truck', 'E': 'bus'}",A,A,A,van,1,0.3667759895324707
0000316_00601_d_0000522.jpg,/home/brisic03/VisDrone/VisDrone2019-DET-val/images/0000316_00601_d_0000522.jpg,counting,How many motors are visible in the drone image?,"{'A': '0', 'B': '1', 'C': '2', 'D': '3', 'E': '4 or more'}",A,A,B,1,0,0.39369750022888184
0000316_00601_d_0000522.jpg,/home/brisic03/VisDrone/VisDrone2019-DET-val/images/0000316_00601_d_0000522.jpg,most_frequent,Which object type appears most often in the drone image?,"{'A': 'car', 'B': 'motor', 'C': 'bus', 'D': 'pedestrian', 'E': 'van'}",A,A,A,car,1,0.4042074680328369
0000316_00601_d_0000522.jpg,/home/brisic03/VisDrone/VisDrone2019-DET-val/images/0000316_00601_d_0000522.jpg,location,Where is the largest van located in the image?,"{'A': 'top-left', 'B': 'top-right', 'C': 'bottom-left', 'D': 'bottom-right', 'E': 'center'}",D,D,E,center,0,0.40714073181152344
0000316_00801_d_0000523.jpg,/home/brisic03/VisDrone/VisDrone2019-DET-val/images/0000316_00801_d_0000523.jpg,presence,Which object type is visible in the drone image?,"{'A': 'truck', 'B': 'awning-tricycle', 'C': 'car', 'D': 'motor', 'E': 'bus'}",C,C,C,car,1,0.3979501724243164
0000316_00801_d_0000523.jpg,/home/brisic03/VisDrone/VisDrone2019-DET-val/images/0000316_00801_d_0000523.jpg,counting,How many vans are visible in the drone image?,"{'A': '0', 'B': '1', 'C': '2', 'D': '3', 'E': '4 or more'}",A,A,B,1,0,0.4007840156555176
0000316_00801_d_0000523.jpg,/home/brisic03/VisDrone/VisDrone2019-DET-val/images/0000316_00801_d_0000523.jpg,most_frequent,Which object type appears most often in the drone image?,"{'A': 'car', 'B': 'people', 'C': 'motor', 'D': 'awning-tricycle', 'E': 'truck'}",A,A,A,car,1,0.3924560546875
0000316_00801_d_0000523.jpg,/home/brisic03/VisDrone/VisDrone2019-DET-val/images/0000316_00801_d_0000523.jpg,location,Where is the largest car located in the image?,"{'A': 'top-left', 'B': 'top-right', 'C': 'bottom-left', 'D': 'bottom-right', 'E': 'center'}",B,B,E,center,0,0.3770267963409424
0000316_01001_d_0000524.jpg,/home/brisic03/VisDrone/VisDrone2019-DET-val/images/0000316_01001_d_0000524.jpg,presence,Which object type is visible in the drone image?,"{'A': 'van', 'B': 'truck', 'C': 'tricycle', 'D': 'car', 'E': 'bicycle'}",D,D,D,car,1,0.3735330104827881
0000316_01001_d_0000524.jpg,/home/brisic03/VisDrone/VisDrone2019-DET-val/images/0000316_01001_d_0000524.jpg,counting,How many cars are visible in the drone image?,"{'A': '0', 'B': '1', 'C': '2', 'D': '3', 'E': '4 or more'}",B,B,D,3,0,0.3741884231567383
0000316_01001_d_0000524.jpg,/home/brisic03/VisDrone/VisDrone2019-DET-val/images/0000316_01001_d_0000524.jpg,most_frequent,Which object type appears most often in the drone image?,"{'A': 'motor', 'B': 'car', 'C': 'people', 'D': 'bus', 'E': 'truck'}",B,B,B,car,1,0.3692030906677246
0000316_01001_d_0000524.jpg,/home/brisic03/VisDrone/VisDrone2019-DET-val/images/0000316_01001_d_0000524.jpg,location,Where is the largest car located in the image?,"{'A': 'top-left', 'B': 'top-right', 'C': 'bottom-left', 'D': 'bottom-right', 'E': 'center'}",E,E,E,center,1,0.366152286529541
0000316_01201_d_0000525.jpg,/home/brisic03/VisDrone/VisDrone2019-DET-val/images/0000316_01201_d_0000525.jpg,presence,Which object type is visible in the drone image?,"{'A': 'pedestrian', 'B': 'motor', 'C': 'car', 'D': 'truck', 'E': 'awning-tricycle'}",A,A,E,awning-tricycle,0,0.36658143997192383
0000316_01201_d_0000525.jpg,/home/brisic03/VisDrone/VisDrone2019-DET-val/images/0000316_01201_d_0000525.jpg,counting,How many awning-tricycles are visible in the drone image?,"{'A': '0', 'B': '1', 'C': '2', 'D': '3', 'E': '4 or more'}",D,D,D,3,1,0.3698577880859375
0000316_01201_d_0000525.jpg,/home/brisic03/VisDrone/VisDrone2019-DET-val/images/0000316_01201_d_0000525.jpg,most_frequent,Which object type appears most often in the drone image?,"{'A': 'tricycle', 'B': 'awning-tricycle', 'C': 'motor', 'D': 'truck', 'E': 'car'}",E,E,E,car,1,0.3678867816925049
0000316_01201_d_0000525.jpg,/home/brisic03/VisDrone/VisDrone2019-DET-val/images/0000316_01201_d_0000525.jpg,location,Where is the largest van located in the image?,"{'A': 'top-left', 'B': 'top-right', 'C': 'bottom-left', 'D': 'bottom-right', 'E': 'center'}",C,C,C,bottom-left,1,0.36509156227111816
0000316_01401_d_0000526.jpg,/home/brisic03/VisDrone/VisDrone2019-DET-val/images/0000316_01401_d_0000526.jpg,presence,Which object type is visible in the drone image?,"{'A': 'bus', 'B': 'pedestrian', 'C': 'bicycle', 'D': 'van', 'E': 'car'}",D,D,D,van,1,0.3656322956085205
0000316_01401_d_0000526.jpg,/home/brisic03/VisDrone/VisDrone2019-DET-val/images/0000316_01401_d_0000526.jpg,counting,How many motors are visible in the drone image?,"{'A': '0', 'B': '1', 'C': '2', 'D': '3', 'E': '4 or more'}",E,E,B,1,0,0.3655550479888916
0000316_01401_d_0000526.jpg,/home/brisic03/VisDrone/VisDrone2019-DET-val/images/0000316_01401_d_0000526.jpg,most_frequent,Which object type appears most often in the drone image?,"{'A': 'bus', 'B': 'people', 'C': 'car', 'D': 'van', 'E': 'awning-tricycle'}",C,C,C,car,1,0.3737623691558838
0000316_01401_d_0000526.jpg,/home/brisic03/VisDrone/VisDrone2019-DET-val/images/0000316_01401_d_0000526.jpg,location,Where is the largest car located in the image?,"{'A': 'top-left', 'B': 'top-right', 'C': 'bottom-left', 'D': 'bottom-right', 'E': 'center'}",E,E,E,center,1,0.3753221035003662
0000316_01601_d_0000527.jpg,/home/brisic03/VisDrone/VisDrone2019-DET-val/images/0000316_01601_d_0000527.jpg,presence,Which object type is visible in the drone image?,"{'A': 'people', 'B': 'car', 'C': 'bus', 'D': 'truck', 'E': 'van'}",A,A,D,truck,0,0.3687586784362793
0000316_01601_d_0000527.jpg,/home/brisic03/VisDrone/VisDrone2019-DET-val/images/0000316_01601_d_0000527.jpg,counting,How many cars are visible in the drone image?,"{'A': '0', 'B': '1', 'C': '2', 'D': '3', 'E': '4 or more'}",E,E,E,4 or more,1,0.3712162971496582
0000316_01601_d_0000527.jpg,/home/brisic03/VisDrone/VisDrone2019-DET-val/images/0000316_01601_d_0000527.jpg,most_frequent,Which object type appears most often in the drone image?,"{'A': 'car', 'B': 'van', 'C': 'motor', 'D': 'people', 'E': 'truck'}",A,A,A,car,1,0.3699004650115967
0000316_01601_d_0000527.jpg,/home/brisic03/VisDrone/VisDrone2019-DET-val/images/0000316_01601_d_0000527.jpg,location,Where is the largest truck located in the image?,"{'A': 'top-left', 'B': 'top-right', 'C': 'bottom-left', 'D': 'bottom-right', 'E': 'center'}",A,A,E,center,0,0.3671727180480957
0000316_01801_d_0000528.jpg,/home/brisic03/VisDrone/VisDrone2019-DET-val/images/0000316_01801_d_0000528.jpg,presence,Which object type is visible in the drone image?,"{'A': 'pedestrian', 'B': 'van', 'C': 'truck', 'D': 'awning-tricycle', 'E': 'car'}",D,D,E,car,0,0.3663156032562256
0000316_01801_d_0000528.jpg,/home/brisic03/VisDrone/VisDrone2019-DET-val/images/0000316_01801_d_0000528.jpg,counting,How many motors are visible in the drone image?,"{'A': '0', 'B': '1', 'C': '2', 'D': '3', 'E': '4 or more'}",A,A,E,4 or more,0,0.38102197647094727
0000316_01801_d_0000528.jpg,/home/brisic03/VisDrone/VisDrone2019-DET-val/images/0000316_01801_d_0000528.jpg,location,Where is the largest car located in the image?,"{'A': 'top-left', 'B': 'top-right', 'C': 'bottom-left', 'D': 'bottom-right', 'E': 'center'}",C,C,C,bottom-left,1,0.39357995986938477
0000316_02001_d_0000529.jpg,/home/brisic03/VisDrone/VisDrone2019-DET-val/images/0000316_02001_d_0000529.jpg,presence,Which object type is visible in the drone image?,"{'A': 'people', 'B': 'motor', 'C': 'car', 'D': 'bicycle', 'E': 'tricycle'}",C,C,C,car,1,0.3773477077484131
0000316_02001_d_0000529.jpg,/home/brisic03/VisDrone/VisDrone2019-DET-val/images/0000316_02001_d_0000529.jpg,counting,How many cars are visible in the drone image?,"{'A': '0', 'B': '1', 'C': '2', 'D': '3', 'E': '4 or more'}",A,A,C,2,0,0.37877845764160156
0000316_02001_d_0000529.jpg,/home/brisic03/VisDrone/VisDrone2019-DET-val/images/0000316_02001_d_0000529.jpg,most_frequent,Which object type appears most often in the drone image?,"{'A': 'tricycle', 'B': 'pedestrian', 'C': 'van', 'D': 'car', 'E': 'people'}",A,A,D,car,0,0.3755686283111572
0000316_02001_d_0000529.jpg,/home/brisic03/VisDrone/VisDrone2019-DET-val/images/0000316_02001_d_0000529.jpg,location,Where is the largest van located in the image?,"{'A': 'top-left', 'B': 'top-right', 'C': 'bottom-left', 'D': 'bottom-right', 'E': 'center'}",C,C,D,bottom-right,0,0.3695230484008789
0000316_02201_d_0000530.jpg,/home/brisic03/VisDrone/VisDrone2019-DET-val/images/0000316_02201_d_0000530.jpg,presence,Which object type is visible in the drone image?,"{'A': 'van', 'B': 'pedestrian', 'C': 'people', 'D': 'bus', 'E': 'awning-tricycle'}",C,C,B,pedestrian,0,0.36675453186035156
0000316_02201_d_0000530.jpg,/home/brisic03/VisDrone/VisDrone2019-DET-val/images/0000316_02201_d_0000530.jpg,counting,How many pedestrians are visible in the drone image?,"{'A': '0', 'B': '1', 'C': '2', 'D': '3', 'E': '4 or more'}",D,D,D,3,1,0.36839985847473145
0000316_02201_d_0000530.jpg,/home/brisic03/VisDrone/VisDrone2019-DET-val/images/0000316_02201_d_0000530.jpg,most_frequent,Which object type appears most often in the drone image?,"{'A': 'people', 'B': 'car', 'C': 'motor', 'D': 'bicycle', 'E': 'pedestrian'}",B,B,E,pedestrian,0,0.36713385581970215
0000316_02201_d_0000530.jpg,/home/brisic03/VisDrone/VisDrone2019-DET-val/images/0000316_02201_d_0000530.jpg,location,Where is the largest car located in the image?,"{'A': 'top-left', 'B': 'top-right', 'C': 'bottom-left', 'D': 'bottom-right', 'E': 'center'}",B,B,E,center,0,0.3655698299407959
0000323_02601_d_0000645.jpg,/home/brisic03/VisDrone/VisDrone2019-DET-val/images/0000323_02601_d_0000645.jpg,presence,Which object type is visible in the drone image?,"{'A': 'van', 'B': 'car', 'C': 'people', 'D': 'bicycle', 'E': 'motor'}",A,A,B,car,0,0.3643183708190918
0000323_02601_d_0000645.jpg,/home/brisic03/VisDrone/VisDrone2019-DET-val/images/0000323_02601_d_0000645.jpg,counting,How many pedestrians are visible in the drone image?,"{'A': '0', 'B': '1', 'C': '2', 'D': '3', 'E': '4 or more'}",A,A,E,4 or more,0,0.366790771484375
0000323_02601_d_0000645.jpg,/home/brisic03/VisDrone/VisDrone2019-DET-val/images/0000323_02601_d_0000645.jpg,most_frequent,Which object type appears most often in the drone image?,"{'A': 'bus', 'B': 'pedestrian', 'C': 'awning-tricycle', 'D': 'tricycle', 'E': 'motor'}",D,D,B,pedestrian,0,0.3680694103240967
0000323_02601_d_0000645.jpg,/home/brisic03/VisDrone/VisDrone2019-DET-val/images/0000323_02601_d_0000645.jpg,location,Where is the largest truck located in the image?,"{'A': 'top-left', 'B': 'top-right', 'C': 'bottom-left', 'D': 'bottom-right', 'E': 'center'}",E,E,E,center,1,0.36864495277404785
0000327_00001_d_0000711.jpg,/home/brisic03/VisDrone/VisDrone2019-DET-val/images/0000327_00001_d_0000711.jpg,presence,Which object type is visible in the drone image?,"{'A': 'awning-tricycle', 'B': 'tricycle', 'C': 'bicycle', 'D': 'motor', 'E': 'people'}",A,A,D,motor,0,0.36573243141174316
0000327_00001_d_0000711.jpg,/home/brisic03/VisDrone/VisDrone2019-DET-val/images/0000327_00001_d_0000711.jpg,counting,How many motors are visible in the drone image?,"{'A': '0', 'B': '1', 'C': '2', 'D': '3', 'E': '4 or more'}",E,E,B,1,0,0.36624979972839355
0000327_00001_d_0000711.jpg,/home/brisic03/VisDrone/VisDrone2019-DET-val/images/0000327_00001_d_0000711.jpg,most_frequent,Which object type appears most often in the drone image?,"{'A': 'car', 'B': 'bus', 'C': 'pedestrian', 'D': 'people', 'E': 'van'}",A,A,A,car,1,0.364621639251709
0000327_00001_d_0000711.jpg,/home/brisic03/VisDrone/VisDrone2019-DET-val/images/0000327_00001_d_0000711.jpg,location,Where is the largest truck located in the image?,"{'A': 'top-left', 'B': 'top-right', 'C': 'bottom-left', 'D': 'bottom-right', 'E': 'center'}",A,A,C,bottom-left,0,0.36842823028564453
0000327_00201_d_0000712.jpg,/home/brisic03/VisDrone/VisDrone2019-DET-val/images/0000327_00201_d_0000712.jpg,presence,Which object type is visible in the drone image?,"{'A': 'bus', 'B': 'van', 'C': 'bicycle', 'D': 'car', 'E': 'people'}",D,D,B,van,0,0.36600494384765625
0000327_00201_d_0000712.jpg,/home/brisic03/VisDrone/VisDrone2019-DET-val/images/0000327_00201_d_0000712.jpg,counting,How many pedestrians are visible in the drone image?,"{'A': '0', 'B': '1', 'C': '2', 'D': '3', 'E': '4 or more'}",E,E,B,1,0,0.37256693840026855
0000327_00201_d_0000712.jpg,/home/brisic03/VisDrone/VisDrone2019-DET-val/images/0000327_00201_d_0000712.jpg,most_frequent,Which object type appears most often in the drone image?,"{'A': 'people', 'B': 'bicycle', 'C': 'car', 'D': 'pedestrian', 'E': 'awning-tricycle'}",C,C,C,car,1,0.3799600601196289
0000327_00201_d_0000712.jpg,/home/brisic03/VisDrone/VisDrone2019-DET-val/images/0000327_00201_d_0000712.jpg,location,Where is the largest car located in the image?,"{'A': 'top-left', 'B': 'top-right', 'C': 'bottom-left', 'D': 'bottom-right', 'E': 'center'}",E,E,E,center,1,0.3761434555053711
0000327_00401_d_0000713.jpg,/home/brisic03/VisDrone/VisDrone2019-DET-val/images/0000327_00401_d_0000713.jpg,presence,Which object type is visible in the drone image?,"{'A': 'motor', 'B': 'truck', 'C': 'car', 'D': 'awning-tricycle', 'E': 'pedestrian'}",D,D,C,car,0,0.36865234375
0000327_00401_d_0000713.jpg,/home/brisic03/VisDrone/VisDrone2019-DET-val/images/0000327_00401_d_0000713.jpg,counting,How many peoples are visible in the drone image?,"{'A': '0', 'B': '1', 'C': '2', 'D': '3', 'E': '4 or more'}",A,A,B,1,0,0.366807222366333
0000327_00401_d_0000713.jpg,/home/brisic03/VisDrone/VisDrone2019-DET-val/images/0000327_00401_d_0000713.jpg,most_frequent,Which object type appears most often in the drone image?,"{'A': 'car', 'B': 'motor', 'C': 'pedestrian', 'D': 'bus', 'E': 'van'}",A,A,A,car,1,0.3674147129058838
0000327_00401_d_0000713.jpg,/home/brisic03/VisDrone/VisDrone2019-DET-val/images/0000327_00401_d_0000713.jpg,location,Where is the largest car located in the image?,"{'A': 'top-left', 'B': 'top-right', 'C': 'bottom-left', 'D': 'bottom-right', 'E': 'center'}",E,E,E,center,1,0.36745190620422363
0000327_00601_d_0000714.jpg,/home/brisic03/VisDrone/VisDrone2019-DET-val/images/0000327_00601_d_0000714.jpg,presence,Which object type is visible in the drone image?,"{'A': 'van', 'B': 'bus', 'C': 'bicycle', 'D': 'awning-tricycle', 'E': 'people'}",E,E,E,people,1,0.38066673278808594
0000327_00601_d_0000714.jpg,/home/brisic03/VisDrone/VisDrone2019-DET-val/images/0000327_00601_d_0000714.jpg,counting,How many motors are visible in the drone image?,"{'A': '0', 'B': '1', 'C': '2', 'D': '3', 'E': '4 or more'}",E,E,B,1,0,0.3898735046386719
0000327_00601_d_0000714.jpg,/home/brisic03/VisDrone/VisDrone2019-DET-val/images/0000327_00601_d_0000714.jpg,most_frequent,Which object type appears most often in the drone image?,"{'A': 'tricycle', 'B': 'car', 'C': 'motor', 'D': 'awning-tricycle', 'E': 'pedestrian'}",B,B,B,car,1,0.403613805770874
0000327_00601_d_0000714.jpg,/home/brisic03/VisDrone/VisDrone2019-DET-val/images/0000327_00601_d_0000714.jpg,location,Where is the largest awning-tricycle located in the image?,"{'A': 'top-left', 'B': 'top-right', 'C': 'bottom-left', 'D': 'bottom-right', 'E': 'center'}",E,E,D,bottom-right,0,0.3791813850402832
0000327_00801_d_0000715.jpg,/home/brisic03/VisDrone/VisDrone2019-DET-val/images/0000327_00801_d_0000715.jpg,presence,Which object type is visible in the drone image?,"{'A': 'people', 'B': 'bus', 'C': 'motor', 'D': 'pedestrian', 'E': 'truck'}",A,A,C,motor,0,0.3687570095062256
0000327_00801_d_0000715.jpg,/home/brisic03/VisDrone/VisDrone2019-DET-val/images/0000327_00801_d_0000715.jpg,counting,How many vans are visible in the drone image?,"{'A': '0', 'B': '1', 'C': '2', 'D': '3', 'E': '4 or more'}",E,E,D,3,0,0.3685901165008545
0000327_00801_d_0000715.jpg,/home/brisic03/VisDrone/VisDrone2019-DET-val/images/0000327_00801_d_0000715.jpg,most_frequent,Which object type appears most often in the drone image?,"{'A': 'bicycle', 'B': 'bus', 'C': 'motor', 'D': 'car', 'E': 'van'}",D,D,D,car,1,0.37000489234924316
0000327_00801_d_0000715.jpg,/home/brisic03/VisDrone/VisDrone2019-DET-val/images/0000327_00801_d_0000715.jpg,location,Where is the largest van located in the image?,"{'A': 'top-left', 'B': 'top-right', 'C': 'bottom-left', 'D': 'bottom-right', 'E': 'center'}",B,B,D,bottom-right,0,0.36744189262390137
0000327_01001_d_0000716.jpg,/home/brisic03/VisDrone/VisDrone2019-DET-val/images/0000327_01001_d_0000716.jpg,presence,Which object type is visible in the drone image?,"{'A': 'pedestrian', 'B': 'car', 'C': 'bus', 'D': 'truck', 'E': 'van'}",A,A,E,van,0,0.37104034423828125
0000327_01001_d_0000716.jpg,/home/brisic03/VisDrone/VisDrone2019-DET-val/images/0000327_01001_d_0000716.jpg,counting,How many vans are visible in the drone image?,"{'A': '0', 'B': '1', 'C': '2', 'D': '3', 'E': '4 or more'}",E,E,B,1,0,0.3745424747467041
0000327_01001_d_0000716.jpg,/home/brisic03/VisDrone/VisDrone2019-DET-val/images/0000327_01001_d_0000716.jpg,most_frequent,Which object type appears most often in the drone image?,"{'A': 'van', 'B': 'tricycle', 'C': 'motor', 'D': 'awning-tricycle', 'E': 'car'}",E,E,E,car,1,0.3756999969482422
0000327_01001_d_0000716.jpg,/home/brisic03/VisDrone/VisDrone2019-DET-val/images/0000327_01001_d_0000716.jpg,location,Where is the largest car located in the image?,"{'A': 'top-left', 'B': 'top-right', 'C': 'bottom-left', 'D': 'bottom-right', 'E': 'center'}",A,A,E,center,0,0.3706178665161133
0000327_01201_d_0000717.jpg,/home/brisic03/VisDrone/VisDrone2019-DET-val/images/0000327_01201_d_0000717.jpg,presence,Which object type is visible in the drone image?,"{'A': 'bicycle', 'B': 'motor', 'C': 'pedestrian', 'D': 'bus', 'E': 'awning-tricycle'}",B,B,B,motor,1,0.36717677116394043
0000327_01201_d_0000717.jpg,/home/brisic03/VisDrone/VisDrone2019-DET-val/images/0000327_01201_d_0000717.jpg,counting,How many peoples are visible in the drone image?,"{'A': '0', 'B': '1', 'C': '2', 'D': '3', 'E': '4 or more'}",A,A,C,2,0,0.36664891242980957
0000327_01201_d_0000717.jpg,/home/brisic03/VisDrone/VisDrone2019-DET-val/images/0000327_01201_d_0000717.jpg,most_frequent,Which object type appears most often in the drone image?,"{'A': 'car', 'B': 'truck', 'C': 'van', 'D': 'people', 'E': 'awning-tricycle'}",A,A,A,car,1,0.3691830635070801
0000327_01201_d_0000717.jpg,/home/brisic03/VisDrone/VisDrone2019-DET-val/images/0000327_01201_d_0000717.jpg,location,Where is the largest van located in the image?,"{'A': 'top-left', 'B': 'top-right', 'C': 'bottom-left', 'D': 'bottom-right', 'E': 'center'}",E,E,C,bottom-left,0,0.37213993072509766
0000327_01401_d_0000718.jpg,/home/brisic03/VisDrone/VisDrone2019-DET-val/images/0000327_01401_d_0000718.jpg,presence,Which object type is visible in the drone image?,"{'A': 'motor', 'B': 'truck', 'C': 'pedestrian', 'D': 'awning-tricycle', 'E': 'tricycle'}",A,A,A,motor,1,0.36854028701782227
0000327_01401_d_0000718.jpg,/home/brisic03/VisDrone/VisDrone2019-DET-val/images/0000327_01401_d_0000718.jpg,counting,How many bicycles are visible in the drone image?,"{'A': '0', 'B': '1', 'C': '2', 'D': '3', 'E': '4 or more'}",D,D,C,2,0,0.36765336990356445
0000327_01401_d_0000718.jpg,/home/brisic03/VisDrone/VisDrone2019-DET-val/images/0000327_01401_d_0000718.jpg,most_frequent,Which object type appears most often in the drone image?,"{'A': 'car', 'B': 'people', 'C': 'truck', 'D': 'bicycle', 'E': 'pedestrian'}",A,A,A,car,1,0.365325927734375
0000327_01401_d_0000718.jpg,/home/brisic03/VisDrone/VisDrone2019-DET-val/images/0000327_01401_d_0000718.jpg,location,Where is the largest van located in the image?,"{'A': 'top-left', 'B': 'top-right', 'C': 'bottom-left', 'D': 'bottom-right', 'E': 'center'}",A,A,D,bottom-right,0,0.36792874336242676
0000327_01801_d_0000720.jpg,/home/brisic03/VisDrone/VisDrone2019-DET-val/images/0000327_01801_d_0000720.jpg,presence,Which object type is visible in the drone image?,"{'A': 'pedestrian', 'B': 'car', 'C': 'tricycle', 'D': 'bicycle', 'E': 'van'}",D,D,B,car,0,0.368755578994751
0000327_01801_d_0000720.jpg,/home/brisic03/VisDrone/VisDrone2019-DET-val/images/0000327_01801_d_0000720.jpg,counting,How many trucks are visible in the drone image?,"{'A': '0', 'B': '1', 'C': '2', 'D': '3', 'E': '4 or more'}",D,D,B,1,0,0.368924617767334
0000327_01801_d_0000720.jpg,/home/brisic03/VisDrone/VisDrone2019-DET-val/images/0000327_01801_d_0000720.jpg,most_frequent,Which object type appears most often in the drone image?,"{'A': 'motor', 'B': 'van', 'C': 'awning-tricycle', 'D': 'truck', 'E': 'car'}",A,A,E,car,0,0.3682279586791992
0000327_01801_d_0000720.jpg,/home/brisic03/VisDrone/VisDrone2019-DET-val/images/0000327_01801_d_0000720.jpg,location,Where is the largest van located in the image?,"{'A': 'top-left', 'B': 'top-right', 'C': 'bottom-left', 'D': 'bottom-right', 'E': 'center'}",A,A,E,center,0,0.37169647216796875
0000327_02601_d_0000724.jpg,/home/brisic03/VisDrone/VisDrone2019-DET-val/images/0000327_02601_d_0000724.jpg,presence,Which object type is visible in the drone image?,"{'A': 'people', 'B': 'motor', 'C': 'bicycle', 'D': 'tricycle', 'E': 'pedestrian'}",A,A,E,pedestrian,0,0.367809534072876
0000327_02601_d_0000724.jpg,/home/brisic03/VisDrone/VisDrone2019-DET-val/images/0000327_02601_d_0000724.jpg,counting,How many pedestrians are visible in the drone image?,"{'A': '0', 'B': '1', 'C': '2', 'D': '3', 'E': '4 or more'}",E,E,B,1,0,0.366959810256958
0000327_02601_d_0000724.jpg,/home/brisic03/VisDrone/VisDrone2019-DET-val/images/0000327_02601_d_0000724.jpg,most_frequent,Which object type appears most often in the drone image?,"{'A': 'van', 'B': 'truck', 'C': 'people', 'D': 'bus', 'E': 'car'}",C,C,E,car,0,0.36464357376098633
0000327_02601_d_0000724.jpg,/home/brisic03/VisDrone/VisDrone2019-DET-val/images/0000327_02601_d_0000724.jpg,location,Where is the largest car located in the image?,"{'A': 'top-left', 'B': 'top-right', 'C': 'bottom-left', 'D': 'bottom-right', 'E': 'center'}",E,E,E,center,1,0.3746306896209717
0000327_02801_d_0000725.jpg,/home/brisic03/VisDrone/VisDrone2019-DET-val/images/0000327_02801_d_0000725.jpg,presence,Which object type is visible in the drone image?,"{'A': 'pedestrian', 'B': 'awning-tricycle', 'C': 'bus', 'D': 'tricycle', 'E': 'car'}",D,D,A,pedestrian,0,0.3707859516143799
0000327_02801_d_0000725.jpg,/home/brisic03/VisDrone/VisDrone2019-DET-val/images/0000327_02801_d_0000725.jpg,counting,How many vans are visible in the drone image?,"{'A': '0', 'B': '1', 'C': '2', 'D': '3', 'E': '4 or more'}",E,E,C,2,0,0.3674354553222656
0000327_02801_d_0000725.jpg,/home/brisic03/VisDrone/VisDrone2019-DET-val/images/0000327_02801_d_0000725.jpg,most_frequent,Which object type appears most often in the drone image?,"{'A': 'awning-tricycle', 'B': 'car', 'C': 'van', 'D': 'truck', 'E': 'tricycle'}",B,B,B,car,1,0.36556553840637207
0000327_02801_d_0000725.jpg,/home/brisic03/VisDrone/VisDrone2019-DET-val/images/0000327_02801_d_0000725.jpg,location,Where is the largest car located in the image?,"{'A': 'top-left', 'B': 'top-right', 'C': 'bottom-left', 'D': 'bottom-right', 'E': 'center'}",E,E,D,bottom-right,0,0.3666050434112549
0000327_03001_d_0000726.jpg,/home/brisic03/VisDrone/VisDrone2019-DET-val/images/0000327_03001_d_0000726.jpg,presence,Which object type is visible in the drone image?,"{'A': 'bicycle', 'B': 'car', 'C': 'pedestrian', 'D': 'bus', 'E': 'people'}",A,A,C,pedestrian,0,0.36676549911499023
0000327_03001_d_0000726.jpg,/home/brisic03/VisDrone/VisDrone2019-DET-val/images/0000327_03001_d_0000726.jpg,counting,How many pedestrians are visible in the drone image?,"{'A': '0', 'B': '1', 'C': '2', 'D': '3', 'E': '4 or more'}",E,E,B,1,0,0.3798179626464844
0000327_03001_d_0000726.jpg,/home/brisic03/VisDrone/VisDrone2019-DET-val/images/0000327_03001_d_0000726.jpg,most_frequent,Which object type appears most often in the drone image?,"{'A': 'van', 'B': 'pedestrian', 'C': 'car', 'D': 'bicycle', 'E': 'truck'}",C,C,C,car,1,0.38448596000671387
0000327_03001_d_0000726.jpg,/home/brisic03/VisDrone/VisDrone2019-DET-val/images/0000327_03001_d_0000726.jpg,location,Where is the largest car located in the image?,"{'A': 'top-left', 'B': 'top-right', 'C': 'bottom-left', 'D': 'bottom-right', 'E': 'center'}",E,E,D,bottom-right,0,0.38495492935180664
0000327_03201_d_0000727.jpg,/home/brisic03/VisDrone/VisDrone2019-DET-val/images/0000327_03201_d_0000727.jpg,presence,Which object type is visible in the drone image?,"{'A': 'van', 'B': 'people', 'C': 'truck', 'D': 'pedestrian', 'E': 'awning-tricycle'}",E,E,C,truck,0,0.37582850456237793
0000327_03201_d_0000727.jpg,/home/brisic03/VisDrone/VisDrone2019-DET-val/images/0000327_03201_d_0000727.jpg,counting,How many vans are visible in the drone image?,"{'A': '0', 'B': '1', 'C': '2', 'D': '3', 'E': '4 or more'}",E,E,E,4 or more,1,0.3681321144104004
0000327_03201_d_0000727.jpg,/home/brisic03/VisDrone/VisDrone2019-DET-val/images/0000327_03201_d_0000727.jpg,most_frequent,Which object type appears most often in the drone image?,"{'A': 'pedestrian', 'B': 'bus', 'C': 'van', 'D': 'car', 'E': 'tricycle'}",D,D,D,car,1,0.3669009208679199
0000327_03201_d_0000727.jpg,/home/brisic03/VisDrone/VisDrone2019-DET-val/images/0000327_03201_d_0000727.jpg,location,Where is the largest van located in the image?,"{'A': 'top-left', 'B': 'top-right', 'C': 'bottom-left', 'D': 'bottom-right', 'E': 'center'}",E,E,D,bottom-right,0,0.37085747718811035
0000327_03401_d_0000728.jpg,/home/brisic03/VisDrone/VisDrone2019-DET-val/images/0000327_03401_d_0000728.jpg,presence,Which object type is visible in the drone image?,"{'A': 'car', 'B': 'bicycle', 'C': 'tricycle', 'D': 'motor', 'E': 'truck'}",A,A,E,truck,0,0.37163853645324707
0000327_03401_d_0000728.jpg,/home/brisic03/VisDrone/VisDrone2019-DET-val/images/0000327_03401_d_0000728.jpg,counting,How many cars are visible in the drone image?,"{'A': '0', 'B': '1', 'C': '2', 'D': '3', 'E': '4 or more'}",E,E,E,4 or more,1,0.37094807624816895
0000327_03401_d_0000728.jpg,/home/brisic03/VisDrone/VisDrone2019-DET-val/images/0000327_03401_d_0000728.jpg,most_frequent,Which object type appears most often in the drone image?,"{'A': 'car', 'B': 'van', 'C': 'people', 'D': 'truck', 'E': 'bus'}",A,A,A,car,1,0.380556583404541
0000327_03401_d_0000728.jpg,/home/brisic03/VisDrone/VisDrone2019-DET-val/images/0000327_03401_d_0000728.jpg,location,Where is the largest van located in the image?,"{'A': 'top-left', 'B': 'top-right', 'C': 'bottom-left', 'D': 'bottom-right', 'E': 'center'}",C,C,D,bottom-right,0,0.37186503410339355
0000327_03601_d_0000729.jpg,/home/brisic03/VisDrone/VisDrone2019-DET-val/images/0000327_03601_d_0000729.jpg,presence,Which object type is visible in the drone image?,"{'A': 'tricycle', 'B': 'pedestrian', 'C': 'bus', 'D': 'awning-tricycle', 'E': 'truck'}",A,A,E,truck,0,0.369373083114624
0000327_03601_d_0000729.jpg,/home/brisic03/VisDrone/VisDrone2019-DET-val/images/0000327_03601_d_0000729.jpg,counting,How many trucks are visible in the drone image?,"{'A': '0', 'B': '1', 'C': '2', 'D': '3', 'E': '4 or more'}",D,D,C,2,0,0.3659782409667969
0000327_03601_d_0000729.jpg,/home/brisic03/VisDrone/VisDrone2019-DET-val/images/0000327_03601_d_0000729.jpg,most_frequent,Which object type appears most often in the drone image?,"{'A': 'bus', 'B': 'car', 'C': 'awning-tricycle', 'D': 'truck', 'E': 'people'}",B,B,B,car,1,0.3663175106048584
0000327_03601_d_0000729.jpg,/home/brisic03/VisDrone/VisDrone2019-DET-val/images/0000327_03601_d_0000729.jpg,location,Where is the largest truck located in the image?,"{'A': 'top-left', 'B': 'top-right', 'C': 'bottom-left', 'D': 'bottom-right', 'E': 'center'}",D,D,D,bottom-right,1,0.3753669261932373
0000327_03801_d_0000730.jpg,/home/brisic03/VisDrone/VisDrone2019-DET-val/images/0000327_03801_d_0000730.jpg,presence,Which object type is visible in the drone image?,"{'A': 'pedestrian', 'B': 'van', 'C': 'people', 'D': 'car', 'E': 'truck'}",D,D,B,van,0,0.3781719207763672
0000327_03801_d_0000730.jpg,/home/brisic03/VisDrone/VisDrone2019-DET-val/images/0000327_03801_d_0000730.jpg,counting,How many pedestrians are visible in the drone image?,"{'A': '0', 'B': '1', 'C': '2', 'D': '3', 'E': '4 or more'}",A,A,B,1,0,0.3723335266113281
0000327_03801_d_0000730.jpg,/home/brisic03/VisDrone/VisDrone2019-DET-val/images/0000327_03801_d_0000730.jpg,most_frequent,Which object type appears most often in the drone image?,"{'A': 'bicycle', 'B': 'tricycle', 'C': 'truck', 'D': 'car', 'E': 'van'}",D,D,D,car,1,0.37198734283447266
0000327_03801_d_0000730.jpg,/home/brisic03/VisDrone/VisDrone2019-DET-val/images/0000327_03801_d_0000730.jpg,location,Where is the largest van located in the image?,"{'A': 'top-left', 'B': 'top-right', 'C': 'bottom-left', 'D': 'bottom-right', 'E': 'center'}",C,C,C,bottom-left,1,0.3735640048980713
0000327_04001_d_0000731.jpg,/home/brisic03/VisDrone/VisDrone2019-DET-val/images/0000327_04001_d_0000731.jpg,presence,Which object type is visible in the drone image?,"{'A': 'truck', 'B': 'people', 'C': 'tricycle', 'D': 'car', 'E': 'awning-tricycle'}",D,D,E,awning-tricycle,0,0.36712169647216797
0000327_04001_d_0000731.jpg,/home/brisic03/VisDrone/VisDrone2019-DET-val/images/0000327_04001_d_0000731.jpg,counting,How many vans are visible in the drone image?,"{'A': '0', 'B': '1', 'C': '2', 'D': '3', 'E': '4 or more'}",D,D,B,1,0,0.36612820625305176
0000327_04001_d_0000731.jpg,/home/brisic03/VisDrone/VisDrone2019-DET-val/images/0000327_04001_d_0000731.jpg,most_frequent,Which object type appears most often in the drone image?,"{'A': 'pedestrian', 'B': 'bicycle', 'C': 'tricycle', 'D': 'motor', 'E': 'car'}",E,E,E,car,1,0.3772754669189453
0000327_04001_d_0000731.jpg,/home/brisic03/VisDrone/VisDrone2019-DET-val/images/0000327_04001_d_0000731.jpg,location,Where is the largest car located in the image?,"{'A': 'top-left', 'B': 'top-right', 'C': 'bottom-left', 'D': 'bottom-right', 'E': 'center'}",E,E,D,bottom-right,0,0.3940448760986328
0000327_04201_d_0000732.jpg,/home/brisic03/VisDrone/VisDrone2019-DET-val/images/0000327_04201_d_0000732.jpg,presence,Which object type is visible in the drone image?,"{'A': 'pedestrian', 'B': 'tricycle', 'C': 'car', 'D': 'awning-tricycle', 'E': 'people'}",B,B,B,tricycle,1,0.37678956985473633
0000327_04201_d_0000732.jpg,/home/brisic03/VisDrone/VisDrone2019-DET-val/images/0000327_04201_d_0000732.jpg,counting,How many motors are visible in the drone image?,"{'A': '0', 'B': '1', 'C': '2', 'D': '3', 'E': '4 or more'}",E,E,B,1,0,0.3712644577026367
0000327_04201_d_0000732.jpg,/home/brisic03/VisDrone/VisDrone2019-DET-val/images/0000327_04201_d_0000732.jpg,most_frequent,Which object type appears most often in the drone image?,"{'A': 'car', 'B': 'people', 'C': 'bus', 'D': 'bicycle', 'E': 'awning-tricycle'}",D,D,A,car,0,0.3755807876586914
0000327_04201_d_0000732.jpg,/home/brisic03/VisDrone/VisDrone2019-DET-val/images/0000327_04201_d_0000732.jpg,location,Where is the largest car located in the image?,"{'A': 'top-left', 'B': 'top-right', 'C': 'bottom-left', 'D': 'bottom-right', 'E': 'center'}",E,E,C,bottom-left,0,0.3713083267211914
0000330_00001_d_0000800.jpg,/home/brisic03/VisDrone/VisDrone2019-DET-val/images/0000330_00001_d_0000800.jpg,presence,Which object type is visible in the drone image?,"{'A': 'truck', 'B': 'tricycle', 'C': 'car', 'D': 'people', 'E': 'bicycle'}",C,C,C,car,1,0.36611485481262207
0000330_00001_d_0000800.jpg,/home/brisic03/VisDrone/VisDrone2019-DET-val/images/0000330_00001_d_0000800.jpg,counting,How many vans are visible in the drone image?,"{'A': '0', 'B': '1', 'C': '2', 'D': '3', 'E': '4 or more'}",A,A,B,1,0,0.3668813705444336
0000330_00001_d_0000800.jpg,/home/brisic03/VisDrone/VisDrone2019-DET-val/images/0000330_00001_d_0000800.jpg,most_frequent,Which object type appears most often in the drone image?,"{'A': 'car', 'B': 'bicycle', 'C': 'truck', 'D': 'tricycle', 'E': 'pedestrian'}",A,A,A,car,1,0.36839914321899414
0000330_00001_d_0000800.jpg,/home/brisic03/VisDrone/VisDrone2019-DET-val/images/0000330_00001_d_0000800.jpg,location,Where is the largest van located in the image?,"{'A': 'top-left', 'B': 'top-right', 'C': 'bottom-left', 'D': 'bottom-right', 'E': 'center'}",C,C,D,bottom-right,0,0.3677828311920166
0000330_00201_d_0000801.jpg,/home/brisic03/VisDrone/VisDrone2019-DET-val/images/0000330_00201_d_0000801.jpg,presence,Which object type is visible in the drone image?,"{'A': 'motor', 'B': 'awning-tricycle', 'C': 'truck', 'D': 'van', 'E': 'tricycle'}",E,E,B,awning-tricycle,0,0.3662090301513672
0000330_00201_d_0000801.jpg,/home/brisic03/VisDrone/VisDrone2019-DET-val/images/0000330_00201_d_0000801.jpg,counting,How many pedestrians are visible in the drone image?,"{'A': '0', 'B': '1', 'C': '2', 'D': '3', 'E': '4 or more'}",E,E,E,4 or more,1,0.36705780029296875
0000330_00201_d_0000801.jpg,/home/brisic03/VisDrone/VisDrone2019-DET-val/images/0000330_00201_d_0000801.jpg,most_frequent,Which object type appears most often in the drone image?,"{'A': 'bus', 'B': 'truck', 'C': 'tricycle', 'D': 'car', 'E': 'people'}",D,D,D,car,1,0.36537671089172363
0000330_00201_d_0000801.jpg,/home/brisic03/VisDrone/VisDrone2019-DET-val/images/0000330_00201_d_0000801.jpg,location,Where is the largest car located in the image?,"{'A': 'top-left', 'B': 'top-right', 'C': 'bottom-left', 'D': 'bottom-right', 'E': 'center'}",E,E,D,bottom-right,0,0.3711209297180176
0000330_00401_d_0000802.jpg,/home/brisic03/VisDrone/VisDrone2019-DET-val/images/0000330_00401_d_0000802.jpg,presence,Which object type is visible in the drone image?,"{'A': 'bus', 'B': 'tricycle', 'C': 'car', 'D': 'truck', 'E': 'motor'}",C,C,B,tricycle,0,0.3706836700439453
0000330_00401_d_0000802.jpg,/home/brisic03/VisDrone/VisDrone2019-DET-val/images/0000330_00401_d_0000802.jpg,counting,How many tricycles are visible in the drone image?,"{'A': '0', 'B': '1', 'C': '2', 'D': '3', 'E': '4 or more'}",A,A,D,3,0,0.3671996593475342
0000330_00401_d_0000802.jpg,/home/brisic03/VisDrone/VisDrone2019-DET-val/images/0000330_00401_d_0000802.jpg,most_frequent,Which object type appears most often in the drone image?,"{'A': 'car', 'B': 'truck', 'C': 'people', 'D': 'awning-tricycle', 'E': 'tricycle'}",A,A,A,car,1,0.366640567779541
0000330_00401_d_0000802.jpg,/home/brisic03/VisDrone/VisDrone2019-DET-val/images/0000330_00401_d_0000802.jpg,location,Where is the largest car located in the image?,"{'A': 'top-left', 'B': 'top-right', 'C': 'bottom-left', 'D': 'bottom-right', 'E': 'center'}",E,E,C,bottom-left,0,0.3682119846343994
0000330_00601_d_0000803.jpg,/home/brisic03/VisDrone/VisDrone2019-DET-val/images/0000330_00601_d_0000803.jpg,presence,Which object type is visible in the drone image?,"{'A': 'car', 'B': 'awning-tricycle', 'C': 'pedestrian', 'D': 'people', 'E': 'motor'}",A,A,E,motor,0,0.3666858673095703
0000330_00601_d_0000803.jpg,/home/brisic03/VisDrone/VisDrone2019-DET-val/images/0000330_00601_d_0000803.jpg,counting,How many cars are visible in the drone image?,"{'A': '0', 'B': '1', 'C': '2', 'D': '3', 'E': '4 or more'}",E,E,E,4 or more,1,0.36984777450561523
0000330_00601_d_0000803.jpg,/home/brisic03/VisDrone/VisDrone2019-DET-val/images/0000330_00601_d_0000803.jpg,most_frequent,Which object type appears most often in the drone image?,"{'A': 'pedestrian', 'B': 'truck', 'C': 'tricycle', 'D': 'car', 'E': 'awning-tricycle'}",D,D,D,car,1,0.36968326568603516
0000330_00601_d_0000803.jpg,/home/brisic03/VisDrone/VisDrone2019-DET-val/images/0000330_00601_d_0000803.jpg,location,Where is the largest car located in the image?,"{'A': 'top-left', 'B': 'top-right', 'C': 'bottom-left', 'D': 'bottom-right', 'E': 'center'}",E,E,D,bottom-right,0,0.373091459274292
0000330_00801_d_0000804.jpg,/home/brisic03/VisDrone/VisDrone2019-DET-val/images/0000330_00801_d_0000804.jpg,presence,Which object type is visible in the drone image?,"{'A': 'tricycle', 'B': 'van', 'C': 'motor', 'D': 'bicycle', 'E': 'car'}",A,A,C,motor,0,0.3672938346862793
0000330_00801_d_0000804.jpg,/home/brisic03/VisDrone/VisDrone2019-DET-val/images/0000330_00801_d_0000804.jpg,counting,How many peoples are visible in the drone image?,"{'A': '0', 'B': '1', 'C': '2', 'D': '3', 'E': '4 or more'}",A,A,C,2,0,0.3662858009338379
0000330_00801_d_0000804.jpg,/home/brisic03/VisDrone/VisDrone2019-DET-val/images/0000330_00801_d_0000804.jpg,most_frequent,Which object type appears most often in the drone image?,"{'A': 'car', 'B': 'truck', 'C': 'motor', 'D': 'tricycle', 'E': 'people'}",A,A,A,car,1,0.36442112922668457
0000330_00801_d_0000804.jpg,/home/brisic03/VisDrone/VisDrone2019-DET-val/images/0000330_00801_d_0000804.jpg,location,Where is the largest car located in the image?,"{'A': 'top-left', 'B': 'top-right', 'C': 'bottom-left', 'D': 'bottom-right', 'E': 'center'}",E,E,D,bottom-right,0,0.3663055896759033
0000330_01001_d_0000805.jpg,/home/brisic03/VisDrone/VisDrone2019-DET-val/images/0000330_01001_d_0000805.jpg,presence,Which object type is visible in the drone image?,"{'A': 'van', 'B': 'people', 'C': 'bicycle', 'D': 'bus', 'E': 'motor'}",C,C,B,people,0,0.3808276653289795
0000330_01001_d_0000805.jpg,/home/brisic03/VisDrone/VisDrone2019-DET-val/images/0000330_01001_d_0000805.jpg,counting,How many tricycles are visible in the drone image?,"{'A': '0', 'B': '1', 'C': '2', 'D': '3', 'E': '4 or more'}",D,D,B,1,0,0.3953549861907959
0000330_01001_d_0000805.jpg,/home/brisic03/VisDrone/VisDrone2019-DET-val/images/0000330_01001_d_0000805.jpg,most_frequent,Which object type appears most often in the drone image?,"{'A': 'people', 'B': 'pedestrian', 'C': 'bus', 'D': 'bicycle', 'E': 'car'}",E,E,E,car,1,0.38484930992126465
0000330_01001_d_0000805.jpg,/home/brisic03/VisDrone/VisDrone2019-DET-val/images/0000330_01001_d_0000805.jpg,location,Where is the largest car located in the image?,"{'A': 'top-left', 'B': 'top-right', 'C': 'bottom-left', 'D': 'bottom-right', 'E': 'center'}",B,B,D,bottom-right,0,0.3818049430847168
0000330_01201_d_0000806.jpg,/home/brisic03/VisDrone/VisDrone2019-DET-val/images/0000330_01201_d_0000806.jpg,presence,Which object type is visible in the drone image?,"{'A': 'bicycle', 'B': 'motor', 'C': 'bus', 'D': 'van', 'E': 'pedestrian'}",A,A,D,van,0,0.37100672721862793
0000330_01201_d_0000806.jpg,/home/brisic03/VisDrone/VisDrone2019-DET-val/images/0000330_01201_d_0000806.jpg,counting,How many cars are visible in the drone image?,"{'A': '0', 'B': '1', 'C': '2', 'D': '3', 'E': '4 or more'}",E,E,E,4 or more,1,0.3685164451599121
0000330_01201_d_0000806.jpg,/home/brisic03/VisDrone/VisDrone2019-DET-val/images/0000330_01201_d_0000806.jpg,most_frequent,Which object type appears most often in the drone image?,"{'A': 'tricycle', 'B': 'bicycle', 'C': 'people', 'D': 'car', 'E': 'pedestrian'}",D,D,D,car,1,0.37139272689819336
0000330_01201_d_0000806.jpg,/home/brisic03/VisDrone/VisDrone2019-DET-val/images/0000330_01201_d_0000806.jpg,location,Where is the largest car located in the image?,"{'A': 'top-left', 'B': 'top-right', 'C': 'bottom-left', 'D': 'bottom-right', 'E': 'center'}",E,E,E,center,1,0.36971426010131836
0000330_01401_d_0000807.jpg,/home/brisic03/VisDrone/VisDrone2019-DET-val/images/0000330_01401_d_0000807.jpg,presence,Which object type is visible in the drone image?,"{'A': 'bus', 'B': 'tricycle', 'C': 'motor', 'D': 'truck', 'E': 'car'}",C,C,B,tricycle,0,0.36582350730895996
0000330_01401_d_0000807.jpg,/home/brisic03/VisDrone/VisDrone2019-DET-val/images/0000330_01401_d_0000807.jpg,counting,How many cars are visible in the drone image?,"{'A': '0', 'B': '1', 'C': '2', 'D': '3', 'E': '4 or more'}",E,E,E,4 or more,1,0.36631202697753906
0000330_01401_d_0000807.jpg,/home/brisic03/VisDrone/VisDrone2019-DET-val/images/0000330_01401_d_0000807.jpg,most_frequent,Which object type appears most often in the drone image?,"{'A': 'car', 'B': 'van', 'C': 'bicycle', 'D': 'tricycle', 'E': 'truck'}",A,A,A,car,1,0.3675079345703125
0000330_01401_d_0000807.jpg,/home/brisic03/VisDrone/VisDrone2019-DET-val/images/0000330_01401_d_0000807.jpg,location,Where is the largest car located in the image?,"{'A': 'top-left', 'B': 'top-right', 'C': 'bottom-left', 'D': 'bottom-right', 'E': 'center'}",E,E,D,bottom-right,0,0.36693692207336426
0000330_01601_d_0000808.jpg,/home/brisic03/VisDrone/VisDrone2019-DET-val/images/0000330_01601_d_0000808.jpg,presence,Which object type is visible in the drone image?,"{'A': 'pedestrian', 'B': 'van', 'C': 'bus', 'D': 'bicycle', 'E': 'tricycle'}",A,A,B,van,0,0.36655116081237793
0000330_01601_d_0000808.jpg,/home/brisic03/VisDrone/VisDrone2019-DET-val/images/0000330_01601_d_0000808.jpg,counting,How many motors are visible in the drone image?,"{'A': '0', 'B': '1', 'C': '2', 'D': '3', 'E': '4 or more'}",A,A,B,1,0,0.3664207458496094
0000330_01601_d_0000808.jpg,/home/brisic03/VisDrone/VisDrone2019-DET-val/images/0000330_01601_d_0000808.jpg,most_frequent,Which object type appears most often in the drone image?,"{'A': 'car', 'B': 'awning-tricycle', 'C': 'truck', 'D': 'bus', 'E': 'motor'}",A,A,A,car,1,0.38426923751831055
0000330_01601_d_0000808.jpg,/home/brisic03/VisDrone/VisDrone2019-DET-val/images/0000330_01601_d_0000808.jpg,location,Where is the largest car located in the image?,"{'A': 'top-left', 'B': 'top-right', 'C': 'bottom-left', 'D': 'bottom-right', 'E': 'center'}",E,E,E,center,1,0.4069669246673584
0000330_01801_d_0000809.jpg,/home/brisic03/VisDrone/VisDrone2019-DET-val/images/0000330_01801_d_0000809.jpg,presence,Which object type is visible in the drone image?,"{'A': 'van', 'B': 'people', 'C': 'bicycle', 'D': 'awning-tricycle', 'E': 'motor'}",C,C,E,motor,0,0.3925621509552002
0000330_01801_d_0000809.jpg,/home/brisic03/VisDrone/VisDrone2019-DET-val/images/0000330_01801_d_0000809.jpg,counting,How many cars are visible in the drone image?,"{'A': '0', 'B': '1', 'C': '2', 'D': '3', 'E': '4 or more'}",E,E,E,4 or more,1,0.3970527648925781
0000330_01801_d_0000809.jpg,/home/brisic03/VisDrone/VisDrone2019-DET-val/images/0000330_01801_d_0000809.jpg,most_frequent,Which object type appears most often in the drone image?,"{'A': 'pedestrian', 'B': 'car', 'C': 'people', 'D': 'van', 'E': 'truck'}",C,C,B,car,0,0.3798179626464844
0000330_01801_d_0000809.jpg,/home/brisic03/VisDrone/VisDrone2019-DET-val/images/0000330_01801_d_0000809.jpg,location,Where is the largest car located in the image?,"{'A': 'top-left', 'B': 'top-right', 'C': 'bottom-left', 'D': 'bottom-right', 'E': 'center'}",E,E,E,center,1,0.3709275722503662
0000330_02001_d_0000810.jpg,/home/brisic03/VisDrone/VisDrone2019-DET-val/images/0000330_02001_d_0000810.jpg,presence,Which object type is visible in the drone image?,"{'A': 'bus', 'B': 'people', 'C': 'car', 'D': 'van', 'E': 'motor'}",B,B,D,van,0,0.3676717281341553
0000330_02001_d_0000810.jpg,/home/brisic03/VisDrone/VisDrone2019-DET-val/images/0000330_02001_d_0000810.jpg,counting,How many cars are visible in the drone image?,"{'A': '0', 'B': '1', 'C': '2', 'D': '3', 'E': '4 or more'}",E,E,E,4 or more,1,0.3728759288787842
0000330_02001_d_0000810.jpg,/home/brisic03/VisDrone/VisDrone2019-DET-val/images/0000330_02001_d_0000810.jpg,most_frequent,Which object type appears most often in the drone image?,"{'A': 'awning-tricycle', 'B': 'van', 'C': 'car', 'D': 'truck', 'E': 'pedestrian'}",C,C,C,car,1,0.3693540096282959
0000330_02001_d_0000810.jpg,/home/brisic03/VisDrone/VisDrone2019-DET-val/images/0000330_02001_d_0000810.jpg,location,Where is the largest car located in the image?,"{'A': 'top-left', 'B': 'top-right', 'C': 'bottom-left', 'D': 'bottom-right', 'E': 'center'}",E,E,C,bottom-left,0,0.3661811351776123
0000330_02201_d_0000811.jpg,/home/brisic03/VisDrone/VisDrone2019-DET-val/images/0000330_02201_d_0000811.jpg,presence,Which object type is visible in the drone image?,"{'A': 'car', 'B': 'bicycle', 'C': 'tricycle', 'D': 'people', 'E': 'truck'}",A,A,A,car,1,0.36559104919433594
0000330_02201_d_0000811.jpg,/home/brisic03/VisDrone/VisDrone2019-DET-val/images/0000330_02201_d_0000811.jpg,counting,How many pedestrians are visible in the drone image?,"{'A': '0', 'B': '1', 'C': '2', 'D': '3', 'E': '4 or more'}",E,E,D,3,0,0.36794328689575195
0000330_02201_d_0000811.jpg,/home/brisic03/VisDrone/VisDrone2019-DET-val/images/0000330_02201_d_0000811.jpg,most_frequent,Which object type appears most often in the drone image?,"{'A': 'motor', 'B': 'car', 'C': 'awning-tricycle', 'D': 'van', 'E': 'tricycle'}",B,B,B,car,1,0.36720800399780273
0000330_02201_d_0000811.jpg,/home/brisic03/VisDrone/VisDrone2019-DET-val/images/0000330_02201_d_0000811.jpg,location,Where is the largest car located in the image?,"{'A': 'top-left', 'B': 'top-right', 'C': 'bottom-left', 'D': 'bottom-right', 'E': 'center'}",E,E,E,center,1,0.36661505699157715
0000330_02801_d_0000814.jpg,/home/brisic03/VisDrone/VisDrone2019-DET-val/images/0000330_02801_d_0000814.jpg,presence,Which object type is visible in the drone image?,"{'A': 'van', 'B': 'bicycle', 'C': 'car', 'D': 'tricycle', 'E': 'awning-tricycle'}",C,C,C,car,1,0.3656578063964844
0000330_02801_d_0000814.jpg,/home/brisic03/VisDrone/VisDrone2019-DET-val/images/0000330_02801_d_0000814.jpg,counting,How many cars are visible in the drone image?,"{'A': '0', 'B': '1', 'C': '2', 'D': '3', 'E': '4 or more'}",E,E,E,4 or more,1,0.37874317169189453
0000330_02801_d_0000814.jpg,/home/brisic03/VisDrone/VisDrone2019-DET-val/images/0000330_02801_d_0000814.jpg,most_frequent,Which object type appears most often in the drone image?,"{'A': 'awning-tricycle', 'B': 'car', 'C': 'truck', 'D': 'bus', 'E': 'motor'}",B,B,B,car,1,0.3909637928009033
0000330_02801_d_0000814.jpg,/home/brisic03/VisDrone/VisDrone2019-DET-val/images/0000330_02801_d_0000814.jpg,location,Where is the largest car located in the image?,"{'A': 'top-left', 'B': 'top-right', 'C': 'bottom-left', 'D': 'bottom-right', 'E': 'center'}",E,E,D,bottom-right,0,0.3758516311645508
0000330_03001_d_0000815.jpg,/home/brisic03/VisDrone/VisDrone2019-DET-val/images/0000330_03001_d_0000815.jpg,presence,Which object type is visible in the drone image?,"{'A': 'bus', 'B': 'bicycle', 'C': 'car', 'D': 'people', 'E': 'pedestrian'}",C,C,C,car,1,0.3691279888153076
0000330_03001_d_0000815.jpg,/home/brisic03/VisDrone/VisDrone2019-DET-val/images/0000330_03001_d_0000815.jpg,counting,How many motors are visible in the drone image?,"{'A': '0', 'B': '1', 'C': '2', 'D': '3', 'E': '4 or more'}",D,D,B,1,0,0.375286340713501
0000330_03001_d_0000815.jpg,/home/brisic03/VisDrone/VisDrone2019-DET-val/images/0000330_03001_d_0000815.jpg,most_frequent,Which object type appears most often in the drone image?,"{'A': 'car', 'B': 'van', 'C': 'people', 'D': 'bicycle', 'E': 'bus'}",A,A,A,car,1,0.36898040771484375
0000330_03001_d_0000815.jpg,/home/brisic03/VisDrone/VisDrone2019-DET-val/images/0000330_03001_d_0000815.jpg,location,Where is the largest car located in the image?,"{'A': 'top-left', 'B': 'top-right', 'C': 'bottom-left', 'D': 'bottom-right', 'E': 'center'}",E,E,C,bottom-left,0,0.3676469326019287
0000330_03201_d_0000816.jpg,/home/brisic03/VisDrone/VisDrone2019-DET-val/images/0000330_03201_d_0000816.jpg,presence,Which object type is visible in the drone image?,"{'A': 'people', 'B': 'bicycle', 'C': 'car', 'D': 'bus', 'E': 'van'}",A,A,B,bicycle,0,0.3721466064453125
0000330_03201_d_0000816.jpg,/home/brisic03/VisDrone/VisDrone2019-DET-val/images/0000330_03201_d_0000816.jpg,counting,How many peoples are visible in the drone image?,"{'A': '0', 'B': '1', 'C': '2', 'D': '3', 'E': '4 or more'}",A,A,D,3,0,0.3845558166503906
0000330_03201_d_0000816.jpg,/home/brisic03/VisDrone/VisDrone2019-DET-val/images/0000330_03201_d_0000816.jpg,most_frequent,Which object type appears most often in the drone image?,"{'A': 'bus', 'B': 'tricycle', 'C': 'van', 'D': 'car', 'E': 'people'}",D,D,D,car,1,0.373201847076416
0000330_03201_d_0000816.jpg,/home/brisic03/VisDrone/VisDrone2019-DET-val/images/0000330_03201_d_0000816.jpg,location,Where is the largest car located in the image?,"{'A': 'top-left', 'B': 'top-right', 'C': 'bottom-left', 'D': 'bottom-right', 'E': 'center'}",E,E,C,bottom-left,0,0.3687901496887207
0000330_04001_d_0000820.jpg,/home/brisic03/VisDrone/VisDrone2019-DET-val/images/0000330_04001_d_0000820.jpg,presence,Which object type is visible in the drone image?,"{'A': 'pedestrian', 'B': 'van', 'C': 'bicycle', 'D': 'motor', 'E': 'truck'}",A,A,C,bicycle,0,0.37650394439697266
0000330_04001_d_0000820.jpg,/home/brisic03/VisDrone/VisDrone2019-DET-val/images/0000330_04001_d_0000820.jpg,counting,How many motors are visible in the drone image?,"{'A': '0', 'B': '1', 'C': '2', 'D': '3', 'E': '4 or more'}",A,A,E,4 or more,0,0.3683180809020996
0000330_04001_d_0000820.jpg,/home/brisic03/VisDrone/VisDrone2019-DET-val/images/0000330_04001_d_0000820.jpg,location,Where is the largest car located in the image?,"{'A': 'top-left', 'B': 'top-right', 'C': 'bottom-left', 'D': 'bottom-right', 'E': 'center'}",B,B,D,bottom-right,0,0.36720705032348633
0000330_04201_d_0000821.jpg,/home/brisic03/VisDrone/VisDrone2019-DET-val/images/0000330_04201_d_0000821.jpg,presence,Which object type is visible in the drone image?,"{'A': 'awning-tricycle', 'B': 'truck', 'C': 'van', 'D': 'car', 'E': 'bus'}",A,A,D,car,0,0.3744065761566162
0000330_04201_d_0000821.jpg,/home/brisic03/VisDrone/VisDrone2019-DET-val/images/0000330_04201_d_0000821.jpg,counting,How many vans are visible in the drone image?,"{'A': '0', 'B': '1', 'C': '2', 'D': '3', 'E': '4 or more'}",E,E,E,4 or more,1,0.37439537048339844
0000330_04201_d_0000821.jpg,/home/brisic03/VisDrone/VisDrone2019-DET-val/images/0000330_04201_d_0000821.jpg,most_frequent,Which object type appears most often in the drone image?,"{'A': 'awning-tricycle', 'B': 'car', 'C': 'bus', 'D': 'people', 'E': 'tricycle'}",B,B,B,car,1,0.3780794143676758
0000330_04201_d_0000821.jpg,/home/brisic03/VisDrone/VisDrone2019-DET-val/images/0000330_04201_d_0000821.jpg,location,Where is the largest car located in the image?,"{'A': 'top-left', 'B': 'top-right', 'C': 'bottom-left', 'D': 'bottom-right', 'E': 'center'}",E,E,C,bottom-left,0,0.37093687057495117
0000330_04401_d_0000822.jpg,/home/brisic03/VisDrone/VisDrone2019-DET-val/images/0000330_04401_d_0000822.jpg,presence,Which object type is visible in the drone image?,"{'A': 'car', 'B': 'awning-tricycle', 'C': 'truck', 'D': 'people', 'E': 'tricycle'}",E,E,A,car,0,0.366915225982666
0000330_04401_d_0000822.jpg,/home/brisic03/VisDrone/VisDrone2019-DET-val/images/0000330_04401_d_0000822.jpg,counting,How many trucks are visible in the drone image?,"{'A': '0', 'B': '1', 'C': '2', 'D': '3', 'E': '4 or more'}",D,D,B,1,0,0.36623430252075195
0000330_04401_d_0000822.jpg,/home/brisic03/VisDrone/VisDrone2019-DET-val/images/0000330_04401_d_0000822.jpg,most_frequent,Which object type appears most often in the drone image?,"{'A': 'tricycle', 'B': 'people', 'C': 'car', 'D': 'bus', 'E': 'motor'}",C,C,C,car,1,0.36675405502319336
0000330_04401_d_0000822.jpg,/home/brisic03/VisDrone/VisDrone2019-DET-val/images/0000330_04401_d_0000822.jpg,location,Where is the largest car located in the image?,"{'A': 'top-left', 'B': 'top-right', 'C': 'bottom-left', 'D': 'bottom-right', 'E': 'center'}",A,A,C,bottom-left,0,0.3836240768432617
0000330_04601_d_0000823.jpg,/home/brisic03/VisDrone/VisDrone2019-DET-val/images/0000330_04601_d_0000823.jpg,presence,Which object type is visible in the drone image?,"{'A': 'car', 'B': 'truck', 'C': 'awning-tricycle', 'D': 'van', 'E': 'people'}",A,A,A,car,1,0.39006710052490234
0000330_04601_d_0000823.jpg,/home/brisic03/VisDrone/VisDrone2019-DET-val/images/0000330_04601_d_0000823.jpg,counting,How many vans are visible in the drone image?,"{'A': '0', 'B': '1', 'C': '2', 'D': '3', 'E': '4 or more'}",D,D,B,1,0,0.38683080673217773
0000330_04601_d_0000823.jpg,/home/brisic03/VisDrone/VisDrone2019-DET-val/images/0000330_04601_d_0000823.jpg,most_frequent,Which object type appears most often in the drone image?,"{'A': 'motor', 'B': 'car', 'C': 'tricycle', 'D': 'pedestrian', 'E': 'bus'}",B,B,B,car,1,0.3788032531738281
0000330_04601_d_0000823.jpg,/home/brisic03/VisDrone/VisDrone2019-DET-val/images/0000330_04601_d_0000823.jpg,location,Where is the largest car located in the image?,"{'A': 'top-left', 'B': 'top-right', 'C': 'bottom-left', 'D': 'bottom-right', 'E': 'center'}",E,E,E,center,1,0.37087368965148926
0000333_00001_d_0000001.jpg,/home/brisic03/VisDrone/VisDrone2019-DET-val/images/0000333_00001_d_0000001.jpg,presence,Which object type is visible in the drone image?,"{'A': 'tricycle', 'B': 'car', 'C': 'bus', 'D': 'bicycle', 'E': 'van'}",A,A,C,bus,0,0.3676333427429199
0000333_00001_d_0000001.jpg,/home/brisic03/VisDrone/VisDrone2019-DET-val/images/0000333_00001_d_0000001.jpg,counting,How many cars are visible in the drone image?,"{'A': '0', 'B': '1', 'C': '2', 'D': '3', 'E': '4 or more'}",E,E,E,4 or more,1,0.3712434768676758
0000333_00001_d_0000001.jpg,/home/brisic03/VisDrone/VisDrone2019-DET-val/images/0000333_00001_d_0000001.jpg,most_frequent,Which object type appears most often in the drone image?,"{'A': 'van', 'B': 'awning-tricycle', 'C': 'people', 'D': 'car', 'E': 'truck'}",D,D,D,car,1,0.3682253360748291
0000333_00001_d_0000001.jpg,/home/brisic03/VisDrone/VisDrone2019-DET-val/images/0000333_00001_d_0000001.jpg,location,Where is the largest bus located in the image?,"{'A': 'top-left', 'B': 'top-right', 'C': 'bottom-left', 'D': 'bottom-right', 'E': 'center'}",B,B,E,center,0,0.3750784397125244
0000333_01765_d_0000010.jpg,/home/brisic03/VisDrone/VisDrone2019-DET-val/images/0000333_01765_d_0000010.jpg,presence,Which object type is visible in the drone image?,"{'A': 'van', 'B': 'pedestrian', 'C': 'awning-tricycle', 'D': 'tricycle', 'E': 'bus'}",D,D,A,van,0,0.36717891693115234
0000333_01765_d_0000010.jpg,/home/brisic03/VisDrone/VisDrone2019-DET-val/images/0000333_01765_d_0000010.jpg,counting,How many cars are visible in the drone image?,"{'A': '0', 'B': '1', 'C': '2', 'D': '3', 'E': '4 or more'}",E,E,E,4 or more,1,0.3667576313018799
0000333_01765_d_0000010.jpg,/home/brisic03/VisDrone/VisDrone2019-DET-val/images/0000333_01765_d_0000010.jpg,most_frequent,Which object type appears most often in the drone image?,"{'A': 'people', 'B': 'awning-tricycle', 'C': 'bicycle', 'D': 'car', 'E': 'pedestrian'}",D,D,D,car,1,0.3700597286224365
0000333_01765_d_0000010.jpg,/home/brisic03/VisDrone/VisDrone2019-DET-val/images/0000333_01765_d_0000010.jpg,location,Where is the largest car located in the image?,"{'A': 'top-left', 'B': 'top-right', 'C': 'bottom-left', 'D': 'bottom-right', 'E': 'center'}",A,A,D,bottom-right,0,0.36602115631103516
0000333_01961_d_0000011.jpg,/home/brisic03/VisDrone/VisDrone2019-DET-val/images/0000333_01961_d_0000011.jpg,presence,Which object type is visible in the drone image?,"{'A': 'bus', 'B': 'van', 'C': 'pedestrian', 'D': 'bicycle', 'E': 'truck'}",A,A,E,truck,0,0.3648068904876709
0000333_01961_d_0000011.jpg,/home/brisic03/VisDrone/VisDrone2019-DET-val/images/0000333_01961_d_0000011.jpg,counting,How many buss are visible in the drone image?,"{'A': '0', 'B': '1', 'C': '2', 'D': '3', 'E': '4 or more'}",E,E,B,1,0,0.3774261474609375
0000333_01961_d_0000011.jpg,/home/brisic03/VisDrone/VisDrone2019-DET-val/images/0000333_01961_d_0000011.jpg,most_frequent,Which object type appears most often in the drone image?,"{'A': 'tricycle', 'B': 'car', 'C': 'people', 'D': 'truck', 'E': 'motor'}",B,B,B,car,1,0.39333462715148926
0000333_01961_d_0000011.jpg,/home/brisic03/VisDrone/VisDrone2019-DET-val/images/0000333_01961_d_0000011.jpg,location,Where is the largest bus located in the image?,"{'A': 'top-left', 'B': 'top-right', 'C': 'bottom-left', 'D': 'bottom-right', 'E': 'center'}",A,A,E,center,0,0.37764906883239746
0000333_02157_d_0000012.jpg,/home/brisic03/VisDrone/VisDrone2019-DET-val/images/0000333_02157_d_0000012.jpg,presence,Which object type is visible in the drone image?,"{'A': 'truck', 'B': 'people', 'C': 'awning-tricycle', 'D': 'pedestrian', 'E': 'car'}",C,C,E,car,0,0.3714749813079834
0000333_02157_d_0000012.jpg,/home/brisic03/VisDrone/VisDrone2019-DET-val/images/0000333_02157_d_0000012.jpg,counting,How many vans are visible in the drone image?,"{'A': '0', 'B': '1', 'C': '2', 'D': '3', 'E': '4 or more'}",E,E,E,4 or more,1,0.3754909038543701
0000333_02157_d_0000012.jpg,/home/brisic03/VisDrone/VisDrone2019-DET-val/images/0000333_02157_d_0000012.jpg,most_frequent,Which object type appears most often in the drone image?,"{'A': 'truck', 'B': 'motor', 'C': 'car', 'D': 'awning-tricycle', 'E': 'bus'}",C,C,C,car,1,0.37029361724853516
0000333_02157_d_0000012.jpg,/home/brisic03/VisDrone/VisDrone2019-DET-val/images/0000333_02157_d_0000012.jpg,location,Where is the largest car located in the image?,"{'A': 'top-left', 'B': 'top-right', 'C': 'bottom-left', 'D': 'bottom-right', 'E': 'center'}",E,E,E,center,1,0.36598706245422363
0000333_02353_d_0000013.jpg,/home/brisic03/VisDrone/VisDrone2019-DET-val/images/0000333_02353_d_0000013.jpg,presence,Which object type is visible in the drone image?,"{'A': 'van', 'B': 'bicycle', 'C': 'motor', 'D': 'people', 'E': 'car'}",E,E,A,van,0,0.36524176597595215
0000333_02353_d_0000013.jpg,/home/brisic03/VisDrone/VisDrone2019-DET-val/images/0000333_02353_d_0000013.jpg,counting,How many vans are visible in the drone image?,"{'A': '0', 'B': '1', 'C': '2', 'D': '3', 'E': '4 or more'}",E,E,E,4 or more,1,0.3671388626098633
0000333_02353_d_0000013.jpg,/home/brisic03/VisDrone/VisDrone2019-DET-val/images/0000333_02353_d_0000013.jpg,most_frequent,Which object type appears most often in the drone image?,"{'A': 'people', 'B': 'car', 'C': 'truck', 'D': 'van', 'E': 'tricycle'}",B,B,B,car,1,0.3664665222167969
0000333_02353_d_0000013.jpg,/home/brisic03/VisDrone/VisDrone2019-DET-val/images/0000333_02353_d_0000013.jpg,location,Where is the largest van located in the image?,"{'A': 'top-left', 'B': 'top-right', 'C': 'bottom-left', 'D': 'bottom-right', 'E': 'center'}",A,A,C,bottom-left,0,0.36553478240966797
0000333_02549_d_0000014.jpg,/home/brisic03/VisDrone/VisDrone2019-DET-val/images/0000333_02549_d_0000014.jpg,presence,Which object type is visible in the drone image?,"{'A': 'tricycle', 'B': 'motor', 'C': 'pedestrian', 'D': 'truck', 'E': 'people'}",A,A,D,truck,0,0.36606860160827637
0000333_02549_d_0000014.jpg,/home/brisic03/VisDrone/VisDrone2019-DET-val/images/0000333_02549_d_0000014.jpg,counting,How many cars are visible in the drone image?,"{'A': '0', 'B': '1', 'C': '2', 'D': '3', 'E': '4 or more'}",E,E,E,4 or more,1,0.3760514259338379
0000333_02549_d_0000014.jpg,/home/brisic03/VisDrone/VisDrone2019-DET-val/images/0000333_02549_d_0000014.jpg,most_frequent,Which object type appears most often in the drone image?,"{'A': 'car', 'B': 'van', 'C': 'bicycle', 'D': 'awning-tricycle', 'E': 'tricycle'}",A,A,A,car,1,0.36864233016967773
0000333_02549_d_0000014.jpg,/home/brisic03/VisDrone/VisDrone2019-DET-val/images/0000333_02549_d_0000014.jpg,location,Where is the largest car located in the image?,"{'A': 'top-left', 'B': 'top-right', 'C': 'bottom-left', 'D': 'bottom-right', 'E': 'center'}",E,E,E,center,1,0.37465667724609375
0000333_02745_d_0000015.jpg,/home/brisic03/VisDrone/VisDrone2019-DET-val/images/0000333_02745_d_0000015.jpg,presence,Which object type is visible in the drone image?,"{'A': 'pedestrian', 'B': 'car', 'C': 'awning-tricycle', 'D': 'bicycle', 'E': 'bus'}",B,B,B,car,1,0.37661290168762207
0000333_02745_d_0000015.jpg,/home/brisic03/VisDrone/VisDrone2019-DET-val/images/0000333_02745_d_0000015.jpg,counting,How many cars are visible in the drone image?,"{'A': '0', 'B': '1', 'C': '2', 'D': '3', 'E': '4 or more'}",E,E,E,4 or more,1,0.37873125076293945
0000333_02745_d_0000015.jpg,/home/brisic03/VisDrone/VisDrone2019-DET-val/images/0000333_02745_d_0000015.jpg,most_frequent,Which object type appears most often in the drone image?,"{'A': 'car', 'B': 'pedestrian', 'C': 'van', 'D': 'truck', 'E': 'awning-tricycle'}",A,A,A,car,1,0.3721785545349121
0000333_02745_d_0000015.jpg,/home/brisic03/VisDrone/VisDrone2019-DET-val/images/0000333_02745_d_0000015.jpg,location,Where is the largest car located in the image?,"{'A': 'top-left', 'B': 'top-right', 'C': 'bottom-left', 'D': 'bottom-right', 'E': 'center'}",E,E,E,center,1,0.3670980930328369
0000333_02941_d_0000016.jpg,/home/brisic03/VisDrone/VisDrone2019-DET-val/images/0000333_02941_d_0000016.jpg,presence,Which object type is visible in the drone image?,"{'A': 'awning-tricycle', 'B': 'people', 'C': 'truck', 'D': 'car', 'E': 'tricycle'}",E,E,D,car,0,0.3664531707763672
0000333_02941_d_0000016.jpg,/home/brisic03/VisDrone/VisDrone2019-DET-val/images/0000333_02941_d_0000016.jpg,counting,How many vans are visible in the drone image?,"{'A': '0', 'B': '1', 'C': '2', 'D': '3', 'E': '4 or more'}",E,E,B,1,0,0.36748361587524414
0000333_02941_d_0000016.jpg,/home/brisic03/VisDrone/VisDrone2019-DET-val/images/0000333_02941_d_0000016.jpg,most_frequent,Which object type appears most often in the drone image?,"{'A': 'tricycle', 'B': 'truck', 'C': 'car', 'D': 'bicycle', 'E': 'motor'}",C,C,C,car,1,0.3785715103149414
0000333_02941_d_0000016.jpg,/home/brisic03/VisDrone/VisDrone2019-DET-val/images/0000333_02941_d_0000016.jpg,location,Where is the largest bus located in the image?,"{'A': 'top-left', 'B': 'top-right', 'C': 'bottom-left', 'D': 'bottom-right', 'E': 'center'}",A,A,E,center,0,0.38468480110168457
0000333_03137_d_0000017.jpg,/home/brisic03/VisDrone/VisDrone2019-DET-val/images/0000333_03137_d_0000017.jpg,presence,Which object type is visible in the drone image?,"{'A': 'car', 'B': 'pedestrian', 'C': 'bus', 'D': 'truck', 'E': 'van'}",A,A,A,car,1,0.3816077709197998
0000333_03137_d_0000017.jpg,/home/brisic03/VisDrone/VisDrone2019-DET-val/images/0000333_03137_d_0000017.jpg,counting,How many cars are visible in the drone image?,"{'A': '0', 'B': '1', 'C': '2', 'D': '3', 'E': '4 or more'}",E,E,E,4 or more,1,0.3750026226043701
0000333_03137_d_0000017.jpg,/home/brisic03/VisDrone/VisDrone2019-DET-val/images/0000333_03137_d_0000017.jpg,most_frequent,Which object type appears most often in the drone image?,"{'A': 'awning-tricycle', 'B': 'truck', 'C': 'van', 'D': 'people', 'E': 'car'}",E,E,E,car,1,0.37031078338623047
0000333_03137_d_0000017.jpg,/home/brisic03/VisDrone/VisDrone2019-DET-val/images/0000333_03137_d_0000017.jpg,location,Where is the largest car located in the image?,"{'A': 'top-left', 'B': 'top-right', 'C': 'bottom-left', 'D': 'bottom-right', 'E': 'center'}",A,A,E,center,0,0.3671107292175293
0000333_03333_d_0000018.jpg,/home/brisic03/VisDrone/VisDrone2019-DET-val/images/0000333_03333_d_0000018.jpg,presence,Which object type is visible in the drone image?,"{'A': 'truck', 'B': 'car', 'C': 'motor', 'D': 'pedestrian', 'E': 'bus'}",B,B,B,car,1,0.36539244651794434
0000333_03333_d_0000018.jpg,/home/brisic03/VisDrone/VisDrone2019-DET-val/images/0000333_03333_d_0000018.jpg,counting,How many cars are visible in the drone image?,"{'A': '0', 'B': '1', 'C': '2', 'D': '3', 'E': '4 or more'}",E,E,E,4 or more,1,0.36951637268066406
0000333_03333_d_0000018.jpg,/home/brisic03/VisDrone/VisDrone2019-DET-val/images/0000333_03333_d_0000018.jpg,most_frequent,Which object type appears most often in the drone image?,"{'A': 'car', 'B': 'truck', 'C': 'people', 'D': 'motor', 'E': 'bus'}",A,A,A,car,1,0.3652994632720947
0000333_03333_d_0000018.jpg,/home/brisic03/VisDrone/VisDrone2019-DET-val/images/0000333_03333_d_0000018.jpg,location,Where is the largest car located in the image?,"{'A': 'top-left', 'B': 'top-right', 'C': 'bottom-left', 'D': 'bottom-right', 'E': 'center'}",A,A,C,bottom-left,0,0.3671751022338867
0000333_03529_d_0000019.jpg,/home/brisic03/VisDrone/VisDrone2019-DET-val/images/0000333_03529_d_0000019.jpg,presence,Which object type is visible in the drone image?,"{'A': 'truck', 'B': 'tricycle', 'C': 'bus', 'D': 'motor', 'E': 'car'}",D,D,A,truck,0,0.3662753105163574
0000333_03529_d_0000019.jpg,/home/brisic03/VisDrone/VisDrone2019-DET-val/images/0000333_03529_d_0000019.jpg,counting,How many vans are visible in the drone image?,"{'A': '0', 'B': '1', 'C': '2', 'D': '3', 'E': '4 or more'}",E,E,C,2,0,0.36865782737731934
0000333_03529_d_0000019.jpg,/home/brisic03/VisDrone/VisDrone2019-DET-val/images/0000333_03529_d_0000019.jpg,most_frequent,Which object type appears most often in the drone image?,"{'A': 'truck', 'B': 'car', 'C': 'bicycle', 'D': 'bus', 'E': 'awning-tricycle'}",B,B,B,car,1,0.3669276237487793
0000333_03529_d_0000019.jpg,/home/brisic03/VisDrone/VisDrone2019-DET-val/images/0000333_03529_d_0000019.jpg,location,Where is the largest truck located in the image?,"{'A': 'top-left', 'B': 'top-right', 'C': 'bottom-left', 'D': 'bottom-right', 'E': 'center'}",A,A,A,top-left,1,0.37691688537597656
0000333_03725_d_0000020.jpg,/home/brisic03/VisDrone/VisDrone2019-DET-val/images/0000333_03725_d_0000020.jpg,presence,Which object type is visible in the drone image?,"{'A': 'car', 'B': 'people', 'C': 'motor', 'D': 'truck', 'E': 'tricycle'}",A,A,D,truck,0,0.37977170944213867
0000333_03725_d_0000020.jpg,/home/brisic03/VisDrone/VisDrone2019-DET-val/images/0000333_03725_d_0000020.jpg,counting,How many trucks are visible in the drone image?,"{'A': '0', 'B': '1', 'C': '2', 'D': '3', 'E': '4 or more'}",E,E,C,2,0,0.38027524948120117
0000333_03725_d_0000020.jpg,/home/brisic03/VisDrone/VisDrone2019-DET-val/images/0000333_03725_d_0000020.jpg,most_frequent,Which object type appears most often in the drone image?,"{'A': 'bus', 'B': 'car', 'C': 'people', 'D': 'truck', 'E': 'van'}",B,B,B,car,1,0.37136387825012207
0000333_03725_d_0000020.jpg,/home/brisic03/VisDrone/VisDrone2019-DET-val/images/0000333_03725_d_0000020.jpg,location,Where is the largest car located in the image?,"{'A': 'top-left', 'B': 'top-right', 'C': 'bottom-left', 'D': 'bottom-right', 'E': 'center'}",E,E,C,bottom-left,0,0.3672828674316406
0000335_00001_d_0000043.jpg,/home/brisic03/VisDrone/VisDrone2019-DET-val/images/0000335_00001_d_0000043.jpg,presence,Which object type is visible in the drone image?,"{'A': 'motor', 'B': 'pedestrian', 'C': 'bus', 'D': 'awning-tricycle', 'E': 'bicycle'}",D,D,E,bicycle,0,0.36689138412475586
0000335_00001_d_0000043.jpg,/home/brisic03/VisDrone/VisDrone2019-DET-val/images/0000335_00001_d_0000043.jpg,counting,How many awning-tricycles are visible in the drone image?,"{'A': '0', 'B': '1', 'C': '2', 'D': '3', 'E': '4 or more'}",D,D,B,1,0,0.3693382740020752
0000335_00001_d_0000043.jpg,/home/brisic03/VisDrone/VisDrone2019-DET-val/images/0000335_00001_d_0000043.jpg,most_frequent,Which object type appears most often in the drone image?,"{'A': 'car', 'B': 'truck', 'C': 'people', 'D': 'bus', 'E': 'tricycle'}",A,A,A,car,1,0.36605334281921387
0000335_00001_d_0000043.jpg,/home/brisic03/VisDrone/VisDrone2019-DET-val/images/0000335_00001_d_0000043.jpg,location,Where is the largest car located in the image?,"{'A': 'top-left', 'B': 'top-right', 'C': 'bottom-left', 'D': 'bottom-right', 'E': 'center'}",E,E,E,center,1,0.3656737804412842
0000335_00197_d_0000044.jpg,/home/brisic03/VisDrone/VisDrone2019-DET-val/images/0000335_00197_d_0000044.jpg,presence,Which object type is visible in the drone image?,"{'A': 'truck', 'B': 'pedestrian', 'C': 'van', 'D': 'awning-tricycle', 'E': 'tricycle'}",E,E,E,tricycle,1,0.3674604892730713
0000335_00197_d_0000044.jpg,/home/brisic03/VisDrone/VisDrone2019-DET-val/images/0000335_00197_d_0000044.jpg,counting,How many tricycles are visible in the drone image?,"{'A': '0', 'B': '1', 'C': '2', 'D': '3', 'E': '4 or more'}",D,D,E,4 or more,0,0.36625051498413086
0000335_00197_d_0000044.jpg,/home/brisic03/VisDrone/VisDrone2019-DET-val/images/0000335_00197_d_0000044.jpg,most_frequent,Which object type appears most often in the drone image?,"{'A': 'car', 'B': 'motor', 'C': 'truck', 'D': 'people', 'E': 'tricycle'}",A,A,A,car,1,0.36718249320983887
0000335_00197_d_0000044.jpg,/home/brisic03/VisDrone/VisDrone2019-DET-val/images/0000335_00197_d_0000044.jpg,location,Where is the largest van located in the image?,"{'A': 'top-left', 'B': 'top-right', 'C': 'bottom-left', 'D': 'bottom-right', 'E': 'center'}",A,A,E,center,0,0.3668026924133301
0000335_00393_d_0000045.jpg,/home/brisic03/VisDrone/VisDrone2019-DET-val/images/0000335_00393_d_0000045.jpg,presence,Which object type is visible in the drone image?,"{'A': 'people', 'B': 'van', 'C': 'truck', 'D': 'tricycle', 'E': 'bicycle'}",D,D,C,truck,0,0.3796510696411133
0000335_00393_d_0000045.jpg,/home/brisic03/VisDrone/VisDrone2019-DET-val/images/0000335_00393_d_0000045.jpg,counting,How many pedestrians are visible in the drone image?,"{'A': '0', 'B': '1', 'C': '2', 'D': '3', 'E': '4 or more'}",E,E,E,4 or more,1,0.39629459381103516
0000335_00393_d_0000045.jpg,/home/brisic03/VisDrone/VisDrone2019-DET-val/images/0000335_00393_d_0000045.jpg,most_frequent,Which object type appears most often in the drone image?,"{'A': 'bus', 'B': 'awning-tricycle', 'C': 'car', 'D': 'tricycle', 'E': 'bicycle'}",D,D,C,car,0,0.3896043300628662
0000335_00393_d_0000045.jpg,/home/brisic03/VisDrone/VisDrone2019-DET-val/images/0000335_00393_d_0000045.jpg,location,Where is the largest car located in the image?,"{'A': 'top-left', 'B': 'top-right', 'C': 'bottom-left', 'D': 'bottom-right', 'E': 'center'}",E,E,D,bottom-right,0,0.37312865257263184
0000335_00589_d_0000046.jpg,/home/brisic03/VisDrone/VisDrone2019-DET-val/images/0000335_00589_d_0000046.jpg,presence,Which object type is visible in the drone image?,"{'A': 'tricycle', 'B': 'awning-tricycle', 'C': 'van', 'D': 'car', 'E': 'bus'}",A,A,D,car,0,0.376725435256958
0000335_00589_d_0000046.jpg,/home/brisic03/VisDrone/VisDrone2019-DET-val/images/0000335_00589_d_0000046.jpg,counting,How many vans are visible in the drone image?,"{'A': '0', 'B': '1', 'C': '2', 'D': '3', 'E': '4 or more'}",E,E,C,2,0,0.37310028076171875
0000335_00589_d_0000046.jpg,/home/brisic03/VisDrone/VisDrone2019-DET-val/images/0000335_00589_d_0000046.jpg,most_frequent,Which object type appears most often in the drone image?,"{'A': 'awning-tricycle', 'B': 'car', 'C': 'pedestrian', 'D': 'people', 'E': 'bus'}",B,B,B,car,1,0.36995768547058105
0000335_00589_d_0000046.jpg,/home/brisic03/VisDrone/VisDrone2019-DET-val/images/0000335_00589_d_0000046.jpg,location,Where is the largest car located in the image?,"{'A': 'top-left', 'B': 'top-right', 'C': 'bottom-left', 'D': 'bottom-right', 'E': 'center'}",E,E,E,center,1,0.36568212509155273
0000335_00785_d_0000047.jpg,/home/brisic03/VisDrone/VisDrone2019-DET-val/images/0000335_00785_d_0000047.jpg,presence,Which object type is visible in the drone image?,"{'A': 'bus', 'B': 'bicycle', 'C': 'motor', 'D': 'truck', 'E': 'van'}",B,B,C,motor,0,0.3711264133453369
0000335_00785_d_0000047.jpg,/home/brisic03/VisDrone/VisDrone2019-DET-val/images/0000335_00785_d_0000047.jpg,counting,How many cars are visible in the drone image?,"{'A': '0', 'B': '1', 'C': '2', 'D': '3', 'E': '4 or more'}",E,E,E,4 or more,1,0.377103328704834
0000335_00785_d_0000047.jpg,/home/brisic03/VisDrone/VisDrone2019-DET-val/images/0000335_00785_d_0000047.jpg,most_frequent,Which object type appears most often in the drone image?,"{'A': 'car', 'B': 'people', 'C': 'awning-tricycle', 'D': 'bicycle', 'E': 'truck'}",A,A,A,car,1,0.370708703994751
0000335_00785_d_0000047.jpg,/home/brisic03/VisDrone/VisDrone2019-DET-val/images/0000335_00785_d_0000047.jpg,location,Where is the largest car located in the image?,"{'A': 'top-left', 'B': 'top-right', 'C': 'bottom-left', 'D': 'bottom-right', 'E': 'center'}",E,E,C,bottom-left,0,0.36650848388671875
0000335_00981_d_0000048.jpg,/home/brisic03/VisDrone/VisDrone2019-DET-val/images/0000335_00981_d_0000048.jpg,presence,Which object type is visible in the drone image?,"{'A': 'car', 'B': 'bicycle', 'C': 'truck', 'D': 'tricycle', 'E': 'awning-tricycle'}",A,A,A,car,1,0.3673529624938965
0000335_00981_d_0000048.jpg,/home/brisic03/VisDrone/VisDrone2019-DET-val/images/0000335_00981_d_0000048.jpg,counting,How many bicycles are visible in the drone image?,"{'A': '0', 'B': '1', 'C': '2', 'D': '3', 'E': '4 or more'}",D,D,B,1,0,0.36956143379211426
0000335_00981_d_0000048.jpg,/home/brisic03/VisDrone/VisDrone2019-DET-val/images/0000335_00981_d_0000048.jpg,most_frequent,Which object type appears most often in the drone image?,"{'A': 'awning-tricycle', 'B': 'tricycle', 'C': 'pedestrian', 'D': 'bus', 'E': 'car'}",E,E,E,car,1,0.36792421340942383
0000335_00981_d_0000048.jpg,/home/brisic03/VisDrone/VisDrone2019-DET-val/images/0000335_00981_d_0000048.jpg,location,Where is the largest car located in the image?,"{'A': 'top-left', 'B': 'top-right', 'C': 'bottom-left', 'D': 'bottom-right', 'E': 'center'}",E,E,C,bottom-left,0,0.37998414039611816
0000335_01765_d_0000052.jpg,/home/brisic03/VisDrone/VisDrone2019-DET-val/images/0000335_01765_d_0000052.jpg,presence,Which object type is visible in the drone image?,"{'A': 'people', 'B': 'bicycle', 'C': 'awning-tricycle', 'D': 'tricycle', 'E': 'car'}",B,B,E,car,0,0.40087103843688965
0000335_01765_d_0000052.jpg,/home/brisic03/VisDrone/VisDrone2019-DET-val/images/0000335_01765_d_0000052.jpg,counting,How many cars are visible in the drone image?,"{'A': '0', 'B': '1', 'C': '2', 'D': '3', 'E': '4 or more'}",E,E,E,4 or more,1,0.38720130920410156
0000335_01765_d_0000052.jpg,/home/brisic03/VisDrone/VisDrone2019-DET-val/images/0000335_01765_d_0000052.jpg,most_frequent,Which object type appears most often in the drone image?,"{'A': 'truck', 'B': 'car', 'C': 'awning-tricycle', 'D': 'van', 'E': 'tricycle'}",B,B,B,car,1,0.37386369705200195
0000335_01765_d_0000052.jpg,/home/brisic03/VisDrone/VisDrone2019-DET-val/images/0000335_01765_d_0000052.jpg,location,Where is the largest car located in the image?,"{'A': 'top-left', 'B': 'top-right', 'C': 'bottom-left', 'D': 'bottom-right', 'E': 'center'}",E,E,E,center,1,0.373291015625
0000335_01961_d_0000053.jpg,/home/brisic03/VisDrone/VisDrone2019-DET-val/images/0000335_01961_d_0000053.jpg,presence,Which object type is visible in the drone image?,"{'A': 'bicycle', 'B': 'people', 'C': 'van', 'D': 'motor', 'E': 'pedestrian'}",D,D,B,people,0,0.3728322982788086
0000335_01961_d_0000053.jpg,/home/brisic03/VisDrone/VisDrone2019-DET-val/images/0000335_01961_d_0000053.jpg,counting,How many tricycles are visible in the drone image?,"{'A': '0', 'B': '1', 'C': '2', 'D': '3', 'E': '4 or more'}",A,A,B,1,0,0.3678925037384033
0000335_01961_d_0000053.jpg,/home/brisic03/VisDrone/VisDrone2019-DET-val/images/0000335_01961_d_0000053.jpg,most_frequent,Which object type appears most often in the drone image?,"{'A': 'car', 'B': 'van', 'C': 'pedestrian', 'D': 'motor', 'E': 'bicycle'}",A,A,A,car,1,0.3661806583404541
0000335_01961_d_0000053.jpg,/home/brisic03/VisDrone/VisDrone2019-DET-val/images/0000335_01961_d_0000053.jpg,location,Where is the largest car located in the image?,"{'A': 'top-left', 'B': 'top-right', 'C': 'bottom-left', 'D': 'bottom-right', 'E': 'center'}",E,E,D,bottom-right,0,0.36619091033935547
0000335_02353_d_0000055.jpg,/home/brisic03/VisDrone/VisDrone2019-DET-val/images/0000335_02353_d_0000055.jpg,presence,Which object type is visible in the drone image?,"{'A': 'bicycle', 'B': 'car', 'C': 'van', 'D': 'truck', 'E': 'bus'}",B,B,B,car,1,0.3674800395965576
0000335_02353_d_0000055.jpg,/home/brisic03/VisDrone/VisDrone2019-DET-val/images/0000335_02353_d_0000055.jpg,counting,How many trucks are visible in the drone image?,"{'A': '0', 'B': '1', 'C': '2', 'D': '3', 'E': '4 or more'}",A,A,B,1,0,0.36826229095458984
0000335_02353_d_0000055.jpg,/home/brisic03/VisDrone/VisDrone2019-DET-val/images/0000335_02353_d_0000055.jpg,most_frequent,Which object type appears most often in the drone image?,"{'A': 'bus', 'B': 'truck', 'C': 'motor', 'D': 'pedestrian', 'E': 'car'}",E,E,E,car,1,0.3661050796508789
0000335_02353_d_0000055.jpg,/home/brisic03/VisDrone/VisDrone2019-DET-val/images/0000335_02353_d_0000055.jpg,location,Where is the largest car located in the image?,"{'A': 'top-left', 'B': 'top-right', 'C': 'bottom-left', 'D': 'bottom-right', 'E': 'center'}",E,E,C,bottom-left,0,0.36446690559387207
0000335_02549_d_0000056.jpg,/home/brisic03/VisDrone/VisDrone2019-DET-val/images/0000335_02549_d_0000056.jpg,presence,Which object type is visible in the drone image?,"{'A': 'van', 'B': 'tricycle', 'C': 'awning-tricycle', 'D': 'motor', 'E': 'car'}",B,B,C,awning-tricycle,0,0.3676731586456299
0000335_02549_d_0000056.jpg,/home/brisic03/VisDrone/VisDrone2019-DET-val/images/0000335_02549_d_0000056.jpg,counting,How many awning-tricycles are visible in the drone image?,"{'A': '0', 'B': '1', 'C': '2', 'D': '3', 'E': '4 or more'}",A,A,B,1,0,0.3716762065887451
0000335_02549_d_0000056.jpg,/home/brisic03/VisDrone/VisDrone2019-DET-val/images/0000335_02549_d_0000056.jpg,most_frequent,Which object type appears most often in the drone image?,"{'A': 'motor', 'B': 'bicycle', 'C': 'pedestrian', 'D': 'van', 'E': 'car'}",E,E,E,car,1,0.36701297760009766
0000335_02549_d_0000056.jpg,/home/brisic03/VisDrone/VisDrone2019-DET-val/images/0000335_02549_d_0000056.jpg,location,Where is the largest car located in the image?,"{'A': 'top-left', 'B': 'top-right', 'C': 'bottom-left', 'D': 'bottom-right', 'E': 'center'}",E,E,C,bottom-left,0,0.36527514457702637
0000335_02745_d_0000057.jpg,/home/brisic03/VisDrone/VisDrone2019-DET-val/images/0000335_02745_d_0000057.jpg,presence,Which object type is visible in the drone image?,"{'A': 'truck', 'B': 'van', 'C': 'tricycle', 'D': 'people', 'E': 'awning-tricycle'}",D,D,C,tricycle,0,0.36699414253234863
0000335_02745_d_0000057.jpg,/home/brisic03/VisDrone/VisDrone2019-DET-val/images/0000335_02745_d_0000057.jpg,counting,How many vans are visible in the drone image?,"{'A': '0', 'B': '1', 'C': '2', 'D': '3', 'E': '4 or more'}",D,D,B,1,0,0.37027668952941895
0000335_02745_d_0000057.jpg,/home/brisic03/VisDrone/VisDrone2019-DET-val/images/0000335_02745_d_0000057.jpg,most_frequent,Which object type appears most often in the drone image?,"{'A': 'awning-tricycle', 'B': 'van', 'C': 'car', 'D': 'people', 'E': 'pedestrian'}",C,C,C,car,1,0.3666965961456299
0000335_02745_d_0000057.jpg,/home/brisic03/VisDrone/VisDrone2019-DET-val/images/0000335_02745_d_0000057.jpg,location,Where is the largest car located in the image?,"{'A': 'top-left', 'B': 'top-right', 'C': 'bottom-left', 'D': 'bottom-right', 'E': 'center'}",E,E,E,center,1,0.380643367767334
0000335_03137_d_0000059.jpg,/home/brisic03/VisDrone/VisDrone2019-DET-val/images/0000335_03137_d_0000059.jpg,presence,Which object type is visible in the drone image?,"{'A': 'people', 'B': 'awning-tricycle', 'C': 'truck', 'D': 'bicycle', 'E': 'motor'}",B,B,E,motor,0,0.4012486934661865
0000335_03137_d_0000059.jpg,/home/brisic03/VisDrone/VisDrone2019-DET-val/images/0000335_03137_d_0000059.jpg,counting,How many cars are visible in the drone image?,"{'A': '0', 'B': '1', 'C': '2', 'D': '3', 'E': '4 or more'}",E,E,E,4 or more,1,0.38930702209472656
0000335_03137_d_0000059.jpg,/home/brisic03/VisDrone/VisDrone2019-DET-val/images/0000335_03137_d_0000059.jpg,most_frequent,Which object type appears most often in the drone image?,"{'A': 'truck', 'B': 'car', 'C': 'motor', 'D': 'van', 'E': 'pedestrian'}",B,B,B,car,1,0.3727610111236572
0000335_03137_d_0000059.jpg,/home/brisic03/VisDrone/VisDrone2019-DET-val/images/0000335_03137_d_0000059.jpg,location,Where is the largest car located in the image?,"{'A': 'top-left', 'B': 'top-right', 'C': 'bottom-left', 'D': 'bottom-right', 'E': 'center'}",E,E,E,center,1,0.3720569610595703
0000335_03333_d_0000060.jpg,/home/brisic03/VisDrone/VisDrone2019-DET-val/images/0000335_03333_d_0000060.jpg,presence,Which object type is visible in the drone image?,"{'A': 'truck', 'B': 'people', 'C': 'motor', 'D': 'van', 'E': 'awning-tricycle'}",D,D,B,people,0,0.37249159812927246
0000335_03333_d_0000060.jpg,/home/brisic03/VisDrone/VisDrone2019-DET-val/images/0000335_03333_d_0000060.jpg,counting,How many tricycles are visible in the drone image?,"{'A': '0', 'B': '1', 'C': '2', 'D': '3', 'E': '4 or more'}",D,D,B,1,0,0.3688642978668213
0000335_03333_d_0000060.jpg,/home/brisic03/VisDrone/VisDrone2019-DET-val/images/0000335_03333_d_0000060.jpg,most_frequent,Which object type appears most often in the drone image?,"{'A': 'truck', 'B': 'motor', 'C': 'bicycle', 'D': 'car', 'E': 'people'}",D,D,D,car,1,0.36443257331848145
0000335_03333_d_0000060.jpg,/home/brisic03/VisDrone/VisDrone2019-DET-val/images/0000335_03333_d_0000060.jpg,location,Where is the largest bus located in the image?,"{'A': 'top-left', 'B': 'top-right', 'C': 'bottom-left', 'D': 'bottom-right', 'E': 'center'}",E,E,E,center,1,0.3701605796813965
0000335_03725_d_0000062.jpg,/home/brisic03/VisDrone/VisDrone2019-DET-val/images/0000335_03725_d_0000062.jpg,presence,Which object type is visible in the drone image?,"{'A': 'people', 'B': 'van', 'C': 'awning-tricycle', 'D': 'tricycle', 'E': 'truck'}",D,D,A,people,0,0.37706613540649414
0000335_03725_d_0000062.jpg,/home/brisic03/VisDrone/VisDrone2019-DET-val/images/0000335_03725_d_0000062.jpg,counting,How many peoples are visible in the drone image?,"{'A': '0', 'B': '1', 'C': '2', 'D': '3', 'E': '4 or more'}",E,E,C,2,0,0.37123775482177734
0000335_03725_d_0000062.jpg,/home/brisic03/VisDrone/VisDrone2019-DET-val/images/0000335_03725_d_0000062.jpg,most_frequent,Which object type appears most often in the drone image?,"{'A': 'tricycle', 'B': 'car', 'C': 'bicycle', 'D': 'van', 'E': 'motor'}",B,B,B,car,1,0.36634230613708496
0000335_03725_d_0000062.jpg,/home/brisic03/VisDrone/VisDrone2019-DET-val/images/0000335_03725_d_0000062.jpg,location,Where is the largest car located in the image?,"{'A': 'top-left', 'B': 'top-right', 'C': 'bottom-left', 'D': 'bottom-right', 'E': 'center'}",E,E,D,bottom-right,0,0.3655128479003906
0000335_03921_d_0000063.jpg,/home/brisic03/VisDrone/VisDrone2019-DET-val/images/0000335_03921_d_0000063.jpg,presence,Which object type is visible in the drone image?,"{'A': 'van', 'B': 'bicycle', 'C': 'tricycle', 'D': 'motor', 'E': 'truck'}",C,C,C,tricycle,1,0.3670969009399414
0000335_03921_d_0000063.jpg,/home/brisic03/VisDrone/VisDrone2019-DET-val/images/0000335_03921_d_0000063.jpg,counting,How many cars are visible in the drone image?,"{'A': '0', 'B': '1', 'C': '2', 'D': '3', 'E': '4 or more'}",E,E,E,4 or more,1,0.3695967197418213
0000335_03921_d_0000063.jpg,/home/brisic03/VisDrone/VisDrone2019-DET-val/images/0000335_03921_d_0000063.jpg,most_frequent,Which object type appears most often in the drone image?,"{'A': 'bus', 'B': 'awning-tricycle', 'C': 'truck', 'D': 'pedestrian', 'E': 'car'}",E,E,E,car,1,0.3699524402618408
0000335_03921_d_0000063.jpg,/home/brisic03/VisDrone/VisDrone2019-DET-val/images/0000335_03921_d_0000063.jpg,location,Where is the largest car located in the image?,"{'A': 'top-left', 'B': 'top-right', 'C': 'bottom-left', 'D': 'bottom-right', 'E': 'center'}",E,E,D,bottom-right,0,0.3666410446166992
0000335_04117_d_0000064.jpg,/home/brisic03/VisDrone/VisDrone2019-DET-val/images/0000335_04117_d_0000064.jpg,presence,Which object type is visible in the drone image?,"{'A': 'bicycle', 'B': 'tricycle', 'C': 'truck', 'D': 'car', 'E': 'van'}",D,D,C,truck,0,0.3693373203277588
0000335_04117_d_0000064.jpg,/home/brisic03/VisDrone/VisDrone2019-DET-val/images/0000335_04117_d_0000064.jpg,counting,How many cars are visible in the drone image?,"{'A': '0', 'B': '1', 'C': '2', 'D': '3', 'E': '4 or more'}",E,E,E,4 or more,1,0.3681623935699463
0000335_04117_d_0000064.jpg,/home/brisic03/VisDrone/VisDrone2019-DET-val/images/0000335_04117_d_0000064.jpg,most_frequent,Which object type appears most often in the drone image?,"{'A': 'van', 'B': 'bicycle', 'C': 'awning-tricycle', 'D': 'car', 'E': 'pedestrian'}",D,D,D,car,1,0.3671245574951172
0000335_04117_d_0000064.jpg,/home/brisic03/VisDrone/VisDrone2019-DET-val/images/0000335_04117_d_0000064.jpg,location,Where is the largest car located in the image?,"{'A': 'top-left', 'B': 'top-right', 'C': 'bottom-left', 'D': 'bottom-right', 'E': 'center'}",E,E,D,bottom-right,0,0.3687105178833008
0000335_04313_d_0000065.jpg,/home/brisic03/VisDrone/VisDrone2019-DET-val/images/0000335_04313_d_0000065.jpg,presence,Which object type is visible in the drone image?,"{'A': 'pedestrian', 'B': 'car', 'C': 'awning-tricycle', 'D': 'people', 'E': 'motor'}",C,C,B,car,0,0.37238430976867676
0000335_04313_d_0000065.jpg,/home/brisic03/VisDrone/VisDrone2019-DET-val/images/0000335_04313_d_0000065.jpg,counting,How many motors are visible in the drone image?,"{'A': '0', 'B': '1', 'C': '2', 'D': '3', 'E': '4 or more'}",A,A,B,1,0,0.37242937088012695
0000335_04313_d_0000065.jpg,/home/brisic03/VisDrone/VisDrone2019-DET-val/images/0000335_04313_d_0000065.jpg,most_frequent,Which object type appears most often in the drone image?,"{'A': 'bus', 'B': 'car', 'C': 'awning-tricycle', 'D': 'truck', 'E': 'motor'}",B,B,B,car,1,0.36672306060791016
0000335_04313_d_0000065.jpg,/home/brisic03/VisDrone/VisDrone2019-DET-val/images/0000335_04313_d_0000065.jpg,location,Where is the largest car located in the image?,"{'A': 'top-left', 'B': 'top-right', 'C': 'bottom-left', 'D': 'bottom-right', 'E': 'center'}",A,A,E,center,0,0.3656003475189209
0000335_05097_d_0000069.jpg,/home/brisic03/VisDrone/VisDrone2019-DET-val/images/0000335_05097_d_0000069.jpg,presence,Which object type is visible in the drone image?,"{'A': 'truck', 'B': 'tricycle', 'C': 'awning-tricycle', 'D': 'pedestrian', 'E': 'bus'}",C,C,D,pedestrian,0,0.36691951751708984
0000335_05097_d_0000069.jpg,/home/brisic03/VisDrone/VisDrone2019-DET-val/images/0000335_05097_d_0000069.jpg,counting,How many cars are visible in the drone image?,"{'A': '0', 'B': '1', 'C': '2', 'D': '3', 'E': '4 or more'}",E,E,E,4 or more,1,0.370511531829834
0000335_05097_d_0000069.jpg,/home/brisic03/VisDrone/VisDrone2019-DET-val/images/0000335_05097_d_0000069.jpg,most_frequent,Which object type appears most often in the drone image?,"{'A': 'people', 'B': 'car', 'C': 'awning-tricycle', 'D': 'tricycle', 'E': 'pedestrian'}",B,B,B,car,1,0.37070560455322266
0000335_05097_d_0000069.jpg,/home/brisic03/VisDrone/VisDrone2019-DET-val/images/0000335_05097_d_0000069.jpg,location,Where is the largest car located in the image?,"{'A': 'top-left', 'B': 'top-right', 'C': 'bottom-left', 'D': 'bottom-right', 'E': 'center'}",E,E,E,center,1,0.3662283420562744
0000335_05685_d_0000072.jpg,/home/brisic03/VisDrone/VisDrone2019-DET-val/images/0000335_05685_d_0000072.jpg,presence,Which object type is visible in the drone image?,"{'A': 'motor', 'B': 'car', 'C': 'truck', 'D': 'bicycle', 'E': 'van'}",A,A,D,bicycle,0,0.3650643825531006
0000335_05685_d_0000072.jpg,/home/brisic03/VisDrone/VisDrone2019-DET-val/images/0000335_05685_d_0000072.jpg,counting,How many cars are visible in the drone image?,"{'A': '0', 'B': '1', 'C': '2', 'D': '3', 'E': '4 or more'}",E,E,E,4 or more,1,0.3678433895111084
0000335_05685_d_0000072.jpg,/home/brisic03/VisDrone/VisDrone2019-DET-val/images/0000335_05685_d_0000072.jpg,most_frequent,Which object type appears most often in the drone image?,"{'A': 'bus', 'B': 'people', 'C': 'van', 'D': 'awning-tricycle', 'E': 'car'}",E,E,E,car,1,0.3682708740234375
0000335_05685_d_0000072.jpg,/home/brisic03/VisDrone/VisDrone2019-DET-val/images/0000335_05685_d_0000072.jpg,location,Where is the largest car located in the image?,"{'A': 'top-left', 'B': 'top-right', 'C': 'bottom-left', 'D': 'bottom-right', 'E': 'center'}",E,E,E,center,1,0.3681979179382324
0000335_06469_d_0000076.jpg,/home/brisic03/VisDrone/VisDrone2019-DET-val/images/0000335_06469_d_0000076.jpg,presence,Which object type is visible in the drone image?,"{'A': 'awning-tricycle', 'B': 'car', 'C': 'tricycle', 'D': 'bus', 'E': 'motor'}",C,C,B,car,0,0.36812829971313477
0000335_06469_d_0000076.jpg,/home/brisic03/VisDrone/VisDrone2019-DET-val/images/0000335_06469_d_0000076.jpg,counting,How many vans are visible in the drone image?,"{'A': '0', 'B': '1', 'C': '2', 'D': '3', 'E': '4 or more'}",D,D,B,1,0,0.3720383644104004
0000335_06469_d_0000076.jpg,/home/brisic03/VisDrone/VisDrone2019-DET-val/images/0000335_06469_d_0000076.jpg,most_frequent,Which object type appears most often in the drone image?,"{'A': 'motor', 'B': 'bus', 'C': 'car', 'D': 'van', 'E': 'people'}",C,C,C,car,1,0.36243748664855957
0000335_06469_d_0000076.jpg,/home/brisic03/VisDrone/VisDrone2019-DET-val/images/0000335_06469_d_0000076.jpg,location,Where is the largest car located in the image?,"{'A': 'top-left', 'B': 'top-right', 'C': 'bottom-left', 'D': 'bottom-right', 'E': 'center'}",A,A,E,center,0,0.36652064323425293
0000335_06665_d_0000077.jpg,/home/brisic03/VisDrone/VisDrone2019-DET-val/images/0000335_06665_d_0000077.jpg,presence,Which object type is visible in the drone image?,"{'A': 'car', 'B': 'motor', 'C': 'bicycle', 'D': 'people', 'E': 'pedestrian'}",A,A,B,motor,0,0.3660266399383545
0000335_06665_d_0000077.jpg,/home/brisic03/VisDrone/VisDrone2019-DET-val/images/0000335_06665_d_0000077.jpg,counting,How many peoples are visible in the drone image?,"{'A': '0', 'B': '1', 'C': '2', 'D': '3', 'E': '4 or more'}",A,A,C,2,0,0.3783304691314697
0000335_06665_d_0000077.jpg,/home/brisic03/VisDrone/VisDrone2019-DET-val/images/0000335_06665_d_0000077.jpg,most_frequent,Which object type appears most often in the drone image?,"{'A': 'bicycle', 'B': 'car', 'C': 'people', 'D': 'truck', 'E': 'tricycle'}",B,B,B,car,1,0.39065027236938477
0000335_06665_d_0000077.jpg,/home/brisic03/VisDrone/VisDrone2019-DET-val/images/0000335_06665_d_0000077.jpg,location,Where is the largest car located in the image?,"{'A': 'top-left', 'B': 'top-right', 'C': 'bottom-left', 'D': 'bottom-right', 'E': 'center'}",E,E,E,center,1,0.3754088878631592
0000335_06861_d_0000078.jpg,/home/brisic03/VisDrone/VisDrone2019-DET-val/images/0000335_06861_d_0000078.jpg,presence,Which object type is visible in the drone image?,"{'A': 'bicycle', 'B': 'bus', 'C': 'car', 'D': 'awning-tricycle', 'E': 'motor'}",C,C,C,car,1,0.37409400939941406
0000335_06861_d_0000078.jpg,/home/brisic03/VisDrone/VisDrone2019-DET-val/images/0000335_06861_d_0000078.jpg,counting,How many peoples are visible in the drone image?,"{'A': '0', 'B': '1', 'C': '2', 'D': '3', 'E': '4 or more'}",A,A,B,1,0,0.37441110610961914
0000335_06861_d_0000078.jpg,/home/brisic03/VisDrone/VisDrone2019-DET-val/images/0000335_06861_d_0000078.jpg,most_frequent,Which object type appears most often in the drone image?,"{'A': 'truck', 'B': 'bicycle', 'C': 'car', 'D': 'bus', 'E': 'people'}",C,C,C,car,1,0.3689134120941162
0000335_06861_d_0000078.jpg,/home/brisic03/VisDrone/VisDrone2019-DET-val/images/0000335_06861_d_0000078.jpg,location,Where is the largest car located in the image?,"{'A': 'top-left', 'B': 'top-right', 'C': 'bottom-left', 'D': 'bottom-right', 'E': 'center'}",E,E,E,center,1,0.3665931224822998
0000342_00393_d_0000244.jpg,/home/brisic03/VisDrone/VisDrone2019-DET-val/images/0000342_00393_d_0000244.jpg,presence,Which object type is visible in the drone image?,"{'A': 'awning-tricycle', 'B': 'people', 'C': 'bus', 'D': 'car', 'E': 'van'}",A,A,D,car,0,0.3687434196472168
0000342_00393_d_0000244.jpg,/home/brisic03/VisDrone/VisDrone2019-DET-val/images/0000342_00393_d_0000244.jpg,counting,How many cars are visible in the drone image?,"{'A': '0', 'B': '1', 'C': '2', 'D': '3', 'E': '4 or more'}",E,E,E,4 or more,1,0.37429261207580566
0000342_00393_d_0000244.jpg,/home/brisic03/VisDrone/VisDrone2019-DET-val/images/0000342_00393_d_0000244.jpg,most_frequent,Which object type appears most often in the drone image?,"{'A': 'tricycle', 'B': 'truck', 'C': 'pedestrian', 'D': 'van', 'E': 'car'}",A,A,E,car,0,0.37018537521362305
0000342_00393_d_0000244.jpg,/home/brisic03/VisDrone/VisDrone2019-DET-val/images/0000342_00393_d_0000244.jpg,location,Where is the largest truck located in the image?,"{'A': 'top-left', 'B': 'top-right', 'C': 'bottom-left', 'D': 'bottom-right', 'E': 'center'}",C,C,E,center,0,0.366499662399292
0000345_07057_d_0000345.jpg,/home/brisic03/VisDrone/VisDrone2019-DET-val/images/0000345_07057_d_0000345.jpg,presence,Which object type is visible in the drone image?,"{'A': 'people', 'B': 'bus', 'C': 'car', 'D': 'pedestrian', 'E': 'truck'}",A,A,C,car,0,0.3654022216796875
0000345_07057_d_0000345.jpg,/home/brisic03/VisDrone/VisDrone2019-DET-val/images/0000345_07057_d_0000345.jpg,counting,How many bicycles are visible in the drone image?,"{'A': '0', 'B': '1', 'C': '2', 'D': '3', 'E': '4 or more'}",A,A,B,1,0,0.3684980869293213
0000345_07057_d_0000345.jpg,/home/brisic03/VisDrone/VisDrone2019-DET-val/images/0000345_07057_d_0000345.jpg,most_frequent,Which object type appears most often in the drone image?,"{'A': 'van', 'B': 'motor', 'C': 'tricycle', 'D': 'car', 'E': 'awning-tricycle'}",D,D,D,car,1,0.36813831329345703
0000345_07057_d_0000345.jpg,/home/brisic03/VisDrone/VisDrone2019-DET-val/images/0000345_07057_d_0000345.jpg,location,Where is the largest car located in the image?,"{'A': 'top-left', 'B': 'top-right', 'C': 'bottom-left', 'D': 'bottom-right', 'E': 'center'}",B,B,E,center,0,0.38077878952026367
0000346_00001_d_0000346.jpg,/home/brisic03/VisDrone/VisDrone2019-DET-val/images/0000346_00001_d_0000346.jpg,presence,Which object type is visible in the drone image?,"{'A': 'bicycle', 'B': 'tricycle', 'C': 'pedestrian', 'D': 'awning-tricycle', 'E': 'car'}",C,C,D,awning-tricycle,0,0.3902249336242676
0000346_00001_d_0000346.jpg,/home/brisic03/VisDrone/VisDrone2019-DET-val/images/0000346_00001_d_0000346.jpg,counting,How many pedestrians are visible in the drone image?,"{'A': '0', 'B': '1', 'C': '2', 'D': '3', 'E': '4 or more'}",E,E,E,4 or more,1,0.39230847358703613
0000346_00001_d_0000346.jpg,/home/brisic03/VisDrone/VisDrone2019-DET-val/images/0000346_00001_d_0000346.jpg,most_frequent,Which object type appears most often in the drone image?,"{'A': 'pedestrian', 'B': 'tricycle', 'C': 'car', 'D': 'truck', 'E': 'van'}",C,C,C,car,1,0.3760519027709961
0000346_00001_d_0000346.jpg,/home/brisic03/VisDrone/VisDrone2019-DET-val/images/0000346_00001_d_0000346.jpg,location,Where is the largest car located in the image?,"{'A': 'top-left', 'B': 'top-right', 'C': 'bottom-left', 'D': 'bottom-right', 'E': 'center'}",E,E,D,bottom-right,0,0.3707609176635742
0000346_01961_d_0000356.jpg,/home/brisic03/VisDrone/VisDrone2019-DET-val/images/0000346_01961_d_0000356.jpg,presence,Which object type is visible in the drone image?,"{'A': 'pedestrian', 'B': 'motor', 'C': 'truck', 'D': 'van', 'E': 'bicycle'}",A,A,D,van,0,0.37129831314086914
0000346_01961_d_0000356.jpg,/home/brisic03/VisDrone/VisDrone2019-DET-val/images/0000346_01961_d_0000356.jpg,counting,How many trucks are visible in the drone image?,"{'A': '0', 'B': '1', 'C': '2', 'D': '3', 'E': '4 or more'}",A,A,B,1,0,0.37102174758911133
0000346_01961_d_0000356.jpg,/home/brisic03/VisDrone/VisDrone2019-DET-val/images/0000346_01961_d_0000356.jpg,most_frequent,Which object type appears most often in the drone image?,"{'A': 'car', 'B': 'truck', 'C': 'pedestrian', 'D': 'tricycle', 'E': 'bicycle'}",C,C,A,car,0,0.3679471015930176
0000346_01961_d_0000356.jpg,/home/brisic03/VisDrone/VisDrone2019-DET-val/images/0000346_01961_d_0000356.jpg,location,Where is the largest car located in the image?,"{'A': 'top-left', 'B': 'top-right', 'C': 'bottom-left', 'D': 'bottom-right', 'E': 'center'}",E,E,E,center,1,0.36971616744995117
0000346_02549_d_0000359.jpg,/home/brisic03/VisDrone/VisDrone2019-DET-val/images/0000346_02549_d_0000359.jpg,presence,Which object type is visible in the drone image?,"{'A': 'people', 'B': 'motor', 'C': 'awning-tricycle', 'D': 'bicycle', 'E': 'van'}",C,C,B,motor,0,0.37561988830566406
0000346_02549_d_0000359.jpg,/home/brisic03/VisDrone/VisDrone2019-DET-val/images/0000346_02549_d_0000359.jpg,counting,How many vans are visible in the drone image?,"{'A': '0', 'B': '1', 'C': '2', 'D': '3', 'E': '4 or more'}",E,E,E,4 or more,1,0.37354302406311035
0000346_02549_d_0000359.jpg,/home/brisic03/VisDrone/VisDrone2019-DET-val/images/0000346_02549_d_0000359.jpg,most_frequent,Which object type appears most often in the drone image?,"{'A': 'awning-tricycle', 'B': 'truck', 'C': 'bicycle', 'D': 'tricycle', 'E': 'car'}",D,D,E,car,0,0.368741512298584
0000346_02549_d_0000359.jpg,/home/brisic03/VisDrone/VisDrone2019-DET-val/images/0000346_02549_d_0000359.jpg,location,Where is the largest car located in the image?,"{'A': 'top-left', 'B': 'top-right', 'C': 'bottom-left', 'D': 'bottom-right', 'E': 'center'}",E,E,D,bottom-right,0,0.36617064476013184
0000346_03921_d_0000366.jpg,/home/brisic03/VisDrone/VisDrone2019-DET-val/images/0000346_03921_d_0000366.jpg,presence,Which object type is visible in the drone image?,"{'A': 'car', 'B': 'van', 'C': 'motor', 'D': 'awning-tricycle', 'E': 'pedestrian'}",D,D,B,van,0,0.3662235736846924
0000346_03921_d_0000366.jpg,/home/brisic03/VisDrone/VisDrone2019-DET-val/images/0000346_03921_d_0000366.jpg,counting,How many peoples are visible in the drone image?,"{'A': '0', 'B': '1', 'C': '2', 'D': '3', 'E': '4 or more'}",A,A,B,1,0,0.3685762882232666
0000346_03921_d_0000366.jpg,/home/brisic03/VisDrone/VisDrone2019-DET-val/images/0000346_03921_d_0000366.jpg,most_frequent,Which object type appears most often in the drone image?,"{'A': 'pedestrian', 'B': 'tricycle', 'C': 'bus', 'D': 'van', 'E': 'car'}",A,A,E,car,0,0.3895144462585449
0000346_03921_d_0000366.jpg,/home/brisic03/VisDrone/VisDrone2019-DET-val/images/0000346_03921_d_0000366.jpg,location,Where is the largest van located in the image?,"{'A': 'top-left', 'B': 'top-right', 'C': 'bottom-left', 'D': 'bottom-right', 'E': 'center'}",D,D,D,bottom-right,1,0.4118678569793701
0000346_07057_d_0000382.jpg,/home/brisic03/VisDrone/VisDrone2019-DET-val/images/0000346_07057_d_0000382.jpg,presence,Which object type is visible in the drone image?,"{'A': 'bicycle', 'B': 'bus', 'C': 'pedestrian', 'D': 'truck', 'E': 'tricycle'}",C,C,D,truck,0,0.4024484157562256
0000346_07057_d_0000382.jpg,/home/brisic03/VisDrone/VisDrone2019-DET-val/images/0000346_07057_d_0000382.jpg,counting,How many trucks are visible in the drone image?,"{'A': '0', 'B': '1', 'C': '2', 'D': '3', 'E': '4 or more'}",A,A,B,1,0,0.3948047161102295
0000346_07057_d_0000382.jpg,/home/brisic03/VisDrone/VisDrone2019-DET-val/images/0000346_07057_d_0000382.jpg,most_frequent,Which object type appears most often in the drone image?,"{'A': 'bicycle', 'B': 'car', 'C': 'bus', 'D': 'pedestrian', 'E': 'motor'}",D,D,B,car,0,0.39310169219970703
0000346_07057_d_0000382.jpg,/home/brisic03/VisDrone/VisDrone2019-DET-val/images/0000346_07057_d_0000382.jpg,location,Where is the largest bus located in the image?,"{'A': 'top-left', 'B': 'top-right', 'C': 'bottom-left', 'D': 'bottom-right', 'E': 'center'}",B,B,B,top-right,1,0.3871893882751465
0000348_00589_d_0000409.jpg,/home/brisic03/VisDrone/VisDrone2019-DET-val/images/0000348_00589_d_0000409.jpg,presence,Which object type is visible in the drone image?,"{'A': 'tricycle', 'B': 'truck', 'C': 'people', 'D': 'bicycle', 'E': 'pedestrian'}",C,C,E,pedestrian,0,0.3742818832397461
0000348_00589_d_0000409.jpg,/home/brisic03/VisDrone/VisDrone2019-DET-val/images/0000348_00589_d_0000409.jpg,counting,How many pedestrians are visible in the drone image?,"{'A': '0', 'B': '1', 'C': '2', 'D': '3', 'E': '4 or more'}",E,E,B,1,0,0.37557482719421387
0000348_00589_d_0000409.jpg,/home/brisic03/VisDrone/VisDrone2019-DET-val/images/0000348_00589_d_0000409.jpg,most_frequent,Which object type appears most often in the drone image?,"{'A': 'car', 'B': 'motor', 'C': 'tricycle', 'D': 'pedestrian', 'E': 'van'}",A,A,C,tricycle,0,0.3739588260650635
0000348_00589_d_0000409.jpg,/home/brisic03/VisDrone/VisDrone2019-DET-val/images/0000348_00589_d_0000409.jpg,location,Where is the largest van located in the image?,"{'A': 'top-left', 'B': 'top-right', 'C': 'bottom-left', 'D': 'bottom-right', 'E': 'center'}",A,A,E,center,0,0.3683795928955078
0000348_03333_d_0000423.jpg,/home/brisic03/VisDrone/VisDrone2019-DET-val/images/0000348_03333_d_0000423.jpg,presence,Which object type is visible in the drone image?,"{'A': 'pedestrian', 'B': 'motor', 'C': 'bicycle', 'D': 'van', 'E': 'awning-tricycle'}",A,A,C,bicycle,0,0.366718053817749
0000348_03333_d_0000423.jpg,/home/brisic03/VisDrone/VisDrone2019-DET-val/images/0000348_03333_d_0000423.jpg,counting,How many motors are visible in the drone image?,"{'A': '0', 'B': '1', 'C': '2', 'D': '3', 'E': '4 or more'}",A,A,B,1,0,0.3649253845214844
0000348_03333_d_0000423.jpg,/home/brisic03/VisDrone/VisDrone2019-DET-val/images/0000348_03333_d_0000423.jpg,most_frequent,Which object type appears most often in the drone image?,"{'A': 'pedestrian', 'B': 'truck', 'C': 'bicycle', 'D': 'tricycle', 'E': 'van'}",A,A,A,pedestrian,1,0.3683161735534668
0000348_03333_d_0000423.jpg,/home/brisic03/VisDrone/VisDrone2019-DET-val/images/0000348_03333_d_0000423.jpg,location,Where is the largest bicycle located in the image?,"{'A': 'top-left', 'B': 'top-right', 'C': 'bottom-left', 'D': 'bottom-right', 'E': 'center'}",E,E,C,bottom-left,0,0.36691999435424805
0000356_00589_d_0000632.jpg,/home/brisic03/VisDrone/VisDrone2019-DET-val/images/0000356_00589_d_0000632.jpg,presence,Which object type is visible in the drone image?,"{'A': 'truck', 'B': 'tricycle', 'C': 'pedestrian', 'D': 'motor', 'E': 'car'}",B,B,E,car,0,0.365433931350708
0000356_00589_d_0000632.jpg,/home/brisic03/VisDrone/VisDrone2019-DET-val/images/0000356_00589_d_0000632.jpg,counting,How many tricycles are visible in the drone image?,"{'A': '0', 'B': '1', 'C': '2', 'D': '3', 'E': '4 or more'}",D,D,B,1,0,0.36580562591552734
0000356_00589_d_0000632.jpg,/home/brisic03/VisDrone/VisDrone2019-DET-val/images/0000356_00589_d_0000632.jpg,most_frequent,Which object type appears most often in the drone image?,"{'A': 'bus', 'B': 'awning-tricycle', 'C': 'van', 'D': 'car', 'E': 'pedestrian'}",D,D,D,car,1,0.36608433723449707
0000356_00589_d_0000632.jpg,/home/brisic03/VisDrone/VisDrone2019-DET-val/images/0000356_00589_d_0000632.jpg,location,Where is the largest car located in the image?,"{'A': 'top-left', 'B': 'top-right', 'C': 'bottom-left', 'D': 'bottom-right', 'E': 'center'}",E,E,C,bottom-left,0,0.3685934543609619
0000356_01177_d_0000635.jpg,/home/brisic03/VisDrone/VisDrone2019-DET-val/images/0000356_01177_d_0000635.jpg,presence,Which object type is visible in the drone image?,"{'A': 'car', 'B': 'motor', 'C': 'truck', 'D': 'people', 'E': 'bicycle'}",D,D,A,car,0,0.3658177852630615
0000356_01177_d_0000635.jpg,/home/brisic03/VisDrone/VisDrone2019-DET-val/images/0000356_01177_d_0000635.jpg,counting,How many peoples are visible in the drone image?,"{'A': '0', 'B': '1', 'C': '2', 'D': '3', 'E': '4 or more'}",E,E,C,2,0,0.36606693267822266
0000356_01177_d_0000635.jpg,/home/brisic03/VisDrone/VisDrone2019-DET-val/images/0000356_01177_d_0000635.jpg,most_frequent,Which object type appears most often in the drone image?,"{'A': 'truck', 'B': 'pedestrian', 'C': 'car', 'D': 'awning-tricycle', 'E': 'people'}",C,C,C,car,1,0.36507463455200195
0000356_01177_d_0000635.jpg,/home/brisic03/VisDrone/VisDrone2019-DET-val/images/0000356_01177_d_0000635.jpg,location,Where is the largest car located in the image?,"{'A': 'top-left', 'B': 'top-right', 'C': 'bottom-left', 'D': 'bottom-right', 'E': 'center'}",A,A,C,bottom-left,0,0.3677041530609131
0000356_01569_d_0000637.jpg,/home/brisic03/VisDrone/VisDrone2019-DET-val/images/0000356_01569_d_0000637.jpg,presence,Which object type is visible in the drone image?,"{'A': 'truck', 'B': 'car', 'C': 'awning-tricycle', 'D': 'bicycle', 'E': 'motor'}",D,D,B,car,0,0.373018741607666
0000356_01569_d_0000637.jpg,/home/brisic03/VisDrone/VisDrone2019-DET-val/images/0000356_01569_d_0000637.jpg,counting,How many motors are visible in the drone image?,"{'A': '0', 'B': '1', 'C': '2', 'D': '3', 'E': '4 or more'}",E,E,E,4 or more,1,0.37310242652893066
0000356_01569_d_0000637.jpg,/home/brisic03/VisDrone/VisDrone2019-DET-val/images/0000356_01569_d_0000637.jpg,most_frequent,Which object type appears most often in the drone image?,"{'A': 'car', 'B': 'van', 'C': 'awning-tricycle', 'D': 'bicycle', 'E': 'pedestrian'}",A,A,A,car,1,0.37116527557373047
0000356_01569_d_0000637.jpg,/home/brisic03/VisDrone/VisDrone2019-DET-val/images/0000356_01569_d_0000637.jpg,location,Where is the largest car located in the image?,"{'A': 'top-left', 'B': 'top-right', 'C': 'bottom-left', 'D': 'bottom-right', 'E': 'center'}",E,E,D,bottom-right,0,0.3739500045776367
0000356_01765_d_0000638.jpg,/home/brisic03/VisDrone/VisDrone2019-DET-val/images/0000356_01765_d_0000638.jpg,presence,Which object type is visible in the drone image?,"{'A': 'motor', 'B': 'car', 'C': 'tricycle', 'D': 'awning-tricycle', 'E': 'van'}",C,C,C,tricycle,1,0.3696250915527344
0000356_01765_d_0000638.jpg,/home/brisic03/VisDrone/VisDrone2019-DET-val/images/0000356_01765_d_0000638.jpg,counting,How many cars are visible in the drone image?,"{'A': '0', 'B': '1', 'C': '2', 'D': '3', 'E': '4 or more'}",E,E,E,4 or more,1,0.36649036407470703
0000356_01765_d_0000638.jpg,/home/brisic03/VisDrone/VisDrone2019-DET-val/images/0000356_01765_d_0000638.jpg,most_frequent,Which object type appears most often in the drone image?,"{'A': 'car', 'B': 'people', 'C': 'awning-tricycle', 'D': 'van', 'E': 'truck'}",A,A,A,car,1,0.36505937576293945
0000356_01765_d_0000638.jpg,/home/brisic03/VisDrone/VisDrone2019-DET-val/images/0000356_01765_d_0000638.jpg,location,Where is the largest car located in the image?,"{'A': 'top-left', 'B': 'top-right', 'C': 'bottom-left', 'D': 'bottom-right', 'E': 'center'}",E,E,D,bottom-right,0,0.38172245025634766
0000356_01961_d_0000639.jpg,/home/brisic03/VisDrone/VisDrone2019-DET-val/images/0000356_01961_d_0000639.jpg,presence,Which object type is visible in the drone image?,"{'A': 'motor', 'B': 'bus', 'C': 'tricycle', 'D': 'car', 'E': 'truck'}",C,C,A,motor,0,0.39113712310791016
0000356_01961_d_0000639.jpg,/home/brisic03/VisDrone/VisDrone2019-DET-val/images/0000356_01961_d_0000639.jpg,counting,How many pedestrians are visible in the drone image?,"{'A': '0', 'B': '1', 'C': '2', 'D': '3', 'E': '4 or more'}",E,E,B,1,0,0.3766915798187256
0000356_01961_d_0000639.jpg,/home/brisic03/VisDrone/VisDrone2019-DET-val/images/0000356_01961_d_0000639.jpg,most_frequent,Which object type appears most often in the drone image?,"{'A': 'truck', 'B': 'van', 'C': 'people', 'D': 'car', 'E': 'tricycle'}",D,D,D,car,1,0.3760683536529541
0000356_01961_d_0000639.jpg,/home/brisic03/VisDrone/VisDrone2019-DET-val/images/0000356_01961_d_0000639.jpg,location,Where is the largest car located in the image?,"{'A': 'top-left', 'B': 'top-right', 'C': 'bottom-left', 'D': 'bottom-right', 'E': 'center'}",E,E,D,bottom-right,0,0.3737809658050537
0000356_02157_d_0000640.jpg,/home/brisic03/VisDrone/VisDrone2019-DET-val/images/0000356_02157_d_0000640.jpg,presence,Which object type is visible in the drone image?,"{'A': 'bus', 'B': 'truck', 'C': 'awning-tricycle', 'D': 'tricycle', 'E': 'motor'}",D,D,E,motor,0,0.3686404228210449
0000356_02157_d_0000640.jpg,/home/brisic03/VisDrone/VisDrone2019-DET-val/images/0000356_02157_d_0000640.jpg,counting,How many peoples are visible in the drone image?,"{'A': '0', 'B': '1', 'C': '2', 'D': '3', 'E': '4 or more'}",A,A,B,1,0,0.3657569885253906
0000356_02157_d_0000640.jpg,/home/brisic03/VisDrone/VisDrone2019-DET-val/images/0000356_02157_d_0000640.jpg,most_frequent,Which object type appears most often in the drone image?,"{'A': 'bus', 'B': 'car', 'C': 'awning-tricycle', 'D': 'van', 'E': 'bicycle'}",B,B,B,car,1,0.36629557609558105
0000356_02157_d_0000640.jpg,/home/brisic03/VisDrone/VisDrone2019-DET-val/images/0000356_02157_d_0000640.jpg,location,Where is the largest car located in the image?,"{'A': 'top-left', 'B': 'top-right', 'C': 'bottom-left', 'D': 'bottom-right', 'E': 'center'}",E,E,D,bottom-right,0,0.36858272552490234
0000356_02353_d_0000641.jpg,/home/brisic03/VisDrone/VisDrone2019-DET-val/images/0000356_02353_d_0000641.jpg,presence,Which object type is visible in the drone image?,"{'A': 'pedestrian', 'B': 'bus', 'C': 'tricycle', 'D': 'van', 'E': 'awning-tricycle'}",C,C,E,awning-tricycle,0,0.3668186664581299
0000356_02353_d_0000641.jpg,/home/brisic03/VisDrone/VisDrone2019-DET-val/images/0000356_02353_d_0000641.jpg,counting,How many trucks are visible in the drone image?,"{'A': '0', 'B': '1', 'C': '2', 'D': '3', 'E': '4 or more'}",E,E,C,2,0,0.36556172370910645
0000356_02353_d_0000641.jpg,/home/brisic03/VisDrone/VisDrone2019-DET-val/images/0000356_02353_d_0000641.jpg,most_frequent,Which object type appears most often in the drone image?,"{'A': 'van', 'B': 'people', 'C': 'tricycle', 'D': 'truck', 'E': 'car'}",E,E,E,car,1,0.36466050148010254
0000356_02353_d_0000641.jpg,/home/brisic03/VisDrone/VisDrone2019-DET-val/images/0000356_02353_d_0000641.jpg,location,Where is the largest car located in the image?,"{'A': 'top-left', 'B': 'top-right', 'C': 'bottom-left', 'D': 'bottom-right', 'E': 'center'}",E,E,E,center,1,0.3667142391204834
0000356_02745_d_0000643.jpg,/home/brisic03/VisDrone/VisDrone2019-DET-val/images/0000356_02745_d_0000643.jpg,presence,Which object type is visible in the drone image?,"{'A': 'bicycle', 'B': 'truck', 'C': 'pedestrian', 'D': 'van', 'E': 'people'}",C,C,C,pedestrian,1,0.3696715831756592
0000356_02745_d_0000643.jpg,/home/brisic03/VisDrone/VisDrone2019-DET-val/images/0000356_02745_d_0000643.jpg,counting,How many motors are visible in the drone image?,"{'A': '0', 'B': '1', 'C': '2', 'D': '3', 'E': '4 or more'}",E,E,E,4 or more,1,0.3698256015777588
0000356_02745_d_0000643.jpg,/home/brisic03/VisDrone/VisDrone2019-DET-val/images/0000356_02745_d_0000643.jpg,most_frequent,Which object type appears most often in the drone image?,"{'A': 'pedestrian', 'B': 'car', 'C': 'bus', 'D': 'motor', 'E': 'awning-tricycle'}",B,B,B,car,1,0.36774420738220215
0000356_02745_d_0000643.jpg,/home/brisic03/VisDrone/VisDrone2019-DET-val/images/0000356_02745_d_0000643.jpg,location,Where is the largest car located in the image?,"{'A': 'top-left', 'B': 'top-right', 'C': 'bottom-left', 'D': 'bottom-right', 'E': 'center'}",E,E,C,bottom-left,0,0.36769843101501465
0000356_02941_d_0000644.jpg,/home/brisic03/VisDrone/VisDrone2019-DET-val/images/0000356_02941_d_0000644.jpg,presence,Which object type is visible in the drone image?,"{'A': 'motor', 'B': 'tricycle', 'C': 'car', 'D': 'truck', 'E': 'awning-tricycle'}",B,B,D,truck,0,0.3681464195251465
0000356_02941_d_0000644.jpg,/home/brisic03/VisDrone/VisDrone2019-DET-val/images/0000356_02941_d_0000644.jpg,counting,How many tricycles are visible in the drone image?,"{'A': '0', 'B': '1', 'C': '2', 'D': '3', 'E': '4 or more'}",D,D,B,1,0,0.3670542240142822
0000356_02941_d_0000644.jpg,/home/brisic03/VisDrone/VisDrone2019-DET-val/images/0000356_02941_d_0000644.jpg,most_frequent,Which object type appears most often in the drone image?,"{'A': 'pedestrian', 'B': 'van', 'C': 'awning-tricycle', 'D': 'people', 'E': 'car'}",D,D,B,van,0,0.366771936416626
0000356_02941_d_0000644.jpg,/home/brisic03/VisDrone/VisDrone2019-DET-val/images/0000356_02941_d_0000644.jpg,location,Where is the largest van located in the image?,"{'A': 'top-left', 'B': 'top-right', 'C': 'bottom-left', 'D': 'bottom-right', 'E': 'center'}",A,A,C,bottom-left,0,0.36569666862487793
0000356_03333_d_0000646.jpg,/home/brisic03/VisDrone/VisDrone2019-DET-val/images/0000356_03333_d_0000646.jpg,presence,Which object type is visible in the drone image?,"{'A': 'truck', 'B': 'tricycle', 'C': 'van', 'D': 'bicycle', 'E': 'bus'}",B,B,C,van,0,0.36707448959350586
0000356_03333_d_0000646.jpg,/home/brisic03/VisDrone/VisDrone2019-DET-val/images/0000356_03333_d_0000646.jpg,counting,How many trucks are visible in the drone image?,"{'A': '0', 'B': '1', 'C': '2', 'D': '3', 'E': '4 or more'}",E,E,C,2,0,0.3677551746368408
0000356_03333_d_0000646.jpg,/home/brisic03/VisDrone/VisDrone2019-DET-val/images/0000356_03333_d_0000646.jpg,most_frequent,Which object type appears most often in the drone image?,"{'A': 'tricycle', 'B': 'car', 'C': 'bus', 'D': 'awning-tricycle', 'E': 'pedestrian'}",B,B,B,car,1,0.3671891689300537
0000356_03333_d_0000646.jpg,/home/brisic03/VisDrone/VisDrone2019-DET-val/images/0000356_03333_d_0000646.jpg,location,Where is the largest car located in the image?,"{'A': 'top-left', 'B': 'top-right', 'C': 'bottom-left', 'D': 'bottom-right', 'E': 'center'}",B,B,E,center,0,0.3666858673095703
0000356_03529_d_0000647.jpg,/home/brisic03/VisDrone/VisDrone2019-DET-val/images/0000356_03529_d_0000647.jpg,presence,Which object type is visible in the drone image?,"{'A': 'awning-tricycle', 'B': 'motor', 'C': 'car', 'D': 'pedestrian', 'E': 'people'}",A,A,C,car,0,0.375931978225708
0000356_03529_d_0000647.jpg,/home/brisic03/VisDrone/VisDrone2019-DET-val/images/0000356_03529_d_0000647.jpg,counting,How many buss are visible in the drone image?,"{'A': '0', 'B': '1', 'C': '2', 'D': '3', 'E': '4 or more'}",E,E,B,1,0,0.37901878356933594
0000356_03529_d_0000647.jpg,/home/brisic03/VisDrone/VisDrone2019-DET-val/images/0000356_03529_d_0000647.jpg,most_frequent,Which object type appears most often in the drone image?,"{'A': 'awning-tricycle', 'B': 'pedestrian', 'C': 'people', 'D': 'car', 'E': 'tricycle'}",D,D,D,car,1,0.37052106857299805
0000356_03529_d_0000647.jpg,/home/brisic03/VisDrone/VisDrone2019-DET-val/images/0000356_03529_d_0000647.jpg,location,Where is the largest van located in the image?,"{'A': 'top-left', 'B': 'top-right', 'C': 'bottom-left', 'D': 'bottom-right', 'E': 'center'}",B,B,E,center,0,0.37177610397338867
0000356_03725_d_0000648.jpg,/home/brisic03/VisDrone/VisDrone2019-DET-val/images/0000356_03725_d_0000648.jpg,presence,Which object type is visible in the drone image?,"{'A': 'bus', 'B': 'van', 'C': 'truck', 'D': 'tricycle', 'E': 'car'}",D,D,D,tricycle,1,0.37096095085144043
0000356_03725_d_0000648.jpg,/home/brisic03/VisDrone/VisDrone2019-DET-val/images/0000356_03725_d_0000648.jpg,counting,How many awning-tricycles are visible in the drone image?,"{'A': '0', 'B': '1', 'C': '2', 'D': '3', 'E': '4 or more'}",D,D,B,1,0,0.3693563938140869
0000356_03725_d_0000648.jpg,/home/brisic03/VisDrone/VisDrone2019-DET-val/images/0000356_03725_d_0000648.jpg,most_frequent,Which object type appears most often in the drone image?,"{'A': 'awning-tricycle', 'B': 'van', 'C': 'motor', 'D': 'car', 'E': 'pedestrian'}",D,D,D,car,1,0.3661503791809082
0000356_03725_d_0000648.jpg,/home/brisic03/VisDrone/VisDrone2019-DET-val/images/0000356_03725_d_0000648.jpg,location,Where is the largest car located in the image?,"{'A': 'top-left', 'B': 'top-right', 'C': 'bottom-left', 'D': 'bottom-right', 'E': 'center'}",E,E,D,bottom-right,0,0.36620163917541504
0000356_03921_d_0000649.jpg,/home/brisic03/VisDrone/VisDrone2019-DET-val/images/0000356_03921_d_0000649.jpg,presence,Which object type is visible in the drone image?,"{'A': 'people', 'B': 'pedestrian', 'C': 'van', 'D': 'bus', 'E': 'bicycle'}",A,A,A,people,1,0.3682236671447754
0000356_03921_d_0000649.jpg,/home/brisic03/VisDrone/VisDrone2019-DET-val/images/0000356_03921_d_0000649.jpg,counting,How many trucks are visible in the drone image?,"{'A': '0', 'B': '1', 'C': '2', 'D': '3', 'E': '4 or more'}",A,A,C,2,0,0.36919593811035156
0000356_03921_d_0000649.jpg,/home/brisic03/VisDrone/VisDrone2019-DET-val/images/0000356_03921_d_0000649.jpg,most_frequent,Which object type appears most often in the drone image?,"{'A': 'pedestrian', 'B': 'tricycle', 'C': 'motor', 'D': 'awning-tricycle', 'E': 'car'}",C,C,E,car,0,0.3665635585784912
0000356_03921_d_0000649.jpg,/home/brisic03/VisDrone/VisDrone2019-DET-val/images/0000356_03921_d_0000649.jpg,location,Where is the largest car located in the image?,"{'A': 'top-left', 'B': 'top-right', 'C': 'bottom-left', 'D': 'bottom-right', 'E': 'center'}",E,E,E,center,1,0.36596107482910156
0000356_04117_d_0000650.jpg,/home/brisic03/VisDrone/VisDrone2019-DET-val/images/0000356_04117_d_0000650.jpg,presence,Which object type is visible in the drone image?,"{'A': 'awning-tricycle', 'B': 'tricycle', 'C': 'car', 'D': 'truck', 'E': 'van'}",B,B,B,tricycle,1,0.3697376251220703
0000356_04117_d_0000650.jpg,/home/brisic03/VisDrone/VisDrone2019-DET-val/images/0000356_04117_d_0000650.jpg,counting,How many cars are visible in the drone image?,"{'A': '0', 'B': '1', 'C': '2', 'D': '3', 'E': '4 or more'}",E,E,E,4 or more,1,0.3736112117767334
0000356_04117_d_0000650.jpg,/home/brisic03/VisDrone/VisDrone2019-DET-val/images/0000356_04117_d_0000650.jpg,most_frequent,Which object type appears most often in the drone image?,"{'A': 'car', 'B': 'van', 'C': 'people', 'D': 'awning-tricycle', 'E': 'tricycle'}",A,A,A,car,1,0.3688497543334961
0000356_04117_d_0000650.jpg,/home/brisic03/VisDrone/VisDrone2019-DET-val/images/0000356_04117_d_0000650.jpg,location,Where is the largest car located in the image?,"{'A': 'top-left', 'B': 'top-right', 'C': 'bottom-left', 'D': 'bottom-right', 'E': 'center'}",E,E,D,bottom-right,0,0.3659203052520752
0000356_04313_d_0000651.jpg,/home/brisic03/VisDrone/VisDrone2019-DET-val/images/0000356_04313_d_0000651.jpg,presence,Which object type is visible in the drone image?,"{'A': 'bus', 'B': 'people', 'C': 'pedestrian', 'D': 'car', 'E': 'tricycle'}",C,C,E,tricycle,0,0.3659226894378662
0000356_04313_d_0000651.jpg,/home/brisic03/VisDrone/VisDrone2019-DET-val/images/0000356_04313_d_0000651.jpg,counting,How many tricycles are visible in the drone image?,"{'A': '0', 'B': '1', 'C': '2', 'D': '3', 'E': '4 or more'}",D,D,B,1,0,0.3681507110595703
0000356_04313_d_0000651.jpg,/home/brisic03/VisDrone/VisDrone2019-DET-val/images/0000356_04313_d_0000651.jpg,most_frequent,Which object type appears most often in the drone image?,"{'A': 'pedestrian', 'B': 'bus', 'C': 'car', 'D': 'motor', 'E': 'van'}",C,C,C,car,1,0.36864399909973145
0000356_04313_d_0000651.jpg,/home/brisic03/VisDrone/VisDrone2019-DET-val/images/0000356_04313_d_0000651.jpg,location,Where is the largest car located in the image?,"{'A': 'top-left', 'B': 'top-right', 'C': 'bottom-left', 'D': 'bottom-right', 'E': 'center'}",E,E,E,center,1,0.38369226455688477
0000356_04705_d_0000653.jpg,/home/brisic03/VisDrone/VisDrone2019-DET-val/images/0000356_04705_d_0000653.jpg,presence,Which object type is visible in the drone image?,"{'A': 'bicycle', 'B': 'awning-tricycle', 'C': 'tricycle', 'D': 'bus', 'E': 'car'}",A,A,E,car,0,0.40211057662963867
0000356_04705_d_0000653.jpg,/home/brisic03/VisDrone/VisDrone2019-DET-val/images/0000356_04705_d_0000653.jpg,counting,How many motors are visible in the drone image?,"{'A': '0', 'B': '1', 'C': '2', 'D': '3', 'E': '4 or more'}",A,A,C,2,0,0.3930976390838623
0000356_04705_d_0000653.jpg,/home/brisic03/VisDrone/VisDrone2019-DET-val/images/0000356_04705_d_0000653.jpg,most_frequent,Which object type appears most often in the drone image?,"{'A': 'car', 'B': 'pedestrian', 'C': 'bicycle', 'D': 'people', 'E': 'truck'}",D,D,A,car,0,0.37796497344970703
0000356_04705_d_0000653.jpg,/home/brisic03/VisDrone/VisDrone2019-DET-val/images/0000356_04705_d_0000653.jpg,location,Where is the largest car located in the image?,"{'A': 'top-left', 'B': 'top-right', 'C': 'bottom-left', 'D': 'bottom-right', 'E': 'center'}",E,E,D,bottom-right,0,0.37577128410339355
0000356_04901_d_0000654.jpg,/home/brisic03/VisDrone/VisDrone2019-DET-val/images/0000356_04901_d_0000654.jpg,presence,Which object type is visible in the drone image?,"{'A': 'pedestrian', 'B': 'motor', 'C': 'bus', 'D': 'car', 'E': 'people'}",B,B,B,motor,1,0.37430334091186523
0000356_04901_d_0000654.jpg,/home/brisic03/VisDrone/VisDrone2019-DET-val/images/0000356_04901_d_0000654.jpg,counting,How many tricycles are visible in the drone image?,"{'A': '0', 'B': '1', 'C': '2', 'D': '3', 'E': '4 or more'}",D,D,B,1,0,0.37217211723327637
0000356_04901_d_0000654.jpg,/home/brisic03/VisDrone/VisDrone2019-DET-val/images/0000356_04901_d_0000654.jpg,most_frequent,Which object type appears most often in the drone image?,"{'A': 'pedestrian', 'B': 'truck', 'C': 'car', 'D': 'awning-tricycle', 'E': 'people'}",C,C,C,car,1,0.3686821460723877
0000356_04901_d_0000654.jpg,/home/brisic03/VisDrone/VisDrone2019-DET-val/images/0000356_04901_d_0000654.jpg,location,Where is the largest bus located in the image?,"{'A': 'top-left', 'B': 'top-right', 'C': 'bottom-left', 'D': 'bottom-right', 'E': 'center'}",B,B,E,center,0,0.3664743900299072
0000356_05097_d_0000655.jpg,/home/brisic03/VisDrone/VisDrone2019-DET-val/images/0000356_05097_d_0000655.jpg,presence,Which object type is visible in the drone image?,"{'A': 'bicycle', 'B': 'bus', 'C': 'car', 'D': 'awning-tricycle', 'E': 'pedestrian'}",A,A,D,awning-tricycle,0,0.36902403831481934
0000356_05097_d_0000655.jpg,/home/brisic03/VisDrone/VisDrone2019-DET-val/images/0000356_05097_d_0000655.jpg,counting,How many peoples are visible in the drone image?,"{'A': '0', 'B': '1', 'C': '2', 'D': '3', 'E': '4 or more'}",E,E,B,1,0,0.3672502040863037
0000356_05097_d_0000655.jpg,/home/brisic03/VisDrone/VisDrone2019-DET-val/images/0000356_05097_d_0000655.jpg,most_frequent,Which object type appears most often in the drone image?,"{'A': 'awning-tricycle', 'B': 'bus', 'C': 'tricycle', 'D': 'car', 'E': 'people'}",D,D,D,car,1,0.3661322593688965
0000356_05097_d_0000655.jpg,/home/brisic03/VisDrone/VisDrone2019-DET-val/images/0000356_05097_d_0000655.jpg,location,Where is the largest car located in the image?,"{'A': 'top-left', 'B': 'top-right', 'C': 'bottom-left', 'D': 'bottom-right', 'E': 'center'}",E,E,E,center,1,0.3665139675140381
0000358_03333_d_0000697.jpg,/home/brisic03/VisDrone/VisDrone2019-DET-val/images/0000358_03333_d_0000697.jpg,presence,Which object type is visible in the drone image?,"{'A': 'awning-tricycle', 'B': 'people', 'C': 'tricycle', 'D': 'car', 'E': 'motor'}",C,C,D,car,0,0.36818671226501465
0000358_03333_d_0000697.jpg,/home/brisic03/VisDrone/VisDrone2019-DET-val/images/0000358_03333_d_0000697.jpg,counting,How many vans are visible in the drone image?,"{'A': '0', 'B': '1', 'C': '2', 'D': '3', 'E': '4 or more'}",E,E,D,3,0,0.3676798343658447
0000358_03333_d_0000697.jpg,/home/brisic03/VisDrone/VisDrone2019-DET-val/images/0000358_03333_d_0000697.jpg,most_frequent,Which object type appears most often in the drone image?,"{'A': 'tricycle', 'B': 'pedestrian', 'C': 'awning-tricycle', 'D': 'bicycle', 'E': 'car'}",E,E,E,car,1,0.3677504062652588
0000358_03333_d_0000697.jpg,/home/brisic03/VisDrone/VisDrone2019-DET-val/images/0000358_03333_d_0000697.jpg,location,Where is the largest car located in the image?,"{'A': 'top-left', 'B': 'top-right', 'C': 'bottom-left', 'D': 'bottom-right', 'E': 'center'}",E,E,C,bottom-left,0,0.3651137351989746
0000359_00393_d_0000701.jpg,/home/brisic03/VisDrone/VisDrone2019-DET-val/images/0000359_00393_d_0000701.jpg,presence,Which object type is visible in the drone image?,"{'A': 'car', 'B': 'motor', 'C': 'van', 'D': 'pedestrian', 'E': 'truck'}",A,A,D,pedestrian,0,0.365309476852417
0000359_00393_d_0000701.jpg,/home/brisic03/VisDrone/VisDrone2019-DET-val/images/0000359_00393_d_0000701.jpg,counting,How many pedestrians are visible in the drone image?,"{'A': '0', 'B': '1', 'C': '2', 'D': '3', 'E': '4 or more'}",E,E,B,1,0,0.3686206340789795
0000359_00393_d_0000701.jpg,/home/brisic03/VisDrone/VisDrone2019-DET-val/images/0000359_00393_d_0000701.jpg,most_frequent,Which object type appears most often in the drone image?,"{'A': 'truck', 'B': 'motor', 'C': 'van', 'D': 'car', 'E': 'people'}",D,D,D,car,1,0.36551403999328613
0000359_00393_d_0000701.jpg,/home/brisic03/VisDrone/VisDrone2019-DET-val/images/0000359_00393_d_0000701.jpg,location,Where is the largest car located in the image?,"{'A': 'top-left', 'B': 'top-right', 'C': 'bottom-left', 'D': 'bottom-right', 'E': 'center'}",E,E,E,center,1,0.3754918575286865
0000359_00589_d_0000702.jpg,/home/brisic03/VisDrone/VisDrone2019-DET-val/images/0000359_00589_d_0000702.jpg,presence,Which object type is visible in the drone image?,"{'A': 'car', 'B': 'bicycle', 'C': 'truck', 'D': 'motor', 'E': 'bus'}",B,B,D,motor,0,0.36835312843322754
0000359_00589_d_0000702.jpg,/home/brisic03/VisDrone/VisDrone2019-DET-val/images/0000359_00589_d_0000702.jpg,counting,How many tricycles are visible in the drone image?,"{'A': '0', 'B': '1', 'C': '2', 'D': '3', 'E': '4 or more'}",D,D,B,1,0,0.3686561584472656
0000359_00589_d_0000702.jpg,/home/brisic03/VisDrone/VisDrone2019-DET-val/images/0000359_00589_d_0000702.jpg,most_frequent,Which object type appears most often in the drone image?,"{'A': 'bus', 'B': 'bicycle', 'C': 'truck', 'D': 'van', 'E': 'car'}",B,B,E,car,0,0.3656270503997803
0000359_00589_d_0000702.jpg,/home/brisic03/VisDrone/VisDrone2019-DET-val/images/0000359_00589_d_0000702.jpg,location,Where is the largest car located in the image?,"{'A': 'top-left', 'B': 'top-right', 'C': 'bottom-left', 'D': 'bottom-right', 'E': 'center'}",D,D,D,bottom-right,1,0.36675119400024414
0000359_00785_d_0000703.jpg,/home/brisic03/VisDrone/VisDrone2019-DET-val/images/0000359_00785_d_0000703.jpg,presence,Which object type is visible in the drone image?,"{'A': 'truck', 'B': 'tricycle', 'C': 'van', 'D': 'pedestrian', 'E': 'car'}",D,D,D,pedestrian,1,0.3665447235107422
0000359_00785_d_0000703.jpg,/home/brisic03/VisDrone/VisDrone2019-DET-val/images/0000359_00785_d_0000703.jpg,counting,How many pedestrians are visible in the drone image?,"{'A': '0', 'B': '1', 'C': '2', 'D': '3', 'E': '4 or more'}",C,C,B,1,0,0.3771986961364746
0000359_00785_d_0000703.jpg,/home/brisic03/VisDrone/VisDrone2019-DET-val/images/0000359_00785_d_0000703.jpg,most_frequent,Which object type appears most often in the drone image?,"{'A': 'truck', 'B': 'awning-tricycle', 'C': 'car', 'D': 'pedestrian', 'E': 'bus'}",C,C,C,car,1,0.38177990913391113
0000359_00785_d_0000703.jpg,/home/brisic03/VisDrone/VisDrone2019-DET-val/images/0000359_00785_d_0000703.jpg,location,Where is the largest car located in the image?,"{'A': 'top-left', 'B': 'top-right', 'C': 'bottom-left', 'D': 'bottom-right', 'E': 'center'}",A,A,D,bottom-right,0,0.3711690902709961
0000359_00981_d_0000704.jpg,/home/brisic03/VisDrone/VisDrone2019-DET-val/images/0000359_00981_d_0000704.jpg,presence,Which object type is visible in the drone image?,"{'A': 'motor', 'B': 'bicycle', 'C': 'truck', 'D': 'pedestrian', 'E': 'van'}",D,D,B,bicycle,0,0.3719613552093506
0000359_00981_d_0000704.jpg,/home/brisic03/VisDrone/VisDrone2019-DET-val/images/0000359_00981_d_0000704.jpg,counting,How many motors are visible in the drone image?,"{'A': '0', 'B': '1', 'C': '2', 'D': '3', 'E': '4 or more'}",A,A,B,1,0,0.3720118999481201
0000359_00981_d_0000704.jpg,/home/brisic03/VisDrone/VisDrone2019-DET-val/images/0000359_00981_d_0000704.jpg,most_frequent,Which object type appears most often in the drone image?,"{'A': 'people', 'B': 'pedestrian', 'C': 'van', 'D': 'awning-tricycle', 'E': 'car'}",A,A,E,car,0,0.36818742752075195
0000359_00981_d_0000704.jpg,/home/brisic03/VisDrone/VisDrone2019-DET-val/images/0000359_00981_d_0000704.jpg,location,Where is the largest car located in the image?,"{'A': 'top-left', 'B': 'top-right', 'C': 'bottom-left', 'D': 'bottom-right', 'E': 'center'}",A,A,D,bottom-right,0,0.3658871650695801
0000359_01177_d_0000705.jpg,/home/brisic03/VisDrone/VisDrone2019-DET-val/images/0000359_01177_d_0000705.jpg,presence,Which object type is visible in the drone image?,"{'A': 'motor', 'B': 'bus', 'C': 'pedestrian', 'D': 'tricycle', 'E': 'car'}",C,C,A,motor,0,0.37367987632751465
0000359_01177_d_0000705.jpg,/home/brisic03/VisDrone/VisDrone2019-DET-val/images/0000359_01177_d_0000705.jpg,counting,How many cars are visible in the drone image?,"{'A': '0', 'B': '1', 'C': '2', 'D': '3', 'E': '4 or more'}",E,E,E,4 or more,1,0.3727748394012451
0000359_01177_d_0000705.jpg,/home/brisic03/VisDrone/VisDrone2019-DET-val/images/0000359_01177_d_0000705.jpg,most_frequent,Which object type appears most often in the drone image?,"{'A': 'truck', 'B': 'tricycle', 'C': 'pedestrian', 'D': 'car', 'E': 'bus'}",D,D,D,car,1,0.3679347038269043
0000359_01177_d_0000705.jpg,/home/brisic03/VisDrone/VisDrone2019-DET-val/images/0000359_01177_d_0000705.jpg,location,Where is the largest car located in the image?,"{'A': 'top-left', 'B': 'top-right', 'C': 'bottom-left', 'D': 'bottom-right', 'E': 'center'}",A,A,E,center,0,0.3660745620727539
0000359_01373_d_0000706.jpg,/home/brisic03/VisDrone/VisDrone2019-DET-val/images/0000359_01373_d_0000706.jpg,presence,Which object type is visible in the drone image?,"{'A': 'tricycle', 'B': 'car', 'C': 'truck', 'D': 'motor', 'E': 'people'}",A,A,B,car,0,0.36528897285461426
0000359_01373_d_0000706.jpg,/home/brisic03/VisDrone/VisDrone2019-DET-val/images/0000359_01373_d_0000706.jpg,counting,How many cars are visible in the drone image?,"{'A': '0', 'B': '1', 'C': '2', 'D': '3', 'E': '4 or more'}",E,E,E,4 or more,1,0.36841249465942383
0000359_01373_d_0000706.jpg,/home/brisic03/VisDrone/VisDrone2019-DET-val/images/0000359_01373_d_0000706.jpg,most_frequent,Which object type appears most often in the drone image?,"{'A': 'people', 'B': 'tricycle', 'C': 'car', 'D': 'truck', 'E': 'bus'}",C,C,C,car,1,0.37890625
0000359_01373_d_0000706.jpg,/home/brisic03/VisDrone/VisDrone2019-DET-val/images/0000359_01373_d_0000706.jpg,location,Where is the largest car located in the image?,"{'A': 'top-left', 'B': 'top-right', 'C': 'bottom-left', 'D': 'bottom-right', 'E': 'center'}",A,A,E,center,0,0.3842768669128418
0000359_01961_d_0000707.jpg,/home/brisic03/VisDrone/VisDrone2019-DET-val/images/0000359_01961_d_0000707.jpg,presence,Which object type is visible in the drone image?,"{'A': 'van', 'B': 'truck', 'C': 'people', 'D': 'pedestrian', 'E': 'awning-tricycle'}",A,A,A,van,1,0.3847343921661377
0000359_01961_d_0000707.jpg,/home/brisic03/VisDrone/VisDrone2019-DET-val/images/0000359_01961_d_0000707.jpg,counting,How many pedestrians are visible in the drone image?,"{'A': '0', 'B': '1', 'C': '2', 'D': '3', 'E': '4 or more'}",A,A,C,2,0,0.3771860599517822
0000359_01961_d_0000707.jpg,/home/brisic03/VisDrone/VisDrone2019-DET-val/images/0000359_01961_d_0000707.jpg,most_frequent,Which object type appears most often in the drone image?,"{'A': 'people', 'B': 'awning-tricycle', 'C': 'car', 'D': 'pedestrian', 'E': 'van'}",C,C,C,car,1,0.3697330951690674
0000359_01961_d_0000707.jpg,/home/brisic03/VisDrone/VisDrone2019-DET-val/images/0000359_01961_d_0000707.jpg,location,Where is the largest car located in the image?,"{'A': 'top-left', 'B': 'top-right', 'C': 'bottom-left', 'D': 'bottom-right', 'E': 'center'}",E,E,E,center,1,0.36666011810302734
0000359_02353_d_0000708.jpg,/home/brisic03/VisDrone/VisDrone2019-DET-val/images/0000359_02353_d_0000708.jpg,presence,Which object type is visible in the drone image?,"{'A': 'pedestrian', 'B': 'motor', 'C': 'people', 'D': 'bus', 'E': 'truck'}",B,B,A,pedestrian,0,0.36574673652648926
0000359_02353_d_0000708.jpg,/home/brisic03/VisDrone/VisDrone2019-DET-val/images/0000359_02353_d_0000708.jpg,counting,How many cars are visible in the drone image?,"{'A': '0', 'B': '1', 'C': '2', 'D': '3', 'E': '4 or more'}",E,E,E,4 or more,1,0.37195563316345215
0000359_02353_d_0000708.jpg,/home/brisic03/VisDrone/VisDrone2019-DET-val/images/0000359_02353_d_0000708.jpg,most_frequent,Which object type appears most often in the drone image?,"{'A': 'motor', 'B': 'pedestrian', 'C': 'car', 'D': 'truck', 'E': 'tricycle'}",C,C,C,car,1,0.37312936782836914
0000359_02353_d_0000708.jpg,/home/brisic03/VisDrone/VisDrone2019-DET-val/images/0000359_02353_d_0000708.jpg,location,Where is the largest car located in the image?,"{'A': 'top-left', 'B': 'top-right', 'C': 'bottom-left', 'D': 'bottom-right', 'E': 'center'}",E,E,C,bottom-left,0,0.3670799732208252
0000359_02549_d_0000709.jpg,/home/brisic03/VisDrone/VisDrone2019-DET-val/images/0000359_02549_d_0000709.jpg,presence,Which object type is visible in the drone image?,"{'A': 'bicycle', 'B': 'bus', 'C': 'van', 'D': 'pedestrian', 'E': 'motor'}",D,D,C,van,0,0.36527442932128906
0000359_02549_d_0000709.jpg,/home/brisic03/VisDrone/VisDrone2019-DET-val/images/0000359_02549_d_0000709.jpg,counting,How many vans are visible in the drone image?,"{'A': '0', 'B': '1', 'C': '2', 'D': '3', 'E': '4 or more'}",D,D,C,2,0,0.36714601516723633
0000359_02549_d_0000709.jpg,/home/brisic03/VisDrone/VisDrone2019-DET-val/images/0000359_02549_d_0000709.jpg,most_frequent,Which object type appears most often in the drone image?,"{'A': 'truck', 'B': 'people', 'C': 'pedestrian', 'D': 'car', 'E': 'awning-tricycle'}",D,D,D,car,1,0.36804771423339844
0000359_02549_d_0000709.jpg,/home/brisic03/VisDrone/VisDrone2019-DET-val/images/0000359_02549_d_0000709.jpg,location,Where is the largest car located in the image?,"{'A': 'top-left', 'B': 'top-right', 'C': 'bottom-left', 'D': 'bottom-right', 'E': 'center'}",E,E,E,center,1,0.36789989471435547
0000359_03333_d_0000711.jpg,/home/brisic03/VisDrone/VisDrone2019-DET-val/images/0000359_03333_d_0000711.jpg,presence,Which object type is visible in the drone image?,"{'A': 'tricycle', 'B': 'bus', 'C': 'awning-tricycle', 'D': 'motor', 'E': 'bicycle'}",A,A,D,motor,0,0.38605427742004395
0000359_03333_d_0000711.jpg,/home/brisic03/VisDrone/VisDrone2019-DET-val/images/0000359_03333_d_0000711.jpg,counting,How many cars are visible in the drone image?,"{'A': '0', 'B': '1', 'C': '2', 'D': '3', 'E': '4 or more'}",D,D,C,2,0,0.41093945503234863
0000359_03333_d_0000711.jpg,/home/brisic03/VisDrone/VisDrone2019-DET-val/images/0000359_03333_d_0000711.jpg,location,Where is the largest car located in the image?,"{'A': 'top-left', 'B': 'top-right', 'C': 'bottom-left', 'D': 'bottom-right', 'E': 'center'}",E,E,E,center,1,0.3948945999145508
0000359_03529_d_0000712.jpg,/home/brisic03/VisDrone/VisDrone2019-DET-val/images/0000359_03529_d_0000712.jpg,presence,Which object type is visible in the drone image?,"{'A': 'car', 'B': 'motor', 'C': 'bus', 'D': 'van', 'E': 'truck'}",A,A,B,motor,0,0.39754152297973633
0000359_03529_d_0000712.jpg,/home/brisic03/VisDrone/VisDrone2019-DET-val/images/0000359_03529_d_0000712.jpg,counting,How many vans are visible in the drone image?,"{'A': '0', 'B': '1', 'C': '2', 'D': '3', 'E': '4 or more'}",B,B,C,2,0,0.3929431438446045
0000359_03529_d_0000712.jpg,/home/brisic03/VisDrone/VisDrone2019-DET-val/images/0000359_03529_d_0000712.jpg,most_frequent,Which object type appears most often in the drone image?,"{'A': 'awning-tricycle', 'B': 'people', 'C': 'bicycle', 'D': 'pedestrian', 'E': 'bus'}",C,C,B,people,0,0.3752555847167969
0000359_03529_d_0000712.jpg,/home/brisic03/VisDrone/VisDrone2019-DET-val/images/0000359_03529_d_0000712.jpg,location,Where is the largest car located in the image?,"{'A': 'top-left', 'B': 'top-right', 'C': 'bottom-left', 'D': 'bottom-right', 'E': 'center'}",A,A,E,center,0,0.37369370460510254
0000360_00001_d_0000713.jpg,/home/brisic03/VisDrone/VisDrone2019-DET-val/images/0000360_00001_d_0000713.jpg,presence,Which object type is visible in the drone image?,"{'A': 'motor', 'B': 'van', 'C': 'car', 'D': 'bus', 'E': 'bicycle'}",C,C,A,motor,0,0.37352442741394043
0000360_00001_d_0000713.jpg,/home/brisic03/VisDrone/VisDrone2019-DET-val/images/0000360_00001_d_0000713.jpg,counting,How many motors are visible in the drone image?,"{'A': '0', 'B': '1', 'C': '2', 'D': '3', 'E': '4 or more'}",E,E,B,1,0,0.36907315254211426
0000360_00001_d_0000713.jpg,/home/brisic03/VisDrone/VisDrone2019-DET-val/images/0000360_00001_d_0000713.jpg,most_frequent,Which object type appears most often in the drone image?,"{'A': 'bicycle', 'B': 'car', 'C': 'truck', 'D': 'people', 'E': 'motor'}",B,B,B,car,1,0.3658425807952881
0000360_00001_d_0000713.jpg,/home/brisic03/VisDrone/VisDrone2019-DET-val/images/0000360_00001_d_0000713.jpg,location,Where is the largest car located in the image?,"{'A': 'top-left', 'B': 'top-right', 'C': 'bottom-left', 'D': 'bottom-right', 'E': 'center'}",E,E,E,center,1,0.38034653663635254
0000360_00197_d_0000714.jpg,/home/brisic03/VisDrone/VisDrone2019-DET-val/images/0000360_00197_d_0000714.jpg,presence,Which object type is visible in the drone image?,"{'A': 'people', 'B': 'awning-tricycle', 'C': 'motor', 'D': 'van', 'E': 'pedestrian'}",A,A,B,awning-tricycle,0,0.39740800857543945
0000360_00197_d_0000714.jpg,/home/brisic03/VisDrone/VisDrone2019-DET-val/images/0000360_00197_d_0000714.jpg,counting,How many vans are visible in the drone image?,"{'A': '0', 'B': '1', 'C': '2', 'D': '3', 'E': '4 or more'}",E,E,B,1,0,0.3877136707305908
0000360_00197_d_0000714.jpg,/home/brisic03/VisDrone/VisDrone2019-DET-val/images/0000360_00197_d_0000714.jpg,most_frequent,Which object type appears most often in the drone image?,"{'A': 'people', 'B': 'van', 'C': 'motor', 'D': 'car', 'E': 'awning-tricycle'}",D,D,D,car,1,0.3780045509338379
0000360_00197_d_0000714.jpg,/home/brisic03/VisDrone/VisDrone2019-DET-val/images/0000360_00197_d_0000714.jpg,location,Where is the largest van located in the image?,"{'A': 'top-left', 'B': 'top-right', 'C': 'bottom-left', 'D': 'bottom-right', 'E': 'center'}",A,A,E,center,0,0.3765232563018799
0000360_00393_d_0000715.jpg,/home/brisic03/VisDrone/VisDrone2019-DET-val/images/0000360_00393_d_0000715.jpg,presence,Which object type is visible in the drone image?,"{'A': 'motor', 'B': 'truck', 'C': 'car', 'D': 'tricycle', 'E': 'awning-tricycle'}",D,D,C,car,0,0.3700370788574219
0000360_00393_d_0000715.jpg,/home/brisic03/VisDrone/VisDrone2019-DET-val/images/0000360_00393_d_0000715.jpg,counting,How many motors are visible in the drone image?,"{'A': '0', 'B': '1', 'C': '2', 'D': '3', 'E': '4 or more'}",E,E,C,2,0,0.3665122985839844
0000360_00393_d_0000715.jpg,/home/brisic03/VisDrone/VisDrone2019-DET-val/images/0000360_00393_d_0000715.jpg,most_frequent,Which object type appears most often in the drone image?,"{'A': 'bus', 'B': 'people', 'C': 'motor', 'D': 'car', 'E': 'bicycle'}",D,D,D,car,1,0.3652670383453369
0000360_00393_d_0000715.jpg,/home/brisic03/VisDrone/VisDrone2019-DET-val/images/0000360_00393_d_0000715.jpg,location,Where is the largest car located in the image?,"{'A': 'top-left', 'B': 'top-right', 'C': 'bottom-left', 'D': 'bottom-right', 'E': 'center'}",A,A,E,center,0,0.3693881034851074
0000360_00589_d_0000716.jpg,/home/brisic03/VisDrone/VisDrone2019-DET-val/images/0000360_00589_d_0000716.jpg,presence,Which object type is visible in the drone image?,"{'A': 'people', 'B': 'car', 'C': 'motor', 'D': 'tricycle', 'E': 'bus'}",D,D,A,people,0,0.3668506145477295
0000360_00589_d_0000716.jpg,/home/brisic03/VisDrone/VisDrone2019-DET-val/images/0000360_00589_d_0000716.jpg,counting,How many awning-tricycles are visible in the drone image?,"{'A': '0', 'B': '1', 'C': '2', 'D': '3', 'E': '4 or more'}",C,C,C,2,1,0.3674280643463135
0000360_00589_d_0000716.jpg,/home/brisic03/VisDrone/VisDrone2019-DET-val/images/0000360_00589_d_0000716.jpg,most_frequent,Which object type appears most often in the drone image?,"{'A': 'motor', 'B': 'tricycle', 'C': 'people', 'D': 'car', 'E': 'truck'}",D,D,D,car,1,0.3640007972717285
0000360_00589_d_0000716.jpg,/home/brisic03/VisDrone/VisDrone2019-DET-val/images/0000360_00589_d_0000716.jpg,location,Where is the largest car located in the image?,"{'A': 'top-left', 'B': 'top-right', 'C': 'bottom-left', 'D': 'bottom-right', 'E': 'center'}",E,E,E,center,1,0.3672976493835449
0000360_00785_d_0000717.jpg,/home/brisic03/VisDrone/VisDrone2019-DET-val/images/0000360_00785_d_0000717.jpg,presence,Which object type is visible in the drone image?,"{'A': 'tricycle', 'B': 'motor', 'C': 'car', 'D': 'pedestrian', 'E': 'bus'}",A,A,D,pedestrian,0,0.36640381813049316
0000360_00785_d_0000717.jpg,/home/brisic03/VisDrone/VisDrone2019-DET-val/images/0000360_00785_d_0000717.jpg,counting,How many pedestrians are visible in the drone image?,"{'A': '0', 'B': '1', 'C': '2', 'D': '3', 'E': '4 or more'}",E,E,B,1,0,0.3741455078125
0000360_00785_d_0000717.jpg,/home/brisic03/VisDrone/VisDrone2019-DET-val/images/0000360_00785_d_0000717.jpg,most_frequent,Which object type appears most often in the drone image?,"{'A': 'bus', 'B': 'car', 'C': 'awning-tricycle', 'D': 'truck', 'E': 'people'}",B,B,B,car,1,0.375199556350708
0000360_00785_d_0000717.jpg,/home/brisic03/VisDrone/VisDrone2019-DET-val/images/0000360_00785_d_0000717.jpg,location,Where is the largest car located in the image?,"{'A': 'top-left', 'B': 'top-right', 'C': 'bottom-left', 'D': 'bottom-right', 'E': 'center'}",E,E,C,bottom-left,0,0.37911367416381836
0000360_00981_d_0000718.jpg,/home/brisic03/VisDrone/VisDrone2019-DET-val/images/0000360_00981_d_0000718.jpg,presence,Which object type is visible in the drone image?,"{'A': 'truck', 'B': 'pedestrian', 'C': 'car', 'D': 'people', 'E': 'van'}",D,D,E,van,0,0.370943546295166
0000360_00981_d_0000718.jpg,/home/brisic03/VisDrone/VisDrone2019-DET-val/images/0000360_00981_d_0000718.jpg,counting,How many motors are visible in the drone image?,"{'A': '0', 'B': '1', 'C': '2', 'D': '3', 'E': '4 or more'}",A,A,E,4 or more,0,0.36835551261901855
0000360_00981_d_0000718.jpg,/home/brisic03/VisDrone/VisDrone2019-DET-val/images/0000360_00981_d_0000718.jpg,most_frequent,Which object type appears most often in the drone image?,"{'A': 'people', 'B': 'van', 'C': 'pedestrian', 'D': 'awning-tricycle', 'E': 'car'}",A,A,E,car,0,0.3672473430633545
0000360_00981_d_0000718.jpg,/home/brisic03/VisDrone/VisDrone2019-DET-val/images/0000360_00981_d_0000718.jpg,location,Where is the largest car located in the image?,"{'A': 'top-left', 'B': 'top-right', 'C': 'bottom-left', 'D': 'bottom-right', 'E': 'center'}",B,B,E,center,0,0.36890363693237305
0000360_02353_d_0000725.jpg,/home/brisic03/VisDrone/VisDrone2019-DET-val/images/0000360_02353_d_0000725.jpg,presence,Which object type is visible in the drone image?,"{'A': 'car', 'B': 'bicycle', 'C': 'pedestrian', 'D': 'people', 'E': 'tricycle'}",E,E,D,people,0,0.3789384365081787
0000360_02353_d_0000725.jpg,/home/brisic03/VisDrone/VisDrone2019-DET-val/images/0000360_02353_d_0000725.jpg,counting,How many awning-tricycles are visible in the drone image?,"{'A': '0', 'B': '1', 'C': '2', 'D': '3', 'E': '4 or more'}",A,A,C,2,0,0.38368844985961914
0000360_02353_d_0000725.jpg,/home/brisic03/VisDrone/VisDrone2019-DET-val/images/0000360_02353_d_0000725.jpg,most_frequent,Which object type appears most often in the drone image?,"{'A': 'awning-tricycle', 'B': 'car', 'C': 'truck', 'D': 'pedestrian', 'E': 'bicycle'}",B,B,B,car,1,0.37541794776916504
0000360_02353_d_0000725.jpg,/home/brisic03/VisDrone/VisDrone2019-DET-val/images/0000360_02353_d_0000725.jpg,location,Where is the largest car located in the image?,"{'A': 'top-left', 'B': 'top-right', 'C': 'bottom-left', 'D': 'bottom-right', 'E': 'center'}",E,E,D,bottom-right,0,0.37467122077941895
0000360_02745_d_0000727.jpg,/home/brisic03/VisDrone/VisDrone2019-DET-val/images/0000360_02745_d_0000727.jpg,presence,Which object type is visible in the drone image?,"{'A': 'bicycle', 'B': 'tricycle', 'C': 'awning-tricycle', 'D': 'motor', 'E': 'van'}",A,A,A,bicycle,1,0.3700273036956787
0000360_02745_d_0000727.jpg,/home/brisic03/VisDrone/VisDrone2019-DET-val/images/0000360_02745_d_0000727.jpg,counting,How many bicycles are visible in the drone image?,"{'A': '0', 'B': '1', 'C': '2', 'D': '3', 'E': '4 or more'}",A,A,C,2,0,0.36738038063049316
0000360_02745_d_0000727.jpg,/home/brisic03/VisDrone/VisDrone2019-DET-val/images/0000360_02745_d_0000727.jpg,most_frequent,Which object type appears most often in the drone image?,"{'A': 'van', 'B': 'car', 'C': 'motor', 'D': 'bicycle', 'E': 'awning-tricycle'}",B,B,B,car,1,0.3669240474700928
0000360_02745_d_0000727.jpg,/home/brisic03/VisDrone/VisDrone2019-DET-val/images/0000360_02745_d_0000727.jpg,location,Where is the largest car located in the image?,"{'A': 'top-left', 'B': 'top-right', 'C': 'bottom-left', 'D': 'bottom-right', 'E': 'center'}",E,E,E,center,1,0.3691833019256592
0000360_02941_d_0000728.jpg,/home/brisic03/VisDrone/VisDrone2019-DET-val/images/0000360_02941_d_0000728.jpg,presence,Which object type is visible in the drone image?,"{'A': 'car', 'B': 'people', 'C': 'awning-tricycle', 'D': 'tricycle', 'E': 'pedestrian'}",D,D,E,pedestrian,0,0.3676578998565674
0000360_02941_d_0000728.jpg,/home/brisic03/VisDrone/VisDrone2019-DET-val/images/0000360_02941_d_0000728.jpg,counting,How many tricycles are visible in the drone image?,"{'A': '0', 'B': '1', 'C': '2', 'D': '3', 'E': '4 or more'}",C,C,C,2,1,0.3672962188720703
0000360_02941_d_0000728.jpg,/home/brisic03/VisDrone/VisDrone2019-DET-val/images/0000360_02941_d_0000728.jpg,most_frequent,Which object type appears most often in the drone image?,"{'A': 'car', 'B': 'motor', 'C': 'bus', 'D': 'pedestrian', 'E': 'tricycle'}",A,A,A,car,1,0.365612268447876
0000360_02941_d_0000728.jpg,/home/brisic03/VisDrone/VisDrone2019-DET-val/images/0000360_02941_d_0000728.jpg,location,Where is the largest car located in the image?,"{'A': 'top-left', 'B': 'top-right', 'C': 'bottom-left', 'D': 'bottom-right', 'E': 'center'}",E,E,E,center,1,0.36568307876586914
0000360_03137_d_0000729.jpg,/home/brisic03/VisDrone/VisDrone2019-DET-val/images/0000360_03137_d_0000729.jpg,presence,Which object type is visible in the drone image?,"{'A': 'pedestrian', 'B': 'motor', 'C': 'car', 'D': 'van', 'E': 'people'}",A,A,A,pedestrian,1,0.3663029670715332
0000360_03137_d_0000729.jpg,/home/brisic03/VisDrone/VisDrone2019-DET-val/images/0000360_03137_d_0000729.jpg,counting,How many motors are visible in the drone image?,"{'A': '0', 'B': '1', 'C': '2', 'D': '3', 'E': '4 or more'}",E,E,E,4 or more,1,0.37554216384887695
0000360_03137_d_0000729.jpg,/home/brisic03/VisDrone/VisDrone2019-DET-val/images/0000360_03137_d_0000729.jpg,most_frequent,Which object type appears most often in the drone image?,"{'A': 'bus', 'B': 'van', 'C': 'tricycle', 'D': 'people', 'E': 'car'}",D,D,E,car,0,0.376171350479126
0000360_03137_d_0000729.jpg,/home/brisic03/VisDrone/VisDrone2019-DET-val/images/0000360_03137_d_0000729.jpg,location,Where is the largest car located in the image?,"{'A': 'top-left', 'B': 'top-right', 'C': 'bottom-left', 'D': 'bottom-right', 'E': 'center'}",E,E,E,center,1,0.38140130043029785
0000360_03333_d_0000730.jpg,/home/brisic03/VisDrone/VisDrone2019-DET-val/images/0000360_03333_d_0000730.jpg,presence,Which object type is visible in the drone image?,"{'A': 'bicycle', 'B': 'awning-tricycle', 'C': 'motor', 'D': 'bus', 'E': 'people'}",A,A,C,motor,0,0.37171363830566406
0000360_03333_d_0000730.jpg,/home/brisic03/VisDrone/VisDrone2019-DET-val/images/0000360_03333_d_0000730.jpg,counting,How many trucks are visible in the drone image?,"{'A': '0', 'B': '1', 'C': '2', 'D': '3', 'E': '4 or more'}",D,D,B,1,0,0.3677995204925537
0000360_03333_d_0000730.jpg,/home/brisic03/VisDrone/VisDrone2019-DET-val/images/0000360_03333_d_0000730.jpg,most_frequent,Which object type appears most often in the drone image?,"{'A': 'bus', 'B': 'car', 'C': 'awning-tricycle', 'D': 'people', 'E': 'pedestrian'}",B,B,B,car,1,0.36693739891052246
0000360_03333_d_0000730.jpg,/home/brisic03/VisDrone/VisDrone2019-DET-val/images/0000360_03333_d_0000730.jpg,location,Where is the largest car located in the image?,"{'A': 'top-left', 'B': 'top-right', 'C': 'bottom-left', 'D': 'bottom-right', 'E': 'center'}",E,E,D,bottom-right,0,0.3695716857910156
0000360_03529_d_0000731.jpg,/home/brisic03/VisDrone/VisDrone2019-DET-val/images/0000360_03529_d_0000731.jpg,presence,Which object type is visible in the drone image?,"{'A': 'van', 'B': 'car', 'C': 'bicycle', 'D': 'truck', 'E': 'pedestrian'}",C,C,B,car,0,0.3830528259277344
0000360_03529_d_0000731.jpg,/home/brisic03/VisDrone/VisDrone2019-DET-val/images/0000360_03529_d_0000731.jpg,counting,How many motors are visible in the drone image?,"{'A': '0', 'B': '1', 'C': '2', 'D': '3', 'E': '4 or more'}",A,A,E,4 or more,0,0.3884851932525635
0000360_03529_d_0000731.jpg,/home/brisic03/VisDrone/VisDrone2019-DET-val/images/0000360_03529_d_0000731.jpg,most_frequent,Which object type appears most often in the drone image?,"{'A': 'awning-tricycle', 'B': 'tricycle', 'C': 'bicycle', 'D': 'car', 'E': 'pedestrian'}",D,D,D,car,1,0.38643336296081543
0000360_03529_d_0000731.jpg,/home/brisic03/VisDrone/VisDrone2019-DET-val/images/0000360_03529_d_0000731.jpg,location,Where is the largest car located in the image?,"{'A': 'top-left', 'B': 'top-right', 'C': 'bottom-left', 'D': 'bottom-right', 'E': 'center'}",E,E,E,center,1,0.37833738327026367
0000360_03921_d_0000733.jpg,/home/brisic03/VisDrone/VisDrone2019-DET-val/images/0000360_03921_d_0000733.jpg,presence,Which object type is visible in the drone image?,"{'A': 'people', 'B': 'car', 'C': 'motor', 'D': 'bicycle', 'E': 'truck'}",A,A,B,car,0,0.36916303634643555
0000360_03921_d_0000733.jpg,/home/brisic03/VisDrone/VisDrone2019-DET-val/images/0000360_03921_d_0000733.jpg,counting,How many vans are visible in the drone image?,"{'A': '0', 'B': '1', 'C': '2', 'D': '3', 'E': '4 or more'}",E,E,C,2,0,0.3676013946533203
0000360_03921_d_0000733.jpg,/home/brisic03/VisDrone/VisDrone2019-DET-val/images/0000360_03921_d_0000733.jpg,most_frequent,Which object type appears most often in the drone image?,"{'A': 'bus', 'B': 'pedestrian', 'C': 'van', 'D': 'bicycle', 'E': 'car'}",E,E,E,car,1,0.36717677116394043
0000360_03921_d_0000733.jpg,/home/brisic03/VisDrone/VisDrone2019-DET-val/images/0000360_03921_d_0000733.jpg,location,Where is the largest car located in the image?,"{'A': 'top-left', 'B': 'top-right', 'C': 'bottom-left', 'D': 'bottom-right', 'E': 'center'}",E,E,D,bottom-right,0,0.36892032623291016
0000360_04117_d_0000734.jpg,/home/brisic03/VisDrone/VisDrone2019-DET-val/images/0000360_04117_d_0000734.jpg,presence,Which object type is visible in the drone image?,"{'A': 'pedestrian', 'B': 'motor', 'C': 'bicycle', 'D': 'truck', 'E': 'car'}",A,A,A,pedestrian,1,0.38212037086486816
0000360_04117_d_0000734.jpg,/home/brisic03/VisDrone/VisDrone2019-DET-val/images/0000360_04117_d_0000734.jpg,counting,How many vans are visible in the drone image?,"{'A': '0', 'B': '1', 'C': '2', 'D': '3', 'E': '4 or more'}",D,D,B,1,0,0.38955259323120117
0000360_04117_d_0000734.jpg,/home/brisic03/VisDrone/VisDrone2019-DET-val/images/0000360_04117_d_0000734.jpg,most_frequent,Which object type appears most often in the drone image?,"{'A': 'truck', 'B': 'awning-tricycle', 'C': 'car', 'D': 'tricycle', 'E': 'motor'}",D,D,C,car,0,0.392977237701416
0000360_04117_d_0000734.jpg,/home/brisic03/VisDrone/VisDrone2019-DET-val/images/0000360_04117_d_0000734.jpg,location,Where is the largest car located in the image?,"{'A': 'top-left', 'B': 'top-right', 'C': 'bottom-left', 'D': 'bottom-right', 'E': 'center'}",E,E,D,bottom-right,0,0.37663722038269043
0000360_04705_d_0000737.jpg,/home/brisic03/VisDrone/VisDrone2019-DET-val/images/0000360_04705_d_0000737.jpg,presence,Which object type is visible in the drone image?,"{'A': 'car', 'B': 'tricycle', 'C': 'pedestrian', 'D': 'motor', 'E': 'people'}",B,B,A,car,0,0.36879706382751465
0000360_04705_d_0000737.jpg,/home/brisic03/VisDrone/VisDrone2019-DET-val/images/0000360_04705_d_0000737.jpg,counting,How many motors are visible in the drone image?,"{'A': '0', 'B': '1', 'C': '2', 'D': '3', 'E': '4 or more'}",C,C,D,3,0,0.37212538719177246
0000360_04705_d_0000737.jpg,/home/brisic03/VisDrone/VisDrone2019-DET-val/images/0000360_04705_d_0000737.jpg,most_frequent,Which object type appears most often in the drone image?,"{'A': 'people', 'B': 'motor', 'C': 'bicycle', 'D': 'pedestrian', 'E': 'awning-tricycle'}",C,C,A,people,0,0.37128758430480957
0000360_04705_d_0000737.jpg,/home/brisic03/VisDrone/VisDrone2019-DET-val/images/0000360_04705_d_0000737.jpg,location,Where is the largest car located in the image?,"{'A': 'top-left', 'B': 'top-right', 'C': 'bottom-left', 'D': 'bottom-right', 'E': 'center'}",A,A,E,center,0,0.36702942848205566
0000360_05293_d_0000740.jpg,/home/brisic03/VisDrone/VisDrone2019-DET-val/images/0000360_05293_d_0000740.jpg,presence,Which object type is visible in the drone image?,"{'A': 'pedestrian', 'B': 'motor', 'C': 'bus', 'D': 'car', 'E': 'awning-tricycle'}",E,E,B,motor,0,0.36560559272766113
0000360_05293_d_0000740.jpg,/home/brisic03/VisDrone/VisDrone2019-DET-val/images/0000360_05293_d_0000740.jpg,counting,How many cars are visible in the drone image?,"{'A': '0', 'B': '1', 'C': '2', 'D': '3', 'E': '4 or more'}",E,E,E,4 or more,1,0.3663899898529053
0000360_05293_d_0000740.jpg,/home/brisic03/VisDrone/VisDrone2019-DET-val/images/0000360_05293_d_0000740.jpg,most_frequent,Which object type appears most often in the drone image?,"{'A': 'motor', 'B': 'car', 'C': 'bicycle', 'D': 'tricycle', 'E': 'awning-tricycle'}",B,B,B,car,1,0.36791467666625977
0000360_05293_d_0000740.jpg,/home/brisic03/VisDrone/VisDrone2019-DET-val/images/0000360_05293_d_0000740.jpg,location,Where is the largest van located in the image?,"{'A': 'top-left', 'B': 'top-right', 'C': 'bottom-left', 'D': 'bottom-right', 'E': 'center'}",C,C,E,center,0,0.3669142723083496
0000360_05685_d_0000742.jpg,/home/brisic03/VisDrone/VisDrone2019-DET-val/images/0000360_05685_d_0000742.jpg,presence,Which object type is visible in the drone image?,"{'A': 'people', 'B': 'bicycle', 'C': 'pedestrian', 'D': 'bus', 'E': 'awning-tricycle'}",B,B,C,pedestrian,0,0.3667128086090088
0000360_05685_d_0000742.jpg,/home/brisic03/VisDrone/VisDrone2019-DET-val/images/0000360_05685_d_0000742.jpg,counting,How many motors are visible in the drone image?,"{'A': '0', 'B': '1', 'C': '2', 'D': '3', 'E': '4 or more'}",A,A,E,4 or more,0,0.36654210090637207
0000360_05685_d_0000742.jpg,/home/brisic03/VisDrone/VisDrone2019-DET-val/images/0000360_05685_d_0000742.jpg,most_frequent,Which object type appears most often in the drone image?,"{'A': 'van', 'B': 'motor', 'C': 'tricycle', 'D': 'car', 'E': 'truck'}",C,C,D,car,0,0.37756896018981934
0000360_05685_d_0000742.jpg,/home/brisic03/VisDrone/VisDrone2019-DET-val/images/0000360_05685_d_0000742.jpg,location,Where is the largest car located in the image?,"{'A': 'top-left', 'B': 'top-right', 'C': 'bottom-left', 'D': 'bottom-right', 'E': 'center'}",A,A,E,center,0,0.39038658142089844
0000360_06273_d_0000745.jpg,/home/brisic03/VisDrone/VisDrone2019-DET-val/images/0000360_06273_d_0000745.jpg,presence,Which object type is visible in the drone image?,"{'A': 'people', 'B': 'bicycle', 'C': 'car', 'D': 'motor', 'E': 'tricycle'}",A,A,D,motor,0,0.375791072845459
0000360_06273_d_0000745.jpg,/home/brisic03/VisDrone/VisDrone2019-DET-val/images/0000360_06273_d_0000745.jpg,counting,How many motors are visible in the drone image?,"{'A': '0', 'B': '1', 'C': '2', 'D': '3', 'E': '4 or more'}",A,A,B,1,0,0.3799247741699219
0000360_06273_d_0000745.jpg,/home/brisic03/VisDrone/VisDrone2019-DET-val/images/0000360_06273_d_0000745.jpg,most_frequent,Which object type appears most often in the drone image?,"{'A': 'bus', 'B': 'van', 'C': 'pedestrian', 'D': 'awning-tricycle', 'E': 'people'}",E,E,C,pedestrian,0,0.3742408752441406
0000360_06273_d_0000745.jpg,/home/brisic03/VisDrone/VisDrone2019-DET-val/images/0000360_06273_d_0000745.jpg,location,Where is the largest pedestrian located in the image?,"{'A': 'top-left', 'B': 'top-right', 'C': 'bottom-left', 'D': 'bottom-right', 'E': 'center'}",E,E,D,bottom-right,0,0.37179112434387207
0000360_06665_d_0000747.jpg,/home/brisic03/VisDrone/VisDrone2019-DET-val/images/0000360_06665_d_0000747.jpg,presence,Which object type is visible in the drone image?,"{'A': 'motor', 'B': 'pedestrian', 'C': 'van', 'D': 'truck', 'E': 'awning-tricycle'}",B,B,C,van,0,0.36617255210876465
0000360_06665_d_0000747.jpg,/home/brisic03/VisDrone/VisDrone2019-DET-val/images/0000360_06665_d_0000747.jpg,counting,How many bicycles are visible in the drone image?,"{'A': '0', 'B': '1', 'C': '2', 'D': '3', 'E': '4 or more'}",D,D,B,1,0,0.36598801612854004
0000360_06665_d_0000747.jpg,/home/brisic03/VisDrone/VisDrone2019-DET-val/images/0000360_06665_d_0000747.jpg,most_frequent,Which object type appears most often in the drone image?,"{'A': 'tricycle', 'B': 'car', 'C': 'van', 'D': 'awning-tricycle', 'E': 'motor'}",B,B,B,car,1,0.36907005310058594
0000360_06665_d_0000747.jpg,/home/brisic03/VisDrone/VisDrone2019-DET-val/images/0000360_06665_d_0000747.jpg,location,Where is the largest car located in the image?,"{'A': 'top-left', 'B': 'top-right', 'C': 'bottom-left', 'D': 'bottom-right', 'E': 'center'}",A,A,D,bottom-right,0,0.3664100170135498
0000360_06861_d_0000748.jpg,/home/brisic03/VisDrone/VisDrone2019-DET-val/images/0000360_06861_d_0000748.jpg,presence,Which object type is visible in the drone image?,"{'A': 'van', 'B': 'people', 'C': 'bicycle', 'D': 'awning-tricycle', 'E': 'car'}",C,C,D,awning-tricycle,0,0.3648965358734131
0000360_06861_d_0000748.jpg,/home/brisic03/VisDrone/VisDrone2019-DET-val/images/0000360_06861_d_0000748.jpg,counting,How many cars are visible in the drone image?,"{'A': '0', 'B': '1', 'C': '2', 'D': '3', 'E': '4 or more'}",E,E,E,4 or more,1,0.3665037155151367
0000360_06861_d_0000748.jpg,/home/brisic03/VisDrone/VisDrone2019-DET-val/images/0000360_06861_d_0000748.jpg,most_frequent,Which object type appears most often in the drone image?,"{'A': 'tricycle', 'B': 'pedestrian', 'C': 'people', 'D': 'awning-tricycle', 'E': 'car'}",C,C,E,car,0,0.36855554580688477
0000360_06861_d_0000748.jpg,/home/brisic03/VisDrone/VisDrone2019-DET-val/images/0000360_06861_d_0000748.jpg,location,Where is the largest car located in the image?,"{'A': 'top-left', 'B': 'top-right', 'C': 'bottom-left', 'D': 'bottom-right', 'E': 'center'}",E,E,E,center,1,0.3729970455169678
0000360_07057_d_0000749.jpg,/home/brisic03/VisDrone/VisDrone2019-DET-val/images/0000360_07057_d_0000749.jpg,presence,Which object type is visible in the drone image?,"{'A': 'pedestrian', 'B': 'tricycle', 'C': 'car', 'D': 'bicycle', 'E': 'motor'}",B,B,A,pedestrian,0,0.37188196182250977
0000360_07057_d_0000749.jpg,/home/brisic03/VisDrone/VisDrone2019-DET-val/images/0000360_07057_d_0000749.jpg,counting,How many tricycles are visible in the drone image?,"{'A': '0', 'B': '1', 'C': '2', 'D': '3', 'E': '4 or more'}",D,D,C,2,0,0.3693253993988037
0000360_07057_d_0000749.jpg,/home/brisic03/VisDrone/VisDrone2019-DET-val/images/0000360_07057_d_0000749.jpg,most_frequent,Which object type appears most often in the drone image?,"{'A': 'people', 'B': 'tricycle', 'C': 'bus', 'D': 'pedestrian', 'E': 'car'}",A,A,E,car,0,0.3728146553039551
0000360_07057_d_0000749.jpg,/home/brisic03/VisDrone/VisDrone2019-DET-val/images/0000360_07057_d_0000749.jpg,location,Where is the largest car located in the image?,"{'A': 'top-left', 'B': 'top-right', 'C': 'bottom-left', 'D': 'bottom-right', 'E': 'center'}",B,B,E,center,0,0.368854284286499
0000360_07253_d_0000750.jpg,/home/brisic03/VisDrone/VisDrone2019-DET-val/images/0000360_07253_d_0000750.jpg,presence,Which object type is visible in the drone image?,"{'A': 'bicycle', 'B': 'pedestrian', 'C': 'awning-tricycle', 'D': 'truck', 'E': 'car'}",C,C,E,car,0,0.367504358291626
0000360_07253_d_0000750.jpg,/home/brisic03/VisDrone/VisDrone2019-DET-val/images/0000360_07253_d_0000750.jpg,counting,How many motors are visible in the drone image?,"{'A': '0', 'B': '1', 'C': '2', 'D': '3', 'E': '4 or more'}",E,E,D,3,0,0.36493563652038574
0000360_07253_d_0000750.jpg,/home/brisic03/VisDrone/VisDrone2019-DET-val/images/0000360_07253_d_0000750.jpg,most_frequent,Which object type appears most often in the drone image?,"{'A': 'pedestrian', 'B': 'tricycle', 'C': 'awning-tricycle', 'D': 'bus', 'E': 'car'}",B,B,E,car,0,0.3814256191253662
0000360_07253_d_0000750.jpg,/home/brisic03/VisDrone/VisDrone2019-DET-val/images/0000360_07253_d_0000750.jpg,location,Where is the largest awning-tricycle located in the image?,"{'A': 'top-left', 'B': 'top-right', 'C': 'bottom-left', 'D': 'bottom-right', 'E': 'center'}",A,A,C,bottom-left,0,0.39760541915893555
0000360_07645_d_0000752.jpg,/home/brisic03/VisDrone/VisDrone2019-DET-val/images/0000360_07645_d_0000752.jpg,presence,Which object type is visible in the drone image?,"{'A': 'car', 'B': 'motor', 'C': 'truck', 'D': 'bus', 'E': 'pedestrian'}",A,A,A,car,1,0.3837697505950928
0000360_07645_d_0000752.jpg,/home/brisic03/VisDrone/VisDrone2019-DET-val/images/0000360_07645_d_0000752.jpg,counting,How many pedestrians are visible in the drone image?,"{'A': '0', 'B': '1', 'C': '2', 'D': '3', 'E': '4 or more'}",D,D,E,4 or more,0,0.38019299507141113
0000360_07645_d_0000752.jpg,/home/brisic03/VisDrone/VisDrone2019-DET-val/images/0000360_07645_d_0000752.jpg,most_frequent,Which object type appears most often in the drone image?,"{'A': 'car', 'B': 'awning-tricycle', 'C': 'pedestrian', 'D': 'people', 'E': 'bus'}",A,A,A,car,1,0.37575578689575195
0000360_07645_d_0000752.jpg,/home/brisic03/VisDrone/VisDrone2019-DET-val/images/0000360_07645_d_0000752.jpg,location,Where is the largest van located in the image?,"{'A': 'top-left', 'B': 'top-right', 'C': 'bottom-left', 'D': 'bottom-right', 'E': 'center'}",C,C,C,bottom-left,1,0.36946725845336914
0000364_00589_d_0000798.jpg,/home/brisic03/VisDrone/VisDrone2019-DET-val/images/0000364_00589_d_0000798.jpg,presence,Which object type is visible in the drone image?,"{'A': 'bicycle', 'B': 'truck', 'C': 'tricycle', 'D': 'van', 'E': 'people'}",D,D,C,tricycle,0,0.3531606197357178
0000364_00589_d_0000798.jpg,/home/brisic03/VisDrone/VisDrone2019-DET-val/images/0000364_00589_d_0000798.jpg,counting,How many motors are visible in the drone image?,"{'A': '0', 'B': '1', 'C': '2', 'D': '3', 'E': '4 or more'}",E,E,E,4 or more,1,0.35346221923828125
0000364_00589_d_0000798.jpg,/home/brisic03/VisDrone/VisDrone2019-DET-val/images/0000364_00589_d_0000798.jpg,most_frequent,Which object type appears most often in the drone image?,"{'A': 'truck', 'B': 'people', 'C': 'tricycle', 'D': 'bus', 'E': 'car'}",B,B,C,tricycle,0,0.35233378410339355
0000364_00589_d_0000798.jpg,/home/brisic03/VisDrone/VisDrone2019-DET-val/images/0000364_00589_d_0000798.jpg,location,Where is the largest truck located in the image?,"{'A': 'top-left', 'B': 'top-right', 'C': 'bottom-left', 'D': 'bottom-right', 'E': 'center'}",E,E,D,bottom-right,0,0.3552432060241699
0000364_01177_d_0000799.jpg,/home/brisic03/VisDrone/VisDrone2019-DET-val/images/0000364_01177_d_0000799.jpg,presence,Which object type is visible in the drone image?,"{'A': 'car', 'B': 'pedestrian', 'C': 'tricycle', 'D': 'truck', 'E': 'van'}",C,C,E,van,0,0.3538684844970703
0000364_01177_d_0000799.jpg,/home/brisic03/VisDrone/VisDrone2019-DET-val/images/0000364_01177_d_0000799.jpg,counting,How many tricycles are visible in the drone image?,"{'A': '0', 'B': '1', 'C': '2', 'D': '3', 'E': '4 or more'}",E,E,E,4 or more,1,0.3652377128601074
0000364_01177_d_0000799.jpg,/home/brisic03/VisDrone/VisDrone2019-DET-val/images/0000364_01177_d_0000799.jpg,most_frequent,Which object type appears most often in the drone image?,"{'A': 'car', 'B': 'motor', 'C': 'pedestrian', 'D': 'van', 'E': 'bicycle'}",A,A,C,pedestrian,0,0.3665435314178467
0000364_01177_d_0000799.jpg,/home/brisic03/VisDrone/VisDrone2019-DET-val/images/0000364_01177_d_0000799.jpg,location,Where is the largest truck located in the image?,"{'A': 'top-left', 'B': 'top-right', 'C': 'bottom-left', 'D': 'bottom-right', 'E': 'center'}",A,A,E,center,0,0.35967493057250977
0000364_01373_d_0000780.jpg,/home/brisic03/VisDrone/VisDrone2019-DET-val/images/0000364_01373_d_0000780.jpg,presence,Which object type is visible in the drone image?,"{'A': 'pedestrian', 'B': 'awning-tricycle', 'C': 'van', 'D': 'bicycle', 'E': 'motor'}",A,A,B,awning-tricycle,0,0.36736369132995605
0000364_01373_d_0000780.jpg,/home/brisic03/VisDrone/VisDrone2019-DET-val/images/0000364_01373_d_0000780.jpg,counting,How many cars are visible in the drone image?,"{'A': '0', 'B': '1', 'C': '2', 'D': '3', 'E': '4 or more'}",A,A,C,2,0,0.3610529899597168
0000364_01373_d_0000780.jpg,/home/brisic03/VisDrone/VisDrone2019-DET-val/images/0000364_01373_d_0000780.jpg,most_frequent,Which object type appears most often in the drone image?,"{'A': 'bus', 'B': 'awning-tricycle', 'C': 'pedestrian', 'D': 'motor', 'E': 'people'}",E,E,D,motor,0,0.35706591606140137
0000364_01373_d_0000780.jpg,/home/brisic03/VisDrone/VisDrone2019-DET-val/images/0000364_01373_d_0000780.jpg,location,Where is the largest car located in the image?,"{'A': 'top-left', 'B': 'top-right', 'C': 'bottom-left', 'D': 'bottom-right', 'E': 'center'}",E,E,D,bottom-right,0,0.3545565605163574
0000364_01569_d_0000781.jpg,/home/brisic03/VisDrone/VisDrone2019-DET-val/images/0000364_01569_d_0000781.jpg,presence,Which object type is visible in the drone image?,"{'A': 'bicycle', 'B': 'truck', 'C': 'car', 'D': 'pedestrian', 'E': 'van'}",C,C,B,truck,0,0.35280418395996094
0000364_01569_d_0000781.jpg,/home/brisic03/VisDrone/VisDrone2019-DET-val/images/0000364_01569_d_0000781.jpg,counting,How many peoples are visible in the drone image?,"{'A': '0', 'B': '1', 'C': '2', 'D': '3', 'E': '4 or more'}",E,E,C,2,0,0.35445284843444824
0000364_01569_d_0000781.jpg,/home/brisic03/VisDrone/VisDrone2019-DET-val/images/0000364_01569_d_0000781.jpg,most_frequent,Which object type appears most often in the drone image?,"{'A': 'car', 'B': 'tricycle', 'C': 'bicycle', 'D': 'people', 'E': 'awning-tricycle'}",A,A,B,tricycle,0,0.3558175563812256
0000364_01569_d_0000781.jpg,/home/brisic03/VisDrone/VisDrone2019-DET-val/images/0000364_01569_d_0000781.jpg,location,Where is the largest car located in the image?,"{'A': 'top-left', 'B': 'top-right', 'C': 'bottom-left', 'D': 'bottom-right', 'E': 'center'}",E,E,E,center,1,0.3582732677459717
0000364_01765_d_0000782.jpg,/home/brisic03/VisDrone/VisDrone2019-DET-val/images/0000364_01765_d_0000782.jpg,presence,Which object type is visible in the drone image?,"{'A': 'bus', 'B': 'people', 'C': 'awning-tricycle', 'D': 'bicycle', 'E': 'tricycle'}",E,E,A,bus,0,0.357161283493042
0000364_01765_d_0000782.jpg,/home/brisic03/VisDrone/VisDrone2019-DET-val/images/0000364_01765_d_0000782.jpg,counting,How many motors are visible in the drone image?,"{'A': '0', 'B': '1', 'C': '2', 'D': '3', 'E': '4 or more'}",A,A,E,4 or more,0,0.35439133644104004
0000364_01765_d_0000782.jpg,/home/brisic03/VisDrone/VisDrone2019-DET-val/images/0000364_01765_d_0000782.jpg,most_frequent,Which object type appears most often in the drone image?,"{'A': 'car', 'B': 'tricycle', 'C': 'truck', 'D': 'bicycle', 'E': 'bus'}",B,B,B,tricycle,1,0.3535144329071045
0000364_01765_d_0000782.jpg,/home/brisic03/VisDrone/VisDrone2019-DET-val/images/0000364_01765_d_0000782.jpg,location,Where is the largest truck located in the image?,"{'A': 'top-left', 'B': 'top-right', 'C': 'bottom-left', 'D': 'bottom-right', 'E': 'center'}",A,A,C,bottom-left,0,0.3536372184753418
