image,image_path,qtype,question,options,prediction,raw_output,answer,answer_text,correct,inference_time_sec
0000001_02999_d_0000005.jpg,/home/brisic03/VisDrone/VisDrone2019-DET-val/images/0000001_02999_d_0000005.jpg,presence,Which object type is visible in the drone image?,"{'A': 'bus', 'B': 'car', 'C': 'awning-tricycle', 'D': 'van', 'E': 'truck'}",C,C,D,van,0,10.101770162582397
0000001_02999_d_0000005.jpg,/home/brisic03/VisDrone/VisDrone2019-DET-val/images/0000001_02999_d_0000005.jpg,counting,How many cars are visible in the drone image?,"{'A': '0', 'B': '1', 'C': '2', 'D': '3', 'E': '4 or more'}",A,A,E,4 or more,0,1.1165683269500732
0000001_02999_d_0000005.jpg,/home/brisic03/VisDrone/VisDrone2019-DET-val/images/0000001_02999_d_0000005.jpg,most_frequent,Which object type appears most often in the drone image?,"{'A': 'van', 'B': 'tricycle', 'C': 'car', 'D': 'bicycle', 'E': 'motor'}",C,C,C,car,1,1.112718105316162
0000001_02999_d_0000005.jpg,/home/brisic03/VisDrone/VisDrone2019-DET-val/images/0000001_02999_d_0000005.jpg,location,Where is the largest van located in the image?,"{'A': 'top-left', 'B': 'top-right', 'C': 'bottom-left', 'D': 'bottom-right', 'E': 'center'}",A,A,E,center,0,1.1149609088897705
0000001_03499_d_0000006.jpg,/home/brisic03/VisDrone/VisDrone2019-DET-val/images/0000001_03499_d_0000006.jpg,presence,Which object type is visible in the drone image?,"{'A': 'bicycle', 'B': 'tricycle', 'C': 'van', 'D': 'bus', 'E': 'motor'}",A,A,C,van,0,1.1118388175964355
0000001_03499_d_0000006.jpg,/home/brisic03/VisDrone/VisDrone2019-DET-val/images/0000001_03499_d_0000006.jpg,counting,How many awning-tricycles are visible in the drone image?,"{'A': '0', 'B': '1', 'C': '2', 'D': '3', 'E': '4 or more'}",A,A,B,1,0,1.1437580585479736
0000001_03499_d_0000006.jpg,/home/brisic03/VisDrone/VisDrone2019-DET-val/images/0000001_03499_d_0000006.jpg,most_frequent,Which object type appears most often in the drone image?,"{'A': 'motor', 'B': 'pedestrian', 'C': 'van', 'D': 'car', 'E': 'bus'}",D,D,D,car,1,1.1130194664001465
0000001_03499_d_0000006.jpg,/home/brisic03/VisDrone/VisDrone2019-DET-val/images/0000001_03499_d_0000006.jpg,location,Where is the largest car located in the image?,"{'A': 'top-left', 'B': 'top-right', 'C': 'bottom-left', 'D': 'bottom-right', 'E': 'center'}",A,A,C,bottom-left,0,1.1182680130004883
0000001_03999_d_0000007.jpg,/home/brisic03/VisDrone/VisDrone2019-DET-val/images/0000001_03999_d_0000007.jpg,presence,Which object type is visible in the drone image?,"{'A': 'bus', 'B': 'awning-tricycle', 'C': 'bicycle', 'D': 'tricycle', 'E': 'car'}",B,B,D,tricycle,0,1.1162116527557373
0000001_03999_d_0000007.jpg,/home/brisic03/VisDrone/VisDrone2019-DET-val/images/0000001_03999_d_0000007.jpg,counting,How many motors are visible in the drone image?,"{'A': '0', 'B': '1', 'C': '2', 'D': '3', 'E': '4 or more'}",A,A,E,4 or more,0,1.117776870727539
0000001_03999_d_0000007.jpg,/home/brisic03/VisDrone/VisDrone2019-DET-val/images/0000001_03999_d_0000007.jpg,most_frequent,Which object type appears most often in the drone image?,"{'A': 'car', 'B': 'bus', 'C': 'tricycle', 'D': 'motor', 'E': 'pedestrian'}",A,A,D,motor,0,1.1194360256195068
0000001_03999_d_0000007.jpg,/home/brisic03/VisDrone/VisDrone2019-DET-val/images/0000001_03999_d_0000007.jpg,location,Where is the largest car located in the image?,"{'A': 'top-left', 'B': 'top-right', 'C': 'bottom-left', 'D': 'bottom-right', 'E': 'center'}",E,E,E,center,1,1.1176531314849854
0000001_04527_d_0000008.jpg,/home/brisic03/VisDrone/VisDrone2019-DET-val/images/0000001_04527_d_0000008.jpg,presence,Which object type is visible in the drone image?,"{'A': 'truck', 'B': 'van', 'C': 'people', 'D': 'pedestrian', 'E': 'tricycle'}",E,E,E,tricycle,1,1.1145164966583252
0000001_04527_d_0000008.jpg,/home/brisic03/VisDrone/VisDrone2019-DET-val/images/0000001_04527_d_0000008.jpg,counting,How many motors are visible in the drone image?,"{'A': '0', 'B': '1', 'C': '2', 'D': '3', 'E': '4 or more'}",A,A,B,1,0,1.115218162536621
0000001_04527_d_0000008.jpg,/home/brisic03/VisDrone/VisDrone2019-DET-val/images/0000001_04527_d_0000008.jpg,most_frequent,Which object type appears most often in the drone image?,"{'A': 'van', 'B': 'pedestrian', 'C': 'car', 'D': 'awning-tricycle', 'E': 'tricycle'}",B,B,C,car,0,1.1204783916473389
0000001_04527_d_0000008.jpg,/home/brisic03/VisDrone/VisDrone2019-DET-val/images/0000001_04527_d_0000008.jpg,location,Where is the largest tricycle located in the image?,"{'A': 'top-left', 'B': 'top-right', 'C': 'bottom-left', 'D': 'bottom-right', 'E': 'center'}",D,D,E,center,0,1.1189875602722168
0000001_05249_d_0000009.jpg,/home/brisic03/VisDrone/VisDrone2019-DET-val/images/0000001_05249_d_0000009.jpg,presence,Which object type is visible in the drone image?,"{'A': 'awning-tricycle', 'B': 'pedestrian', 'C': 'car', 'D': 'people', 'E': 'bicycle'}",A,A,C,car,0,1.1156179904937744
0000001_05249_d_0000009.jpg,/home/brisic03/VisDrone/VisDrone2019-DET-val/images/0000001_05249_d_0000009.jpg,counting,How many cars are visible in the drone image?,"{'A': '0', 'B': '1', 'C': '2', 'D': '3', 'E': '4 or more'}",A,A,E,4 or more,0,1.1167347431182861
0000001_05249_d_0000009.jpg,/home/brisic03/VisDrone/VisDrone2019-DET-val/images/0000001_05249_d_0000009.jpg,most_frequent,Which object type appears most often in the drone image?,"{'A': 'car', 'B': 'truck', 'C': 'bus', 'D': 'people', 'E': 'pedestrian'}",A,A,A,car,1,1.1125974655151367
0000001_05249_d_0000009.jpg,/home/brisic03/VisDrone/VisDrone2019-DET-val/images/0000001_05249_d_0000009.jpg,location,Where is the largest car located in the image?,"{'A': 'top-left', 'B': 'top-right', 'C': 'bottom-left', 'D': 'bottom-right', 'E': 'center'}",B,B,E,center,0,1.1195378303527832
0000001_05499_d_0000010.jpg,/home/brisic03/VisDrone/VisDrone2019-DET-val/images/0000001_05499_d_0000010.jpg,presence,Which object type is visible in the drone image?,"{'A': 'bus', 'B': 'pedestrian', 'C': 'car', 'D': 'motor', 'E': 'van'}",C,C,C,car,1,1.1146221160888672
0000001_05499_d_0000010.jpg,/home/brisic03/VisDrone/VisDrone2019-DET-val/images/0000001_05499_d_0000010.jpg,counting,How many vans are visible in the drone image?,"{'A': '0', 'B': '1', 'C': '2', 'D': '3', 'E': '4 or more'}",A,A,E,4 or more,0,1.1185235977172852
0000001_05499_d_0000010.jpg,/home/brisic03/VisDrone/VisDrone2019-DET-val/images/0000001_05499_d_0000010.jpg,most_frequent,Which object type appears most often in the drone image?,"{'A': 'pedestrian', 'B': 'bus', 'C': 'van', 'D': 'car', 'E': 'truck'}",D,D,D,car,1,1.113417625427246
0000001_05499_d_0000010.jpg,/home/brisic03/VisDrone/VisDrone2019-DET-val/images/0000001_05499_d_0000010.jpg,location,Where is the largest car located in the image?,"{'A': 'top-left', 'B': 'top-right', 'C': 'bottom-left', 'D': 'bottom-right', 'E': 'center'}",E,E,C,bottom-left,0,1.1242752075195312
0000001_05999_d_0000011.jpg,/home/brisic03/VisDrone/VisDrone2019-DET-val/images/0000001_05999_d_0000011.jpg,presence,Which object type is visible in the drone image?,"{'A': 'truck', 'B': 'tricycle', 'C': 'motor', 'D': 'car', 'E': 'van'}",D,D,E,van,0,1.1152188777923584
0000001_05999_d_0000011.jpg,/home/brisic03/VisDrone/VisDrone2019-DET-val/images/0000001_05999_d_0000011.jpg,counting,How many motors are visible in the drone image?,"{'A': '0', 'B': '1', 'C': '2', 'D': '3', 'E': '4 or more'}",A,A,B,1,0,1.1183452606201172
0000001_05999_d_0000011.jpg,/home/brisic03/VisDrone/VisDrone2019-DET-val/images/0000001_05999_d_0000011.jpg,most_frequent,Which object type appears most often in the drone image?,"{'A': 'car', 'B': 'people', 'C': 'van', 'D': 'pedestrian', 'E': 'awning-tricycle'}",A,A,A,car,1,1.1237776279449463
0000001_05999_d_0000011.jpg,/home/brisic03/VisDrone/VisDrone2019-DET-val/images/0000001_05999_d_0000011.jpg,location,Where is the largest car located in the image?,"{'A': 'top-left', 'B': 'top-right', 'C': 'bottom-left', 'D': 'bottom-right', 'E': 'center'}",D,D,E,center,0,1.1197609901428223
0000001_07999_d_0000012.jpg,/home/brisic03/VisDrone/VisDrone2019-DET-val/images/0000001_07999_d_0000012.jpg,presence,Which object type is visible in the drone image?,"{'A': 'truck', 'B': 'bicycle', 'C': 'van', 'D': 'car', 'E': 'awning-tricycle'}",E,E,B,bicycle,0,1.1145532131195068
0000001_07999_d_0000012.jpg,/home/brisic03/VisDrone/VisDrone2019-DET-val/images/0000001_07999_d_0000012.jpg,counting,How many tricycles are visible in the drone image?,"{'A': '0', 'B': '1', 'C': '2', 'D': '3', 'E': '4 or more'}",A,A,D,3,0,1.1163933277130127
0000001_07999_d_0000012.jpg,/home/brisic03/VisDrone/VisDrone2019-DET-val/images/0000001_07999_d_0000012.jpg,most_frequent,Which object type appears most often in the drone image?,"{'A': 'awning-tricycle', 'B': 'bicycle', 'C': 'car', 'D': 'truck', 'E': 'van'}",A,A,C,car,0,1.1247456073760986
0000001_07999_d_0000012.jpg,/home/brisic03/VisDrone/VisDrone2019-DET-val/images/0000001_07999_d_0000012.jpg,location,Where is the largest car located in the image?,"{'A': 'top-left', 'B': 'top-right', 'C': 'bottom-left', 'D': 'bottom-right', 'E': 'center'}",E,E,E,center,1,1.1516315937042236
0000001_08414_d_0000013.jpg,/home/brisic03/VisDrone/VisDrone2019-DET-val/images/0000001_08414_d_0000013.jpg,presence,Which object type is visible in the drone image?,"{'A': 'van', 'B': 'people', 'C': 'truck', 'D': 'bicycle', 'E': 'pedestrian'}",B,B,A,van,0,1.116661548614502
0000001_08414_d_0000013.jpg,/home/brisic03/VisDrone/VisDrone2019-DET-val/images/0000001_08414_d_0000013.jpg,counting,How many cars are visible in the drone image?,"{'A': '0', 'B': '1', 'C': '2', 'D': '3', 'E': '4 or more'}",A,A,E,4 or more,0,1.1218085289001465
0000001_08414_d_0000013.jpg,/home/brisic03/VisDrone/VisDrone2019-DET-val/images/0000001_08414_d_0000013.jpg,most_frequent,Which object type appears most often in the drone image?,"{'A': 'truck', 'B': 'awning-tricycle', 'C': 'car', 'D': 'tricycle', 'E': 'bus'}",C,C,C,car,1,1.1192445755004883
0000001_08414_d_0000013.jpg,/home/brisic03/VisDrone/VisDrone2019-DET-val/images/0000001_08414_d_0000013.jpg,location,Where is the largest car located in the image?,"{'A': 'top-left', 'B': 'top-right', 'C': 'bottom-left', 'D': 'bottom-right', 'E': 'center'}",E,E,C,bottom-left,0,1.1236109733581543
0000021_00000_d_0000001.jpg,/home/brisic03/VisDrone/VisDrone2019-DET-val/images/0000021_00000_d_0000001.jpg,presence,Which object type is visible in the drone image?,"{'A': 'bicycle', 'B': 'bus', 'C': 'truck', 'D': 'tricycle', 'E': 'motor'}",D,D,E,motor,0,1.0987040996551514
0000021_00000_d_0000001.jpg,/home/brisic03/VisDrone/VisDrone2019-DET-val/images/0000021_00000_d_0000001.jpg,counting,How many peoples are visible in the drone image?,"{'A': '0', 'B': '1', 'C': '2', 'D': '3', 'E': '4 or more'}",E,E,C,2,0,1.10270357131958
0000021_00000_d_0000001.jpg,/home/brisic03/VisDrone/VisDrone2019-DET-val/images/0000021_00000_d_0000001.jpg,most_frequent,Which object type appears most often in the drone image?,"{'A': 'motor', 'B': 'people', 'C': 'bicycle', 'D': 'van', 'E': 'truck'}",B,B,A,motor,0,1.1018288135528564
0000021_00000_d_0000001.jpg,/home/brisic03/VisDrone/VisDrone2019-DET-val/images/0000021_00000_d_0000001.jpg,location,Where is the largest pedestrian located in the image?,"{'A': 'top-left', 'B': 'top-right', 'C': 'bottom-left', 'D': 'bottom-right', 'E': 'center'}",A,A,D,bottom-right,0,1.101958990097046
0000021_00500_d_0000002.jpg,/home/brisic03/VisDrone/VisDrone2019-DET-val/images/0000021_00500_d_0000002.jpg,presence,Which object type is visible in the drone image?,"{'A': 'truck', 'B': 'car', 'C': 'pedestrian', 'D': 'motor', 'E': 'van'}",A,A,D,motor,0,1.101872444152832
0000021_00500_d_0000002.jpg,/home/brisic03/VisDrone/VisDrone2019-DET-val/images/0000021_00500_d_0000002.jpg,counting,How many pedestrians are visible in the drone image?,"{'A': '0', 'B': '1', 'C': '2', 'D': '3', 'E': '4 or more'}",C,C,C,2,1,1.1020658016204834
0000021_00500_d_0000002.jpg,/home/brisic03/VisDrone/VisDrone2019-DET-val/images/0000021_00500_d_0000002.jpg,most_frequent,Which object type appears most often in the drone image?,"{'A': 'bicycle', 'B': 'bus', 'C': 'pedestrian', 'D': 'tricycle', 'E': 'van'}",A,A,C,pedestrian,0,1.10245943069458
0000021_00500_d_0000002.jpg,/home/brisic03/VisDrone/VisDrone2019-DET-val/images/0000021_00500_d_0000002.jpg,location,Where is the largest tricycle located in the image?,"{'A': 'top-left', 'B': 'top-right', 'C': 'bottom-left', 'D': 'bottom-right', 'E': 'center'}",C,C,C,bottom-left,1,1.100386381149292
0000021_00800_d_0000003.jpg,/home/brisic03/VisDrone/VisDrone2019-DET-val/images/0000021_00800_d_0000003.jpg,presence,Which object type is visible in the drone image?,"{'A': 'pedestrian', 'B': 'car', 'C': 'motor', 'D': 'van', 'E': 'people'}",A,A,A,pedestrian,1,1.0990009307861328
0000021_00800_d_0000003.jpg,/home/brisic03/VisDrone/VisDrone2019-DET-val/images/0000021_00800_d_0000003.jpg,counting,How many pedestrians are visible in the drone image?,"{'A': '0', 'B': '1', 'C': '2', 'D': '3', 'E': '4 or more'}",C,C,C,2,1,1.1061151027679443
0000021_00800_d_0000003.jpg,/home/brisic03/VisDrone/VisDrone2019-DET-val/images/0000021_00800_d_0000003.jpg,location,Where is the largest tricycle located in the image?,"{'A': 'top-left', 'B': 'top-right', 'C': 'bottom-left', 'D': 'bottom-right', 'E': 'center'}",D,D,E,center,0,1.102802038192749
0000022_00000_d_0000004.jpg,/home/brisic03/VisDrone/VisDrone2019-DET-val/images/0000022_00000_d_0000004.jpg,presence,Which object type is visible in the drone image?,"{'A': 'car', 'B': 'tricycle', 'C': 'bus', 'D': 'people', 'E': 'motor'}",D,D,E,motor,0,1.0985980033874512
0000022_00000_d_0000004.jpg,/home/brisic03/VisDrone/VisDrone2019-DET-val/images/0000022_00000_d_0000004.jpg,counting,How many pedestrians are visible in the drone image?,"{'A': '0', 'B': '1', 'C': '2', 'D': '3', 'E': '4 or more'}",E,E,E,4 or more,1,1.1006596088409424
0000022_00000_d_0000004.jpg,/home/brisic03/VisDrone/VisDrone2019-DET-val/images/0000022_00000_d_0000004.jpg,most_frequent,Which object type appears most often in the drone image?,"{'A': 'van', 'B': 'people', 'C': 'truck', 'D': 'pedestrian', 'E': 'awning-tricycle'}",B,B,D,pedestrian,0,1.1469013690948486
0000022_00000_d_0000004.jpg,/home/brisic03/VisDrone/VisDrone2019-DET-val/images/0000022_00000_d_0000004.jpg,location,Where is the largest pedestrian located in the image?,"{'A': 'top-left', 'B': 'top-right', 'C': 'bottom-left', 'D': 'bottom-right', 'E': 'center'}",C,C,C,bottom-left,1,1.1021723747253418
0000022_00500_d_0000005.jpg,/home/brisic03/VisDrone/VisDrone2019-DET-val/images/0000022_00500_d_0000005.jpg,presence,Which object type is visible in the drone image?,"{'A': 'motor', 'B': 'car', 'C': 'tricycle', 'D': 'van', 'E': 'bus'}",C,C,A,motor,0,1.0996968746185303
0000022_00500_d_0000005.jpg,/home/brisic03/VisDrone/VisDrone2019-DET-val/images/0000022_00500_d_0000005.jpg,counting,How many pedestrians are visible in the drone image?,"{'A': '0', 'B': '1', 'C': '2', 'D': '3', 'E': '4 or more'}",E,E,E,4 or more,1,1.1022119522094727
0000022_00500_d_0000005.jpg,/home/brisic03/VisDrone/VisDrone2019-DET-val/images/0000022_00500_d_0000005.jpg,location,Where is the largest pedestrian located in the image?,"{'A': 'top-left', 'B': 'top-right', 'C': 'bottom-left', 'D': 'bottom-right', 'E': 'center'}",E,E,E,center,1,1.1061079502105713
0000022_01036_d_0000006.jpg,/home/brisic03/VisDrone/VisDrone2019-DET-val/images/0000022_01036_d_0000006.jpg,presence,Which object type is visible in the drone image?,"{'A': 'people', 'B': 'tricycle', 'C': 'car', 'D': 'van', 'E': 'motor'}",A,A,E,motor,0,1.1015899181365967
0000022_01036_d_0000006.jpg,/home/brisic03/VisDrone/VisDrone2019-DET-val/images/0000022_01036_d_0000006.jpg,counting,How many pedestrians are visible in the drone image?,"{'A': '0', 'B': '1', 'C': '2', 'D': '3', 'E': '4 or more'}",E,E,E,4 or more,1,1.1030101776123047
0000022_01036_d_0000006.jpg,/home/brisic03/VisDrone/VisDrone2019-DET-val/images/0000022_01036_d_0000006.jpg,most_frequent,Which object type appears most often in the drone image?,"{'A': 'van', 'B': 'car', 'C': 'bicycle', 'D': 'pedestrian', 'E': 'motor'}",C,C,D,pedestrian,0,1.100484848022461
0000022_01036_d_0000006.jpg,/home/brisic03/VisDrone/VisDrone2019-DET-val/images/0000022_01036_d_0000006.jpg,location,Where is the largest bicycle located in the image?,"{'A': 'top-left', 'B': 'top-right', 'C': 'bottom-left', 'D': 'bottom-right', 'E': 'center'}",C,C,E,center,0,1.1037342548370361
0000022_01251_d_0000007.jpg,/home/brisic03/VisDrone/VisDrone2019-DET-val/images/0000022_01251_d_0000007.jpg,presence,Which object type is visible in the drone image?,"{'A': 'tricycle', 'B': 'bicycle', 'C': 'truck', 'D': 'van', 'E': 'pedestrian'}",B,B,E,pedestrian,0,1.0992517471313477
0000022_01251_d_0000007.jpg,/home/brisic03/VisDrone/VisDrone2019-DET-val/images/0000022_01251_d_0000007.jpg,counting,How many motors are visible in the drone image?,"{'A': '0', 'B': '1', 'C': '2', 'D': '3', 'E': '4 or more'}",A,A,C,2,0,1.1065196990966797
0000022_01251_d_0000007.jpg,/home/brisic03/VisDrone/VisDrone2019-DET-val/images/0000022_01251_d_0000007.jpg,most_frequent,Which object type appears most often in the drone image?,"{'A': 'truck', 'B': 'people', 'C': 'bus', 'D': 'pedestrian', 'E': 'motor'}",B,B,B,people,1,1.098801612854004
0000022_01251_d_0000007.jpg,/home/brisic03/VisDrone/VisDrone2019-DET-val/images/0000022_01251_d_0000007.jpg,location,Where is the largest motor located in the image?,"{'A': 'top-left', 'B': 'top-right', 'C': 'bottom-left', 'D': 'bottom-right', 'E': 'center'}",A,A,E,center,0,1.108149766921997
0000023_00000_d_0000008.jpg,/home/brisic03/VisDrone/VisDrone2019-DET-val/images/0000023_00000_d_0000008.jpg,presence,Which object type is visible in the drone image?,"{'A': 'bus', 'B': 'truck', 'C': 'motor', 'D': 'awning-tricycle', 'E': 'van'}",C,C,C,motor,1,1.0981543064117432
0000023_00000_d_0000008.jpg,/home/brisic03/VisDrone/VisDrone2019-DET-val/images/0000023_00000_d_0000008.jpg,counting,How many pedestrians are visible in the drone image?,"{'A': '0', 'B': '1', 'C': '2', 'D': '3', 'E': '4 or more'}",E,E,E,4 or more,1,1.10435152053833
0000023_00000_d_0000008.jpg,/home/brisic03/VisDrone/VisDrone2019-DET-val/images/0000023_00000_d_0000008.jpg,most_frequent,Which object type appears most often in the drone image?,"{'A': 'truck', 'B': 'bicycle', 'C': 'pedestrian', 'D': 'motor', 'E': 'tricycle'}",B,B,C,pedestrian,0,1.1039166450500488
0000023_00000_d_0000008.jpg,/home/brisic03/VisDrone/VisDrone2019-DET-val/images/0000023_00000_d_0000008.jpg,location,Where is the largest awning-tricycle located in the image?,"{'A': 'top-left', 'B': 'top-right', 'C': 'bottom-left', 'D': 'bottom-right', 'E': 'center'}",B,B,C,bottom-left,0,1.1050305366516113
0000023_00300_d_0000009.jpg,/home/brisic03/VisDrone/VisDrone2019-DET-val/images/0000023_00300_d_0000009.jpg,presence,Which object type is visible in the drone image?,"{'A': 'motor', 'B': 'van', 'C': 'tricycle', 'D': 'people', 'E': 'bicycle'}",A,A,D,people,0,1.0982797145843506
0000023_00300_d_0000009.jpg,/home/brisic03/VisDrone/VisDrone2019-DET-val/images/0000023_00300_d_0000009.jpg,counting,How many peoples are visible in the drone image?,"{'A': '0', 'B': '1', 'C': '2', 'D': '3', 'E': '4 or more'}",E,E,E,4 or more,1,1.1037466526031494
0000023_00300_d_0000009.jpg,/home/brisic03/VisDrone/VisDrone2019-DET-val/images/0000023_00300_d_0000009.jpg,location,Where is the largest awning-tricycle located in the image?,"{'A': 'top-left', 'B': 'top-right', 'C': 'bottom-left', 'D': 'bottom-right', 'E': 'center'}",E,E,E,center,1,1.1045138835906982
0000023_00868_d_0000010.jpg,/home/brisic03/VisDrone/VisDrone2019-DET-val/images/0000023_00868_d_0000010.jpg,presence,Which object type is visible in the drone image?,"{'A': 'van', 'B': 'people', 'C': 'tricycle', 'D': 'car', 'E': 'bus'}",B,B,B,people,1,1.0968303680419922
0000023_00868_d_0000010.jpg,/home/brisic03/VisDrone/VisDrone2019-DET-val/images/0000023_00868_d_0000010.jpg,counting,How many pedestrians are visible in the drone image?,"{'A': '0', 'B': '1', 'C': '2', 'D': '3', 'E': '4 or more'}",E,E,E,4 or more,1,1.1045176982879639
0000023_00868_d_0000010.jpg,/home/brisic03/VisDrone/VisDrone2019-DET-val/images/0000023_00868_d_0000010.jpg,most_frequent,Which object type appears most often in the drone image?,"{'A': 'bicycle', 'B': 'bus', 'C': 'pedestrian', 'D': 'people', 'E': 'awning-tricycle'}",A,A,C,pedestrian,0,1.104386568069458
0000023_00868_d_0000010.jpg,/home/brisic03/VisDrone/VisDrone2019-DET-val/images/0000023_00868_d_0000010.jpg,location,Where is the largest motor located in the image?,"{'A': 'top-left', 'B': 'top-right', 'C': 'bottom-left', 'D': 'bottom-right', 'E': 'center'}",A,A,C,bottom-left,0,1.1431922912597656
0000023_01233_d_0000011.jpg,/home/brisic03/VisDrone/VisDrone2019-DET-val/images/0000023_01233_d_0000011.jpg,presence,Which object type is visible in the drone image?,"{'A': 'truck', 'B': 'people', 'C': 'motor', 'D': 'car', 'E': 'pedestrian'}",B,B,C,motor,0,1.0999467372894287
0000023_01233_d_0000011.jpg,/home/brisic03/VisDrone/VisDrone2019-DET-val/images/0000023_01233_d_0000011.jpg,counting,How many motors are visible in the drone image?,"{'A': '0', 'B': '1', 'C': '2', 'D': '3', 'E': '4 or more'}",A,A,C,2,0,1.105151891708374
0000023_01233_d_0000011.jpg,/home/brisic03/VisDrone/VisDrone2019-DET-val/images/0000023_01233_d_0000011.jpg,most_frequent,Which object type appears most often in the drone image?,"{'A': 'motor', 'B': 'truck', 'C': 'car', 'D': 'pedestrian', 'E': 'people'}",D,D,E,people,0,1.100343942642212
0000023_01233_d_0000011.jpg,/home/brisic03/VisDrone/VisDrone2019-DET-val/images/0000023_01233_d_0000011.jpg,location,Where is the largest pedestrian located in the image?,"{'A': 'top-left', 'B': 'top-right', 'C': 'bottom-left', 'D': 'bottom-right', 'E': 'center'}",E,E,E,center,1,1.1073250770568848
0000024_00000_d_0000012.jpg,/home/brisic03/VisDrone/VisDrone2019-DET-val/images/0000024_00000_d_0000012.jpg,presence,Which object type is visible in the drone image?,"{'A': 'pedestrian', 'B': 'car', 'C': 'bus', 'D': 'people', 'E': 'motor'}",A,A,D,people,0,1.0966641902923584
0000024_00000_d_0000012.jpg,/home/brisic03/VisDrone/VisDrone2019-DET-val/images/0000024_00000_d_0000012.jpg,counting,How many pedestrians are visible in the drone image?,"{'A': '0', 'B': '1', 'C': '2', 'D': '3', 'E': '4 or more'}",E,E,E,4 or more,1,1.1070747375488281
0000024_00000_d_0000012.jpg,/home/brisic03/VisDrone/VisDrone2019-DET-val/images/0000024_00000_d_0000012.jpg,most_frequent,Which object type appears most often in the drone image?,"{'A': 'tricycle', 'B': 'people', 'C': 'truck', 'D': 'car', 'E': 'pedestrian'}",B,B,E,pedestrian,0,1.1088032722473145
0000024_00000_d_0000012.jpg,/home/brisic03/VisDrone/VisDrone2019-DET-val/images/0000024_00000_d_0000012.jpg,location,Where is the largest motor located in the image?,"{'A': 'top-left', 'B': 'top-right', 'C': 'bottom-left', 'D': 'bottom-right', 'E': 'center'}",D,D,C,bottom-left,0,1.1047039031982422
0000024_00500_d_0000013.jpg,/home/brisic03/VisDrone/VisDrone2019-DET-val/images/0000024_00500_d_0000013.jpg,presence,Which object type is visible in the drone image?,"{'A': 'motor', 'B': 'tricycle', 'C': 'bicycle', 'D': 'car', 'E': 'truck'}",C,C,A,motor,0,1.0974926948547363
0000024_00500_d_0000013.jpg,/home/brisic03/VisDrone/VisDrone2019-DET-val/images/0000024_00500_d_0000013.jpg,counting,How many motors are visible in the drone image?,"{'A': '0', 'B': '1', 'C': '2', 'D': '3', 'E': '4 or more'}",A,A,D,3,0,1.1052422523498535
0000024_00500_d_0000013.jpg,/home/brisic03/VisDrone/VisDrone2019-DET-val/images/0000024_00500_d_0000013.jpg,most_frequent,Which object type appears most often in the drone image?,"{'A': 'truck', 'B': 'people', 'C': 'bicycle', 'D': 'pedestrian', 'E': 'motor'}",B,B,B,people,1,1.099877119064331
0000024_00500_d_0000013.jpg,/home/brisic03/VisDrone/VisDrone2019-DET-val/images/0000024_00500_d_0000013.jpg,location,Where is the largest pedestrian located in the image?,"{'A': 'top-left', 'B': 'top-right', 'C': 'bottom-left', 'D': 'bottom-right', 'E': 'center'}",E,E,E,center,1,1.1065874099731445
0000024_01000_d_0000014.jpg,/home/brisic03/VisDrone/VisDrone2019-DET-val/images/0000024_01000_d_0000014.jpg,presence,Which object type is visible in the drone image?,"{'A': 'people', 'B': 'van', 'C': 'truck', 'D': 'pedestrian', 'E': 'awning-tricycle'}",A,A,D,pedestrian,0,1.0993940830230713
0000024_01000_d_0000014.jpg,/home/brisic03/VisDrone/VisDrone2019-DET-val/images/0000024_01000_d_0000014.jpg,counting,How many pedestrians are visible in the drone image?,"{'A': '0', 'B': '1', 'C': '2', 'D': '3', 'E': '4 or more'}",A,A,D,3,0,1.105238676071167
0000024_01000_d_0000014.jpg,/home/brisic03/VisDrone/VisDrone2019-DET-val/images/0000024_01000_d_0000014.jpg,most_frequent,Which object type appears most often in the drone image?,"{'A': 'bus', 'B': 'pedestrian', 'C': 'truck', 'D': 'motor', 'E': 'van'}",B,B,B,pedestrian,1,1.101696252822876
0000024_01000_d_0000014.jpg,/home/brisic03/VisDrone/VisDrone2019-DET-val/images/0000024_01000_d_0000014.jpg,location,Where is the largest pedestrian located in the image?,"{'A': 'top-left', 'B': 'top-right', 'C': 'bottom-left', 'D': 'bottom-right', 'E': 'center'}",E,E,E,center,1,1.110579252243042
0000024_01543_d_0000015.jpg,/home/brisic03/VisDrone/VisDrone2019-DET-val/images/0000024_01543_d_0000015.jpg,presence,Which object type is visible in the drone image?,"{'A': 'pedestrian', 'B': 'bicycle', 'C': 'car', 'D': 'van', 'E': 'tricycle'}",A,A,A,pedestrian,1,1.100924015045166
0000024_01543_d_0000015.jpg,/home/brisic03/VisDrone/VisDrone2019-DET-val/images/0000024_01543_d_0000015.jpg,counting,How many pedestrians are visible in the drone image?,"{'A': '0', 'B': '1', 'C': '2', 'D': '3', 'E': '4 or more'}",E,E,E,4 or more,1,1.105337381362915
0000024_01543_d_0000015.jpg,/home/brisic03/VisDrone/VisDrone2019-DET-val/images/0000024_01543_d_0000015.jpg,most_frequent,Which object type appears most often in the drone image?,"{'A': 'awning-tricycle', 'B': 'pedestrian', 'C': 'people', 'D': 'truck', 'E': 'bicycle'}",C,C,B,pedestrian,0,1.108607292175293
0000024_01543_d_0000015.jpg,/home/brisic03/VisDrone/VisDrone2019-DET-val/images/0000024_01543_d_0000015.jpg,location,Where is the largest motor located in the image?,"{'A': 'top-left', 'B': 'top-right', 'C': 'bottom-left', 'D': 'bottom-right', 'E': 'center'}",A,A,E,center,0,1.1082489490509033
0000026_00000_d_0000024.jpg,/home/brisic03/VisDrone/VisDrone2019-DET-val/images/0000026_00000_d_0000024.jpg,presence,Which object type is visible in the drone image?,"{'A': 'bus', 'B': 'people', 'C': 'car', 'D': 'awning-tricycle', 'E': 'bicycle'}",C,C,C,car,1,1.110783576965332
0000026_00000_d_0000024.jpg,/home/brisic03/VisDrone/VisDrone2019-DET-val/images/0000026_00000_d_0000024.jpg,counting,How many vans are visible in the drone image?,"{'A': '0', 'B': '1', 'C': '2', 'D': '3', 'E': '4 or more'}",B,B,B,1,1,1.1100423336029053
0000026_00000_d_0000024.jpg,/home/brisic03/VisDrone/VisDrone2019-DET-val/images/0000026_00000_d_0000024.jpg,most_frequent,Which object type appears most often in the drone image?,"{'A': 'truck', 'B': 'pedestrian', 'C': 'car', 'D': 'bus', 'E': 'motor'}",C,C,C,car,1,1.1075565814971924
0000026_00000_d_0000024.jpg,/home/brisic03/VisDrone/VisDrone2019-DET-val/images/0000026_00000_d_0000024.jpg,location,Where is the largest van located in the image?,"{'A': 'top-left', 'B': 'top-right', 'C': 'bottom-left', 'D': 'bottom-right', 'E': 'center'}",C,C,C,bottom-left,1,1.1145057678222656
0000026_00500_d_0000025.jpg,/home/brisic03/VisDrone/VisDrone2019-DET-val/images/0000026_00500_d_0000025.jpg,presence,Which object type is visible in the drone image?,"{'A': 'truck', 'B': 'van', 'C': 'awning-tricycle', 'D': 'car', 'E': 'tricycle'}",D,D,D,car,1,1.1144967079162598
0000026_00500_d_0000025.jpg,/home/brisic03/VisDrone/VisDrone2019-DET-val/images/0000026_00500_d_0000025.jpg,counting,How many cars are visible in the drone image?,"{'A': '0', 'B': '1', 'C': '2', 'D': '3', 'E': '4 or more'}",E,E,E,4 or more,1,1.1129169464111328
0000026_00500_d_0000025.jpg,/home/brisic03/VisDrone/VisDrone2019-DET-val/images/0000026_00500_d_0000025.jpg,most_frequent,Which object type appears most often in the drone image?,"{'A': 'van', 'B': 'car', 'C': 'people', 'D': 'awning-tricycle', 'E': 'motor'}",B,B,B,car,1,1.1163246631622314
0000026_00500_d_0000025.jpg,/home/brisic03/VisDrone/VisDrone2019-DET-val/images/0000026_00500_d_0000025.jpg,location,Where is the largest car located in the image?,"{'A': 'top-left', 'B': 'top-right', 'C': 'bottom-left', 'D': 'bottom-right', 'E': 'center'}",E,E,D,bottom-right,0,1.1141462326049805
0000026_01000_d_0000026.jpg,/home/brisic03/VisDrone/VisDrone2019-DET-val/images/0000026_01000_d_0000026.jpg,presence,Which object type is visible in the drone image?,"{'A': 'tricycle', 'B': 'bus', 'C': 'van', 'D': 'awning-tricycle', 'E': 'car'}",E,E,E,car,1,1.1147117614746094
0000026_01000_d_0000026.jpg,/home/brisic03/VisDrone/VisDrone2019-DET-val/images/0000026_01000_d_0000026.jpg,counting,How many motors are visible in the drone image?,"{'A': '0', 'B': '1', 'C': '2', 'D': '3', 'E': '4 or more'}",A,A,C,2,0,1.1136763095855713
0000026_01000_d_0000026.jpg,/home/brisic03/VisDrone/VisDrone2019-DET-val/images/0000026_01000_d_0000026.jpg,most_frequent,Which object type appears most often in the drone image?,"{'A': 'people', 'B': 'motor', 'C': 'bus', 'D': 'awning-tricycle', 'E': 'car'}",E,E,E,car,1,1.1138105392456055
0000026_01000_d_0000026.jpg,/home/brisic03/VisDrone/VisDrone2019-DET-val/images/0000026_01000_d_0000026.jpg,location,Where is the largest car located in the image?,"{'A': 'top-left', 'B': 'top-right', 'C': 'bottom-left', 'D': 'bottom-right', 'E': 'center'}",A,A,E,center,0,1.1147727966308594
0000026_01500_d_0000027.jpg,/home/brisic03/VisDrone/VisDrone2019-DET-val/images/0000026_01500_d_0000027.jpg,presence,Which object type is visible in the drone image?,"{'A': 'pedestrian', 'B': 'truck', 'C': 'people', 'D': 'car', 'E': 'awning-tricycle'}",D,D,A,pedestrian,0,1.1109998226165771
0000026_01500_d_0000027.jpg,/home/brisic03/VisDrone/VisDrone2019-DET-val/images/0000026_01500_d_0000027.jpg,counting,How many pedestrians are visible in the drone image?,"{'A': '0', 'B': '1', 'C': '2', 'D': '3', 'E': '4 or more'}",A,A,B,1,0,1.1495170593261719
0000026_01500_d_0000027.jpg,/home/brisic03/VisDrone/VisDrone2019-DET-val/images/0000026_01500_d_0000027.jpg,most_frequent,Which object type appears most often in the drone image?,"{'A': 'people', 'B': 'car', 'C': 'truck', 'D': 'motor', 'E': 'bus'}",B,B,B,car,1,1.1083178520202637
0000026_01500_d_0000027.jpg,/home/brisic03/VisDrone/VisDrone2019-DET-val/images/0000026_01500_d_0000027.jpg,location,Where is the largest car located in the image?,"{'A': 'top-left', 'B': 'top-right', 'C': 'bottom-left', 'D': 'bottom-right', 'E': 'center'}",D,D,E,center,0,1.1130468845367432
0000026_02000_d_0000028.jpg,/home/brisic03/VisDrone/VisDrone2019-DET-val/images/0000026_02000_d_0000028.jpg,presence,Which object type is visible in the drone image?,"{'A': 'pedestrian', 'B': 'car', 'C': 'motor', 'D': 'awning-tricycle', 'E': 'truck'}",B,B,B,car,1,1.1103098392486572
0000026_02000_d_0000028.jpg,/home/brisic03/VisDrone/VisDrone2019-DET-val/images/0000026_02000_d_0000028.jpg,counting,How many cars are visible in the drone image?,"{'A': '0', 'B': '1', 'C': '2', 'D': '3', 'E': '4 or more'}",E,E,E,4 or more,1,1.1125991344451904
0000026_02000_d_0000028.jpg,/home/brisic03/VisDrone/VisDrone2019-DET-val/images/0000026_02000_d_0000028.jpg,most_frequent,Which object type appears most often in the drone image?,"{'A': 'pedestrian', 'B': 'truck', 'C': 'car', 'D': 'motor', 'E': 'bicycle'}",C,C,C,car,1,1.1057302951812744
0000026_02000_d_0000028.jpg,/home/brisic03/VisDrone/VisDrone2019-DET-val/images/0000026_02000_d_0000028.jpg,location,Where is the largest car located in the image?,"{'A': 'top-left', 'B': 'top-right', 'C': 'bottom-left', 'D': 'bottom-right', 'E': 'center'}",E,E,E,center,1,1.114326000213623
0000026_02500_d_0000029.jpg,/home/brisic03/VisDrone/VisDrone2019-DET-val/images/0000026_02500_d_0000029.jpg,presence,Which object type is visible in the drone image?,"{'A': 'van', 'B': 'truck', 'C': 'pedestrian', 'D': 'motor', 'E': 'bus'}",C,C,A,van,0,1.1061923503875732
0000026_02500_d_0000029.jpg,/home/brisic03/VisDrone/VisDrone2019-DET-val/images/0000026_02500_d_0000029.jpg,counting,How many vans are visible in the drone image?,"{'A': '0', 'B': '1', 'C': '2', 'D': '3', 'E': '4 or more'}",A,A,C,2,0,1.110461950302124
0000026_02500_d_0000029.jpg,/home/brisic03/VisDrone/VisDrone2019-DET-val/images/0000026_02500_d_0000029.jpg,most_frequent,Which object type appears most often in the drone image?,"{'A': 'pedestrian', 'B': 'tricycle', 'C': 'van', 'D': 'car', 'E': 'bus'}",A,A,A,pedestrian,1,1.1105542182922363
0000026_02500_d_0000029.jpg,/home/brisic03/VisDrone/VisDrone2019-DET-val/images/0000026_02500_d_0000029.jpg,location,Where is the largest car located in the image?,"{'A': 'top-left', 'B': 'top-right', 'C': 'bottom-left', 'D': 'bottom-right', 'E': 'center'}",B,B,D,bottom-right,0,1.1118454933166504
0000026_03000_d_0000030.jpg,/home/brisic03/VisDrone/VisDrone2019-DET-val/images/0000026_03000_d_0000030.jpg,presence,Which object type is visible in the drone image?,"{'A': 'bus', 'B': 'car', 'C': 'tricycle', 'D': 'van', 'E': 'awning-tricycle'}",B,B,D,van,0,1.111872673034668
0000026_03000_d_0000030.jpg,/home/brisic03/VisDrone/VisDrone2019-DET-val/images/0000026_03000_d_0000030.jpg,counting,How many vans are visible in the drone image?,"{'A': '0', 'B': '1', 'C': '2', 'D': '3', 'E': '4 or more'}",B,B,B,1,1,1.1149587631225586
0000026_03000_d_0000030.jpg,/home/brisic03/VisDrone/VisDrone2019-DET-val/images/0000026_03000_d_0000030.jpg,most_frequent,Which object type appears most often in the drone image?,"{'A': 'car', 'B': 'bus', 'C': 'awning-tricycle', 'D': 'tricycle', 'E': 'van'}",A,A,A,car,1,1.1138176918029785
0000026_03000_d_0000030.jpg,/home/brisic03/VisDrone/VisDrone2019-DET-val/images/0000026_03000_d_0000030.jpg,location,Where is the largest car located in the image?,"{'A': 'top-left', 'B': 'top-right', 'C': 'bottom-left', 'D': 'bottom-right', 'E': 'center'}",B,B,E,center,0,1.112813949584961
0000026_03500_d_0000031.jpg,/home/brisic03/VisDrone/VisDrone2019-DET-val/images/0000026_03500_d_0000031.jpg,presence,Which object type is visible in the drone image?,"{'A': 'bus', 'B': 'tricycle', 'C': 'people', 'D': 'motor', 'E': 'van'}",C,C,D,motor,0,1.1071653366088867
0000026_03500_d_0000031.jpg,/home/brisic03/VisDrone/VisDrone2019-DET-val/images/0000026_03500_d_0000031.jpg,counting,How many pedestrians are visible in the drone image?,"{'A': '0', 'B': '1', 'C': '2', 'D': '3', 'E': '4 or more'}",A,A,B,1,0,1.11057448387146
0000026_03500_d_0000031.jpg,/home/brisic03/VisDrone/VisDrone2019-DET-val/images/0000026_03500_d_0000031.jpg,most_frequent,Which object type appears most often in the drone image?,"{'A': 'car', 'B': 'bus', 'C': 'tricycle', 'D': 'motor', 'E': 'van'}",A,A,A,car,1,1.1120753288269043
0000026_03500_d_0000031.jpg,/home/brisic03/VisDrone/VisDrone2019-DET-val/images/0000026_03500_d_0000031.jpg,location,Where is the largest van located in the image?,"{'A': 'top-left', 'B': 'top-right', 'C': 'bottom-left', 'D': 'bottom-right', 'E': 'center'}",B,B,E,center,0,1.1442844867706299
0000026_04000_d_0000032.jpg,/home/brisic03/VisDrone/VisDrone2019-DET-val/images/0000026_04000_d_0000032.jpg,presence,Which object type is visible in the drone image?,"{'A': 'people', 'B': 'tricycle', 'C': 'car', 'D': 'van', 'E': 'bicycle'}",C,C,D,van,0,1.1047136783599854
0000026_04000_d_0000032.jpg,/home/brisic03/VisDrone/VisDrone2019-DET-val/images/0000026_04000_d_0000032.jpg,counting,How many cars are visible in the drone image?,"{'A': '0', 'B': '1', 'C': '2', 'D': '3', 'E': '4 or more'}",E,E,E,4 or more,1,1.1075022220611572
0000026_04000_d_0000032.jpg,/home/brisic03/VisDrone/VisDrone2019-DET-val/images/0000026_04000_d_0000032.jpg,most_frequent,Which object type appears most often in the drone image?,"{'A': 'truck', 'B': 'tricycle', 'C': 'bicycle', 'D': 'car', 'E': 'awning-tricycle'}",D,D,D,car,1,1.1098952293395996
0000026_04000_d_0000032.jpg,/home/brisic03/VisDrone/VisDrone2019-DET-val/images/0000026_04000_d_0000032.jpg,location,Where is the largest car located in the image?,"{'A': 'top-left', 'B': 'top-right', 'C': 'bottom-left', 'D': 'bottom-right', 'E': 'center'}",B,B,D,bottom-right,0,1.1104638576507568
0000026_04500_d_0000033.jpg,/home/brisic03/VisDrone/VisDrone2019-DET-val/images/0000026_04500_d_0000033.jpg,presence,Which object type is visible in the drone image?,"{'A': 'motor', 'B': 'bicycle', 'C': 'awning-tricycle', 'D': 'tricycle', 'E': 'car'}",E,E,D,tricycle,0,1.1092779636383057
0000026_04500_d_0000033.jpg,/home/brisic03/VisDrone/VisDrone2019-DET-val/images/0000026_04500_d_0000033.jpg,counting,How many tricycles are visible in the drone image?,"{'A': '0', 'B': '1', 'C': '2', 'D': '3', 'E': '4 or more'}",A,A,B,1,0,1.1075959205627441
0000026_04500_d_0000033.jpg,/home/brisic03/VisDrone/VisDrone2019-DET-val/images/0000026_04500_d_0000033.jpg,most_frequent,Which object type appears most often in the drone image?,"{'A': 'van', 'B': 'car', 'C': 'motor', 'D': 'tricycle', 'E': 'bus'}",B,B,B,car,1,1.1104152202606201
0000026_04500_d_0000033.jpg,/home/brisic03/VisDrone/VisDrone2019-DET-val/images/0000026_04500_d_0000033.jpg,location,Where is the largest car located in the image?,"{'A': 'top-left', 'B': 'top-right', 'C': 'bottom-left', 'D': 'bottom-right', 'E': 'center'}",D,D,D,bottom-right,1,1.107642412185669
0000026_04978_d_0000034.jpg,/home/brisic03/VisDrone/VisDrone2019-DET-val/images/0000026_04978_d_0000034.jpg,presence,Which object type is visible in the drone image?,"{'A': 'people', 'B': 'pedestrian', 'C': 'bus', 'D': 'tricycle', 'E': 'car'}",A,A,D,tricycle,0,1.104806661605835
0000026_04978_d_0000034.jpg,/home/brisic03/VisDrone/VisDrone2019-DET-val/images/0000026_04978_d_0000034.jpg,counting,How many trucks are visible in the drone image?,"{'A': '0', 'B': '1', 'C': '2', 'D': '3', 'E': '4 or more'}",A,A,B,1,0,1.1144719123840332
0000026_04978_d_0000034.jpg,/home/brisic03/VisDrone/VisDrone2019-DET-val/images/0000026_04978_d_0000034.jpg,most_frequent,Which object type appears most often in the drone image?,"{'A': 'awning-tricycle', 'B': 'van', 'C': 'bicycle', 'D': 'car', 'E': 'motor'}",D,D,D,car,1,1.1098968982696533
0000026_04978_d_0000034.jpg,/home/brisic03/VisDrone/VisDrone2019-DET-val/images/0000026_04978_d_0000034.jpg,location,Where is the largest car located in the image?,"{'A': 'top-left', 'B': 'top-right', 'C': 'bottom-left', 'D': 'bottom-right', 'E': 'center'}",E,E,E,center,1,1.1115128993988037
0000055_00000_d_0000109.jpg,/home/brisic03/VisDrone/VisDrone2019-DET-val/images/0000055_00000_d_0000109.jpg,presence,Which object type is visible in the drone image?,"{'A': 'pedestrian', 'B': 'tricycle', 'C': 'awning-tricycle', 'D': 'bus', 'E': 'people'}",C,C,B,tricycle,0,1.1061885356903076
0000055_00000_d_0000109.jpg,/home/brisic03/VisDrone/VisDrone2019-DET-val/images/0000055_00000_d_0000109.jpg,counting,How many peoples are visible in the drone image?,"{'A': '0', 'B': '1', 'C': '2', 'D': '3', 'E': '4 or more'}",E,E,E,4 or more,1,1.105715036392212
0000055_00000_d_0000109.jpg,/home/brisic03/VisDrone/VisDrone2019-DET-val/images/0000055_00000_d_0000109.jpg,most_frequent,Which object type appears most often in the drone image?,"{'A': 'bus', 'B': 'people', 'C': 'bicycle', 'D': 'pedestrian', 'E': 'truck'}",B,B,D,pedestrian,0,1.0957930088043213
0000055_00000_d_0000109.jpg,/home/brisic03/VisDrone/VisDrone2019-DET-val/images/0000055_00000_d_0000109.jpg,location,Where is the largest tricycle located in the image?,"{'A': 'top-left', 'B': 'top-right', 'C': 'bottom-left', 'D': 'bottom-right', 'E': 'center'}",E,E,E,center,1,1.1049928665161133
0000055_00714_d_0000110.jpg,/home/brisic03/VisDrone/VisDrone2019-DET-val/images/0000055_00714_d_0000110.jpg,presence,Which object type is visible in the drone image?,"{'A': 'people', 'B': 'van', 'C': 'motor', 'D': 'tricycle', 'E': 'car'}",A,A,A,people,1,1.1439011096954346
0000055_00714_d_0000110.jpg,/home/brisic03/VisDrone/VisDrone2019-DET-val/images/0000055_00714_d_0000110.jpg,counting,How many motors are visible in the drone image?,"{'A': '0', 'B': '1', 'C': '2', 'D': '3', 'E': '4 or more'}",A,A,E,4 or more,0,1.106247901916504
0000055_00714_d_0000110.jpg,/home/brisic03/VisDrone/VisDrone2019-DET-val/images/0000055_00714_d_0000110.jpg,most_frequent,Which object type appears most often in the drone image?,"{'A': 'motor', 'B': 'tricycle', 'C': 'bus', 'D': 'awning-tricycle', 'E': 'pedestrian'}",D,D,E,pedestrian,0,1.106938362121582
0000055_00714_d_0000110.jpg,/home/brisic03/VisDrone/VisDrone2019-DET-val/images/0000055_00714_d_0000110.jpg,location,Where is the largest truck located in the image?,"{'A': 'top-left', 'B': 'top-right', 'C': 'bottom-left', 'D': 'bottom-right', 'E': 'center'}",B,B,B,top-right,1,1.1053111553192139
0000069_00001_d_0000001.jpg,/home/brisic03/VisDrone/VisDrone2019-DET-val/images/0000069_00001_d_0000001.jpg,presence,Which object type is visible in the drone image?,"{'A': 'bicycle', 'B': 'tricycle', 'C': 'awning-tricycle', 'D': 'car', 'E': 'people'}",C,C,E,people,0,1.1119003295898438
0000069_00001_d_0000001.jpg,/home/brisic03/VisDrone/VisDrone2019-DET-val/images/0000069_00001_d_0000001.jpg,counting,How many motors are visible in the drone image?,"{'A': '0', 'B': '1', 'C': '2', 'D': '3', 'E': '4 or more'}",A,A,D,3,0,1.1115036010742188
0000069_00001_d_0000001.jpg,/home/brisic03/VisDrone/VisDrone2019-DET-val/images/0000069_00001_d_0000001.jpg,most_frequent,Which object type appears most often in the drone image?,"{'A': 'people', 'B': 'truck', 'C': 'pedestrian', 'D': 'car', 'E': 'tricycle'}",A,A,C,pedestrian,0,1.110905408859253
0000069_00001_d_0000001.jpg,/home/brisic03/VisDrone/VisDrone2019-DET-val/images/0000069_00001_d_0000001.jpg,location,Where is the largest pedestrian located in the image?,"{'A': 'top-left', 'B': 'top-right', 'C': 'bottom-left', 'D': 'bottom-right', 'E': 'center'}",E,E,E,center,1,1.1121149063110352
0000069_00483_d_0000002.jpg,/home/brisic03/VisDrone/VisDrone2019-DET-val/images/0000069_00483_d_0000002.jpg,presence,Which object type is visible in the drone image?,"{'A': 'people', 'B': 'bus', 'C': 'bicycle', 'D': 'van', 'E': 'motor'}",A,A,A,people,1,1.1073038578033447
0000069_00483_d_0000002.jpg,/home/brisic03/VisDrone/VisDrone2019-DET-val/images/0000069_00483_d_0000002.jpg,counting,How many peoples are visible in the drone image?,"{'A': '0', 'B': '1', 'C': '2', 'D': '3', 'E': '4 or more'}",E,E,D,3,0,1.1116251945495605
0000069_00483_d_0000002.jpg,/home/brisic03/VisDrone/VisDrone2019-DET-val/images/0000069_00483_d_0000002.jpg,most_frequent,Which object type appears most often in the drone image?,"{'A': 'bus', 'B': 'truck', 'C': 'pedestrian', 'D': 'motor', 'E': 'people'}",E,E,C,pedestrian,0,1.1083402633666992
0000069_00483_d_0000002.jpg,/home/brisic03/VisDrone/VisDrone2019-DET-val/images/0000069_00483_d_0000002.jpg,location,Where is the largest pedestrian located in the image?,"{'A': 'top-left', 'B': 'top-right', 'C': 'bottom-left', 'D': 'bottom-right', 'E': 'center'}",E,E,D,bottom-right,0,1.1132416725158691
0000069_00713_d_0000003.jpg,/home/brisic03/VisDrone/VisDrone2019-DET-val/images/0000069_00713_d_0000003.jpg,presence,Which object type is visible in the drone image?,"{'A': 'pedestrian', 'B': 'van', 'C': 'motor', 'D': 'bicycle', 'E': 'bus'}",A,A,C,motor,0,1.1092350482940674
0000069_00713_d_0000003.jpg,/home/brisic03/VisDrone/VisDrone2019-DET-val/images/0000069_00713_d_0000003.jpg,counting,How many pedestrians are visible in the drone image?,"{'A': '0', 'B': '1', 'C': '2', 'D': '3', 'E': '4 or more'}",E,E,E,4 or more,1,1.1132307052612305
0000069_00713_d_0000003.jpg,/home/brisic03/VisDrone/VisDrone2019-DET-val/images/0000069_00713_d_0000003.jpg,most_frequent,Which object type appears most often in the drone image?,"{'A': 'van', 'B': 'awning-tricycle', 'C': 'truck', 'D': 'car', 'E': 'pedestrian'}",E,E,E,pedestrian,1,1.1131131649017334
0000069_00713_d_0000003.jpg,/home/brisic03/VisDrone/VisDrone2019-DET-val/images/0000069_00713_d_0000003.jpg,location,Where is the largest pedestrian located in the image?,"{'A': 'top-left', 'B': 'top-right', 'C': 'bottom-left', 'D': 'bottom-right', 'E': 'center'}",E,E,D,bottom-right,0,1.1138324737548828
0000069_01109_d_0000004.jpg,/home/brisic03/VisDrone/VisDrone2019-DET-val/images/0000069_01109_d_0000004.jpg,presence,Which object type is visible in the drone image?,"{'A': 'pedestrian', 'B': 'motor', 'C': 'car', 'D': 'people', 'E': 'van'}",D,D,D,people,1,1.1098308563232422
0000069_01109_d_0000004.jpg,/home/brisic03/VisDrone/VisDrone2019-DET-val/images/0000069_01109_d_0000004.jpg,counting,How many motors are visible in the drone image?,"{'A': '0', 'B': '1', 'C': '2', 'D': '3', 'E': '4 or more'}",A,A,C,2,0,1.1112582683563232
0000069_01109_d_0000004.jpg,/home/brisic03/VisDrone/VisDrone2019-DET-val/images/0000069_01109_d_0000004.jpg,most_frequent,Which object type appears most often in the drone image?,"{'A': 'pedestrian', 'B': 'awning-tricycle', 'C': 'motor', 'D': 'bicycle', 'E': 'car'}",A,A,A,pedestrian,1,1.114992380142212
0000069_01109_d_0000004.jpg,/home/brisic03/VisDrone/VisDrone2019-DET-val/images/0000069_01109_d_0000004.jpg,location,Where is the largest pedestrian located in the image?,"{'A': 'top-left', 'B': 'top-right', 'C': 'bottom-left', 'D': 'bottom-right', 'E': 'center'}",E,E,E,center,1,1.114518642425537
0000069_01878_d_0000005.jpg,/home/brisic03/VisDrone/VisDrone2019-DET-val/images/0000069_01878_d_0000005.jpg,presence,Which object type is visible in the drone image?,"{'A': 'people', 'B': 'bicycle', 'C': 'van', 'D': 'truck', 'E': 'bus'}",A,A,A,people,1,1.1462481021881104
0000069_01878_d_0000005.jpg,/home/brisic03/VisDrone/VisDrone2019-DET-val/images/0000069_01878_d_0000005.jpg,counting,How many bicycles are visible in the drone image?,"{'A': '0', 'B': '1', 'C': '2', 'D': '3', 'E': '4 or more'}",A,A,B,1,0,1.114396572113037
0000069_01878_d_0000005.jpg,/home/brisic03/VisDrone/VisDrone2019-DET-val/images/0000069_01878_d_0000005.jpg,most_frequent,Which object type appears most often in the drone image?,"{'A': 'tricycle', 'B': 'van', 'C': 'pedestrian', 'D': 'awning-tricycle', 'E': 'bus'}",C,C,C,pedestrian,1,1.1138732433319092
0000069_01878_d_0000005.jpg,/home/brisic03/VisDrone/VisDrone2019-DET-val/images/0000069_01878_d_0000005.jpg,location,Where is the largest people located in the image?,"{'A': 'top-left', 'B': 'top-right', 'C': 'bottom-left', 'D': 'bottom-right', 'E': 'center'}",E,E,C,bottom-left,0,1.113713264465332
0000069_02163_d_0000006.jpg,/home/brisic03/VisDrone/VisDrone2019-DET-val/images/0000069_02163_d_0000006.jpg,presence,Which object type is visible in the drone image?,"{'A': 'bicycle', 'B': 'awning-tricycle', 'C': 'people', 'D': 'motor', 'E': 'car'}",A,A,E,car,0,1.1120281219482422
0000069_02163_d_0000006.jpg,/home/brisic03/VisDrone/VisDrone2019-DET-val/images/0000069_02163_d_0000006.jpg,counting,How many tricycles are visible in the drone image?,"{'A': '0', 'B': '1', 'C': '2', 'D': '3', 'E': '4 or more'}",A,A,B,1,0,1.1135249137878418
0000069_02163_d_0000006.jpg,/home/brisic03/VisDrone/VisDrone2019-DET-val/images/0000069_02163_d_0000006.jpg,most_frequent,Which object type appears most often in the drone image?,"{'A': 'pedestrian', 'B': 'van', 'C': 'people', 'D': 'motor', 'E': 'tricycle'}",C,C,A,pedestrian,0,1.1135218143463135
0000069_02163_d_0000006.jpg,/home/brisic03/VisDrone/VisDrone2019-DET-val/images/0000069_02163_d_0000006.jpg,location,Where is the largest bicycle located in the image?,"{'A': 'top-left', 'B': 'top-right', 'C': 'bottom-left', 'D': 'bottom-right', 'E': 'center'}",D,D,E,center,0,1.1153512001037598
0000069_02480_d_0000007.jpg,/home/brisic03/VisDrone/VisDrone2019-DET-val/images/0000069_02480_d_0000007.jpg,presence,Which object type is visible in the drone image?,"{'A': 'bus', 'B': 'car', 'C': 'people', 'D': 'awning-tricycle', 'E': 'bicycle'}",C,C,B,car,0,1.1115233898162842
0000069_02480_d_0000007.jpg,/home/brisic03/VisDrone/VisDrone2019-DET-val/images/0000069_02480_d_0000007.jpg,counting,How many cars are visible in the drone image?,"{'A': '0', 'B': '1', 'C': '2', 'D': '3', 'E': '4 or more'}",A,A,E,4 or more,0,1.1134941577911377
0000069_02480_d_0000007.jpg,/home/brisic03/VisDrone/VisDrone2019-DET-val/images/0000069_02480_d_0000007.jpg,most_frequent,Which object type appears most often in the drone image?,"{'A': 'bus', 'B': 'people', 'C': 'awning-tricycle', 'D': 'car', 'E': 'pedestrian'}",B,B,E,pedestrian,0,1.1133685111999512
0000069_02480_d_0000007.jpg,/home/brisic03/VisDrone/VisDrone2019-DET-val/images/0000069_02480_d_0000007.jpg,location,Where is the largest people located in the image?,"{'A': 'top-left', 'B': 'top-right', 'C': 'bottom-left', 'D': 'bottom-right', 'E': 'center'}",E,E,D,bottom-right,0,1.1174900531768799
0000072_02834_d_0000003.jpg,/home/brisic03/VisDrone/VisDrone2019-DET-val/images/0000072_02834_d_0000003.jpg,presence,Which object type is visible in the drone image?,"{'A': 'pedestrian', 'B': 'van', 'C': 'awning-tricycle', 'D': 'truck', 'E': 'bicycle'}",A,A,A,pedestrian,1,1.1112370491027832
0000072_02834_d_0000003.jpg,/home/brisic03/VisDrone/VisDrone2019-DET-val/images/0000072_02834_d_0000003.jpg,counting,How many bicycles are visible in the drone image?,"{'A': '0', 'B': '1', 'C': '2', 'D': '3', 'E': '4 or more'}",A,A,B,1,0,1.1150846481323242
0000072_02834_d_0000003.jpg,/home/brisic03/VisDrone/VisDrone2019-DET-val/images/0000072_02834_d_0000003.jpg,most_frequent,Which object type appears most often in the drone image?,"{'A': 'pedestrian', 'B': 'bicycle', 'C': 'van', 'D': 'people', 'E': 'motor'}",D,D,A,pedestrian,0,1.1100375652313232
0000072_02834_d_0000003.jpg,/home/brisic03/VisDrone/VisDrone2019-DET-val/images/0000072_02834_d_0000003.jpg,location,Where is the largest car located in the image?,"{'A': 'top-left', 'B': 'top-right', 'C': 'bottom-left', 'D': 'bottom-right', 'E': 'center'}",E,E,E,center,1,1.1166133880615234
0000076_02142_d_0000009.jpg,/home/brisic03/VisDrone/VisDrone2019-DET-val/images/0000076_02142_d_0000009.jpg,presence,Which object type is visible in the drone image?,"{'A': 'van', 'B': 'car', 'C': 'bus', 'D': 'motor', 'E': 'tricycle'}",D,D,A,van,0,1.1113486289978027
0000076_02142_d_0000009.jpg,/home/brisic03/VisDrone/VisDrone2019-DET-val/images/0000076_02142_d_0000009.jpg,counting,How many trucks are visible in the drone image?,"{'A': '0', 'B': '1', 'C': '2', 'D': '3', 'E': '4 or more'}",D,D,E,4 or more,0,1.116997480392456
0000076_02142_d_0000009.jpg,/home/brisic03/VisDrone/VisDrone2019-DET-val/images/0000076_02142_d_0000009.jpg,most_frequent,Which object type appears most often in the drone image?,"{'A': 'bicycle', 'B': 'people', 'C': 'awning-tricycle', 'D': 'motor', 'E': 'truck'}",E,E,E,truck,1,1.1156775951385498
0000076_02142_d_0000009.jpg,/home/brisic03/VisDrone/VisDrone2019-DET-val/images/0000076_02142_d_0000009.jpg,location,Where is the largest truck located in the image?,"{'A': 'top-left', 'B': 'top-right', 'C': 'bottom-left', 'D': 'bottom-right', 'E': 'center'}",A,A,E,center,0,1.1189393997192383
0000081_00000_d_0000001.jpg,/home/brisic03/VisDrone/VisDrone2019-DET-val/images/0000081_00000_d_0000001.jpg,presence,Which object type is visible in the drone image?,"{'A': 'motor', 'B': 'car', 'C': 'truck', 'D': 'van', 'E': 'bicycle'}",A,A,E,bicycle,0,1.1076512336730957
0000081_00000_d_0000001.jpg,/home/brisic03/VisDrone/VisDrone2019-DET-val/images/0000081_00000_d_0000001.jpg,counting,How many peoples are visible in the drone image?,"{'A': '0', 'B': '1', 'C': '2', 'D': '3', 'E': '4 or more'}",E,E,E,4 or more,1,1.109496831893921
0000081_00000_d_0000001.jpg,/home/brisic03/VisDrone/VisDrone2019-DET-val/images/0000081_00000_d_0000001.jpg,most_frequent,Which object type appears most often in the drone image?,"{'A': 'van', 'B': 'people', 'C': 'bicycle', 'D': 'pedestrian', 'E': 'car'}",B,B,D,pedestrian,0,1.1072993278503418
0000081_00000_d_0000001.jpg,/home/brisic03/VisDrone/VisDrone2019-DET-val/images/0000081_00000_d_0000001.jpg,location,Where is the largest pedestrian located in the image?,"{'A': 'top-left', 'B': 'top-right', 'C': 'bottom-left', 'D': 'bottom-right', 'E': 'center'}",E,E,D,bottom-right,0,1.1282711029052734
0000086_00000_d_0000001.jpg,/home/brisic03/VisDrone/VisDrone2019-DET-val/images/0000086_00000_d_0000001.jpg,presence,Which object type is visible in the drone image?,"{'A': 'truck', 'B': 'car', 'C': 'pedestrian', 'D': 'awning-tricycle', 'E': 'motor'}",C,C,C,pedestrian,1,1.1089787483215332
0000086_00000_d_0000001.jpg,/home/brisic03/VisDrone/VisDrone2019-DET-val/images/0000086_00000_d_0000001.jpg,counting,How many pedestrians are visible in the drone image?,"{'A': '0', 'B': '1', 'C': '2', 'D': '3', 'E': '4 or more'}",A,A,E,4 or more,0,1.1157236099243164
0000086_00000_d_0000001.jpg,/home/brisic03/VisDrone/VisDrone2019-DET-val/images/0000086_00000_d_0000001.jpg,most_frequent,Which object type appears most often in the drone image?,"{'A': 'tricycle', 'B': 'car', 'C': 'bus', 'D': 'truck', 'E': 'pedestrian'}",E,E,E,pedestrian,1,1.1261446475982666
0000086_00000_d_0000001.jpg,/home/brisic03/VisDrone/VisDrone2019-DET-val/images/0000086_00000_d_0000001.jpg,location,Where is the largest people located in the image?,"{'A': 'top-left', 'B': 'top-right', 'C': 'bottom-left', 'D': 'bottom-right', 'E': 'center'}",A,A,E,center,0,1.1130077838897705
0000086_00592_d_0000002.jpg,/home/brisic03/VisDrone/VisDrone2019-DET-val/images/0000086_00592_d_0000002.jpg,presence,Which object type is visible in the drone image?,"{'A': 'car', 'B': 'pedestrian', 'C': 'people', 'D': 'awning-tricycle', 'E': 'bus'}",C,C,C,people,1,1.1205263137817383
0000086_00592_d_0000002.jpg,/home/brisic03/VisDrone/VisDrone2019-DET-val/images/0000086_00592_d_0000002.jpg,counting,How many peoples are visible in the drone image?,"{'A': '0', 'B': '1', 'C': '2', 'D': '3', 'E': '4 or more'}",E,E,E,4 or more,1,1.122790813446045
0000086_00592_d_0000002.jpg,/home/brisic03/VisDrone/VisDrone2019-DET-val/images/0000086_00592_d_0000002.jpg,most_frequent,Which object type appears most often in the drone image?,"{'A': 'van', 'B': 'awning-tricycle', 'C': 'truck', 'D': 'tricycle', 'E': 'pedestrian'}",E,E,E,pedestrian,1,1.1246178150177002
0000086_00592_d_0000002.jpg,/home/brisic03/VisDrone/VisDrone2019-DET-val/images/0000086_00592_d_0000002.jpg,location,Where is the largest people located in the image?,"{'A': 'top-left', 'B': 'top-right', 'C': 'bottom-left', 'D': 'bottom-right', 'E': 'center'}",A,A,C,bottom-left,0,1.1232318878173828
0000086_01084_d_0000003.jpg,/home/brisic03/VisDrone/VisDrone2019-DET-val/images/0000086_01084_d_0000003.jpg,presence,Which object type is visible in the drone image?,"{'A': 'truck', 'B': 'people', 'C': 'motor', 'D': 'car', 'E': 'bus'}",B,B,B,people,1,1.1256794929504395
0000086_01084_d_0000003.jpg,/home/brisic03/VisDrone/VisDrone2019-DET-val/images/0000086_01084_d_0000003.jpg,counting,How many bicycles are visible in the drone image?,"{'A': '0', 'B': '1', 'C': '2', 'D': '3', 'E': '4 or more'}",A,A,B,1,0,1.1222691535949707
0000086_01084_d_0000003.jpg,/home/brisic03/VisDrone/VisDrone2019-DET-val/images/0000086_01084_d_0000003.jpg,most_frequent,Which object type appears most often in the drone image?,"{'A': 'bicycle', 'B': 'awning-tricycle', 'C': 'pedestrian', 'D': 'truck', 'E': 'car'}",C,C,C,pedestrian,1,1.1249504089355469
0000086_01084_d_0000003.jpg,/home/brisic03/VisDrone/VisDrone2019-DET-val/images/0000086_01084_d_0000003.jpg,location,Where is the largest pedestrian located in the image?,"{'A': 'top-left', 'B': 'top-right', 'C': 'bottom-left', 'D': 'bottom-right', 'E': 'center'}",A,A,D,bottom-right,0,1.1228301525115967
0000086_01443_d_0000004.jpg,/home/brisic03/VisDrone/VisDrone2019-DET-val/images/0000086_01443_d_0000004.jpg,presence,Which object type is visible in the drone image?,"{'A': 'pedestrian', 'B': 'van', 'C': 'people', 'D': 'tricycle', 'E': 'awning-tricycle'}",C,C,C,people,1,1.1130332946777344
0000086_01443_d_0000004.jpg,/home/brisic03/VisDrone/VisDrone2019-DET-val/images/0000086_01443_d_0000004.jpg,counting,How many pedestrians are visible in the drone image?,"{'A': '0', 'B': '1', 'C': '2', 'D': '3', 'E': '4 or more'}",A,A,E,4 or more,0,1.110971450805664
0000086_01443_d_0000004.jpg,/home/brisic03/VisDrone/VisDrone2019-DET-val/images/0000086_01443_d_0000004.jpg,most_frequent,Which object type appears most often in the drone image?,"{'A': 'tricycle', 'B': 'motor', 'C': 'people', 'D': 'truck', 'E': 'pedestrian'}",C,C,E,pedestrian,0,1.1356871128082275
0000086_01443_d_0000004.jpg,/home/brisic03/VisDrone/VisDrone2019-DET-val/images/0000086_01443_d_0000004.jpg,location,Where is the largest pedestrian located in the image?,"{'A': 'top-left', 'B': 'top-right', 'C': 'bottom-left', 'D': 'bottom-right', 'E': 'center'}",A,A,D,bottom-right,0,1.1266374588012695
0000086_01954_d_0000005.jpg,/home/brisic03/VisDrone/VisDrone2019-DET-val/images/0000086_01954_d_0000005.jpg,presence,Which object type is visible in the drone image?,"{'A': 'truck', 'B': 'people', 'C': 'bus', 'D': 'bicycle', 'E': 'awning-tricycle'}",B,B,D,bicycle,0,1.1075518131256104
0000086_01954_d_0000005.jpg,/home/brisic03/VisDrone/VisDrone2019-DET-val/images/0000086_01954_d_0000005.jpg,counting,How many peoples are visible in the drone image?,"{'A': '0', 'B': '1', 'C': '2', 'D': '3', 'E': '4 or more'}",E,E,E,4 or more,1,1.115706205368042
0000086_01954_d_0000005.jpg,/home/brisic03/VisDrone/VisDrone2019-DET-val/images/0000086_01954_d_0000005.jpg,most_frequent,Which object type appears most often in the drone image?,"{'A': 'pedestrian', 'B': 'bicycle', 'C': 'car', 'D': 'bus', 'E': 'van'}",A,A,A,pedestrian,1,1.1476950645446777
0000086_01954_d_0000005.jpg,/home/brisic03/VisDrone/VisDrone2019-DET-val/images/0000086_01954_d_0000005.jpg,location,Where is the largest pedestrian located in the image?,"{'A': 'top-left', 'B': 'top-right', 'C': 'bottom-left', 'D': 'bottom-right', 'E': 'center'}",A,A,E,center,0,1.1244568824768066
0000103_00180_d_0000026.jpg,/home/brisic03/VisDrone/VisDrone2019-DET-val/images/0000103_00180_d_0000026.jpg,presence,Which object type is visible in the drone image?,"{'A': 'tricycle', 'B': 'van', 'C': 'bicycle', 'D': 'pedestrian', 'E': 'awning-tricycle'}",D,D,D,pedestrian,1,1.145690679550171
0000103_00180_d_0000026.jpg,/home/brisic03/VisDrone/VisDrone2019-DET-val/images/0000103_00180_d_0000026.jpg,counting,How many pedestrians are visible in the drone image?,"{'A': '0', 'B': '1', 'C': '2', 'D': '3', 'E': '4 or more'}",B,B,B,1,1,1.1288771629333496
0000103_00180_d_0000026.jpg,/home/brisic03/VisDrone/VisDrone2019-DET-val/images/0000103_00180_d_0000026.jpg,most_frequent,Which object type appears most often in the drone image?,"{'A': 'people', 'B': 'bicycle', 'C': 'car', 'D': 'tricycle', 'E': 'pedestrian'}",E,E,E,pedestrian,1,1.1191802024841309
0000103_00180_d_0000026.jpg,/home/brisic03/VisDrone/VisDrone2019-DET-val/images/0000103_00180_d_0000026.jpg,location,Where is the largest pedestrian located in the image?,"{'A': 'top-left', 'B': 'top-right', 'C': 'bottom-left', 'D': 'bottom-right', 'E': 'center'}",E,E,E,center,1,1.1342089176177979
0000103_00502_d_0000027.jpg,/home/brisic03/VisDrone/VisDrone2019-DET-val/images/0000103_00502_d_0000027.jpg,presence,Which object type is visible in the drone image?,"{'A': 'motor', 'B': 'bus', 'C': 'car', 'D': 'van', 'E': 'pedestrian'}",C,C,E,pedestrian,0,1.124772310256958
0000103_00502_d_0000027.jpg,/home/brisic03/VisDrone/VisDrone2019-DET-val/images/0000103_00502_d_0000027.jpg,counting,How many pedestrians are visible in the drone image?,"{'A': '0', 'B': '1', 'C': '2', 'D': '3', 'E': '4 or more'}",A,A,C,2,0,1.1427037715911865
0000103_00502_d_0000027.jpg,/home/brisic03/VisDrone/VisDrone2019-DET-val/images/0000103_00502_d_0000027.jpg,most_frequent,Which object type appears most often in the drone image?,"{'A': 'people', 'B': 'tricycle', 'C': 'van', 'D': 'pedestrian', 'E': 'truck'}",A,A,D,pedestrian,0,1.1351923942565918
0000103_00502_d_0000027.jpg,/home/brisic03/VisDrone/VisDrone2019-DET-val/images/0000103_00502_d_0000027.jpg,location,Where is the largest car located in the image?,"{'A': 'top-left', 'B': 'top-right', 'C': 'bottom-left', 'D': 'bottom-right', 'E': 'center'}",A,A,A,top-left,1,1.13625168800354
0000103_01734_d_0000028.jpg,/home/brisic03/VisDrone/VisDrone2019-DET-val/images/0000103_01734_d_0000028.jpg,presence,Which object type is visible in the drone image?,"{'A': 'motor', 'B': 'truck', 'C': 'pedestrian', 'D': 'bus', 'E': 'awning-tricycle'}",C,C,C,pedestrian,1,1.1272728443145752
0000103_01734_d_0000028.jpg,/home/brisic03/VisDrone/VisDrone2019-DET-val/images/0000103_01734_d_0000028.jpg,counting,How many cars are visible in the drone image?,"{'A': '0', 'B': '1', 'C': '2', 'D': '3', 'E': '4 or more'}",D,D,D,3,1,1.12664794921875
0000103_01734_d_0000028.jpg,/home/brisic03/VisDrone/VisDrone2019-DET-val/images/0000103_01734_d_0000028.jpg,most_frequent,Which object type appears most often in the drone image?,"{'A': 'bus', 'B': 'van', 'C': 'motor', 'D': 'pedestrian', 'E': 'car'}",E,E,E,car,1,1.137648105621338
0000103_01734_d_0000028.jpg,/home/brisic03/VisDrone/VisDrone2019-DET-val/images/0000103_01734_d_0000028.jpg,location,Where is the largest car located in the image?,"{'A': 'top-left', 'B': 'top-right', 'C': 'bottom-left', 'D': 'bottom-right', 'E': 'center'}",A,A,E,center,0,1.1311547756195068
0000103_02544_d_0000029.jpg,/home/brisic03/VisDrone/VisDrone2019-DET-val/images/0000103_02544_d_0000029.jpg,presence,Which object type is visible in the drone image?,"{'A': 'awning-tricycle', 'B': 'bus', 'C': 'pedestrian', 'D': 'truck', 'E': 'motor'}",C,C,E,motor,0,1.1257224082946777
0000103_02544_d_0000029.jpg,/home/brisic03/VisDrone/VisDrone2019-DET-val/images/0000103_02544_d_0000029.jpg,counting,How many pedestrians are visible in the drone image?,"{'A': '0', 'B': '1', 'C': '2', 'D': '3', 'E': '4 or more'}",B,B,B,1,1,1.1327807903289795
0000103_02544_d_0000029.jpg,/home/brisic03/VisDrone/VisDrone2019-DET-val/images/0000103_02544_d_0000029.jpg,most_frequent,Which object type appears most often in the drone image?,"{'A': 'awning-tricycle', 'B': 'car', 'C': 'bus', 'D': 'pedestrian', 'E': 'motor'}",D,D,E,motor,0,1.1313540935516357
0000103_02544_d_0000029.jpg,/home/brisic03/VisDrone/VisDrone2019-DET-val/images/0000103_02544_d_0000029.jpg,location,Where is the largest motor located in the image?,"{'A': 'top-left', 'B': 'top-right', 'C': 'bottom-left', 'D': 'bottom-right', 'E': 'center'}",B,B,C,bottom-left,0,1.1288535594940186
0000103_02964_d_0000030.jpg,/home/brisic03/VisDrone/VisDrone2019-DET-val/images/0000103_02964_d_0000030.jpg,presence,Which object type is visible in the drone image?,"{'A': 'pedestrian', 'B': 'bus', 'C': 'car', 'D': 'bicycle', 'E': 'people'}",D,D,E,people,0,1.1335725784301758
0000103_02964_d_0000030.jpg,/home/brisic03/VisDrone/VisDrone2019-DET-val/images/0000103_02964_d_0000030.jpg,counting,How many trucks are visible in the drone image?,"{'A': '0', 'B': '1', 'C': '2', 'D': '3', 'E': '4 or more'}",B,B,B,1,1,1.1354241371154785
0000103_02964_d_0000030.jpg,/home/brisic03/VisDrone/VisDrone2019-DET-val/images/0000103_02964_d_0000030.jpg,most_frequent,Which object type appears most often in the drone image?,"{'A': 'bicycle', 'B': 'van', 'C': 'bus', 'D': 'motor', 'E': 'tricycle'}",A,A,D,motor,0,1.1343328952789307
0000103_02964_d_0000030.jpg,/home/brisic03/VisDrone/VisDrone2019-DET-val/images/0000103_02964_d_0000030.jpg,location,Where is the largest van located in the image?,"{'A': 'top-left', 'B': 'top-right', 'C': 'bottom-left', 'D': 'bottom-right', 'E': 'center'}",B,B,E,center,0,1.127903699874878
0000103_03349_d_0000031.jpg,/home/brisic03/VisDrone/VisDrone2019-DET-val/images/0000103_03349_d_0000031.jpg,presence,Which object type is visible in the drone image?,"{'A': 'motor', 'B': 'truck', 'C': 'awning-tricycle', 'D': 'van', 'E': 'bus'}",C,C,B,truck,0,1.1327612400054932
0000103_03349_d_0000031.jpg,/home/brisic03/VisDrone/VisDrone2019-DET-val/images/0000103_03349_d_0000031.jpg,counting,How many pedestrians are visible in the drone image?,"{'A': '0', 'B': '1', 'C': '2', 'D': '3', 'E': '4 or more'}",B,B,B,1,1,1.1380321979522705
0000103_03349_d_0000031.jpg,/home/brisic03/VisDrone/VisDrone2019-DET-val/images/0000103_03349_d_0000031.jpg,most_frequent,Which object type appears most often in the drone image?,"{'A': 'car', 'B': 'pedestrian', 'C': 'truck', 'D': 'awning-tricycle', 'E': 'van'}",A,A,A,car,1,1.1312506198883057
0000103_03349_d_0000031.jpg,/home/brisic03/VisDrone/VisDrone2019-DET-val/images/0000103_03349_d_0000031.jpg,location,Where is the largest truck located in the image?,"{'A': 'top-left', 'B': 'top-right', 'C': 'bottom-left', 'D': 'bottom-right', 'E': 'center'}",A,A,E,center,0,1.1190595626831055
0000103_03738_d_0000032.jpg,/home/brisic03/VisDrone/VisDrone2019-DET-val/images/0000103_03738_d_0000032.jpg,presence,Which object type is visible in the drone image?,"{'A': 'van', 'B': 'bus', 'C': 'motor', 'D': 'truck', 'E': 'people'}",D,D,D,truck,1,1.1334943771362305
0000103_03738_d_0000032.jpg,/home/brisic03/VisDrone/VisDrone2019-DET-val/images/0000103_03738_d_0000032.jpg,counting,How many trucks are visible in the drone image?,"{'A': '0', 'B': '1', 'C': '2', 'D': '3', 'E': '4 or more'}",B,B,B,1,1,1.1318047046661377
0000103_03738_d_0000032.jpg,/home/brisic03/VisDrone/VisDrone2019-DET-val/images/0000103_03738_d_0000032.jpg,most_frequent,Which object type appears most often in the drone image?,"{'A': 'van', 'B': 'pedestrian', 'C': 'bicycle', 'D': 'tricycle', 'E': 'truck'}",B,B,B,pedestrian,1,1.1321258544921875
0000103_03738_d_0000032.jpg,/home/brisic03/VisDrone/VisDrone2019-DET-val/images/0000103_03738_d_0000032.jpg,location,Where is the largest truck located in the image?,"{'A': 'top-left', 'B': 'top-right', 'C': 'bottom-left', 'D': 'bottom-right', 'E': 'center'}",B,B,B,top-right,1,1.1358981132507324
0000103_04122_d_0000033.jpg,/home/brisic03/VisDrone/VisDrone2019-DET-val/images/0000103_04122_d_0000033.jpg,presence,Which object type is visible in the drone image?,"{'A': 'car', 'B': 'bicycle', 'C': 'pedestrian', 'D': 'bus', 'E': 'people'}",B,B,E,people,0,1.1424779891967773
0000103_04122_d_0000033.jpg,/home/brisic03/VisDrone/VisDrone2019-DET-val/images/0000103_04122_d_0000033.jpg,counting,How many pedestrians are visible in the drone image?,"{'A': '0', 'B': '1', 'C': '2', 'D': '3', 'E': '4 or more'}",D,D,D,3,1,1.1372520923614502
0000103_04122_d_0000033.jpg,/home/brisic03/VisDrone/VisDrone2019-DET-val/images/0000103_04122_d_0000033.jpg,most_frequent,Which object type appears most often in the drone image?,"{'A': 'pedestrian', 'B': 'bicycle', 'C': 'motor', 'D': 'truck', 'E': 'car'}",A,A,A,pedestrian,1,1.1180353164672852
0000103_04122_d_0000033.jpg,/home/brisic03/VisDrone/VisDrone2019-DET-val/images/0000103_04122_d_0000033.jpg,location,Where is the largest pedestrian located in the image?,"{'A': 'top-left', 'B': 'top-right', 'C': 'bottom-left', 'D': 'bottom-right', 'E': 'center'}",E,E,E,center,1,1.1438140869140625
0000103_04513_d_0000034.jpg,/home/brisic03/VisDrone/VisDrone2019-DET-val/images/0000103_04513_d_0000034.jpg,presence,Which object type is visible in the drone image?,"{'A': 'awning-tricycle', 'B': 'car', 'C': 'bus', 'D': 'motor', 'E': 'van'}",A,A,B,car,0,1.1456007957458496
0000103_04513_d_0000034.jpg,/home/brisic03/VisDrone/VisDrone2019-DET-val/images/0000103_04513_d_0000034.jpg,counting,How many cars are visible in the drone image?,"{'A': '0', 'B': '1', 'C': '2', 'D': '3', 'E': '4 or more'}",B,B,B,1,1,1.1383388042449951
0000103_04513_d_0000034.jpg,/home/brisic03/VisDrone/VisDrone2019-DET-val/images/0000103_04513_d_0000034.jpg,location,Where is the largest car located in the image?,"{'A': 'top-left', 'B': 'top-right', 'C': 'bottom-left', 'D': 'bottom-right', 'E': 'center'}",E,E,E,center,1,1.1344349384307861
0000103_04948_d_0000035.jpg,/home/brisic03/VisDrone/VisDrone2019-DET-val/images/0000103_04948_d_0000035.jpg,presence,Which object type is visible in the drone image?,"{'A': 'van', 'B': 'car', 'C': 'bicycle', 'D': 'tricycle', 'E': 'bus'}",E,E,B,car,0,1.1242797374725342
0000103_04948_d_0000035.jpg,/home/brisic03/VisDrone/VisDrone2019-DET-val/images/0000103_04948_d_0000035.jpg,counting,How many cars are visible in the drone image?,"{'A': '0', 'B': '1', 'C': '2', 'D': '3', 'E': '4 or more'}",A,A,B,1,0,1.1210765838623047
0000103_04948_d_0000035.jpg,/home/brisic03/VisDrone/VisDrone2019-DET-val/images/0000103_04948_d_0000035.jpg,most_frequent,Which object type appears most often in the drone image?,"{'A': 'people', 'B': 'van', 'C': 'car', 'D': 'truck', 'E': 'awning-tricycle'}",D,D,C,car,0,1.1951086521148682
0000103_04948_d_0000035.jpg,/home/brisic03/VisDrone/VisDrone2019-DET-val/images/0000103_04948_d_0000035.jpg,location,Where is the largest car located in the image?,"{'A': 'top-left', 'B': 'top-right', 'C': 'bottom-left', 'D': 'bottom-right', 'E': 'center'}",A,A,A,top-left,1,1.1541826725006104
0000115_00315_d_0000080.jpg,/home/brisic03/VisDrone/VisDrone2019-DET-val/images/0000115_00315_d_0000080.jpg,presence,Which object type is visible in the drone image?,"{'A': 'pedestrian', 'B': 'car', 'C': 'motor', 'D': 'van', 'E': 'tricycle'}",A,A,A,pedestrian,1,1.1157867908477783
0000115_00315_d_0000080.jpg,/home/brisic03/VisDrone/VisDrone2019-DET-val/images/0000115_00315_d_0000080.jpg,counting,How many pedestrians are visible in the drone image?,"{'A': '0', 'B': '1', 'C': '2', 'D': '3', 'E': '4 or more'}",A,A,B,1,0,1.1332435607910156
0000115_00315_d_0000080.jpg,/home/brisic03/VisDrone/VisDrone2019-DET-val/images/0000115_00315_d_0000080.jpg,most_frequent,Which object type appears most often in the drone image?,"{'A': 'van', 'B': 'people', 'C': 'pedestrian', 'D': 'bus', 'E': 'car'}",B,B,E,car,0,1.120588779449463
0000115_00315_d_0000080.jpg,/home/brisic03/VisDrone/VisDrone2019-DET-val/images/0000115_00315_d_0000080.jpg,location,Where is the largest car located in the image?,"{'A': 'top-left', 'B': 'top-right', 'C': 'bottom-left', 'D': 'bottom-right', 'E': 'center'}",C,C,E,center,0,1.1317222118377686
0000115_00796_d_0000081.jpg,/home/brisic03/VisDrone/VisDrone2019-DET-val/images/0000115_00796_d_0000081.jpg,presence,Which object type is visible in the drone image?,"{'A': 'pedestrian', 'B': 'car', 'C': 'van', 'D': 'tricycle', 'E': 'people'}",D,D,A,pedestrian,0,1.118793249130249
0000115_00796_d_0000081.jpg,/home/brisic03/VisDrone/VisDrone2019-DET-val/images/0000115_00796_d_0000081.jpg,counting,How many tricycles are visible in the drone image?,"{'A': '0', 'B': '1', 'C': '2', 'D': '3', 'E': '4 or more'}",A,A,B,1,0,1.1346652507781982
0000115_00796_d_0000081.jpg,/home/brisic03/VisDrone/VisDrone2019-DET-val/images/0000115_00796_d_0000081.jpg,most_frequent,Which object type appears most often in the drone image?,"{'A': 'bicycle', 'B': 'car', 'C': 'tricycle', 'D': 'pedestrian', 'E': 'van'}",A,A,B,car,0,1.1213490962982178
0000115_00796_d_0000081.jpg,/home/brisic03/VisDrone/VisDrone2019-DET-val/images/0000115_00796_d_0000081.jpg,location,Where is the largest car located in the image?,"{'A': 'top-left', 'B': 'top-right', 'C': 'bottom-left', 'D': 'bottom-right', 'E': 'center'}",E,E,E,center,1,1.1346170902252197
0000115_01031_d_0000082.jpg,/home/brisic03/VisDrone/VisDrone2019-DET-val/images/0000115_01031_d_0000082.jpg,presence,Which object type is visible in the drone image?,"{'A': 'awning-tricycle', 'B': 'truck', 'C': 'car', 'D': 'tricycle', 'E': 'bus'}",D,D,D,tricycle,1,1.1283636093139648
0000115_01031_d_0000082.jpg,/home/brisic03/VisDrone/VisDrone2019-DET-val/images/0000115_01031_d_0000082.jpg,counting,How many cars are visible in the drone image?,"{'A': '0', 'B': '1', 'C': '2', 'D': '3', 'E': '4 or more'}",E,E,E,4 or more,1,1.1436948776245117
0000115_01031_d_0000082.jpg,/home/brisic03/VisDrone/VisDrone2019-DET-val/images/0000115_01031_d_0000082.jpg,most_frequent,Which object type appears most often in the drone image?,"{'A': 'truck', 'B': 'awning-tricycle', 'C': 'bicycle', 'D': 'people', 'E': 'motor'}",D,D,E,motor,0,1.1347932815551758
0000115_01031_d_0000082.jpg,/home/brisic03/VisDrone/VisDrone2019-DET-val/images/0000115_01031_d_0000082.jpg,location,Where is the largest car located in the image?,"{'A': 'top-left', 'B': 'top-right', 'C': 'bottom-left', 'D': 'bottom-right', 'E': 'center'}",C,C,C,bottom-left,1,1.1271042823791504
0000116_00351_d_0000083.jpg,/home/brisic03/VisDrone/VisDrone2019-DET-val/images/0000116_00351_d_0000083.jpg,presence,Which object type is visible in the drone image?,"{'A': 'car', 'B': 'people', 'C': 'pedestrian', 'D': 'truck', 'E': 'van'}",B,B,B,people,1,1.1352548599243164
0000116_00351_d_0000083.jpg,/home/brisic03/VisDrone/VisDrone2019-DET-val/images/0000116_00351_d_0000083.jpg,counting,How many pedestrians are visible in the drone image?,"{'A': '0', 'B': '1', 'C': '2', 'D': '3', 'E': '4 or more'}",A,A,D,3,0,1.1375889778137207
0000116_00351_d_0000083.jpg,/home/brisic03/VisDrone/VisDrone2019-DET-val/images/0000116_00351_d_0000083.jpg,most_frequent,Which object type appears most often in the drone image?,"{'A': 'car', 'B': 'bus', 'C': 'motor', 'D': 'truck', 'E': 'bicycle'}",A,A,C,motor,0,1.133171796798706
0000116_00351_d_0000083.jpg,/home/brisic03/VisDrone/VisDrone2019-DET-val/images/0000116_00351_d_0000083.jpg,location,Where is the largest car located in the image?,"{'A': 'top-left', 'B': 'top-right', 'C': 'bottom-left', 'D': 'bottom-right', 'E': 'center'}",E,E,C,bottom-left,0,1.1250824928283691
0000116_00819_d_0000084.jpg,/home/brisic03/VisDrone/VisDrone2019-DET-val/images/0000116_00819_d_0000084.jpg,presence,Which object type is visible in the drone image?,"{'A': 'bicycle', 'B': 'van', 'C': 'tricycle', 'D': 'truck', 'E': 'people'}",A,A,B,van,0,1.1282813549041748
0000116_00819_d_0000084.jpg,/home/brisic03/VisDrone/VisDrone2019-DET-val/images/0000116_00819_d_0000084.jpg,counting,How many motors are visible in the drone image?,"{'A': '0', 'B': '1', 'C': '2', 'D': '3', 'E': '4 or more'}",A,A,E,4 or more,0,1.1241443157196045
0000116_00819_d_0000084.jpg,/home/brisic03/VisDrone/VisDrone2019-DET-val/images/0000116_00819_d_0000084.jpg,most_frequent,Which object type appears most often in the drone image?,"{'A': 'bicycle', 'B': 'awning-tricycle', 'C': 'motor', 'D': 'pedestrian', 'E': 'car'}",C,C,E,car,0,1.1271967887878418
0000116_00819_d_0000084.jpg,/home/brisic03/VisDrone/VisDrone2019-DET-val/images/0000116_00819_d_0000084.jpg,location,Where is the largest van located in the image?,"{'A': 'top-left', 'B': 'top-right', 'C': 'bottom-left', 'D': 'bottom-right', 'E': 'center'}",E,E,C,bottom-left,0,1.1250495910644531
0000116_01059_d_0000085.jpg,/home/brisic03/VisDrone/VisDrone2019-DET-val/images/0000116_01059_d_0000085.jpg,presence,Which object type is visible in the drone image?,"{'A': 'truck', 'B': 'motor', 'C': 'people', 'D': 'van', 'E': 'car'}",C,C,D,van,0,1.1110014915466309
0000116_01059_d_0000085.jpg,/home/brisic03/VisDrone/VisDrone2019-DET-val/images/0000116_01059_d_0000085.jpg,counting,How many cars are visible in the drone image?,"{'A': '0', 'B': '1', 'C': '2', 'D': '3', 'E': '4 or more'}",A,A,E,4 or more,0,1.1920688152313232
0000116_01059_d_0000085.jpg,/home/brisic03/VisDrone/VisDrone2019-DET-val/images/0000116_01059_d_0000085.jpg,most_frequent,Which object type appears most often in the drone image?,"{'A': 'awning-tricycle', 'B': 'bus', 'C': 'car', 'D': 'van', 'E': 'motor'}",C,C,C,car,1,1.155759334564209
0000116_01059_d_0000085.jpg,/home/brisic03/VisDrone/VisDrone2019-DET-val/images/0000116_01059_d_0000085.jpg,location,Where is the largest van located in the image?,"{'A': 'top-left', 'B': 'top-right', 'C': 'bottom-left', 'D': 'bottom-right', 'E': 'center'}",E,E,E,center,1,1.128673791885376
0000116_01338_d_0000086.jpg,/home/brisic03/VisDrone/VisDrone2019-DET-val/images/0000116_01338_d_0000086.jpg,presence,Which object type is visible in the drone image?,"{'A': 'bus', 'B': 'car', 'C': 'motor', 'D': 'tricycle', 'E': 'bicycle'}",D,D,B,car,0,1.1255364418029785
0000116_01338_d_0000086.jpg,/home/brisic03/VisDrone/VisDrone2019-DET-val/images/0000116_01338_d_0000086.jpg,counting,How many pedestrians are visible in the drone image?,"{'A': '0', 'B': '1', 'C': '2', 'D': '3', 'E': '4 or more'}",A,A,B,1,0,1.1296722888946533
0000116_01338_d_0000086.jpg,/home/brisic03/VisDrone/VisDrone2019-DET-val/images/0000116_01338_d_0000086.jpg,most_frequent,Which object type appears most often in the drone image?,"{'A': 'car', 'B': 'van', 'C': 'people', 'D': 'motor', 'E': 'bus'}",A,A,A,car,1,1.1193766593933105
0000116_01338_d_0000086.jpg,/home/brisic03/VisDrone/VisDrone2019-DET-val/images/0000116_01338_d_0000086.jpg,location,Where is the largest truck located in the image?,"{'A': 'top-left', 'B': 'top-right', 'C': 'bottom-left', 'D': 'bottom-right', 'E': 'center'}",C,C,C,bottom-left,1,1.1387906074523926
0000117_00112_d_0000087.jpg,/home/brisic03/VisDrone/VisDrone2019-DET-val/images/0000117_00112_d_0000087.jpg,presence,Which object type is visible in the drone image?,"{'A': 'people', 'B': 'pedestrian', 'C': 'awning-tricycle', 'D': 'van', 'E': 'motor'}",A,A,E,motor,0,1.127532720565796
0000117_00112_d_0000087.jpg,/home/brisic03/VisDrone/VisDrone2019-DET-val/images/0000117_00112_d_0000087.jpg,counting,How many peoples are visible in the drone image?,"{'A': '0', 'B': '1', 'C': '2', 'D': '3', 'E': '4 or more'}",A,A,C,2,0,1.1298489570617676
0000117_00112_d_0000087.jpg,/home/brisic03/VisDrone/VisDrone2019-DET-val/images/0000117_00112_d_0000087.jpg,most_frequent,Which object type appears most often in the drone image?,"{'A': 'car', 'B': 'bus', 'C': 'awning-tricycle', 'D': 'van', 'E': 'people'}",A,A,A,car,1,1.1290419101715088
0000117_00112_d_0000087.jpg,/home/brisic03/VisDrone/VisDrone2019-DET-val/images/0000117_00112_d_0000087.jpg,location,Where is the largest car located in the image?,"{'A': 'top-left', 'B': 'top-right', 'C': 'bottom-left', 'D': 'bottom-right', 'E': 'center'}",A,A,E,center,0,1.1333138942718506
0000117_01326_d_0000088.jpg,/home/brisic03/VisDrone/VisDrone2019-DET-val/images/0000117_01326_d_0000088.jpg,presence,Which object type is visible in the drone image?,"{'A': 'motor', 'B': 'tricycle', 'C': 'van', 'D': 'people', 'E': 'awning-tricycle'}",D,D,E,awning-tricycle,0,1.1482465267181396
0000117_01326_d_0000088.jpg,/home/brisic03/VisDrone/VisDrone2019-DET-val/images/0000117_01326_d_0000088.jpg,counting,How many vans are visible in the drone image?,"{'A': '0', 'B': '1', 'C': '2', 'D': '3', 'E': '4 or more'}",A,A,D,3,0,1.1398890018463135
0000117_01326_d_0000088.jpg,/home/brisic03/VisDrone/VisDrone2019-DET-val/images/0000117_01326_d_0000088.jpg,most_frequent,Which object type appears most often in the drone image?,"{'A': 'truck', 'B': 'car', 'C': 'tricycle', 'D': 'motor', 'E': 'van'}",B,B,B,car,1,1.1297693252563477
0000117_01326_d_0000088.jpg,/home/brisic03/VisDrone/VisDrone2019-DET-val/images/0000117_01326_d_0000088.jpg,location,Where is the largest car located in the image?,"{'A': 'top-left', 'B': 'top-right', 'C': 'bottom-left', 'D': 'bottom-right', 'E': 'center'}",D,D,E,center,0,1.1284916400909424
0000117_01731_d_0000089.jpg,/home/brisic03/VisDrone/VisDrone2019-DET-val/images/0000117_01731_d_0000089.jpg,presence,Which object type is visible in the drone image?,"{'A': 'motor', 'B': 'van', 'C': 'people', 'D': 'bus', 'E': 'tricycle'}",A,A,A,motor,1,1.1481225490570068
0000117_01731_d_0000089.jpg,/home/brisic03/VisDrone/VisDrone2019-DET-val/images/0000117_01731_d_0000089.jpg,counting,How many motors are visible in the drone image?,"{'A': '0', 'B': '1', 'C': '2', 'D': '3', 'E': '4 or more'}",A,A,C,2,0,1.1371197700500488
0000117_01731_d_0000089.jpg,/home/brisic03/VisDrone/VisDrone2019-DET-val/images/0000117_01731_d_0000089.jpg,most_frequent,Which object type appears most often in the drone image?,"{'A': 'car', 'B': 'awning-tricycle', 'C': 'bicycle', 'D': 'truck', 'E': 'bus'}",A,A,A,car,1,1.137826919555664
0000117_01731_d_0000089.jpg,/home/brisic03/VisDrone/VisDrone2019-DET-val/images/0000117_01731_d_0000089.jpg,location,Where is the largest car located in the image?,"{'A': 'top-left', 'B': 'top-right', 'C': 'bottom-left', 'D': 'bottom-right', 'E': 'center'}",E,E,E,center,1,1.1292033195495605
0000117_02708_d_0000090.jpg,/home/brisic03/VisDrone/VisDrone2019-DET-val/images/0000117_02708_d_0000090.jpg,presence,Which object type is visible in the drone image?,"{'A': 'tricycle', 'B': 'bicycle', 'C': 'car', 'D': 'van', 'E': 'motor'}",A,A,D,van,0,1.1373846530914307
0000117_02708_d_0000090.jpg,/home/brisic03/VisDrone/VisDrone2019-DET-val/images/0000117_02708_d_0000090.jpg,counting,How many tricycles are visible in the drone image?,"{'A': '0', 'B': '1', 'C': '2', 'D': '3', 'E': '4 or more'}",A,A,B,1,0,1.125734567642212
0000117_02708_d_0000090.jpg,/home/brisic03/VisDrone/VisDrone2019-DET-val/images/0000117_02708_d_0000090.jpg,most_frequent,Which object type appears most often in the drone image?,"{'A': 'van', 'B': 'people', 'C': 'awning-tricycle', 'D': 'bus', 'E': 'pedestrian'}",B,B,E,pedestrian,0,1.1223599910736084
0000117_02708_d_0000090.jpg,/home/brisic03/VisDrone/VisDrone2019-DET-val/images/0000117_02708_d_0000090.jpg,location,Where is the largest car located in the image?,"{'A': 'top-left', 'B': 'top-right', 'C': 'bottom-left', 'D': 'bottom-right', 'E': 'center'}",E,E,E,center,1,1.1512115001678467
0000117_03096_d_0000091.jpg,/home/brisic03/VisDrone/VisDrone2019-DET-val/images/0000117_03096_d_0000091.jpg,presence,Which object type is visible in the drone image?,"{'A': 'motor', 'B': 'people', 'C': 'bus', 'D': 'car', 'E': 'van'}",B,B,D,car,0,1.1322264671325684
0000117_03096_d_0000091.jpg,/home/brisic03/VisDrone/VisDrone2019-DET-val/images/0000117_03096_d_0000091.jpg,counting,How many cars are visible in the drone image?,"{'A': '0', 'B': '1', 'C': '2', 'D': '3', 'E': '4 or more'}",A,A,E,4 or more,0,1.149456262588501
0000117_03096_d_0000091.jpg,/home/brisic03/VisDrone/VisDrone2019-DET-val/images/0000117_03096_d_0000091.jpg,most_frequent,Which object type appears most often in the drone image?,"{'A': 'people', 'B': 'bicycle', 'C': 'car', 'D': 'tricycle', 'E': 'pedestrian'}",A,A,E,pedestrian,0,1.1379940509796143
0000117_03096_d_0000091.jpg,/home/brisic03/VisDrone/VisDrone2019-DET-val/images/0000117_03096_d_0000091.jpg,location,Where is the largest car located in the image?,"{'A': 'top-left', 'B': 'top-right', 'C': 'bottom-left', 'D': 'bottom-right', 'E': 'center'}",A,A,C,bottom-left,0,1.128248929977417
0000129_02411_d_0000138.jpg,/home/brisic03/VisDrone/VisDrone2019-DET-val/images/0000129_02411_d_0000138.jpg,presence,Which object type is visible in the drone image?,"{'A': 'pedestrian', 'B': 'truck', 'C': 'car', 'D': 'tricycle', 'E': 'bus'}",C,C,C,car,1,1.1344103813171387
0000129_02411_d_0000138.jpg,/home/brisic03/VisDrone/VisDrone2019-DET-val/images/0000129_02411_d_0000138.jpg,counting,How many trucks are visible in the drone image?,"{'A': '0', 'B': '1', 'C': '2', 'D': '3', 'E': '4 or more'}",A,A,E,4 or more,0,1.1543552875518799
0000129_02411_d_0000138.jpg,/home/brisic03/VisDrone/VisDrone2019-DET-val/images/0000129_02411_d_0000138.jpg,most_frequent,Which object type appears most often in the drone image?,"{'A': 'bus', 'B': 'car', 'C': 'awning-tricycle', 'D': 'people', 'E': 'motor'}",B,B,B,car,1,1.158684253692627
0000129_02411_d_0000138.jpg,/home/brisic03/VisDrone/VisDrone2019-DET-val/images/0000129_02411_d_0000138.jpg,location,Where is the largest truck located in the image?,"{'A': 'top-left', 'B': 'top-right', 'C': 'bottom-left', 'D': 'bottom-right', 'E': 'center'}",B,B,D,bottom-right,0,1.1540124416351318
0000153_00001_d_0000001.jpg,/home/brisic03/VisDrone/VisDrone2019-DET-val/images/0000153_00001_d_0000001.jpg,presence,Which object type is visible in the drone image?,"{'A': 'pedestrian', 'B': 'tricycle', 'C': 'car', 'D': 'awning-tricycle', 'E': 'motor'}",E,E,E,motor,1,1.1258776187896729
0000153_00001_d_0000001.jpg,/home/brisic03/VisDrone/VisDrone2019-DET-val/images/0000153_00001_d_0000001.jpg,counting,How many trucks are visible in the drone image?,"{'A': '0', 'B': '1', 'C': '2', 'D': '3', 'E': '4 or more'}",A,A,C,2,0,1.1399617195129395
0000153_00001_d_0000001.jpg,/home/brisic03/VisDrone/VisDrone2019-DET-val/images/0000153_00001_d_0000001.jpg,most_frequent,Which object type appears most often in the drone image?,"{'A': 'car', 'B': 'bicycle', 'C': 'people', 'D': 'bus', 'E': 'motor'}",A,A,A,car,1,1.1259849071502686
0000153_00001_d_0000001.jpg,/home/brisic03/VisDrone/VisDrone2019-DET-val/images/0000153_00001_d_0000001.jpg,location,Where is the largest truck located in the image?,"{'A': 'top-left', 'B': 'top-right', 'C': 'bottom-left', 'D': 'bottom-right', 'E': 'center'}",A,A,D,bottom-right,0,1.1377251148223877
0000153_00401_d_0000001.jpg,/home/brisic03/VisDrone/VisDrone2019-DET-val/images/0000153_00401_d_0000001.jpg,presence,Which object type is visible in the drone image?,"{'A': 'bicycle', 'B': 'awning-tricycle', 'C': 'car', 'D': 'tricycle', 'E': 'van'}",B,B,B,awning-tricycle,1,1.1235229969024658
0000153_00401_d_0000001.jpg,/home/brisic03/VisDrone/VisDrone2019-DET-val/images/0000153_00401_d_0000001.jpg,counting,How many awning-tricycles are visible in the drone image?,"{'A': '0', 'B': '1', 'C': '2', 'D': '3', 'E': '4 or more'}",A,A,B,1,0,1.1394362449645996
0000153_00401_d_0000001.jpg,/home/brisic03/VisDrone/VisDrone2019-DET-val/images/0000153_00401_d_0000001.jpg,most_frequent,Which object type appears most often in the drone image?,"{'A': 'pedestrian', 'B': 'awning-tricycle', 'C': 'truck', 'D': 'car', 'E': 'bus'}",A,A,D,car,0,1.1351430416107178
0000153_00401_d_0000001.jpg,/home/brisic03/VisDrone/VisDrone2019-DET-val/images/0000153_00401_d_0000001.jpg,location,Where is the largest car located in the image?,"{'A': 'top-left', 'B': 'top-right', 'C': 'bottom-left', 'D': 'bottom-right', 'E': 'center'}",D,D,D,bottom-right,1,1.1352455615997314
0000153_00801_d_0000001.jpg,/home/brisic03/VisDrone/VisDrone2019-DET-val/images/0000153_00801_d_0000001.jpg,presence,Which object type is visible in the drone image?,"{'A': 'bus', 'B': 'awning-tricycle', 'C': 'van', 'D': 'truck', 'E': 'tricycle'}",B,B,C,van,0,1.1137661933898926
0000153_00801_d_0000001.jpg,/home/brisic03/VisDrone/VisDrone2019-DET-val/images/0000153_00801_d_0000001.jpg,counting,How many motors are visible in the drone image?,"{'A': '0', 'B': '1', 'C': '2', 'D': '3', 'E': '4 or more'}",A,A,D,3,0,1.149540662765503
0000153_00801_d_0000001.jpg,/home/brisic03/VisDrone/VisDrone2019-DET-val/images/0000153_00801_d_0000001.jpg,most_frequent,Which object type appears most often in the drone image?,"{'A': 'tricycle', 'B': 'people', 'C': 'car', 'D': 'truck', 'E': 'pedestrian'}",C,C,C,car,1,1.1377074718475342
0000153_00801_d_0000001.jpg,/home/brisic03/VisDrone/VisDrone2019-DET-val/images/0000153_00801_d_0000001.jpg,location,Where is the largest tricycle located in the image?,"{'A': 'top-left', 'B': 'top-right', 'C': 'bottom-left', 'D': 'bottom-right', 'E': 'center'}",C,C,C,bottom-left,1,1.1333808898925781
0000153_01201_d_0000001.jpg,/home/brisic03/VisDrone/VisDrone2019-DET-val/images/0000153_01201_d_0000001.jpg,presence,Which object type is visible in the drone image?,"{'A': 'awning-tricycle', 'B': 'motor', 'C': 'truck', 'D': 'bicycle', 'E': 'pedestrian'}",D,D,E,pedestrian,0,1.1197357177734375
0000153_01201_d_0000001.jpg,/home/brisic03/VisDrone/VisDrone2019-DET-val/images/0000153_01201_d_0000001.jpg,counting,How many bicycles are visible in the drone image?,"{'A': '0', 'B': '1', 'C': '2', 'D': '3', 'E': '4 or more'}",A,A,B,1,0,1.1133496761322021
0000153_01201_d_0000001.jpg,/home/brisic03/VisDrone/VisDrone2019-DET-val/images/0000153_01201_d_0000001.jpg,most_frequent,Which object type appears most often in the drone image?,"{'A': 'bus', 'B': 'people', 'C': 'van', 'D': 'motor', 'E': 'truck'}",D,D,C,van,0,1.1979660987854004
0000153_01201_d_0000001.jpg,/home/brisic03/VisDrone/VisDrone2019-DET-val/images/0000153_01201_d_0000001.jpg,location,Where is the largest tricycle located in the image?,"{'A': 'top-left', 'B': 'top-right', 'C': 'bottom-left', 'D': 'bottom-right', 'E': 'center'}",E,E,C,bottom-left,0,1.2218222618103027
0000153_01601_d_0000001.jpg,/home/brisic03/VisDrone/VisDrone2019-DET-val/images/0000153_01601_d_0000001.jpg,presence,Which object type is visible in the drone image?,"{'A': 'car', 'B': 'pedestrian', 'C': 'people', 'D': 'bicycle', 'E': 'van'}",A,A,A,car,1,1.1598544120788574
0000153_01601_d_0000001.jpg,/home/brisic03/VisDrone/VisDrone2019-DET-val/images/0000153_01601_d_0000001.jpg,counting,How many tricycles are visible in the drone image?,"{'A': '0', 'B': '1', 'C': '2', 'D': '3', 'E': '4 or more'}",A,A,B,1,0,1.1254780292510986
0000153_01601_d_0000001.jpg,/home/brisic03/VisDrone/VisDrone2019-DET-val/images/0000153_01601_d_0000001.jpg,most_frequent,Which object type appears most often in the drone image?,"{'A': 'bicycle', 'B': 'people', 'C': 'car', 'D': 'bus', 'E': 'motor'}",B,B,C,car,0,1.1142668724060059
0000153_01601_d_0000001.jpg,/home/brisic03/VisDrone/VisDrone2019-DET-val/images/0000153_01601_d_0000001.jpg,location,Where is the largest bus located in the image?,"{'A': 'top-left', 'B': 'top-right', 'C': 'bottom-left', 'D': 'bottom-right', 'E': 'center'}",E,E,E,center,1,1.115478754043579
0000153_01801_d_0000001.jpg,/home/brisic03/VisDrone/VisDrone2019-DET-val/images/0000153_01801_d_0000001.jpg,presence,Which object type is visible in the drone image?,"{'A': 'tricycle', 'B': 'awning-tricycle', 'C': 'pedestrian', 'D': 'people', 'E': 'motor'}",D,D,B,awning-tricycle,0,1.130690097808838
0000153_01801_d_0000001.jpg,/home/brisic03/VisDrone/VisDrone2019-DET-val/images/0000153_01801_d_0000001.jpg,counting,How many awning-tricycles are visible in the drone image?,"{'A': '0', 'B': '1', 'C': '2', 'D': '3', 'E': '4 or more'}",A,A,B,1,0,1.131988525390625
0000153_01801_d_0000001.jpg,/home/brisic03/VisDrone/VisDrone2019-DET-val/images/0000153_01801_d_0000001.jpg,most_frequent,Which object type appears most often in the drone image?,"{'A': 'motor', 'B': 'car', 'C': 'pedestrian', 'D': 'awning-tricycle', 'E': 'bus'}",B,B,B,car,1,1.1274878978729248
0000153_01801_d_0000001.jpg,/home/brisic03/VisDrone/VisDrone2019-DET-val/images/0000153_01801_d_0000001.jpg,location,Where is the largest bus located in the image?,"{'A': 'top-left', 'B': 'top-right', 'C': 'bottom-left', 'D': 'bottom-right', 'E': 'center'}",E,E,E,center,1,1.1267118453979492
0000154_00001_d_0000001.jpg,/home/brisic03/VisDrone/VisDrone2019-DET-val/images/0000154_00001_d_0000001.jpg,presence,Which object type is visible in the drone image?,"{'A': 'people', 'B': 'bus', 'C': 'pedestrian', 'D': 'car', 'E': 'motor'}",A,A,E,motor,0,1.118947982788086
0000154_00001_d_0000001.jpg,/home/brisic03/VisDrone/VisDrone2019-DET-val/images/0000154_00001_d_0000001.jpg,counting,How many tricycles are visible in the drone image?,"{'A': '0', 'B': '1', 'C': '2', 'D': '3', 'E': '4 or more'}",A,A,B,1,0,1.1222832202911377
0000154_00001_d_0000001.jpg,/home/brisic03/VisDrone/VisDrone2019-DET-val/images/0000154_00001_d_0000001.jpg,most_frequent,Which object type appears most often in the drone image?,"{'A': 'bicycle', 'B': 'motor', 'C': 'truck', 'D': 'pedestrian', 'E': 'car'}",B,B,E,car,0,1.1215996742248535
0000154_00001_d_0000001.jpg,/home/brisic03/VisDrone/VisDrone2019-DET-val/images/0000154_00001_d_0000001.jpg,location,Where is the largest car located in the image?,"{'A': 'top-left', 'B': 'top-right', 'C': 'bottom-left', 'D': 'bottom-right', 'E': 'center'}",C,C,C,bottom-left,1,1.1260826587677002
0000154_00401_d_0000001.jpg,/home/brisic03/VisDrone/VisDrone2019-DET-val/images/0000154_00401_d_0000001.jpg,presence,Which object type is visible in the drone image?,"{'A': 'pedestrian', 'B': 'motor', 'C': 'van', 'D': 'truck', 'E': 'tricycle'}",B,B,C,van,0,1.118119239807129
0000154_00401_d_0000001.jpg,/home/brisic03/VisDrone/VisDrone2019-DET-val/images/0000154_00401_d_0000001.jpg,counting,How many tricycles are visible in the drone image?,"{'A': '0', 'B': '1', 'C': '2', 'D': '3', 'E': '4 or more'}",A,A,C,2,0,1.1383945941925049
0000154_00401_d_0000001.jpg,/home/brisic03/VisDrone/VisDrone2019-DET-val/images/0000154_00401_d_0000001.jpg,location,Where is the largest truck located in the image?,"{'A': 'top-left', 'B': 'top-right', 'C': 'bottom-left', 'D': 'bottom-right', 'E': 'center'}",A,A,D,bottom-right,0,1.13796067237854
0000154_00801_d_0000001.jpg,/home/brisic03/VisDrone/VisDrone2019-DET-val/images/0000154_00801_d_0000001.jpg,presence,Which object type is visible in the drone image?,"{'A': 'motor', 'B': 'people', 'C': 'pedestrian', 'D': 'bus', 'E': 'tricycle'}",B,B,B,people,1,1.1408228874206543
0000154_00801_d_0000001.jpg,/home/brisic03/VisDrone/VisDrone2019-DET-val/images/0000154_00801_d_0000001.jpg,counting,How many peoples are visible in the drone image?,"{'A': '0', 'B': '1', 'C': '2', 'D': '3', 'E': '4 or more'}",A,A,C,2,0,1.1368906497955322
0000154_00801_d_0000001.jpg,/home/brisic03/VisDrone/VisDrone2019-DET-val/images/0000154_00801_d_0000001.jpg,most_frequent,Which object type appears most often in the drone image?,"{'A': 'tricycle', 'B': 'pedestrian', 'C': 'bus', 'D': 'truck', 'E': 'car'}",B,B,E,car,0,1.1284022331237793
0000154_00801_d_0000001.jpg,/home/brisic03/VisDrone/VisDrone2019-DET-val/images/0000154_00801_d_0000001.jpg,location,Where is the largest van located in the image?,"{'A': 'top-left', 'B': 'top-right', 'C': 'bottom-left', 'D': 'bottom-right', 'E': 'center'}",C,C,D,bottom-right,0,1.1215100288391113
0000154_01201_d_0000001.jpg,/home/brisic03/VisDrone/VisDrone2019-DET-val/images/0000154_01201_d_0000001.jpg,presence,Which object type is visible in the drone image?,"{'A': 'pedestrian', 'B': 'bus', 'C': 'tricycle', 'D': 'people', 'E': 'truck'}",D,D,C,tricycle,0,1.1173992156982422
0000154_01201_d_0000001.jpg,/home/brisic03/VisDrone/VisDrone2019-DET-val/images/0000154_01201_d_0000001.jpg,counting,How many peoples are visible in the drone image?,"{'A': '0', 'B': '1', 'C': '2', 'D': '3', 'E': '4 or more'}",A,A,C,2,0,1.123824119567871
0000154_01201_d_0000001.jpg,/home/brisic03/VisDrone/VisDrone2019-DET-val/images/0000154_01201_d_0000001.jpg,most_frequent,Which object type appears most often in the drone image?,"{'A': 'van', 'B': 'people', 'C': 'bicycle', 'D': 'truck', 'E': 'motor'}",B,B,E,motor,0,1.131655216217041
0000154_01201_d_0000001.jpg,/home/brisic03/VisDrone/VisDrone2019-DET-val/images/0000154_01201_d_0000001.jpg,location,Where is the largest car located in the image?,"{'A': 'top-left', 'B': 'top-right', 'C': 'bottom-left', 'D': 'bottom-right', 'E': 'center'}",E,E,D,bottom-right,0,1.1409826278686523
0000154_01601_d_0000001.jpg,/home/brisic03/VisDrone/VisDrone2019-DET-val/images/0000154_01601_d_0000001.jpg,presence,Which object type is visible in the drone image?,"{'A': 'tricycle', 'B': 'van', 'C': 'pedestrian', 'D': 'car', 'E': 'awning-tricycle'}",E,E,E,awning-tricycle,1,1.1389615535736084
0000154_01601_d_0000001.jpg,/home/brisic03/VisDrone/VisDrone2019-DET-val/images/0000154_01601_d_0000001.jpg,counting,How many motors are visible in the drone image?,"{'A': '0', 'B': '1', 'C': '2', 'D': '3', 'E': '4 or more'}",A,A,B,1,0,1.1240651607513428
0000154_01601_d_0000001.jpg,/home/brisic03/VisDrone/VisDrone2019-DET-val/images/0000154_01601_d_0000001.jpg,most_frequent,Which object type appears most often in the drone image?,"{'A': 'truck', 'B': 'bus', 'C': 'motor', 'D': 'people', 'E': 'car'}",D,D,E,car,0,1.1348865032196045
0000154_01601_d_0000001.jpg,/home/brisic03/VisDrone/VisDrone2019-DET-val/images/0000154_01601_d_0000001.jpg,location,Where is the largest awning-tricycle located in the image?,"{'A': 'top-left', 'B': 'top-right', 'C': 'bottom-left', 'D': 'bottom-right', 'E': 'center'}",C,C,C,bottom-left,1,1.1253161430358887
0000154_02001_d_0000001.jpg,/home/brisic03/VisDrone/VisDrone2019-DET-val/images/0000154_02001_d_0000001.jpg,presence,Which object type is visible in the drone image?,"{'A': 'car', 'B': 'pedestrian', 'C': 'motor', 'D': 'bicycle', 'E': 'people'}",A,A,C,motor,0,1.1213841438293457
0000154_02001_d_0000001.jpg,/home/brisic03/VisDrone/VisDrone2019-DET-val/images/0000154_02001_d_0000001.jpg,counting,How many vans are visible in the drone image?,"{'A': '0', 'B': '1', 'C': '2', 'D': '3', 'E': '4 or more'}",A,A,C,2,0,1.1357958316802979
0000154_02001_d_0000001.jpg,/home/brisic03/VisDrone/VisDrone2019-DET-val/images/0000154_02001_d_0000001.jpg,most_frequent,Which object type appears most often in the drone image?,"{'A': 'car', 'B': 'motor', 'C': 'bicycle', 'D': 'awning-tricycle', 'E': 'van'}",A,A,A,car,1,1.142174482345581
0000154_02001_d_0000001.jpg,/home/brisic03/VisDrone/VisDrone2019-DET-val/images/0000154_02001_d_0000001.jpg,location,Where is the largest van located in the image?,"{'A': 'top-left', 'B': 'top-right', 'C': 'bottom-left', 'D': 'bottom-right', 'E': 'center'}",C,C,C,bottom-left,1,1.1307392120361328
0000155_00001_d_0000001.jpg,/home/brisic03/VisDrone/VisDrone2019-DET-val/images/0000155_00001_d_0000001.jpg,presence,Which object type is visible in the drone image?,"{'A': 'bicycle', 'B': 'truck', 'C': 'awning-tricycle', 'D': 'pedestrian', 'E': 'van'}",A,A,C,awning-tricycle,0,1.1205284595489502
0000155_00001_d_0000001.jpg,/home/brisic03/VisDrone/VisDrone2019-DET-val/images/0000155_00001_d_0000001.jpg,counting,How many buss are visible in the drone image?,"{'A': '0', 'B': '1', 'C': '2', 'D': '3', 'E': '4 or more'}",A,A,C,2,0,1.1312665939331055
0000155_00001_d_0000001.jpg,/home/brisic03/VisDrone/VisDrone2019-DET-val/images/0000155_00001_d_0000001.jpg,most_frequent,Which object type appears most often in the drone image?,"{'A': 'pedestrian', 'B': 'people', 'C': 'bicycle', 'D': 'car', 'E': 'van'}",A,A,D,car,0,1.1202342510223389
0000155_00001_d_0000001.jpg,/home/brisic03/VisDrone/VisDrone2019-DET-val/images/0000155_00001_d_0000001.jpg,location,Where is the largest car located in the image?,"{'A': 'top-left', 'B': 'top-right', 'C': 'bottom-left', 'D': 'bottom-right', 'E': 'center'}",E,E,D,bottom-right,0,1.1392595767974854
0000155_00401_d_0000001.jpg,/home/brisic03/VisDrone/VisDrone2019-DET-val/images/0000155_00401_d_0000001.jpg,presence,Which object type is visible in the drone image?,"{'A': 'people', 'B': 'car', 'C': 'awning-tricycle', 'D': 'bus', 'E': 'pedestrian'}",A,A,B,car,0,1.1190056800842285
0000155_00401_d_0000001.jpg,/home/brisic03/VisDrone/VisDrone2019-DET-val/images/0000155_00401_d_0000001.jpg,counting,How many bicycles are visible in the drone image?,"{'A': '0', 'B': '1', 'C': '2', 'D': '3', 'E': '4 or more'}",A,A,B,1,0,1.1367278099060059
0000155_00401_d_0000001.jpg,/home/brisic03/VisDrone/VisDrone2019-DET-val/images/0000155_00401_d_0000001.jpg,most_frequent,Which object type appears most often in the drone image?,"{'A': 'awning-tricycle', 'B': 'tricycle', 'C': 'car', 'D': 'pedestrian', 'E': 'motor'}",B,B,C,car,0,1.1365559101104736
0000155_00401_d_0000001.jpg,/home/brisic03/VisDrone/VisDrone2019-DET-val/images/0000155_00401_d_0000001.jpg,location,Where is the largest car located in the image?,"{'A': 'top-left', 'B': 'top-right', 'C': 'bottom-left', 'D': 'bottom-right', 'E': 'center'}",E,E,D,bottom-right,0,1.1404826641082764
0000155_00801_d_0000001.jpg,/home/brisic03/VisDrone/VisDrone2019-DET-val/images/0000155_00801_d_0000001.jpg,presence,Which object type is visible in the drone image?,"{'A': 'van', 'B': 'car', 'C': 'pedestrian', 'D': 'bicycle', 'E': 'bus'}",B,B,C,pedestrian,0,1.113846778869629
0000155_00801_d_0000001.jpg,/home/brisic03/VisDrone/VisDrone2019-DET-val/images/0000155_00801_d_0000001.jpg,counting,How many pedestrians are visible in the drone image?,"{'A': '0', 'B': '1', 'C': '2', 'D': '3', 'E': '4 or more'}",A,A,C,2,0,1.1882030963897705
0000155_00801_d_0000001.jpg,/home/brisic03/VisDrone/VisDrone2019-DET-val/images/0000155_00801_d_0000001.jpg,most_frequent,Which object type appears most often in the drone image?,"{'A': 'motor', 'B': 'awning-tricycle', 'C': 'pedestrian', 'D': 'bicycle', 'E': 'car'}",A,A,E,car,0,1.1510088443756104
0000155_00801_d_0000001.jpg,/home/brisic03/VisDrone/VisDrone2019-DET-val/images/0000155_00801_d_0000001.jpg,location,Where is the largest car located in the image?,"{'A': 'top-left', 'B': 'top-right', 'C': 'bottom-left', 'D': 'bottom-right', 'E': 'center'}",E,E,E,center,1,1.126499891281128
0000155_01201_d_0000001.jpg,/home/brisic03/VisDrone/VisDrone2019-DET-val/images/0000155_01201_d_0000001.jpg,presence,Which object type is visible in the drone image?,"{'A': 'van', 'B': 'car', 'C': 'people', 'D': 'bus', 'E': 'tricycle'}",C,C,D,bus,0,1.126718521118164
0000155_01201_d_0000001.jpg,/home/brisic03/VisDrone/VisDrone2019-DET-val/images/0000155_01201_d_0000001.jpg,counting,How many awning-tricycles are visible in the drone image?,"{'A': '0', 'B': '1', 'C': '2', 'D': '3', 'E': '4 or more'}",A,A,B,1,0,1.1269781589508057
0000155_01201_d_0000001.jpg,/home/brisic03/VisDrone/VisDrone2019-DET-val/images/0000155_01201_d_0000001.jpg,most_frequent,Which object type appears most often in the drone image?,"{'A': 'motor', 'B': 'van', 'C': 'bicycle', 'D': 'bus', 'E': 'truck'}",A,A,A,motor,1,1.121518611907959
0000155_01201_d_0000001.jpg,/home/brisic03/VisDrone/VisDrone2019-DET-val/images/0000155_01201_d_0000001.jpg,location,Where is the largest bus located in the image?,"{'A': 'top-left', 'B': 'top-right', 'C': 'bottom-left', 'D': 'bottom-right', 'E': 'center'}",E,E,E,center,1,1.137392520904541
0000155_01601_d_0000001.jpg,/home/brisic03/VisDrone/VisDrone2019-DET-val/images/0000155_01601_d_0000001.jpg,presence,Which object type is visible in the drone image?,"{'A': 'bicycle', 'B': 'car', 'C': 'van', 'D': 'bus', 'E': 'people'}",A,A,E,people,0,1.124527931213379
0000155_01601_d_0000001.jpg,/home/brisic03/VisDrone/VisDrone2019-DET-val/images/0000155_01601_d_0000001.jpg,counting,How many awning-tricycles are visible in the drone image?,"{'A': '0', 'B': '1', 'C': '2', 'D': '3', 'E': '4 or more'}",A,A,B,1,0,1.1325433254241943
0000155_01601_d_0000001.jpg,/home/brisic03/VisDrone/VisDrone2019-DET-val/images/0000155_01601_d_0000001.jpg,most_frequent,Which object type appears most often in the drone image?,"{'A': 'truck', 'B': 'bus', 'C': 'car', 'D': 'people', 'E': 'motor'}",D,D,C,car,0,1.1135988235473633
0000155_01601_d_0000001.jpg,/home/brisic03/VisDrone/VisDrone2019-DET-val/images/0000155_01601_d_0000001.jpg,location,Where is the largest car located in the image?,"{'A': 'top-left', 'B': 'top-right', 'C': 'bottom-left', 'D': 'bottom-right', 'E': 'center'}",E,E,E,center,1,1.1343281269073486
0000155_01871_d_0000001.jpg,/home/brisic03/VisDrone/VisDrone2019-DET-val/images/0000155_01871_d_0000001.jpg,presence,Which object type is visible in the drone image?,"{'A': 'van', 'B': 'motor', 'C': 'awning-tricycle', 'D': 'pedestrian', 'E': 'truck'}",C,C,D,pedestrian,0,1.1305763721466064
0000155_01871_d_0000001.jpg,/home/brisic03/VisDrone/VisDrone2019-DET-val/images/0000155_01871_d_0000001.jpg,counting,How many vans are visible in the drone image?,"{'A': '0', 'B': '1', 'C': '2', 'D': '3', 'E': '4 or more'}",A,A,D,3,0,1.134190559387207
0000155_01871_d_0000001.jpg,/home/brisic03/VisDrone/VisDrone2019-DET-val/images/0000155_01871_d_0000001.jpg,most_frequent,Which object type appears most often in the drone image?,"{'A': 'tricycle', 'B': 'truck', 'C': 'motor', 'D': 'bus', 'E': 'bicycle'}",C,C,C,motor,1,1.1212785243988037
0000155_01871_d_0000001.jpg,/home/brisic03/VisDrone/VisDrone2019-DET-val/images/0000155_01871_d_0000001.jpg,location,Where is the largest van located in the image?,"{'A': 'top-left', 'B': 'top-right', 'C': 'bottom-left', 'D': 'bottom-right', 'E': 'center'}",E,E,E,center,1,1.1240041255950928
0000162_00001_d_0000001.jpg,/home/brisic03/VisDrone/VisDrone2019-DET-val/images/0000162_00001_d_0000001.jpg,presence,Which object type is visible in the drone image?,"{'A': 'bus', 'B': 'car', 'C': 'motor', 'D': 'tricycle', 'E': 'pedestrian'}",B,B,C,motor,0,1.1280114650726318
0000162_00001_d_0000001.jpg,/home/brisic03/VisDrone/VisDrone2019-DET-val/images/0000162_00001_d_0000001.jpg,counting,How many awning-tricycles are visible in the drone image?,"{'A': '0', 'B': '1', 'C': '2', 'D': '3', 'E': '4 or more'}",A,A,B,1,0,1.1305241584777832
0000162_00001_d_0000001.jpg,/home/brisic03/VisDrone/VisDrone2019-DET-val/images/0000162_00001_d_0000001.jpg,most_frequent,Which object type appears most often in the drone image?,"{'A': 'van', 'B': 'awning-tricycle', 'C': 'car', 'D': 'bicycle', 'E': 'people'}",C,C,C,car,1,1.113633155822754
0000162_00001_d_0000001.jpg,/home/brisic03/VisDrone/VisDrone2019-DET-val/images/0000162_00001_d_0000001.jpg,location,Where is the largest car located in the image?,"{'A': 'top-left', 'B': 'top-right', 'C': 'bottom-left', 'D': 'bottom-right', 'E': 'center'}",E,E,C,bottom-left,0,1.1350104808807373
0000162_00401_d_0000001.jpg,/home/brisic03/VisDrone/VisDrone2019-DET-val/images/0000162_00401_d_0000001.jpg,presence,Which object type is visible in the drone image?,"{'A': 'people', 'B': 'bicycle', 'C': 'car', 'D': 'truck', 'E': 'pedestrian'}",A,A,C,car,0,1.1259474754333496
0000162_00401_d_0000001.jpg,/home/brisic03/VisDrone/VisDrone2019-DET-val/images/0000162_00401_d_0000001.jpg,counting,How many motors are visible in the drone image?,"{'A': '0', 'B': '1', 'C': '2', 'D': '3', 'E': '4 or more'}",A,A,B,1,0,1.1135156154632568
0000162_00401_d_0000001.jpg,/home/brisic03/VisDrone/VisDrone2019-DET-val/images/0000162_00401_d_0000001.jpg,most_frequent,Which object type appears most often in the drone image?,"{'A': 'awning-tricycle', 'B': 'car', 'C': 'tricycle', 'D': 'people', 'E': 'motor'}",B,B,B,car,1,1.1089787483215332
0000162_00401_d_0000001.jpg,/home/brisic03/VisDrone/VisDrone2019-DET-val/images/0000162_00401_d_0000001.jpg,location,Where is the largest car located in the image?,"{'A': 'top-left', 'B': 'top-right', 'C': 'bottom-left', 'D': 'bottom-right', 'E': 'center'}",C,C,C,bottom-left,1,1.125948190689087
0000162_00801_d_0000001.jpg,/home/brisic03/VisDrone/VisDrone2019-DET-val/images/0000162_00801_d_0000001.jpg,presence,Which object type is visible in the drone image?,"{'A': 'truck', 'B': 'car', 'C': 'bus', 'D': 'motor', 'E': 'van'}",A,A,D,motor,0,1.1223039627075195
0000162_00801_d_0000001.jpg,/home/brisic03/VisDrone/VisDrone2019-DET-val/images/0000162_00801_d_0000001.jpg,counting,How many cars are visible in the drone image?,"{'A': '0', 'B': '1', 'C': '2', 'D': '3', 'E': '4 or more'}",A,A,D,3,0,1.1318833827972412
0000162_00801_d_0000001.jpg,/home/brisic03/VisDrone/VisDrone2019-DET-val/images/0000162_00801_d_0000001.jpg,location,Where is the largest truck located in the image?,"{'A': 'top-left', 'B': 'top-right', 'C': 'bottom-left', 'D': 'bottom-right', 'E': 'center'}",E,E,D,bottom-right,0,1.1427359580993652
0000162_01058_d_0000001.jpg,/home/brisic03/VisDrone/VisDrone2019-DET-val/images/0000162_01058_d_0000001.jpg,presence,Which object type is visible in the drone image?,"{'A': 'awning-tricycle', 'B': 'truck', 'C': 'people', 'D': 'motor', 'E': 'pedestrian'}",A,A,E,pedestrian,0,1.1206552982330322
0000162_01058_d_0000001.jpg,/home/brisic03/VisDrone/VisDrone2019-DET-val/images/0000162_01058_d_0000001.jpg,counting,How many motors are visible in the drone image?,"{'A': '0', 'B': '1', 'C': '2', 'D': '3', 'E': '4 or more'}",A,A,D,3,0,1.1711461544036865
0000162_01058_d_0000001.jpg,/home/brisic03/VisDrone/VisDrone2019-DET-val/images/0000162_01058_d_0000001.jpg,most_frequent,Which object type appears most often in the drone image?,"{'A': 'truck', 'B': 'bus', 'C': 'pedestrian', 'D': 'van', 'E': 'people'}",A,A,A,truck,1,1.129223346710205
0000162_01058_d_0000001.jpg,/home/brisic03/VisDrone/VisDrone2019-DET-val/images/0000162_01058_d_0000001.jpg,location,Where is the largest truck located in the image?,"{'A': 'top-left', 'B': 'top-right', 'C': 'bottom-left', 'D': 'bottom-right', 'E': 'center'}",A,A,E,center,0,1.1196246147155762
0000163_00001_d_0000001.jpg,/home/brisic03/VisDrone/VisDrone2019-DET-val/images/0000163_00001_d_0000001.jpg,presence,Which object type is visible in the drone image?,"{'A': 'van', 'B': 'truck', 'C': 'car', 'D': 'pedestrian', 'E': 'tricycle'}",C,C,E,tricycle,0,1.1115577220916748
0000163_00001_d_0000001.jpg,/home/brisic03/VisDrone/VisDrone2019-DET-val/images/0000163_00001_d_0000001.jpg,counting,How many trucks are visible in the drone image?,"{'A': '0', 'B': '1', 'C': '2', 'D': '3', 'E': '4 or more'}",A,A,E,4 or more,0,1.1162562370300293
0000163_00001_d_0000001.jpg,/home/brisic03/VisDrone/VisDrone2019-DET-val/images/0000163_00001_d_0000001.jpg,location,Where is the largest car located in the image?,"{'A': 'top-left', 'B': 'top-right', 'C': 'bottom-left', 'D': 'bottom-right', 'E': 'center'}",D,D,D,bottom-right,1,1.1297197341918945
0000163_00359_d_0000001.jpg,/home/brisic03/VisDrone/VisDrone2019-DET-val/images/0000163_00359_d_0000001.jpg,presence,Which object type is visible in the drone image?,"{'A': 'van', 'B': 'truck', 'C': 'pedestrian', 'D': 'car', 'E': 'bus'}",B,B,A,van,0,1.1579296588897705
0000163_00359_d_0000001.jpg,/home/brisic03/VisDrone/VisDrone2019-DET-val/images/0000163_00359_d_0000001.jpg,counting,How many vans are visible in the drone image?,"{'A': '0', 'B': '1', 'C': '2', 'D': '3', 'E': '4 or more'}",A,A,B,1,0,1.1331140995025635
0000163_00359_d_0000001.jpg,/home/brisic03/VisDrone/VisDrone2019-DET-val/images/0000163_00359_d_0000001.jpg,most_frequent,Which object type appears most often in the drone image?,"{'A': 'tricycle', 'B': 'pedestrian', 'C': 'awning-tricycle', 'D': 'car', 'E': 'truck'}",D,D,D,car,1,1.1300225257873535
0000163_00359_d_0000001.jpg,/home/brisic03/VisDrone/VisDrone2019-DET-val/images/0000163_00359_d_0000001.jpg,location,Where is the largest car located in the image?,"{'A': 'top-left', 'B': 'top-right', 'C': 'bottom-left', 'D': 'bottom-right', 'E': 'center'}",C,C,C,bottom-left,1,1.1215767860412598
0000165_04325_d_0000105.jpg,/home/brisic03/VisDrone/VisDrone2019-DET-val/images/0000165_04325_d_0000105.jpg,presence,Which object type is visible in the drone image?,"{'A': 'bus', 'B': 'bicycle', 'C': 'awning-tricycle', 'D': 'truck', 'E': 'car'}",C,C,E,car,0,1.1409728527069092
0000165_04325_d_0000105.jpg,/home/brisic03/VisDrone/VisDrone2019-DET-val/images/0000165_04325_d_0000105.jpg,counting,How many bicycles are visible in the drone image?,"{'A': '0', 'B': '1', 'C': '2', 'D': '3', 'E': '4 or more'}",A,A,C,2,0,1.1579608917236328
0000165_04325_d_0000105.jpg,/home/brisic03/VisDrone/VisDrone2019-DET-val/images/0000165_04325_d_0000105.jpg,most_frequent,Which object type appears most often in the drone image?,"{'A': 'bicycle', 'B': 'awning-tricycle', 'C': 'people', 'D': 'truck', 'E': 'car'}",E,E,E,car,1,1.1547117233276367
0000165_04325_d_0000105.jpg,/home/brisic03/VisDrone/VisDrone2019-DET-val/images/0000165_04325_d_0000105.jpg,location,Where is the largest truck located in the image?,"{'A': 'top-left', 'B': 'top-right', 'C': 'bottom-left', 'D': 'bottom-right', 'E': 'center'}",A,A,E,center,0,1.1478855609893799
0000166_00558_d_0000118.jpg,/home/brisic03/VisDrone/VisDrone2019-DET-val/images/0000166_00558_d_0000118.jpg,presence,Which object type is visible in the drone image?,"{'A': 'bus', 'B': 'bicycle', 'C': 'van', 'D': 'awning-tricycle', 'E': 'people'}",B,B,C,van,0,1.1416683197021484
0000166_00558_d_0000118.jpg,/home/brisic03/VisDrone/VisDrone2019-DET-val/images/0000166_00558_d_0000118.jpg,counting,How many vans are visible in the drone image?,"{'A': '0', 'B': '1', 'C': '2', 'D': '3', 'E': '4 or more'}",A,A,E,4 or more,0,1.14668607711792
0000166_00558_d_0000118.jpg,/home/brisic03/VisDrone/VisDrone2019-DET-val/images/0000166_00558_d_0000118.jpg,most_frequent,Which object type appears most often in the drone image?,"{'A': 'bus', 'B': 'car', 'C': 'people', 'D': 'van', 'E': 'pedestrian'}",B,B,B,car,1,1.1325554847717285
0000166_00558_d_0000118.jpg,/home/brisic03/VisDrone/VisDrone2019-DET-val/images/0000166_00558_d_0000118.jpg,location,Where is the largest car located in the image?,"{'A': 'top-left', 'B': 'top-right', 'C': 'bottom-left', 'D': 'bottom-right', 'E': 'center'}",C,C,C,bottom-left,1,1.1412172317504883
0000193_00000_d_0000103.jpg,/home/brisic03/VisDrone/VisDrone2019-DET-val/images/0000193_00000_d_0000103.jpg,presence,Which object type is visible in the drone image?,"{'A': 'car', 'B': 'bicycle', 'C': 'tricycle', 'D': 'motor', 'E': 'bus'}",B,B,C,tricycle,0,1.1256108283996582
0000193_00000_d_0000103.jpg,/home/brisic03/VisDrone/VisDrone2019-DET-val/images/0000193_00000_d_0000103.jpg,counting,How many trucks are visible in the drone image?,"{'A': '0', 'B': '1', 'C': '2', 'D': '3', 'E': '4 or more'}",A,A,B,1,0,1.1345241069793701
0000193_00000_d_0000103.jpg,/home/brisic03/VisDrone/VisDrone2019-DET-val/images/0000193_00000_d_0000103.jpg,most_frequent,Which object type appears most often in the drone image?,"{'A': 'car', 'B': 'truck', 'C': 'tricycle', 'D': 'pedestrian', 'E': 'motor'}",A,A,A,car,1,1.1358933448791504
0000193_00000_d_0000103.jpg,/home/brisic03/VisDrone/VisDrone2019-DET-val/images/0000193_00000_d_0000103.jpg,location,Where is the largest car located in the image?,"{'A': 'top-left', 'B': 'top-right', 'C': 'bottom-left', 'D': 'bottom-right', 'E': 'center'}",E,E,D,bottom-right,0,1.1370365619659424
0000193_01497_d_0000111.jpg,/home/brisic03/VisDrone/VisDrone2019-DET-val/images/0000193_01497_d_0000111.jpg,presence,Which object type is visible in the drone image?,"{'A': 'van', 'B': 'motor', 'C': 'bus', 'D': 'awning-tricycle', 'E': 'car'}",D,D,E,car,0,1.1227033138275146
0000193_01497_d_0000111.jpg,/home/brisic03/VisDrone/VisDrone2019-DET-val/images/0000193_01497_d_0000111.jpg,counting,How many vans are visible in the drone image?,"{'A': '0', 'B': '1', 'C': '2', 'D': '3', 'E': '4 or more'}",A,A,C,2,0,1.134692668914795
0000193_01497_d_0000111.jpg,/home/brisic03/VisDrone/VisDrone2019-DET-val/images/0000193_01497_d_0000111.jpg,most_frequent,Which object type appears most often in the drone image?,"{'A': 'motor', 'B': 'tricycle', 'C': 'pedestrian', 'D': 'car', 'E': 'truck'}",A,A,B,tricycle,0,1.1290042400360107
0000193_01497_d_0000111.jpg,/home/brisic03/VisDrone/VisDrone2019-DET-val/images/0000193_01497_d_0000111.jpg,location,Where is the largest tricycle located in the image?,"{'A': 'top-left', 'B': 'top-right', 'C': 'bottom-left', 'D': 'bottom-right', 'E': 'center'}",E,E,E,center,1,1.122283697128296
0000193_01705_d_0000112.jpg,/home/brisic03/VisDrone/VisDrone2019-DET-val/images/0000193_01705_d_0000112.jpg,presence,Which object type is visible in the drone image?,"{'A': 'van', 'B': 'tricycle', 'C': 'bicycle', 'D': 'bus', 'E': 'motor'}",B,B,B,tricycle,1,1.1400892734527588
0000193_01705_d_0000112.jpg,/home/brisic03/VisDrone/VisDrone2019-DET-val/images/0000193_01705_d_0000112.jpg,counting,How many awning-tricycles are visible in the drone image?,"{'A': '0', 'B': '1', 'C': '2', 'D': '3', 'E': '4 or more'}",A,A,C,2,0,1.1241612434387207
0000193_01705_d_0000112.jpg,/home/brisic03/VisDrone/VisDrone2019-DET-val/images/0000193_01705_d_0000112.jpg,most_frequent,Which object type appears most often in the drone image?,"{'A': 'pedestrian', 'B': 'bus', 'C': 'motor', 'D': 'truck', 'E': 'tricycle'}",A,A,C,motor,0,1.131009578704834
0000193_01705_d_0000112.jpg,/home/brisic03/VisDrone/VisDrone2019-DET-val/images/0000193_01705_d_0000112.jpg,location,Where is the largest car located in the image?,"{'A': 'top-left', 'B': 'top-right', 'C': 'bottom-left', 'D': 'bottom-right', 'E': 'center'}",D,D,E,center,0,1.1261999607086182
0000193_01876_d_0000113.jpg,/home/brisic03/VisDrone/VisDrone2019-DET-val/images/0000193_01876_d_0000113.jpg,presence,Which object type is visible in the drone image?,"{'A': 'pedestrian', 'B': 'tricycle', 'C': 'motor', 'D': 'truck', 'E': 'van'}",A,A,C,motor,0,1.1128449440002441
0000193_01876_d_0000113.jpg,/home/brisic03/VisDrone/VisDrone2019-DET-val/images/0000193_01876_d_0000113.jpg,counting,How many cars are visible in the drone image?,"{'A': '0', 'B': '1', 'C': '2', 'D': '3', 'E': '4 or more'}",A,A,E,4 or more,0,1.1124193668365479
0000193_01876_d_0000113.jpg,/home/brisic03/VisDrone/VisDrone2019-DET-val/images/0000193_01876_d_0000113.jpg,most_frequent,Which object type appears most often in the drone image?,"{'A': 'car', 'B': 'van', 'C': 'tricycle', 'D': 'people', 'E': 'motor'}",D,D,A,car,0,1.1212663650512695
0000193_01876_d_0000113.jpg,/home/brisic03/VisDrone/VisDrone2019-DET-val/images/0000193_01876_d_0000113.jpg,location,Where is the largest car located in the image?,"{'A': 'top-left', 'B': 'top-right', 'C': 'bottom-left', 'D': 'bottom-right', 'E': 'center'}",E,E,E,center,1,1.1272664070129395
0000193_02029_d_0000114.jpg,/home/brisic03/VisDrone/VisDrone2019-DET-val/images/0000193_02029_d_0000114.jpg,presence,Which object type is visible in the drone image?,"{'A': 'awning-tricycle', 'B': 'car', 'C': 'van', 'D': 'bus', 'E': 'tricycle'}",A,A,B,car,0,1.1261870861053467
0000193_02029_d_0000114.jpg,/home/brisic03/VisDrone/VisDrone2019-DET-val/images/0000193_02029_d_0000114.jpg,counting,How many peoples are visible in the drone image?,"{'A': '0', 'B': '1', 'C': '2', 'D': '3', 'E': '4 or more'}",E,E,E,4 or more,1,1.1204941272735596
0000193_02029_d_0000114.jpg,/home/brisic03/VisDrone/VisDrone2019-DET-val/images/0000193_02029_d_0000114.jpg,most_frequent,Which object type appears most often in the drone image?,"{'A': 'motor', 'B': 'pedestrian', 'C': 'truck', 'D': 'awning-tricycle', 'E': 'bicycle'}",A,A,A,motor,1,1.1545679569244385
0000193_02029_d_0000114.jpg,/home/brisic03/VisDrone/VisDrone2019-DET-val/images/0000193_02029_d_0000114.jpg,location,Where is the largest car located in the image?,"{'A': 'top-left', 'B': 'top-right', 'C': 'bottom-left', 'D': 'bottom-right', 'E': 'center'}",E,E,E,center,1,1.13679838180542
0000193_02212_d_0000115.jpg,/home/brisic03/VisDrone/VisDrone2019-DET-val/images/0000193_02212_d_0000115.jpg,presence,Which object type is visible in the drone image?,"{'A': 'bus', 'B': 'van', 'C': 'motor', 'D': 'truck', 'E': 'pedestrian'}",C,C,C,motor,1,1.1248884201049805
0000193_02212_d_0000115.jpg,/home/brisic03/VisDrone/VisDrone2019-DET-val/images/0000193_02212_d_0000115.jpg,counting,How many cars are visible in the drone image?,"{'A': '0', 'B': '1', 'C': '2', 'D': '3', 'E': '4 or more'}",A,A,B,1,0,1.1321656703948975
0000193_02212_d_0000115.jpg,/home/brisic03/VisDrone/VisDrone2019-DET-val/images/0000193_02212_d_0000115.jpg,most_frequent,Which object type appears most often in the drone image?,"{'A': 'tricycle', 'B': 'van', 'C': 'motor', 'D': 'truck', 'E': 'awning-tricycle'}",A,A,A,tricycle,1,1.1260454654693604
0000193_02212_d_0000115.jpg,/home/brisic03/VisDrone/VisDrone2019-DET-val/images/0000193_02212_d_0000115.jpg,location,Where is the largest tricycle located in the image?,"{'A': 'top-left', 'B': 'top-right', 'C': 'bottom-left', 'D': 'bottom-right', 'E': 'center'}",E,E,D,bottom-right,0,1.123507022857666
0000193_02416_d_0000116.jpg,/home/brisic03/VisDrone/VisDrone2019-DET-val/images/0000193_02416_d_0000116.jpg,presence,Which object type is visible in the drone image?,"{'A': 'motor', 'B': 'truck', 'C': 'people', 'D': 'car', 'E': 'pedestrian'}",A,A,A,motor,1,1.1192095279693604
0000193_02416_d_0000116.jpg,/home/brisic03/VisDrone/VisDrone2019-DET-val/images/0000193_02416_d_0000116.jpg,counting,How many vans are visible in the drone image?,"{'A': '0', 'B': '1', 'C': '2', 'D': '3', 'E': '4 or more'}",A,A,B,1,0,1.125284194946289
0000193_02416_d_0000116.jpg,/home/brisic03/VisDrone/VisDrone2019-DET-val/images/0000193_02416_d_0000116.jpg,most_frequent,Which object type appears most often in the drone image?,"{'A': 'pedestrian', 'B': 'tricycle', 'C': 'van', 'D': 'people', 'E': 'bus'}",D,D,B,tricycle,0,1.1236255168914795
0000193_02416_d_0000116.jpg,/home/brisic03/VisDrone/VisDrone2019-DET-val/images/0000193_02416_d_0000116.jpg,location,Where is the largest tricycle located in the image?,"{'A': 'top-left', 'B': 'top-right', 'C': 'bottom-left', 'D': 'bottom-right', 'E': 'center'}",D,D,D,bottom-right,1,1.1214382648468018
0000193_02606_d_0000117.jpg,/home/brisic03/VisDrone/VisDrone2019-DET-val/images/0000193_02606_d_0000117.jpg,presence,Which object type is visible in the drone image?,"{'A': 'tricycle', 'B': 'motor', 'C': 'bicycle', 'D': 'people', 'E': 'truck'}",D,D,C,bicycle,0,1.1068150997161865
0000193_02606_d_0000117.jpg,/home/brisic03/VisDrone/VisDrone2019-DET-val/images/0000193_02606_d_0000117.jpg,counting,How many motors are visible in the drone image?,"{'A': '0', 'B': '1', 'C': '2', 'D': '3', 'E': '4 or more'}",A,A,C,2,0,1.1999495029449463
0000193_02606_d_0000117.jpg,/home/brisic03/VisDrone/VisDrone2019-DET-val/images/0000193_02606_d_0000117.jpg,most_frequent,Which object type appears most often in the drone image?,"{'A': 'awning-tricycle', 'B': 'motor', 'C': 'people', 'D': 'bicycle', 'E': 'truck'}",C,C,B,motor,0,1.2156658172607422
0000193_02606_d_0000117.jpg,/home/brisic03/VisDrone/VisDrone2019-DET-val/images/0000193_02606_d_0000117.jpg,location,Where is the largest awning-tricycle located in the image?,"{'A': 'top-left', 'B': 'top-right', 'C': 'bottom-left', 'D': 'bottom-right', 'E': 'center'}",D,D,E,center,0,1.163804292678833
0000193_02725_d_0000118.jpg,/home/brisic03/VisDrone/VisDrone2019-DET-val/images/0000193_02725_d_0000118.jpg,presence,Which object type is visible in the drone image?,"{'A': 'people', 'B': 'awning-tricycle', 'C': 'van', 'D': 'truck', 'E': 'tricycle'}",A,A,A,people,1,1.1249396800994873
0000193_02725_d_0000118.jpg,/home/brisic03/VisDrone/VisDrone2019-DET-val/images/0000193_02725_d_0000118.jpg,counting,How many motors are visible in the drone image?,"{'A': '0', 'B': '1', 'C': '2', 'D': '3', 'E': '4 or more'}",A,A,D,3,0,1.1143362522125244
0000193_02725_d_0000118.jpg,/home/brisic03/VisDrone/VisDrone2019-DET-val/images/0000193_02725_d_0000118.jpg,most_frequent,Which object type appears most often in the drone image?,"{'A': 'bus', 'B': 'motor', 'C': 'tricycle', 'D': 'truck', 'E': 'car'}",B,B,B,motor,1,1.1150002479553223
0000193_02725_d_0000118.jpg,/home/brisic03/VisDrone/VisDrone2019-DET-val/images/0000193_02725_d_0000118.jpg,location,Where is the largest tricycle located in the image?,"{'A': 'top-left', 'B': 'top-right', 'C': 'bottom-left', 'D': 'bottom-right', 'E': 'center'}",E,E,E,center,1,1.126039981842041
0000194_00000_d_0000119.jpg,/home/brisic03/VisDrone/VisDrone2019-DET-val/images/0000194_00000_d_0000119.jpg,presence,Which object type is visible in the drone image?,"{'A': 'motor', 'B': 'van', 'C': 'people', 'D': 'tricycle', 'E': 'truck'}",C,C,A,motor,0,1.1176371574401855
0000194_00000_d_0000119.jpg,/home/brisic03/VisDrone/VisDrone2019-DET-val/images/0000194_00000_d_0000119.jpg,counting,How many tricycles are visible in the drone image?,"{'A': '0', 'B': '1', 'C': '2', 'D': '3', 'E': '4 or more'}",A,A,C,2,0,1.1257820129394531
0000194_00000_d_0000119.jpg,/home/brisic03/VisDrone/VisDrone2019-DET-val/images/0000194_00000_d_0000119.jpg,most_frequent,Which object type appears most often in the drone image?,"{'A': 'tricycle', 'B': 'awning-tricycle', 'C': 'truck', 'D': 'car', 'E': 'people'}",E,E,D,car,0,1.1336143016815186
0000194_00000_d_0000119.jpg,/home/brisic03/VisDrone/VisDrone2019-DET-val/images/0000194_00000_d_0000119.jpg,location,Where is the largest bus located in the image?,"{'A': 'top-left', 'B': 'top-right', 'C': 'bottom-left', 'D': 'bottom-right', 'E': 'center'}",A,A,B,top-right,0,1.1212201118469238
0000194_00200_d_0000120.jpg,/home/brisic03/VisDrone/VisDrone2019-DET-val/images/0000194_00200_d_0000120.jpg,presence,Which object type is visible in the drone image?,"{'A': 'car', 'B': 'awning-tricycle', 'C': 'bicycle', 'D': 'van', 'E': 'truck'}",C,C,A,car,0,1.1106939315795898
0000194_00200_d_0000120.jpg,/home/brisic03/VisDrone/VisDrone2019-DET-val/images/0000194_00200_d_0000120.jpg,counting,How many motors are visible in the drone image?,"{'A': '0', 'B': '1', 'C': '2', 'D': '3', 'E': '4 or more'}",A,A,B,1,0,1.1231744289398193
0000194_00200_d_0000120.jpg,/home/brisic03/VisDrone/VisDrone2019-DET-val/images/0000194_00200_d_0000120.jpg,most_frequent,Which object type appears most often in the drone image?,"{'A': 'car', 'B': 'pedestrian', 'C': 'truck', 'D': 'bicycle', 'E': 'motor'}",A,A,A,car,1,1.1252832412719727
0000194_00200_d_0000120.jpg,/home/brisic03/VisDrone/VisDrone2019-DET-val/images/0000194_00200_d_0000120.jpg,location,Where is the largest car located in the image?,"{'A': 'top-left', 'B': 'top-right', 'C': 'bottom-left', 'D': 'bottom-right', 'E': 'center'}",E,E,E,center,1,1.1335666179656982
0000194_00399_d_0000121.jpg,/home/brisic03/VisDrone/VisDrone2019-DET-val/images/0000194_00399_d_0000121.jpg,presence,Which object type is visible in the drone image?,"{'A': 'tricycle', 'B': 'awning-tricycle', 'C': 'car', 'D': 'truck', 'E': 'bus'}",B,B,C,car,0,1.1259584426879883
0000194_00399_d_0000121.jpg,/home/brisic03/VisDrone/VisDrone2019-DET-val/images/0000194_00399_d_0000121.jpg,counting,How many peoples are visible in the drone image?,"{'A': '0', 'B': '1', 'C': '2', 'D': '3', 'E': '4 or more'}",E,E,B,1,0,1.1263813972473145
0000194_00399_d_0000121.jpg,/home/brisic03/VisDrone/VisDrone2019-DET-val/images/0000194_00399_d_0000121.jpg,location,Where is the largest van located in the image?,"{'A': 'top-left', 'B': 'top-right', 'C': 'bottom-left', 'D': 'bottom-right', 'E': 'center'}",A,A,C,bottom-left,0,1.1278431415557861
0000194_00625_d_0000122.jpg,/home/brisic03/VisDrone/VisDrone2019-DET-val/images/0000194_00625_d_0000122.jpg,presence,Which object type is visible in the drone image?,"{'A': 'car', 'B': 'people', 'C': 'bicycle', 'D': 'motor', 'E': 'pedestrian'}",D,D,B,people,0,1.1201605796813965
0000194_00625_d_0000122.jpg,/home/brisic03/VisDrone/VisDrone2019-DET-val/images/0000194_00625_d_0000122.jpg,counting,How many tricycles are visible in the drone image?,"{'A': '0', 'B': '1', 'C': '2', 'D': '3', 'E': '4 or more'}",A,A,E,4 or more,0,1.1194891929626465
0000194_00625_d_0000122.jpg,/home/brisic03/VisDrone/VisDrone2019-DET-val/images/0000194_00625_d_0000122.jpg,most_frequent,Which object type appears most often in the drone image?,"{'A': 'tricycle', 'B': 'pedestrian', 'C': 'car', 'D': 'bus', 'E': 'motor'}",A,A,E,motor,0,1.1293375492095947
0000194_00625_d_0000122.jpg,/home/brisic03/VisDrone/VisDrone2019-DET-val/images/0000194_00625_d_0000122.jpg,location,Where is the largest van located in the image?,"{'A': 'top-left', 'B': 'top-right', 'C': 'bottom-left', 'D': 'bottom-right', 'E': 'center'}",E,E,E,center,1,1.1206490993499756
0000194_00800_d_0000123.jpg,/home/brisic03/VisDrone/VisDrone2019-DET-val/images/0000194_00800_d_0000123.jpg,presence,Which object type is visible in the drone image?,"{'A': 'car', 'B': 'motor', 'C': 'pedestrian', 'D': 'bicycle', 'E': 'truck'}",A,A,B,motor,0,1.1178455352783203
0000194_00800_d_0000123.jpg,/home/brisic03/VisDrone/VisDrone2019-DET-val/images/0000194_00800_d_0000123.jpg,counting,How many cars are visible in the drone image?,"{'A': '0', 'B': '1', 'C': '2', 'D': '3', 'E': '4 or more'}",A,A,D,3,0,1.1526603698730469
0000194_00800_d_0000123.jpg,/home/brisic03/VisDrone/VisDrone2019-DET-val/images/0000194_00800_d_0000123.jpg,most_frequent,Which object type appears most often in the drone image?,"{'A': 'motor', 'B': 'pedestrian', 'C': 'van', 'D': 'tricycle', 'E': 'awning-tricycle'}",A,A,C,van,0,1.126190423965454
0000194_00800_d_0000123.jpg,/home/brisic03/VisDrone/VisDrone2019-DET-val/images/0000194_00800_d_0000123.jpg,location,Where is the largest tricycle located in the image?,"{'A': 'top-left', 'B': 'top-right', 'C': 'bottom-left', 'D': 'bottom-right', 'E': 'center'}",E,E,E,center,1,1.1350460052490234
0000194_00998_d_0000124.jpg,/home/brisic03/VisDrone/VisDrone2019-DET-val/images/0000194_00998_d_0000124.jpg,presence,Which object type is visible in the drone image?,"{'A': 'van', 'B': 'people', 'C': 'motor', 'D': 'pedestrian', 'E': 'bicycle'}",C,C,C,motor,1,1.1159114837646484
0000194_00998_d_0000124.jpg,/home/brisic03/VisDrone/VisDrone2019-DET-val/images/0000194_00998_d_0000124.jpg,counting,How many cars are visible in the drone image?,"{'A': '0', 'B': '1', 'C': '2', 'D': '3', 'E': '4 or more'}",A,A,E,4 or more,0,1.1129844188690186
0000194_00998_d_0000124.jpg,/home/brisic03/VisDrone/VisDrone2019-DET-val/images/0000194_00998_d_0000124.jpg,most_frequent,Which object type appears most often in the drone image?,"{'A': 'van', 'B': 'car', 'C': 'tricycle', 'D': 'bus', 'E': 'awning-tricycle'}",C,C,B,car,0,1.11610746383667
0000194_00998_d_0000124.jpg,/home/brisic03/VisDrone/VisDrone2019-DET-val/images/0000194_00998_d_0000124.jpg,location,Where is the largest car located in the image?,"{'A': 'top-left', 'B': 'top-right', 'C': 'bottom-left', 'D': 'bottom-right', 'E': 'center'}",D,D,C,bottom-left,0,1.1451404094696045
0000194_01192_d_0000125.jpg,/home/brisic03/VisDrone/VisDrone2019-DET-val/images/0000194_01192_d_0000125.jpg,presence,Which object type is visible in the drone image?,"{'A': 'awning-tricycle', 'B': 'people', 'C': 'car', 'D': 'bus', 'E': 'bicycle'}",B,B,C,car,0,1.123159408569336
0000194_01192_d_0000125.jpg,/home/brisic03/VisDrone/VisDrone2019-DET-val/images/0000194_01192_d_0000125.jpg,counting,How many vans are visible in the drone image?,"{'A': '0', 'B': '1', 'C': '2', 'D': '3', 'E': '4 or more'}",A,A,B,1,0,1.119072675704956
0000194_01192_d_0000125.jpg,/home/brisic03/VisDrone/VisDrone2019-DET-val/images/0000194_01192_d_0000125.jpg,most_frequent,Which object type appears most often in the drone image?,"{'A': 'motor', 'B': 'awning-tricycle', 'C': 'car', 'D': 'bicycle', 'E': 'truck'}",C,C,C,car,1,1.1259775161743164
0000194_01192_d_0000125.jpg,/home/brisic03/VisDrone/VisDrone2019-DET-val/images/0000194_01192_d_0000125.jpg,location,Where is the largest car located in the image?,"{'A': 'top-left', 'B': 'top-right', 'C': 'bottom-left', 'D': 'bottom-right', 'E': 'center'}",C,C,C,bottom-left,1,1.121861457824707
0000196_04512_d_0000144.jpg,/home/brisic03/VisDrone/VisDrone2019-DET-val/images/0000196_04512_d_0000144.jpg,presence,Which object type is visible in the drone image?,"{'A': 'motor', 'B': 'bus', 'C': 'people', 'D': 'truck', 'E': 'awning-tricycle'}",E,E,A,motor,0,1.1399946212768555
0000196_04512_d_0000144.jpg,/home/brisic03/VisDrone/VisDrone2019-DET-val/images/0000196_04512_d_0000144.jpg,counting,How many motors are visible in the drone image?,"{'A': '0', 'B': '1', 'C': '2', 'D': '3', 'E': '4 or more'}",A,A,B,1,0,1.1556494235992432
0000196_04512_d_0000144.jpg,/home/brisic03/VisDrone/VisDrone2019-DET-val/images/0000196_04512_d_0000144.jpg,location,Where is the largest car located in the image?,"{'A': 'top-left', 'B': 'top-right', 'C': 'bottom-left', 'D': 'bottom-right', 'E': 'center'}",E,E,E,center,1,1.1471855640411377
0000199_01269_d_0000166.jpg,/home/brisic03/VisDrone/VisDrone2019-DET-val/images/0000199_01269_d_0000166.jpg,presence,Which object type is visible in the drone image?,"{'A': 'truck', 'B': 'bus', 'C': 'van', 'D': 'car', 'E': 'motor'}",B,B,A,truck,0,1.1191160678863525
0000199_01269_d_0000166.jpg,/home/brisic03/VisDrone/VisDrone2019-DET-val/images/0000199_01269_d_0000166.jpg,counting,How many awning-tricycles are visible in the drone image?,"{'A': '0', 'B': '1', 'C': '2', 'D': '3', 'E': '4 or more'}",A,A,B,1,0,1.1244049072265625
0000199_01269_d_0000166.jpg,/home/brisic03/VisDrone/VisDrone2019-DET-val/images/0000199_01269_d_0000166.jpg,most_frequent,Which object type appears most often in the drone image?,"{'A': 'car', 'B': 'people', 'C': 'bus', 'D': 'motor', 'E': 'pedestrian'}",A,A,A,car,1,1.1268622875213623
0000199_01269_d_0000166.jpg,/home/brisic03/VisDrone/VisDrone2019-DET-val/images/0000199_01269_d_0000166.jpg,location,Where is the largest truck located in the image?,"{'A': 'top-left', 'B': 'top-right', 'C': 'bottom-left', 'D': 'bottom-right', 'E': 'center'}",E,E,D,bottom-right,0,1.1220695972442627
0000213_02500_d_0000240.jpg,/home/brisic03/VisDrone/VisDrone2019-DET-val/images/0000213_02500_d_0000240.jpg,presence,Which object type is visible in the drone image?,"{'A': 'people', 'B': 'awning-tricycle', 'C': 'car', 'D': 'bicycle', 'E': 'van'}",A,A,E,van,0,1.150052547454834
0000213_02500_d_0000240.jpg,/home/brisic03/VisDrone/VisDrone2019-DET-val/images/0000213_02500_d_0000240.jpg,counting,How many cars are visible in the drone image?,"{'A': '0', 'B': '1', 'C': '2', 'D': '3', 'E': '4 or more'}",A,A,E,4 or more,0,1.131063461303711
0000213_02500_d_0000240.jpg,/home/brisic03/VisDrone/VisDrone2019-DET-val/images/0000213_02500_d_0000240.jpg,most_frequent,Which object type appears most often in the drone image?,"{'A': 'pedestrian', 'B': 'people', 'C': 'motor', 'D': 'car', 'E': 'van'}",A,A,D,car,0,1.138113021850586
0000213_02500_d_0000240.jpg,/home/brisic03/VisDrone/VisDrone2019-DET-val/images/0000213_02500_d_0000240.jpg,location,Where is the largest car located in the image?,"{'A': 'top-left', 'B': 'top-right', 'C': 'bottom-left', 'D': 'bottom-right', 'E': 'center'}",A,A,E,center,0,1.128206729888916
0000213_02965_d_0000241.jpg,/home/brisic03/VisDrone/VisDrone2019-DET-val/images/0000213_02965_d_0000241.jpg,presence,Which object type is visible in the drone image?,"{'A': 'tricycle', 'B': 'motor', 'C': 'truck', 'D': 'van', 'E': 'bicycle'}",D,D,A,tricycle,0,1.1243579387664795
0000213_02965_d_0000241.jpg,/home/brisic03/VisDrone/VisDrone2019-DET-val/images/0000213_02965_d_0000241.jpg,counting,How many pedestrians are visible in the drone image?,"{'A': '0', 'B': '1', 'C': '2', 'D': '3', 'E': '4 or more'}",A,A,B,1,0,1.1491992473602295
0000213_02965_d_0000241.jpg,/home/brisic03/VisDrone/VisDrone2019-DET-val/images/0000213_02965_d_0000241.jpg,most_frequent,Which object type appears most often in the drone image?,"{'A': 'pedestrian', 'B': 'motor', 'C': 'van', 'D': 'bus', 'E': 'car'}",E,E,E,car,1,1.1277096271514893
0000213_02965_d_0000241.jpg,/home/brisic03/VisDrone/VisDrone2019-DET-val/images/0000213_02965_d_0000241.jpg,location,Where is the largest car located in the image?,"{'A': 'top-left', 'B': 'top-right', 'C': 'bottom-left', 'D': 'bottom-right', 'E': 'center'}",E,E,C,bottom-left,0,1.1338136196136475
0000213_03478_d_0000242.jpg,/home/brisic03/VisDrone/VisDrone2019-DET-val/images/0000213_03478_d_0000242.jpg,presence,Which object type is visible in the drone image?,"{'A': 'motor', 'B': 'van', 'C': 'people', 'D': 'bicycle', 'E': 'truck'}",A,A,E,truck,0,1.1300170421600342
0000213_03478_d_0000242.jpg,/home/brisic03/VisDrone/VisDrone2019-DET-val/images/0000213_03478_d_0000242.jpg,counting,How many tricycles are visible in the drone image?,"{'A': '0', 'B': '1', 'C': '2', 'D': '3', 'E': '4 or more'}",A,A,C,2,0,1.1390259265899658
0000213_03478_d_0000242.jpg,/home/brisic03/VisDrone/VisDrone2019-DET-val/images/0000213_03478_d_0000242.jpg,most_frequent,Which object type appears most often in the drone image?,"{'A': 'van', 'B': 'truck', 'C': 'awning-tricycle', 'D': 'car', 'E': 'people'}",D,D,D,car,1,1.1337487697601318
0000213_03478_d_0000242.jpg,/home/brisic03/VisDrone/VisDrone2019-DET-val/images/0000213_03478_d_0000242.jpg,location,Where is the largest car located in the image?,"{'A': 'top-left', 'B': 'top-right', 'C': 'bottom-left', 'D': 'bottom-right', 'E': 'center'}",A,A,C,bottom-left,0,1.1309399604797363
0000213_03920_d_0000243.jpg,/home/brisic03/VisDrone/VisDrone2019-DET-val/images/0000213_03920_d_0000243.jpg,presence,Which object type is visible in the drone image?,"{'A': 'bus', 'B': 'van', 'C': 'people', 'D': 'pedestrian', 'E': 'truck'}",C,C,D,pedestrian,0,1.1266756057739258
0000213_03920_d_0000243.jpg,/home/brisic03/VisDrone/VisDrone2019-DET-val/images/0000213_03920_d_0000243.jpg,counting,How many bicycles are visible in the drone image?,"{'A': '0', 'B': '1', 'C': '2', 'D': '3', 'E': '4 or more'}",A,A,D,3,0,1.1311287879943848
0000213_03920_d_0000243.jpg,/home/brisic03/VisDrone/VisDrone2019-DET-val/images/0000213_03920_d_0000243.jpg,most_frequent,Which object type appears most often in the drone image?,"{'A': 'truck', 'B': 'awning-tricycle', 'C': 'van', 'D': 'car', 'E': 'pedestrian'}",D,D,D,car,1,1.1366961002349854
0000213_03920_d_0000243.jpg,/home/brisic03/VisDrone/VisDrone2019-DET-val/images/0000213_03920_d_0000243.jpg,location,Where is the largest car located in the image?,"{'A': 'top-left', 'B': 'top-right', 'C': 'bottom-left', 'D': 'bottom-right', 'E': 'center'}",C,C,D,bottom-right,0,1.1315758228302002
0000213_04405_d_0000244.jpg,/home/brisic03/VisDrone/VisDrone2019-DET-val/images/0000213_04405_d_0000244.jpg,presence,Which object type is visible in the drone image?,"{'A': 'truck', 'B': 'car', 'C': 'motor', 'D': 'pedestrian', 'E': 'bus'}",B,B,B,car,1,1.1345493793487549
0000213_04405_d_0000244.jpg,/home/brisic03/VisDrone/VisDrone2019-DET-val/images/0000213_04405_d_0000244.jpg,counting,How many bicycles are visible in the drone image?,"{'A': '0', 'B': '1', 'C': '2', 'D': '3', 'E': '4 or more'}",A,A,B,1,0,1.1332509517669678
0000213_04405_d_0000244.jpg,/home/brisic03/VisDrone/VisDrone2019-DET-val/images/0000213_04405_d_0000244.jpg,most_frequent,Which object type appears most often in the drone image?,"{'A': 'people', 'B': 'pedestrian', 'C': 'bicycle', 'D': 'car', 'E': 'bus'}",D,D,D,car,1,1.1294898986816406
0000213_04405_d_0000244.jpg,/home/brisic03/VisDrone/VisDrone2019-DET-val/images/0000213_04405_d_0000244.jpg,location,Where is the largest car located in the image?,"{'A': 'top-left', 'B': 'top-right', 'C': 'bottom-left', 'D': 'bottom-right', 'E': 'center'}",E,E,C,bottom-left,0,1.1322968006134033
0000213_04998_d_0000245.jpg,/home/brisic03/VisDrone/VisDrone2019-DET-val/images/0000213_04998_d_0000245.jpg,presence,Which object type is visible in the drone image?,"{'A': 'car', 'B': 'motor', 'C': 'people', 'D': 'pedestrian', 'E': 'awning-tricycle'}",A,A,C,people,0,1.121708631515503
0000213_04998_d_0000245.jpg,/home/brisic03/VisDrone/VisDrone2019-DET-val/images/0000213_04998_d_0000245.jpg,counting,How many tricycles are visible in the drone image?,"{'A': '0', 'B': '1', 'C': '2', 'D': '3', 'E': '4 or more'}",A,A,E,4 or more,0,1.1396288871765137
0000213_04998_d_0000245.jpg,/home/brisic03/VisDrone/VisDrone2019-DET-val/images/0000213_04998_d_0000245.jpg,most_frequent,Which object type appears most often in the drone image?,"{'A': 'bicycle', 'B': 'motor', 'C': 'pedestrian', 'D': 'car', 'E': 'van'}",D,D,D,car,1,1.1287343502044678
0000213_04998_d_0000245.jpg,/home/brisic03/VisDrone/VisDrone2019-DET-val/images/0000213_04998_d_0000245.jpg,location,Where is the largest car located in the image?,"{'A': 'top-left', 'B': 'top-right', 'C': 'bottom-left', 'D': 'bottom-right', 'E': 'center'}",C,C,D,bottom-right,0,1.134047031402588
0000213_05340_d_0000246.jpg,/home/brisic03/VisDrone/VisDrone2019-DET-val/images/0000213_05340_d_0000246.jpg,presence,Which object type is visible in the drone image?,"{'A': 'bus', 'B': 'people', 'C': 'car', 'D': 'bicycle', 'E': 'tricycle'}",B,B,C,car,0,1.1283447742462158
0000213_05340_d_0000246.jpg,/home/brisic03/VisDrone/VisDrone2019-DET-val/images/0000213_05340_d_0000246.jpg,counting,How many trucks are visible in the drone image?,"{'A': '0', 'B': '1', 'C': '2', 'D': '3', 'E': '4 or more'}",A,A,B,1,0,1.1284854412078857
0000213_05340_d_0000246.jpg,/home/brisic03/VisDrone/VisDrone2019-DET-val/images/0000213_05340_d_0000246.jpg,most_frequent,Which object type appears most often in the drone image?,"{'A': 'tricycle', 'B': 'van', 'C': 'awning-tricycle', 'D': 'car', 'E': 'bicycle'}",D,D,D,car,1,1.1307041645050049
0000213_05340_d_0000246.jpg,/home/brisic03/VisDrone/VisDrone2019-DET-val/images/0000213_05340_d_0000246.jpg,location,Where is the largest car located in the image?,"{'A': 'top-left', 'B': 'top-right', 'C': 'bottom-left', 'D': 'bottom-right', 'E': 'center'}",E,E,C,bottom-left,0,1.1339423656463623
0000213_05745_d_0000247.jpg,/home/brisic03/VisDrone/VisDrone2019-DET-val/images/0000213_05745_d_0000247.jpg,presence,Which object type is visible in the drone image?,"{'A': 'bicycle', 'B': 'truck', 'C': 'tricycle', 'D': 'people', 'E': 'van'}",D,D,C,tricycle,0,1.1272954940795898
0000213_05745_d_0000247.jpg,/home/brisic03/VisDrone/VisDrone2019-DET-val/images/0000213_05745_d_0000247.jpg,counting,How many tricycles are visible in the drone image?,"{'A': '0', 'B': '1', 'C': '2', 'D': '3', 'E': '4 or more'}",A,A,D,3,0,1.1359682083129883
0000213_05745_d_0000247.jpg,/home/brisic03/VisDrone/VisDrone2019-DET-val/images/0000213_05745_d_0000247.jpg,most_frequent,Which object type appears most often in the drone image?,"{'A': 'tricycle', 'B': 'car', 'C': 'motor', 'D': 'people', 'E': 'awning-tricycle'}",B,B,B,car,1,1.1244196891784668
0000213_05745_d_0000247.jpg,/home/brisic03/VisDrone/VisDrone2019-DET-val/images/0000213_05745_d_0000247.jpg,location,Where is the largest car located in the image?,"{'A': 'top-left', 'B': 'top-right', 'C': 'bottom-left', 'D': 'bottom-right', 'E': 'center'}",E,E,E,center,1,1.123642921447754
0000215_00000_d_0000256.jpg,/home/brisic03/VisDrone/VisDrone2019-DET-val/images/0000215_00000_d_0000256.jpg,presence,Which object type is visible in the drone image?,"{'A': 'tricycle', 'B': 'people', 'C': 'motor', 'D': 'bus', 'E': 'car'}",B,B,A,tricycle,0,1.1307599544525146
0000215_00000_d_0000256.jpg,/home/brisic03/VisDrone/VisDrone2019-DET-val/images/0000215_00000_d_0000256.jpg,counting,How many tricycles are visible in the drone image?,"{'A': '0', 'B': '1', 'C': '2', 'D': '3', 'E': '4 or more'}",A,A,C,2,0,1.1356866359710693
0000215_00000_d_0000256.jpg,/home/brisic03/VisDrone/VisDrone2019-DET-val/images/0000215_00000_d_0000256.jpg,most_frequent,Which object type appears most often in the drone image?,"{'A': 'pedestrian', 'B': 'van', 'C': 'truck', 'D': 'car', 'E': 'tricycle'}",D,D,D,car,1,1.1358587741851807
0000215_00000_d_0000256.jpg,/home/brisic03/VisDrone/VisDrone2019-DET-val/images/0000215_00000_d_0000256.jpg,location,Where is the largest car located in the image?,"{'A': 'top-left', 'B': 'top-right', 'C': 'bottom-left', 'D': 'bottom-right', 'E': 'center'}",E,E,C,bottom-left,0,1.1332762241363525
0000215_00447_d_0000257.jpg,/home/brisic03/VisDrone/VisDrone2019-DET-val/images/0000215_00447_d_0000257.jpg,presence,Which object type is visible in the drone image?,"{'A': 'motor', 'B': 'truck', 'C': 'car', 'D': 'tricycle', 'E': 'awning-tricycle'}",C,C,C,car,1,1.1221022605895996
0000215_00447_d_0000257.jpg,/home/brisic03/VisDrone/VisDrone2019-DET-val/images/0000215_00447_d_0000257.jpg,counting,How many vans are visible in the drone image?,"{'A': '0', 'B': '1', 'C': '2', 'D': '3', 'E': '4 or more'}",A,A,E,4 or more,0,1.1391429901123047
0000215_00447_d_0000257.jpg,/home/brisic03/VisDrone/VisDrone2019-DET-val/images/0000215_00447_d_0000257.jpg,most_frequent,Which object type appears most often in the drone image?,"{'A': 'tricycle', 'B': 'van', 'C': 'bus', 'D': 'car', 'E': 'awning-tricycle'}",D,D,D,car,1,1.1335570812225342
0000215_00447_d_0000257.jpg,/home/brisic03/VisDrone/VisDrone2019-DET-val/images/0000215_00447_d_0000257.jpg,location,Where is the largest car located in the image?,"{'A': 'top-left', 'B': 'top-right', 'C': 'bottom-left', 'D': 'bottom-right', 'E': 'center'}",A,A,C,bottom-left,0,1.1326208114624023
0000215_00909_d_0000258.jpg,/home/brisic03/VisDrone/VisDrone2019-DET-val/images/0000215_00909_d_0000258.jpg,presence,Which object type is visible in the drone image?,"{'A': 'awning-tricycle', 'B': 'car', 'C': 'truck', 'D': 'people', 'E': 'tricycle'}",B,B,A,awning-tricycle,0,1.1275913715362549
0000215_00909_d_0000258.jpg,/home/brisic03/VisDrone/VisDrone2019-DET-val/images/0000215_00909_d_0000258.jpg,counting,How many vans are visible in the drone image?,"{'A': '0', 'B': '1', 'C': '2', 'D': '3', 'E': '4 or more'}",A,A,E,4 or more,0,1.1319868564605713
0000215_00909_d_0000258.jpg,/home/brisic03/VisDrone/VisDrone2019-DET-val/images/0000215_00909_d_0000258.jpg,most_frequent,Which object type appears most often in the drone image?,"{'A': 'pedestrian', 'B': 'awning-tricycle', 'C': 'people', 'D': 'car', 'E': 'tricycle'}",D,D,D,car,1,1.1417961120605469
0000215_00909_d_0000258.jpg,/home/brisic03/VisDrone/VisDrone2019-DET-val/images/0000215_00909_d_0000258.jpg,location,Where is the largest van located in the image?,"{'A': 'top-left', 'B': 'top-right', 'C': 'bottom-left', 'D': 'bottom-right', 'E': 'center'}",A,A,C,bottom-left,0,1.123746395111084
0000215_01395_d_0000259.jpg,/home/brisic03/VisDrone/VisDrone2019-DET-val/images/0000215_01395_d_0000259.jpg,presence,Which object type is visible in the drone image?,"{'A': 'car', 'B': 'bicycle', 'C': 'van', 'D': 'motor', 'E': 'people'}",A,A,D,motor,0,1.127349615097046
0000215_01395_d_0000259.jpg,/home/brisic03/VisDrone/VisDrone2019-DET-val/images/0000215_01395_d_0000259.jpg,counting,How many tricycles are visible in the drone image?,"{'A': '0', 'B': '1', 'C': '2', 'D': '3', 'E': '4 or more'}",A,A,C,2,0,1.1342990398406982
0000215_01395_d_0000259.jpg,/home/brisic03/VisDrone/VisDrone2019-DET-val/images/0000215_01395_d_0000259.jpg,most_frequent,Which object type appears most often in the drone image?,"{'A': 'car', 'B': 'awning-tricycle', 'C': 'truck', 'D': 'van', 'E': 'motor'}",A,A,A,car,1,1.1307587623596191
0000215_01395_d_0000259.jpg,/home/brisic03/VisDrone/VisDrone2019-DET-val/images/0000215_01395_d_0000259.jpg,location,Where is the largest car located in the image?,"{'A': 'top-left', 'B': 'top-right', 'C': 'bottom-left', 'D': 'bottom-right', 'E': 'center'}",E,E,C,bottom-left,0,1.1346235275268555
0000215_01869_d_0000260.jpg,/home/brisic03/VisDrone/VisDrone2019-DET-val/images/0000215_01869_d_0000260.jpg,presence,Which object type is visible in the drone image?,"{'A': 'tricycle', 'B': 'pedestrian', 'C': 'awning-tricycle', 'D': 'truck', 'E': 'bicycle'}",C,C,C,awning-tricycle,1,1.1470069885253906
0000215_01869_d_0000260.jpg,/home/brisic03/VisDrone/VisDrone2019-DET-val/images/0000215_01869_d_0000260.jpg,counting,How many vans are visible in the drone image?,"{'A': '0', 'B': '1', 'C': '2', 'D': '3', 'E': '4 or more'}",A,A,C,2,0,1.1262121200561523
0000215_01869_d_0000260.jpg,/home/brisic03/VisDrone/VisDrone2019-DET-val/images/0000215_01869_d_0000260.jpg,most_frequent,Which object type appears most often in the drone image?,"{'A': 'truck', 'B': 'van', 'C': 'people', 'D': 'car', 'E': 'pedestrian'}",D,D,D,car,1,1.1130485534667969
0000215_01869_d_0000260.jpg,/home/brisic03/VisDrone/VisDrone2019-DET-val/images/0000215_01869_d_0000260.jpg,location,Where is the largest car located in the image?,"{'A': 'top-left', 'B': 'top-right', 'C': 'bottom-left', 'D': 'bottom-right', 'E': 'center'}",B,B,E,center,0,1.1382970809936523
0000215_02319_d_0000261.jpg,/home/brisic03/VisDrone/VisDrone2019-DET-val/images/0000215_02319_d_0000261.jpg,presence,Which object type is visible in the drone image?,"{'A': 'awning-tricycle', 'B': 'truck', 'C': 'van', 'D': 'pedestrian', 'E': 'motor'}",A,A,C,van,0,1.1306724548339844
0000215_02319_d_0000261.jpg,/home/brisic03/VisDrone/VisDrone2019-DET-val/images/0000215_02319_d_0000261.jpg,counting,How many awning-tricycles are visible in the drone image?,"{'A': '0', 'B': '1', 'C': '2', 'D': '3', 'E': '4 or more'}",A,A,E,4 or more,0,1.1349256038665771
0000215_02319_d_0000261.jpg,/home/brisic03/VisDrone/VisDrone2019-DET-val/images/0000215_02319_d_0000261.jpg,most_frequent,Which object type appears most often in the drone image?,"{'A': 'van', 'B': 'motor', 'C': 'bicycle', 'D': 'car', 'E': 'people'}",D,D,D,car,1,1.1231050491333008
0000215_02319_d_0000261.jpg,/home/brisic03/VisDrone/VisDrone2019-DET-val/images/0000215_02319_d_0000261.jpg,location,Where is the largest car located in the image?,"{'A': 'top-left', 'B': 'top-right', 'C': 'bottom-left', 'D': 'bottom-right', 'E': 'center'}",E,E,E,center,1,1.1536715030670166
0000215_02667_d_0000262.jpg,/home/brisic03/VisDrone/VisDrone2019-DET-val/images/0000215_02667_d_0000262.jpg,presence,Which object type is visible in the drone image?,"{'A': 'pedestrian', 'B': 'awning-tricycle', 'C': 'truck', 'D': 'tricycle', 'E': 'motor'}",B,B,C,truck,0,1.1340796947479248
0000215_02667_d_0000262.jpg,/home/brisic03/VisDrone/VisDrone2019-DET-val/images/0000215_02667_d_0000262.jpg,counting,How many bicycles are visible in the drone image?,"{'A': '0', 'B': '1', 'C': '2', 'D': '3', 'E': '4 or more'}",A,A,B,1,0,1.1321065425872803
0000215_02667_d_0000262.jpg,/home/brisic03/VisDrone/VisDrone2019-DET-val/images/0000215_02667_d_0000262.jpg,most_frequent,Which object type appears most often in the drone image?,"{'A': 'truck', 'B': 'bicycle', 'C': 'people', 'D': 'tricycle', 'E': 'car'}",C,C,E,car,0,1.1411120891571045
0000215_02667_d_0000262.jpg,/home/brisic03/VisDrone/VisDrone2019-DET-val/images/0000215_02667_d_0000262.jpg,location,Where is the largest car located in the image?,"{'A': 'top-left', 'B': 'top-right', 'C': 'bottom-left', 'D': 'bottom-right', 'E': 'center'}",E,E,E,center,1,1.1320292949676514
0000215_02932_d_0000263.jpg,/home/brisic03/VisDrone/VisDrone2019-DET-val/images/0000215_02932_d_0000263.jpg,presence,Which object type is visible in the drone image?,"{'A': 'pedestrian', 'B': 'motor', 'C': 'van', 'D': 'car', 'E': 'bus'}",A,A,C,van,0,1.1172411441802979
0000215_02932_d_0000263.jpg,/home/brisic03/VisDrone/VisDrone2019-DET-val/images/0000215_02932_d_0000263.jpg,counting,How many vans are visible in the drone image?,"{'A': '0', 'B': '1', 'C': '2', 'D': '3', 'E': '4 or more'}",A,A,E,4 or more,0,1.2006590366363525
0000215_02932_d_0000263.jpg,/home/brisic03/VisDrone/VisDrone2019-DET-val/images/0000215_02932_d_0000263.jpg,most_frequent,Which object type appears most often in the drone image?,"{'A': 'awning-tricycle', 'B': 'truck', 'C': 'tricycle', 'D': 'car', 'E': 'bicycle'}",D,D,D,car,1,1.2065560817718506
0000215_02932_d_0000263.jpg,/home/brisic03/VisDrone/VisDrone2019-DET-val/images/0000215_02932_d_0000263.jpg,location,Where is the largest car located in the image?,"{'A': 'top-left', 'B': 'top-right', 'C': 'bottom-left', 'D': 'bottom-right', 'E': 'center'}",E,E,C,bottom-left,0,1.1613383293151855
0000215_03226_d_0000264.jpg,/home/brisic03/VisDrone/VisDrone2019-DET-val/images/0000215_03226_d_0000264.jpg,presence,Which object type is visible in the drone image?,"{'A': 'truck', 'B': 'pedestrian', 'C': 'van', 'D': 'awning-tricycle', 'E': 'bus'}",A,A,A,truck,1,1.1197991371154785
0000215_03226_d_0000264.jpg,/home/brisic03/VisDrone/VisDrone2019-DET-val/images/0000215_03226_d_0000264.jpg,counting,How many vans are visible in the drone image?,"{'A': '0', 'B': '1', 'C': '2', 'D': '3', 'E': '4 or more'}",A,A,B,1,0,1.1168875694274902
0000215_03226_d_0000264.jpg,/home/brisic03/VisDrone/VisDrone2019-DET-val/images/0000215_03226_d_0000264.jpg,most_frequent,Which object type appears most often in the drone image?,"{'A': 'tricycle', 'B': 'car', 'C': 'people', 'D': 'van', 'E': 'truck'}",B,B,B,car,1,1.1302428245544434
0000215_03226_d_0000264.jpg,/home/brisic03/VisDrone/VisDrone2019-DET-val/images/0000215_03226_d_0000264.jpg,location,Where is the largest truck located in the image?,"{'A': 'top-left', 'B': 'top-right', 'C': 'bottom-left', 'D': 'bottom-right', 'E': 'center'}",B,B,E,center,0,1.1190848350524902
0000216_00520_d_0000001.jpg,/home/brisic03/VisDrone/VisDrone2019-DET-val/images/0000216_00520_d_0000001.jpg,presence,Which object type is visible in the drone image?,"{'A': 'motor', 'B': 'people', 'C': 'awning-tricycle', 'D': 'van', 'E': 'pedestrian'}",A,A,D,van,0,1.1208362579345703
0000216_00520_d_0000001.jpg,/home/brisic03/VisDrone/VisDrone2019-DET-val/images/0000216_00520_d_0000001.jpg,counting,How many cars are visible in the drone image?,"{'A': '0', 'B': '1', 'C': '2', 'D': '3', 'E': '4 or more'}",A,A,E,4 or more,0,1.1332461833953857
0000216_00520_d_0000001.jpg,/home/brisic03/VisDrone/VisDrone2019-DET-val/images/0000216_00520_d_0000001.jpg,most_frequent,Which object type appears most often in the drone image?,"{'A': 'bicycle', 'B': 'bus', 'C': 'tricycle', 'D': 'car', 'E': 'people'}",D,D,D,car,1,1.1305251121520996
0000216_00520_d_0000001.jpg,/home/brisic03/VisDrone/VisDrone2019-DET-val/images/0000216_00520_d_0000001.jpg,location,Where is the largest car located in the image?,"{'A': 'top-left', 'B': 'top-right', 'C': 'bottom-left', 'D': 'bottom-right', 'E': 'center'}",B,B,E,center,0,1.1316285133361816
0000220_01242_d_0000004.jpg,/home/brisic03/VisDrone/VisDrone2019-DET-val/images/0000220_01242_d_0000004.jpg,presence,Which object type is visible in the drone image?,"{'A': 'motor', 'B': 'truck', 'C': 'awning-tricycle', 'D': 'car', 'E': 'bicycle'}",C,C,A,motor,0,1.1307268142700195
0000220_01242_d_0000004.jpg,/home/brisic03/VisDrone/VisDrone2019-DET-val/images/0000220_01242_d_0000004.jpg,counting,How many buss are visible in the drone image?,"{'A': '0', 'B': '1', 'C': '2', 'D': '3', 'E': '4 or more'}",A,A,B,1,0,1.1359848976135254
0000220_01242_d_0000004.jpg,/home/brisic03/VisDrone/VisDrone2019-DET-val/images/0000220_01242_d_0000004.jpg,most_frequent,Which object type appears most often in the drone image?,"{'A': 'people', 'B': 'car', 'C': 'truck', 'D': 'bus', 'E': 'van'}",A,A,C,truck,0,1.1383109092712402
0000220_01242_d_0000004.jpg,/home/brisic03/VisDrone/VisDrone2019-DET-val/images/0000220_01242_d_0000004.jpg,location,Where is the largest truck located in the image?,"{'A': 'top-left', 'B': 'top-right', 'C': 'bottom-left', 'D': 'bottom-right', 'E': 'center'}",E,E,E,center,1,1.1367089748382568
0000223_01802_d_0000005.jpg,/home/brisic03/VisDrone/VisDrone2019-DET-val/images/0000223_01802_d_0000005.jpg,presence,Which object type is visible in the drone image?,"{'A': 'van', 'B': 'bus', 'C': 'bicycle', 'D': 'tricycle', 'E': 'car'}",E,E,E,car,1,1.15447998046875
0000223_01802_d_0000005.jpg,/home/brisic03/VisDrone/VisDrone2019-DET-val/images/0000223_01802_d_0000005.jpg,counting,How many cars are visible in the drone image?,"{'A': '0', 'B': '1', 'C': '2', 'D': '3', 'E': '4 or more'}",E,E,E,4 or more,1,1.1380119323730469
0000223_01802_d_0000005.jpg,/home/brisic03/VisDrone/VisDrone2019-DET-val/images/0000223_01802_d_0000005.jpg,most_frequent,Which object type appears most often in the drone image?,"{'A': 'van', 'B': 'people', 'C': 'truck', 'D': 'motor', 'E': 'car'}",D,D,E,car,0,1.1345598697662354
0000223_01802_d_0000005.jpg,/home/brisic03/VisDrone/VisDrone2019-DET-val/images/0000223_01802_d_0000005.jpg,location,Where is the largest car located in the image?,"{'A': 'top-left', 'B': 'top-right', 'C': 'bottom-left', 'D': 'bottom-right', 'E': 'center'}",E,E,E,center,1,1.1342084407806396
0000237_00001_d_0000001.jpg,/home/brisic03/VisDrone/VisDrone2019-DET-val/images/0000237_00001_d_0000001.jpg,presence,Which object type is visible in the drone image?,"{'A': 'van', 'B': 'pedestrian', 'C': 'tricycle', 'D': 'car', 'E': 'bus'}",D,D,C,tricycle,0,1.1234581470489502
0000237_00001_d_0000001.jpg,/home/brisic03/VisDrone/VisDrone2019-DET-val/images/0000237_00001_d_0000001.jpg,counting,How many motors are visible in the drone image?,"{'A': '0', 'B': '1', 'C': '2', 'D': '3', 'E': '4 or more'}",A,A,B,1,0,1.1114673614501953
0000237_00001_d_0000001.jpg,/home/brisic03/VisDrone/VisDrone2019-DET-val/images/0000237_00001_d_0000001.jpg,location,Where is the largest car located in the image?,"{'A': 'top-left', 'B': 'top-right', 'C': 'bottom-left', 'D': 'bottom-right', 'E': 'center'}",D,D,E,center,0,1.130599021911621
0000242_00001_d_0000001.jpg,/home/brisic03/VisDrone/VisDrone2019-DET-val/images/0000242_00001_d_0000001.jpg,presence,Which object type is visible in the drone image?,"{'A': 'car', 'B': 'motor', 'C': 'van', 'D': 'pedestrian', 'E': 'people'}",A,A,B,motor,0,1.1263995170593262
0000242_00001_d_0000001.jpg,/home/brisic03/VisDrone/VisDrone2019-DET-val/images/0000242_00001_d_0000001.jpg,counting,How many trucks are visible in the drone image?,"{'A': '0', 'B': '1', 'C': '2', 'D': '3', 'E': '4 or more'}",B,B,C,2,0,1.1289410591125488
0000242_00001_d_0000001.jpg,/home/brisic03/VisDrone/VisDrone2019-DET-val/images/0000242_00001_d_0000001.jpg,most_frequent,Which object type appears most often in the drone image?,"{'A': 'bus', 'B': 'people', 'C': 'awning-tricycle', 'D': 'bicycle', 'E': 'car'}",E,E,E,car,1,1.121037483215332
0000242_00001_d_0000001.jpg,/home/brisic03/VisDrone/VisDrone2019-DET-val/images/0000242_00001_d_0000001.jpg,location,Where is the largest truck located in the image?,"{'A': 'top-left', 'B': 'top-right', 'C': 'bottom-left', 'D': 'bottom-right', 'E': 'center'}",D,D,D,bottom-right,1,1.1196131706237793
0000242_00500_d_0000002.jpg,/home/brisic03/VisDrone/VisDrone2019-DET-val/images/0000242_00500_d_0000002.jpg,presence,Which object type is visible in the drone image?,"{'A': 'awning-tricycle', 'B': 'bus', 'C': 'van', 'D': 'motor', 'E': 'truck'}",A,A,C,van,0,1.1247148513793945
0000242_00500_d_0000002.jpg,/home/brisic03/VisDrone/VisDrone2019-DET-val/images/0000242_00500_d_0000002.jpg,counting,How many cars are visible in the drone image?,"{'A': '0', 'B': '1', 'C': '2', 'D': '3', 'E': '4 or more'}",A,A,E,4 or more,0,1.1244406700134277
0000242_00500_d_0000002.jpg,/home/brisic03/VisDrone/VisDrone2019-DET-val/images/0000242_00500_d_0000002.jpg,most_frequent,Which object type appears most often in the drone image?,"{'A': 'motor', 'B': 'pedestrian', 'C': 'car', 'D': 'truck', 'E': 'bicycle'}",C,C,C,car,1,1.1290783882141113
0000242_00500_d_0000002.jpg,/home/brisic03/VisDrone/VisDrone2019-DET-val/images/0000242_00500_d_0000002.jpg,location,Where is the largest van located in the image?,"{'A': 'top-left', 'B': 'top-right', 'C': 'bottom-left', 'D': 'bottom-right', 'E': 'center'}",D,D,D,bottom-right,1,1.1280722618103027
0000242_00627_d_0000003.jpg,/home/brisic03/VisDrone/VisDrone2019-DET-val/images/0000242_00627_d_0000003.jpg,presence,Which object type is visible in the drone image?,"{'A': 'truck', 'B': 'people', 'C': 'car', 'D': 'tricycle', 'E': 'van'}",B,B,E,van,0,1.1200592517852783
0000242_00627_d_0000003.jpg,/home/brisic03/VisDrone/VisDrone2019-DET-val/images/0000242_00627_d_0000003.jpg,counting,How many trucks are visible in the drone image?,"{'A': '0', 'B': '1', 'C': '2', 'D': '3', 'E': '4 or more'}",A,A,B,1,0,1.1203620433807373
0000242_00627_d_0000003.jpg,/home/brisic03/VisDrone/VisDrone2019-DET-val/images/0000242_00627_d_0000003.jpg,most_frequent,Which object type appears most often in the drone image?,"{'A': 'car', 'B': 'van', 'C': 'tricycle', 'D': 'bus', 'E': 'awning-tricycle'}",A,A,A,car,1,1.1542096138000488
0000242_00627_d_0000003.jpg,/home/brisic03/VisDrone/VisDrone2019-DET-val/images/0000242_00627_d_0000003.jpg,location,Where is the largest car located in the image?,"{'A': 'top-left', 'B': 'top-right', 'C': 'bottom-left', 'D': 'bottom-right', 'E': 'center'}",E,E,E,center,1,1.126993179321289
0000242_00843_d_0000004.jpg,/home/brisic03/VisDrone/VisDrone2019-DET-val/images/0000242_00843_d_0000004.jpg,presence,Which object type is visible in the drone image?,"{'A': 'motor', 'B': 'awning-tricycle', 'C': 'car', 'D': 'van', 'E': 'truck'}",C,C,C,car,1,1.1152188777923584
0000242_00843_d_0000004.jpg,/home/brisic03/VisDrone/VisDrone2019-DET-val/images/0000242_00843_d_0000004.jpg,counting,How many cars are visible in the drone image?,"{'A': '0', 'B': '1', 'C': '2', 'D': '3', 'E': '4 or more'}",C,C,C,2,1,1.1281561851501465
0000242_00843_d_0000004.jpg,/home/brisic03/VisDrone/VisDrone2019-DET-val/images/0000242_00843_d_0000004.jpg,most_frequent,Which object type appears most often in the drone image?,"{'A': 'truck', 'B': 'tricycle', 'C': 'car', 'D': 'motor', 'E': 'van'}",C,C,C,car,1,1.1222004890441895
0000242_00843_d_0000004.jpg,/home/brisic03/VisDrone/VisDrone2019-DET-val/images/0000242_00843_d_0000004.jpg,location,Where is the largest car located in the image?,"{'A': 'top-left', 'B': 'top-right', 'C': 'bottom-left', 'D': 'bottom-right', 'E': 'center'}",A,A,A,top-left,1,1.1271579265594482
0000242_00963_d_0000005.jpg,/home/brisic03/VisDrone/VisDrone2019-DET-val/images/0000242_00963_d_0000005.jpg,presence,Which object type is visible in the drone image?,"{'A': 'pedestrian', 'B': 'bicycle', 'C': 'awning-tricycle', 'D': 'motor', 'E': 'truck'}",A,A,A,pedestrian,1,1.1165218353271484
0000242_00963_d_0000005.jpg,/home/brisic03/VisDrone/VisDrone2019-DET-val/images/0000242_00963_d_0000005.jpg,counting,How many pedestrians are visible in the drone image?,"{'A': '0', 'B': '1', 'C': '2', 'D': '3', 'E': '4 or more'}",A,A,B,1,0,1.134148120880127
0000242_00963_d_0000005.jpg,/home/brisic03/VisDrone/VisDrone2019-DET-val/images/0000242_00963_d_0000005.jpg,most_frequent,Which object type appears most often in the drone image?,"{'A': 'tricycle', 'B': 'pedestrian', 'C': 'truck', 'D': 'bus', 'E': 'car'}",E,E,E,car,1,1.1235625743865967
0000242_00963_d_0000005.jpg,/home/brisic03/VisDrone/VisDrone2019-DET-val/images/0000242_00963_d_0000005.jpg,location,Where is the largest truck located in the image?,"{'A': 'top-left', 'B': 'top-right', 'C': 'bottom-left', 'D': 'bottom-right', 'E': 'center'}",A,A,E,center,0,1.1219635009765625
0000242_01139_d_0000006.jpg,/home/brisic03/VisDrone/VisDrone2019-DET-val/images/0000242_01139_d_0000006.jpg,presence,Which object type is visible in the drone image?,"{'A': 'bicycle', 'B': 'tricycle', 'C': 'awning-tricycle', 'D': 'motor', 'E': 'truck'}",D,D,B,tricycle,0,1.12744140625
0000242_01139_d_0000006.jpg,/home/brisic03/VisDrone/VisDrone2019-DET-val/images/0000242_01139_d_0000006.jpg,counting,How many motors are visible in the drone image?,"{'A': '0', 'B': '1', 'C': '2', 'D': '3', 'E': '4 or more'}",A,A,C,2,0,1.1310677528381348
0000242_01139_d_0000006.jpg,/home/brisic03/VisDrone/VisDrone2019-DET-val/images/0000242_01139_d_0000006.jpg,most_frequent,Which object type appears most often in the drone image?,"{'A': 'tricycle', 'B': 'people', 'C': 'car', 'D': 'motor', 'E': 'bicycle'}",C,C,C,car,1,1.124049425125122
0000242_01139_d_0000006.jpg,/home/brisic03/VisDrone/VisDrone2019-DET-val/images/0000242_01139_d_0000006.jpg,location,Where is the largest tricycle located in the image?,"{'A': 'top-left', 'B': 'top-right', 'C': 'bottom-left', 'D': 'bottom-right', 'E': 'center'}",C,C,C,bottom-left,1,1.124291181564331
0000242_01475_d_0000007.jpg,/home/brisic03/VisDrone/VisDrone2019-DET-val/images/0000242_01475_d_0000007.jpg,presence,Which object type is visible in the drone image?,"{'A': 'bus', 'B': 'awning-tricycle', 'C': 'van', 'D': 'tricycle', 'E': 'truck'}",E,E,D,tricycle,0,1.135115623474121
0000242_01475_d_0000007.jpg,/home/brisic03/VisDrone/VisDrone2019-DET-val/images/0000242_01475_d_0000007.jpg,counting,How many tricycles are visible in the drone image?,"{'A': '0', 'B': '1', 'C': '2', 'D': '3', 'E': '4 or more'}",A,A,B,1,0,1.128720760345459
0000242_01475_d_0000007.jpg,/home/brisic03/VisDrone/VisDrone2019-DET-val/images/0000242_01475_d_0000007.jpg,most_frequent,Which object type appears most often in the drone image?,"{'A': 'bicycle', 'B': 'bus', 'C': 'pedestrian', 'D': 'truck', 'E': 'car'}",A,A,E,car,0,1.1221423149108887
0000242_01475_d_0000007.jpg,/home/brisic03/VisDrone/VisDrone2019-DET-val/images/0000242_01475_d_0000007.jpg,location,Where is the largest truck located in the image?,"{'A': 'top-left', 'B': 'top-right', 'C': 'bottom-left', 'D': 'bottom-right', 'E': 'center'}",B,B,D,bottom-right,0,1.1306169033050537
0000242_01912_d_0000008.jpg,/home/brisic03/VisDrone/VisDrone2019-DET-val/images/0000242_01912_d_0000008.jpg,presence,Which object type is visible in the drone image?,"{'A': 'tricycle', 'B': 'car', 'C': 'people', 'D': 'van', 'E': 'bicycle'}",B,B,B,car,1,1.1186230182647705
0000242_01912_d_0000008.jpg,/home/brisic03/VisDrone/VisDrone2019-DET-val/images/0000242_01912_d_0000008.jpg,counting,How many cars are visible in the drone image?,"{'A': '0', 'B': '1', 'C': '2', 'D': '3', 'E': '4 or more'}",E,E,E,4 or more,1,1.1411023139953613
0000242_01912_d_0000008.jpg,/home/brisic03/VisDrone/VisDrone2019-DET-val/images/0000242_01912_d_0000008.jpg,most_frequent,Which object type appears most often in the drone image?,"{'A': 'pedestrian', 'B': 'tricycle', 'C': 'car', 'D': 'van', 'E': 'motor'}",C,C,C,car,1,1.122260332107544
0000242_01912_d_0000008.jpg,/home/brisic03/VisDrone/VisDrone2019-DET-val/images/0000242_01912_d_0000008.jpg,location,Where is the largest car located in the image?,"{'A': 'top-left', 'B': 'top-right', 'C': 'bottom-left', 'D': 'bottom-right', 'E': 'center'}",E,E,E,center,1,1.126765251159668
0000242_02400_d_0000009.jpg,/home/brisic03/VisDrone/VisDrone2019-DET-val/images/0000242_02400_d_0000009.jpg,presence,Which object type is visible in the drone image?,"{'A': 'people', 'B': 'pedestrian', 'C': 'awning-tricycle', 'D': 'motor', 'E': 'truck'}",A,A,D,motor,0,1.1229438781738281
0000242_02400_d_0000009.jpg,/home/brisic03/VisDrone/VisDrone2019-DET-val/images/0000242_02400_d_0000009.jpg,counting,How many motors are visible in the drone image?,"{'A': '0', 'B': '1', 'C': '2', 'D': '3', 'E': '4 or more'}",A,A,B,1,0,1.1211202144622803
0000242_02400_d_0000009.jpg,/home/brisic03/VisDrone/VisDrone2019-DET-val/images/0000242_02400_d_0000009.jpg,most_frequent,Which object type appears most often in the drone image?,"{'A': 'car', 'B': 'bus', 'C': 'people', 'D': 'truck', 'E': 'van'}",A,A,A,car,1,1.1199514865875244
0000242_02400_d_0000009.jpg,/home/brisic03/VisDrone/VisDrone2019-DET-val/images/0000242_02400_d_0000009.jpg,location,Where is the largest van located in the image?,"{'A': 'top-left', 'B': 'top-right', 'C': 'bottom-left', 'D': 'bottom-right', 'E': 'center'}",A,A,C,bottom-left,0,1.1239688396453857
0000242_02762_d_0000010.jpg,/home/brisic03/VisDrone/VisDrone2019-DET-val/images/0000242_02762_d_0000010.jpg,presence,Which object type is visible in the drone image?,"{'A': 'pedestrian', 'B': 'car', 'C': 'bus', 'D': 'bicycle', 'E': 'van'}",A,A,A,pedestrian,1,1.1243886947631836
0000242_02762_d_0000010.jpg,/home/brisic03/VisDrone/VisDrone2019-DET-val/images/0000242_02762_d_0000010.jpg,counting,How many cars are visible in the drone image?,"{'A': '0', 'B': '1', 'C': '2', 'D': '3', 'E': '4 or more'}",E,E,E,4 or more,1,1.129026174545288
0000242_02762_d_0000010.jpg,/home/brisic03/VisDrone/VisDrone2019-DET-val/images/0000242_02762_d_0000010.jpg,most_frequent,Which object type appears most often in the drone image?,"{'A': 'awning-tricycle', 'B': 'tricycle', 'C': 'car', 'D': 'van', 'E': 'people'}",C,C,C,car,1,1.1138594150543213
0000242_02762_d_0000010.jpg,/home/brisic03/VisDrone/VisDrone2019-DET-val/images/0000242_02762_d_0000010.jpg,location,Where is the largest car located in the image?,"{'A': 'top-left', 'B': 'top-right', 'C': 'bottom-left', 'D': 'bottom-right', 'E': 'center'}",A,A,E,center,0,1.1151461601257324
0000242_03199_d_0000011.jpg,/home/brisic03/VisDrone/VisDrone2019-DET-val/images/0000242_03199_d_0000011.jpg,presence,Which object type is visible in the drone image?,"{'A': 'awning-tricycle', 'B': 'car', 'C': 'van', 'D': 'truck', 'E': 'tricycle'}",B,B,B,car,1,1.122694730758667
0000242_03199_d_0000011.jpg,/home/brisic03/VisDrone/VisDrone2019-DET-val/images/0000242_03199_d_0000011.jpg,counting,How many cars are visible in the drone image?,"{'A': '0', 'B': '1', 'C': '2', 'D': '3', 'E': '4 or more'}",A,A,D,3,0,1.136610507965088
0000242_03199_d_0000011.jpg,/home/brisic03/VisDrone/VisDrone2019-DET-val/images/0000242_03199_d_0000011.jpg,most_frequent,Which object type appears most often in the drone image?,"{'A': 'people', 'B': 'car', 'C': 'bus', 'D': 'pedestrian', 'E': 'bicycle'}",B,B,B,car,1,1.129944086074829
0000242_03199_d_0000011.jpg,/home/brisic03/VisDrone/VisDrone2019-DET-val/images/0000242_03199_d_0000011.jpg,location,Where is the largest car located in the image?,"{'A': 'top-left', 'B': 'top-right', 'C': 'bottom-left', 'D': 'bottom-right', 'E': 'center'}",E,E,C,bottom-left,0,1.131136417388916
0000242_03668_d_0000012.jpg,/home/brisic03/VisDrone/VisDrone2019-DET-val/images/0000242_03668_d_0000012.jpg,presence,Which object type is visible in the drone image?,"{'A': 'awning-tricycle', 'B': 'truck', 'C': 'bus', 'D': 'bicycle', 'E': 'car'}",A,A,A,awning-tricycle,1,1.1127724647521973
0000242_03668_d_0000012.jpg,/home/brisic03/VisDrone/VisDrone2019-DET-val/images/0000242_03668_d_0000012.jpg,counting,How many vans are visible in the drone image?,"{'A': '0', 'B': '1', 'C': '2', 'D': '3', 'E': '4 or more'}",A,A,B,1,0,1.1496424674987793
0000242_03668_d_0000012.jpg,/home/brisic03/VisDrone/VisDrone2019-DET-val/images/0000242_03668_d_0000012.jpg,most_frequent,Which object type appears most often in the drone image?,"{'A': 'car', 'B': 'bicycle', 'C': 'awning-tricycle', 'D': 'truck', 'E': 'bus'}",A,A,A,car,1,1.1229369640350342
0000242_03668_d_0000012.jpg,/home/brisic03/VisDrone/VisDrone2019-DET-val/images/0000242_03668_d_0000012.jpg,location,Where is the largest bus located in the image?,"{'A': 'top-left', 'B': 'top-right', 'C': 'bottom-left', 'D': 'bottom-right', 'E': 'center'}",D,D,D,bottom-right,1,1.1210520267486572
0000242_04116_d_0000013.jpg,/home/brisic03/VisDrone/VisDrone2019-DET-val/images/0000242_04116_d_0000013.jpg,presence,Which object type is visible in the drone image?,"{'A': 'bus', 'B': 'pedestrian', 'C': 'van', 'D': 'awning-tricycle', 'E': 'motor'}",E,E,D,awning-tricycle,0,1.1286675930023193
0000242_04116_d_0000013.jpg,/home/brisic03/VisDrone/VisDrone2019-DET-val/images/0000242_04116_d_0000013.jpg,counting,How many awning-tricycles are visible in the drone image?,"{'A': '0', 'B': '1', 'C': '2', 'D': '3', 'E': '4 or more'}",A,A,B,1,0,1.1232006549835205
0000242_04116_d_0000013.jpg,/home/brisic03/VisDrone/VisDrone2019-DET-val/images/0000242_04116_d_0000013.jpg,most_frequent,Which object type appears most often in the drone image?,"{'A': 'car', 'B': 'tricycle', 'C': 'awning-tricycle', 'D': 'motor', 'E': 'bus'}",A,A,A,car,1,1.1260995864868164
0000242_04116_d_0000013.jpg,/home/brisic03/VisDrone/VisDrone2019-DET-val/images/0000242_04116_d_0000013.jpg,location,Where is the largest car located in the image?,"{'A': 'top-left', 'B': 'top-right', 'C': 'bottom-left', 'D': 'bottom-right', 'E': 'center'}",E,E,E,center,1,1.121293306350708
0000242_04600_d_0000014.jpg,/home/brisic03/VisDrone/VisDrone2019-DET-val/images/0000242_04600_d_0000014.jpg,presence,Which object type is visible in the drone image?,"{'A': 'motor', 'B': 'awning-tricycle', 'C': 'people', 'D': 'truck', 'E': 'tricycle'}",C,C,E,tricycle,0,1.125948429107666
0000242_04600_d_0000014.jpg,/home/brisic03/VisDrone/VisDrone2019-DET-val/images/0000242_04600_d_0000014.jpg,counting,How many awning-tricycles are visible in the drone image?,"{'A': '0', 'B': '1', 'C': '2', 'D': '3', 'E': '4 or more'}",A,A,B,1,0,1.1266157627105713
0000242_04600_d_0000014.jpg,/home/brisic03/VisDrone/VisDrone2019-DET-val/images/0000242_04600_d_0000014.jpg,most_frequent,Which object type appears most often in the drone image?,"{'A': 'car', 'B': 'bicycle', 'C': 'bus', 'D': 'van', 'E': 'people'}",A,A,A,car,1,1.1191089153289795
0000242_04600_d_0000014.jpg,/home/brisic03/VisDrone/VisDrone2019-DET-val/images/0000242_04600_d_0000014.jpg,location,Where is the largest car located in the image?,"{'A': 'top-left', 'B': 'top-right', 'C': 'bottom-left', 'D': 'bottom-right', 'E': 'center'}",E,E,C,bottom-left,0,1.1347405910491943
0000242_05059_d_0000015.jpg,/home/brisic03/VisDrone/VisDrone2019-DET-val/images/0000242_05059_d_0000015.jpg,presence,Which object type is visible in the drone image?,"{'A': 'car', 'B': 'awning-tricycle', 'C': 'truck', 'D': 'tricycle', 'E': 'people'}",A,A,A,car,1,1.1235969066619873
0000242_05059_d_0000015.jpg,/home/brisic03/VisDrone/VisDrone2019-DET-val/images/0000242_05059_d_0000015.jpg,counting,How many motors are visible in the drone image?,"{'A': '0', 'B': '1', 'C': '2', 'D': '3', 'E': '4 or more'}",A,A,C,2,0,1.1461660861968994
0000242_05059_d_0000015.jpg,/home/brisic03/VisDrone/VisDrone2019-DET-val/images/0000242_05059_d_0000015.jpg,most_frequent,Which object type appears most often in the drone image?,"{'A': 'awning-tricycle', 'B': 'car', 'C': 'pedestrian', 'D': 'motor', 'E': 'truck'}",B,B,B,car,1,1.1243581771850586
0000242_05059_d_0000015.jpg,/home/brisic03/VisDrone/VisDrone2019-DET-val/images/0000242_05059_d_0000015.jpg,location,Where is the largest car located in the image?,"{'A': 'top-left', 'B': 'top-right', 'C': 'bottom-left', 'D': 'bottom-right', 'E': 'center'}",E,E,E,center,1,1.1159436702728271
0000242_05570_d_0000016.jpg,/home/brisic03/VisDrone/VisDrone2019-DET-val/images/0000242_05570_d_0000016.jpg,presence,Which object type is visible in the drone image?,"{'A': 'bicycle', 'B': 'awning-tricycle', 'C': 'tricycle', 'D': 'truck', 'E': 'motor'}",A,A,B,awning-tricycle,0,1.134965181350708
0000242_05570_d_0000016.jpg,/home/brisic03/VisDrone/VisDrone2019-DET-val/images/0000242_05570_d_0000016.jpg,counting,How many cars are visible in the drone image?,"{'A': '0', 'B': '1', 'C': '2', 'D': '3', 'E': '4 or more'}",B,B,E,4 or more,0,1.1276488304138184
0000242_05570_d_0000016.jpg,/home/brisic03/VisDrone/VisDrone2019-DET-val/images/0000242_05570_d_0000016.jpg,most_frequent,Which object type appears most often in the drone image?,"{'A': 'pedestrian', 'B': 'people', 'C': 'tricycle', 'D': 'car', 'E': 'awning-tricycle'}",D,D,D,car,1,1.1222259998321533
0000242_05570_d_0000016.jpg,/home/brisic03/VisDrone/VisDrone2019-DET-val/images/0000242_05570_d_0000016.jpg,location,Where is the largest car located in the image?,"{'A': 'top-left', 'B': 'top-right', 'C': 'bottom-left', 'D': 'bottom-right', 'E': 'center'}",C,C,E,center,0,1.1189227104187012
0000242_06010_d_0000017.jpg,/home/brisic03/VisDrone/VisDrone2019-DET-val/images/0000242_06010_d_0000017.jpg,presence,Which object type is visible in the drone image?,"{'A': 'van', 'B': 'motor', 'C': 'people', 'D': 'truck', 'E': 'awning-tricycle'}",E,E,D,truck,0,1.1255247592926025
0000242_06010_d_0000017.jpg,/home/brisic03/VisDrone/VisDrone2019-DET-val/images/0000242_06010_d_0000017.jpg,counting,How many cars are visible in the drone image?,"{'A': '0', 'B': '1', 'C': '2', 'D': '3', 'E': '4 or more'}",A,A,C,2,0,1.1205227375030518
0000242_06010_d_0000017.jpg,/home/brisic03/VisDrone/VisDrone2019-DET-val/images/0000242_06010_d_0000017.jpg,most_frequent,Which object type appears most often in the drone image?,"{'A': 'truck', 'B': 'bicycle', 'C': 'people', 'D': 'car', 'E': 'tricycle'}",D,D,D,car,1,1.127746343612671
0000242_06010_d_0000017.jpg,/home/brisic03/VisDrone/VisDrone2019-DET-val/images/0000242_06010_d_0000017.jpg,location,Where is the largest truck located in the image?,"{'A': 'top-left', 'B': 'top-right', 'C': 'bottom-left', 'D': 'bottom-right', 'E': 'center'}",E,E,E,center,1,1.1231379508972168
0000242_06452_d_0000018.jpg,/home/brisic03/VisDrone/VisDrone2019-DET-val/images/0000242_06452_d_0000018.jpg,presence,Which object type is visible in the drone image?,"{'A': 'tricycle', 'B': 'van', 'C': 'bus', 'D': 'awning-tricycle', 'E': 'motor'}",B,B,C,bus,0,1.1206209659576416
0000242_06452_d_0000018.jpg,/home/brisic03/VisDrone/VisDrone2019-DET-val/images/0000242_06452_d_0000018.jpg,counting,How many buss are visible in the drone image?,"{'A': '0', 'B': '1', 'C': '2', 'D': '3', 'E': '4 or more'}",A,A,B,1,0,1.1290602684020996
0000242_06452_d_0000018.jpg,/home/brisic03/VisDrone/VisDrone2019-DET-val/images/0000242_06452_d_0000018.jpg,location,Where is the largest car located in the image?,"{'A': 'top-left', 'B': 'top-right', 'C': 'bottom-left', 'D': 'bottom-right', 'E': 'center'}",A,A,E,center,0,1.1283400058746338
0000244_00001_d_0000001.jpg,/home/brisic03/VisDrone/VisDrone2019-DET-val/images/0000244_00001_d_0000001.jpg,presence,Which object type is visible in the drone image?,"{'A': 'bicycle', 'B': 'motor', 'C': 'car', 'D': 'people', 'E': 'pedestrian'}",C,C,B,motor,0,1.1172831058502197
0000244_00001_d_0000001.jpg,/home/brisic03/VisDrone/VisDrone2019-DET-val/images/0000244_00001_d_0000001.jpg,counting,How many vans are visible in the drone image?,"{'A': '0', 'B': '1', 'C': '2', 'D': '3', 'E': '4 or more'}",A,A,B,1,0,1.124222993850708
0000244_00001_d_0000001.jpg,/home/brisic03/VisDrone/VisDrone2019-DET-val/images/0000244_00001_d_0000001.jpg,most_frequent,Which object type appears most often in the drone image?,"{'A': 'bus', 'B': 'bicycle', 'C': 'car', 'D': 'van', 'E': 'truck'}",C,C,C,car,1,1.1171088218688965
0000244_00001_d_0000001.jpg,/home/brisic03/VisDrone/VisDrone2019-DET-val/images/0000244_00001_d_0000001.jpg,location,Where is the largest tricycle located in the image?,"{'A': 'top-left', 'B': 'top-right', 'C': 'bottom-left', 'D': 'bottom-right', 'E': 'center'}",D,D,D,bottom-right,1,1.1451590061187744
0000244_00500_d_0000002.jpg,/home/brisic03/VisDrone/VisDrone2019-DET-val/images/0000244_00500_d_0000002.jpg,presence,Which object type is visible in the drone image?,"{'A': 'people', 'B': 'van', 'C': 'bicycle', 'D': 'pedestrian', 'E': 'car'}",E,E,E,car,1,1.1216745376586914
0000244_00500_d_0000002.jpg,/home/brisic03/VisDrone/VisDrone2019-DET-val/images/0000244_00500_d_0000002.jpg,counting,How many awning-tricycles are visible in the drone image?,"{'A': '0', 'B': '1', 'C': '2', 'D': '3', 'E': '4 or more'}",A,A,E,4 or more,0,1.1220598220825195
0000244_00500_d_0000002.jpg,/home/brisic03/VisDrone/VisDrone2019-DET-val/images/0000244_00500_d_0000002.jpg,most_frequent,Which object type appears most often in the drone image?,"{'A': 'truck', 'B': 'motor', 'C': 'car', 'D': 'awning-tricycle', 'E': 'people'}",C,C,D,awning-tricycle,0,1.1287589073181152
0000244_00500_d_0000002.jpg,/home/brisic03/VisDrone/VisDrone2019-DET-val/images/0000244_00500_d_0000002.jpg,location,Where is the largest car located in the image?,"{'A': 'top-left', 'B': 'top-right', 'C': 'bottom-left', 'D': 'bottom-right', 'E': 'center'}",E,E,C,bottom-left,0,1.1236097812652588
0000244_01000_d_0000003.jpg,/home/brisic03/VisDrone/VisDrone2019-DET-val/images/0000244_01000_d_0000003.jpg,presence,Which object type is visible in the drone image?,"{'A': 'car', 'B': 'truck', 'C': 'pedestrian', 'D': 'bus', 'E': 'bicycle'}",A,A,D,bus,0,1.122833251953125
0000244_01000_d_0000003.jpg,/home/brisic03/VisDrone/VisDrone2019-DET-val/images/0000244_01000_d_0000003.jpg,counting,How many cars are visible in the drone image?,"{'A': '0', 'B': '1', 'C': '2', 'D': '3', 'E': '4 or more'}",A,A,E,4 or more,0,1.1245923042297363
0000244_01000_d_0000003.jpg,/home/brisic03/VisDrone/VisDrone2019-DET-val/images/0000244_01000_d_0000003.jpg,most_frequent,Which object type appears most often in the drone image?,"{'A': 'bicycle', 'B': 'motor', 'C': 'car', 'D': 'pedestrian', 'E': 'tricycle'}",C,C,C,car,1,1.1246981620788574
0000244_01000_d_0000003.jpg,/home/brisic03/VisDrone/VisDrone2019-DET-val/images/0000244_01000_d_0000003.jpg,location,Where is the largest car located in the image?,"{'A': 'top-left', 'B': 'top-right', 'C': 'bottom-left', 'D': 'bottom-right', 'E': 'center'}",E,E,E,center,1,1.1402983665466309
0000244_01500_d_0000004.jpg,/home/brisic03/VisDrone/VisDrone2019-DET-val/images/0000244_01500_d_0000004.jpg,presence,Which object type is visible in the drone image?,"{'A': 'van', 'B': 'car', 'C': 'awning-tricycle', 'D': 'tricycle', 'E': 'bicycle'}",D,D,D,tricycle,1,1.1234397888183594
0000244_01500_d_0000004.jpg,/home/brisic03/VisDrone/VisDrone2019-DET-val/images/0000244_01500_d_0000004.jpg,counting,How many buss are visible in the drone image?,"{'A': '0', 'B': '1', 'C': '2', 'D': '3', 'E': '4 or more'}",A,A,B,1,0,1.119112491607666
0000244_01500_d_0000004.jpg,/home/brisic03/VisDrone/VisDrone2019-DET-val/images/0000244_01500_d_0000004.jpg,most_frequent,Which object type appears most often in the drone image?,"{'A': 'pedestrian', 'B': 'bus', 'C': 'awning-tricycle', 'D': 'bicycle', 'E': 'tricycle'}",D,D,E,tricycle,0,1.1340796947479248
0000244_01500_d_0000004.jpg,/home/brisic03/VisDrone/VisDrone2019-DET-val/images/0000244_01500_d_0000004.jpg,location,Where is the largest truck located in the image?,"{'A': 'top-left', 'B': 'top-right', 'C': 'bottom-left', 'D': 'bottom-right', 'E': 'center'}",E,E,D,bottom-right,0,1.1231732368469238
0000244_02000_d_0000005.jpg,/home/brisic03/VisDrone/VisDrone2019-DET-val/images/0000244_02000_d_0000005.jpg,presence,Which object type is visible in the drone image?,"{'A': 'van', 'B': 'bicycle', 'C': 'awning-tricycle', 'D': 'truck', 'E': 'people'}",C,C,A,van,0,1.1186838150024414
0000244_02000_d_0000005.jpg,/home/brisic03/VisDrone/VisDrone2019-DET-val/images/0000244_02000_d_0000005.jpg,counting,How many vans are visible in the drone image?,"{'A': '0', 'B': '1', 'C': '2', 'D': '3', 'E': '4 or more'}",A,A,E,4 or more,0,1.1234791278839111
0000244_02000_d_0000005.jpg,/home/brisic03/VisDrone/VisDrone2019-DET-val/images/0000244_02000_d_0000005.jpg,most_frequent,Which object type appears most often in the drone image?,"{'A': 'car', 'B': 'pedestrian', 'C': 'van', 'D': 'tricycle', 'E': 'motor'}",A,A,A,car,1,1.123180627822876
0000244_02000_d_0000005.jpg,/home/brisic03/VisDrone/VisDrone2019-DET-val/images/0000244_02000_d_0000005.jpg,location,Where is the largest van located in the image?,"{'A': 'top-left', 'B': 'top-right', 'C': 'bottom-left', 'D': 'bottom-right', 'E': 'center'}",A,A,C,bottom-left,0,1.1272685527801514
0000244_02500_d_0000006.jpg,/home/brisic03/VisDrone/VisDrone2019-DET-val/images/0000244_02500_d_0000006.jpg,presence,Which object type is visible in the drone image?,"{'A': 'tricycle', 'B': 'motor', 'C': 'car', 'D': 'van', 'E': 'awning-tricycle'}",C,C,A,tricycle,0,1.1323902606964111
0000244_02500_d_0000006.jpg,/home/brisic03/VisDrone/VisDrone2019-DET-val/images/0000244_02500_d_0000006.jpg,counting,How many vans are visible in the drone image?,"{'A': '0', 'B': '1', 'C': '2', 'D': '3', 'E': '4 or more'}",A,A,E,4 or more,0,1.1280007362365723
0000244_02500_d_0000006.jpg,/home/brisic03/VisDrone/VisDrone2019-DET-val/images/0000244_02500_d_0000006.jpg,most_frequent,Which object type appears most often in the drone image?,"{'A': 'bicycle', 'B': 'bus', 'C': 'car', 'D': 'van', 'E': 'motor'}",C,C,C,car,1,1.1227548122406006
0000244_02500_d_0000006.jpg,/home/brisic03/VisDrone/VisDrone2019-DET-val/images/0000244_02500_d_0000006.jpg,location,Where is the largest van located in the image?,"{'A': 'top-left', 'B': 'top-right', 'C': 'bottom-left', 'D': 'bottom-right', 'E': 'center'}",C,C,C,bottom-left,1,1.135974407196045
0000244_03000_d_0000007.jpg,/home/brisic03/VisDrone/VisDrone2019-DET-val/images/0000244_03000_d_0000007.jpg,presence,Which object type is visible in the drone image?,"{'A': 'car', 'B': 'bicycle', 'C': 'bus', 'D': 'awning-tricycle', 'E': 'people'}",A,A,D,awning-tricycle,0,1.1216745376586914
0000244_03000_d_0000007.jpg,/home/brisic03/VisDrone/VisDrone2019-DET-val/images/0000244_03000_d_0000007.jpg,counting,How many buss are visible in the drone image?,"{'A': '0', 'B': '1', 'C': '2', 'D': '3', 'E': '4 or more'}",A,A,B,1,0,1.1217048168182373
0000244_03000_d_0000007.jpg,/home/brisic03/VisDrone/VisDrone2019-DET-val/images/0000244_03000_d_0000007.jpg,most_frequent,Which object type appears most often in the drone image?,"{'A': 'bicycle', 'B': 'car', 'C': 'bus', 'D': 'van', 'E': 'pedestrian'}",B,B,B,car,1,1.1270852088928223
0000244_03000_d_0000007.jpg,/home/brisic03/VisDrone/VisDrone2019-DET-val/images/0000244_03000_d_0000007.jpg,location,Where is the largest car located in the image?,"{'A': 'top-left', 'B': 'top-right', 'C': 'bottom-left', 'D': 'bottom-right', 'E': 'center'}",E,E,E,center,1,1.1356446743011475
0000244_03500_d_0000008.jpg,/home/brisic03/VisDrone/VisDrone2019-DET-val/images/0000244_03500_d_0000008.jpg,presence,Which object type is visible in the drone image?,"{'A': 'car', 'B': 'awning-tricycle', 'C': 'tricycle', 'D': 'van', 'E': 'pedestrian'}",A,A,B,awning-tricycle,0,1.1259222030639648
0000244_03500_d_0000008.jpg,/home/brisic03/VisDrone/VisDrone2019-DET-val/images/0000244_03500_d_0000008.jpg,counting,How many awning-tricycles are visible in the drone image?,"{'A': '0', 'B': '1', 'C': '2', 'D': '3', 'E': '4 or more'}",A,A,C,2,0,1.1294212341308594
0000244_03500_d_0000008.jpg,/home/brisic03/VisDrone/VisDrone2019-DET-val/images/0000244_03500_d_0000008.jpg,most_frequent,Which object type appears most often in the drone image?,"{'A': 'pedestrian', 'B': 'people', 'C': 'tricycle', 'D': 'car', 'E': 'bicycle'}",A,A,D,car,0,1.1236414909362793
0000244_03500_d_0000008.jpg,/home/brisic03/VisDrone/VisDrone2019-DET-val/images/0000244_03500_d_0000008.jpg,location,Where is the largest truck located in the image?,"{'A': 'top-left', 'B': 'top-right', 'C': 'bottom-left', 'D': 'bottom-right', 'E': 'center'}",D,D,D,bottom-right,1,1.133988618850708
0000244_04000_d_0000009.jpg,/home/brisic03/VisDrone/VisDrone2019-DET-val/images/0000244_04000_d_0000009.jpg,presence,Which object type is visible in the drone image?,"{'A': 'car', 'B': 'van', 'C': 'people', 'D': 'bicycle', 'E': 'bus'}",A,A,A,car,1,1.118896245956421
0000244_04000_d_0000009.jpg,/home/brisic03/VisDrone/VisDrone2019-DET-val/images/0000244_04000_d_0000009.jpg,counting,How many motors are visible in the drone image?,"{'A': '0', 'B': '1', 'C': '2', 'D': '3', 'E': '4 or more'}",A,A,B,1,0,1.136014461517334
0000244_04000_d_0000009.jpg,/home/brisic03/VisDrone/VisDrone2019-DET-val/images/0000244_04000_d_0000009.jpg,most_frequent,Which object type appears most often in the drone image?,"{'A': 'bus', 'B': 'bicycle', 'C': 'car', 'D': 'truck', 'E': 'motor'}",C,C,C,car,1,1.1219544410705566
0000244_04000_d_0000009.jpg,/home/brisic03/VisDrone/VisDrone2019-DET-val/images/0000244_04000_d_0000009.jpg,location,Where is the largest truck located in the image?,"{'A': 'top-left', 'B': 'top-right', 'C': 'bottom-left', 'D': 'bottom-right', 'E': 'center'}",D,D,D,bottom-right,1,1.1235148906707764
0000244_04400_d_0000010.jpg,/home/brisic03/VisDrone/VisDrone2019-DET-val/images/0000244_04400_d_0000010.jpg,presence,Which object type is visible in the drone image?,"{'A': 'motor', 'B': 'truck', 'C': 'car', 'D': 'people', 'E': 'van'}",D,D,E,van,0,1.1339590549468994
0000244_04400_d_0000010.jpg,/home/brisic03/VisDrone/VisDrone2019-DET-val/images/0000244_04400_d_0000010.jpg,counting,How many trucks are visible in the drone image?,"{'A': '0', 'B': '1', 'C': '2', 'D': '3', 'E': '4 or more'}",A,A,E,4 or more,0,1.1198740005493164
0000244_04400_d_0000010.jpg,/home/brisic03/VisDrone/VisDrone2019-DET-val/images/0000244_04400_d_0000010.jpg,most_frequent,Which object type appears most often in the drone image?,"{'A': 'car', 'B': 'pedestrian', 'C': 'van', 'D': 'bicycle', 'E': 'awning-tricycle'}",A,A,A,car,1,1.1152052879333496
0000244_04400_d_0000010.jpg,/home/brisic03/VisDrone/VisDrone2019-DET-val/images/0000244_04400_d_0000010.jpg,location,Where is the largest truck located in the image?,"{'A': 'top-left', 'B': 'top-right', 'C': 'bottom-left', 'D': 'bottom-right', 'E': 'center'}",E,E,C,bottom-left,0,1.1135919094085693
0000244_04900_d_0000011.jpg,/home/brisic03/VisDrone/VisDrone2019-DET-val/images/0000244_04900_d_0000011.jpg,presence,Which object type is visible in the drone image?,"{'A': 'bicycle', 'B': 'tricycle', 'C': 'people', 'D': 'car', 'E': 'bus'}",C,C,B,tricycle,0,1.1070196628570557
0000244_04900_d_0000011.jpg,/home/brisic03/VisDrone/VisDrone2019-DET-val/images/0000244_04900_d_0000011.jpg,counting,How many trucks are visible in the drone image?,"{'A': '0', 'B': '1', 'C': '2', 'D': '3', 'E': '4 or more'}",A,A,E,4 or more,0,1.13578200340271
0000244_04900_d_0000011.jpg,/home/brisic03/VisDrone/VisDrone2019-DET-val/images/0000244_04900_d_0000011.jpg,most_frequent,Which object type appears most often in the drone image?,"{'A': 'bicycle', 'B': 'motor', 'C': 'people', 'D': 'car', 'E': 'tricycle'}",D,D,D,car,1,1.1239869594573975
0000244_04900_d_0000011.jpg,/home/brisic03/VisDrone/VisDrone2019-DET-val/images/0000244_04900_d_0000011.jpg,location,Where is the largest truck located in the image?,"{'A': 'top-left', 'B': 'top-right', 'C': 'bottom-left', 'D': 'bottom-right', 'E': 'center'}",A,A,D,bottom-right,0,1.140333652496338
0000244_05400_d_0000012.jpg,/home/brisic03/VisDrone/VisDrone2019-DET-val/images/0000244_05400_d_0000012.jpg,presence,Which object type is visible in the drone image?,"{'A': 'truck', 'B': 'van', 'C': 'pedestrian', 'D': 'people', 'E': 'tricycle'}",D,D,A,truck,0,1.1143243312835693
0000244_05400_d_0000012.jpg,/home/brisic03/VisDrone/VisDrone2019-DET-val/images/0000244_05400_d_0000012.jpg,counting,How many tricycles are visible in the drone image?,"{'A': '0', 'B': '1', 'C': '2', 'D': '3', 'E': '4 or more'}",A,A,C,2,0,1.1244397163391113
0000244_05400_d_0000012.jpg,/home/brisic03/VisDrone/VisDrone2019-DET-val/images/0000244_05400_d_0000012.jpg,most_frequent,Which object type appears most often in the drone image?,"{'A': 'car', 'B': 'bus', 'C': 'tricycle', 'D': 'bicycle', 'E': 'pedestrian'}",A,A,A,car,1,1.1257684230804443
0000244_05400_d_0000012.jpg,/home/brisic03/VisDrone/VisDrone2019-DET-val/images/0000244_05400_d_0000012.jpg,location,Where is the largest truck located in the image?,"{'A': 'top-left', 'B': 'top-right', 'C': 'bottom-left', 'D': 'bottom-right', 'E': 'center'}",A,A,C,bottom-left,0,1.1338343620300293
0000244_05900_d_0000013.jpg,/home/brisic03/VisDrone/VisDrone2019-DET-val/images/0000244_05900_d_0000013.jpg,presence,Which object type is visible in the drone image?,"{'A': 'pedestrian', 'B': 'bus', 'C': 'motor', 'D': 'truck', 'E': 'bicycle'}",B,B,D,truck,0,1.1258482933044434
0000244_05900_d_0000013.jpg,/home/brisic03/VisDrone/VisDrone2019-DET-val/images/0000244_05900_d_0000013.jpg,counting,How many cars are visible in the drone image?,"{'A': '0', 'B': '1', 'C': '2', 'D': '3', 'E': '4 or more'}",A,A,E,4 or more,0,1.1633708477020264
0000244_05900_d_0000013.jpg,/home/brisic03/VisDrone/VisDrone2019-DET-val/images/0000244_05900_d_0000013.jpg,most_frequent,Which object type appears most often in the drone image?,"{'A': 'bus', 'B': 'van', 'C': 'car', 'D': 'people', 'E': 'truck'}",C,C,C,car,1,1.1232364177703857
0000244_05900_d_0000013.jpg,/home/brisic03/VisDrone/VisDrone2019-DET-val/images/0000244_05900_d_0000013.jpg,location,Where is the largest truck located in the image?,"{'A': 'top-left', 'B': 'top-right', 'C': 'bottom-left', 'D': 'bottom-right', 'E': 'center'}",E,E,E,center,1,1.1230998039245605
0000244_06388_d_0000014.jpg,/home/brisic03/VisDrone/VisDrone2019-DET-val/images/0000244_06388_d_0000014.jpg,presence,Which object type is visible in the drone image?,"{'A': 'people', 'B': 'car', 'C': 'awning-tricycle', 'D': 'tricycle', 'E': 'truck'}",B,B,B,car,1,1.1296324729919434
0000244_06388_d_0000014.jpg,/home/brisic03/VisDrone/VisDrone2019-DET-val/images/0000244_06388_d_0000014.jpg,counting,How many cars are visible in the drone image?,"{'A': '0', 'B': '1', 'C': '2', 'D': '3', 'E': '4 or more'}",A,A,B,1,0,1.130580186843872
0000244_06388_d_0000014.jpg,/home/brisic03/VisDrone/VisDrone2019-DET-val/images/0000244_06388_d_0000014.jpg,location,Where is the largest car located in the image?,"{'A': 'top-left', 'B': 'top-right', 'C': 'bottom-left', 'D': 'bottom-right', 'E': 'center'}",E,E,E,center,1,1.126626968383789
0000249_00001_d_0000001.jpg,/home/brisic03/VisDrone/VisDrone2019-DET-val/images/0000249_00001_d_0000001.jpg,presence,Which object type is visible in the drone image?,"{'A': 'bicycle', 'B': 'van', 'C': 'motor', 'D': 'people', 'E': 'car'}",D,D,B,van,0,1.1194078922271729
0000249_00001_d_0000001.jpg,/home/brisic03/VisDrone/VisDrone2019-DET-val/images/0000249_00001_d_0000001.jpg,counting,How many awning-tricycles are visible in the drone image?,"{'A': '0', 'B': '1', 'C': '2', 'D': '3', 'E': '4 or more'}",A,A,B,1,0,1.1285209655761719
0000249_00001_d_0000001.jpg,/home/brisic03/VisDrone/VisDrone2019-DET-val/images/0000249_00001_d_0000001.jpg,most_frequent,Which object type appears most often in the drone image?,"{'A': 'tricycle', 'B': 'bicycle', 'C': 'awning-tricycle', 'D': 'car', 'E': 'bus'}",D,D,D,car,1,1.1242163181304932
0000249_00001_d_0000001.jpg,/home/brisic03/VisDrone/VisDrone2019-DET-val/images/0000249_00001_d_0000001.jpg,location,Where is the largest car located in the image?,"{'A': 'top-left', 'B': 'top-right', 'C': 'bottom-left', 'D': 'bottom-right', 'E': 'center'}",D,D,C,bottom-left,0,1.1273980140686035
0000249_00235_d_0000002.jpg,/home/brisic03/VisDrone/VisDrone2019-DET-val/images/0000249_00235_d_0000002.jpg,presence,Which object type is visible in the drone image?,"{'A': 'awning-tricycle', 'B': 'tricycle', 'C': 'people', 'D': 'van', 'E': 'car'}",A,A,E,car,0,1.128774642944336
0000249_00235_d_0000002.jpg,/home/brisic03/VisDrone/VisDrone2019-DET-val/images/0000249_00235_d_0000002.jpg,counting,How many cars are visible in the drone image?,"{'A': '0', 'B': '1', 'C': '2', 'D': '3', 'E': '4 or more'}",E,E,E,4 or more,1,1.1245462894439697
0000249_00235_d_0000002.jpg,/home/brisic03/VisDrone/VisDrone2019-DET-val/images/0000249_00235_d_0000002.jpg,most_frequent,Which object type appears most often in the drone image?,"{'A': 'car', 'B': 'truck', 'C': 'awning-tricycle', 'D': 'van', 'E': 'people'}",A,A,A,car,1,1.1278212070465088
0000249_00235_d_0000002.jpg,/home/brisic03/VisDrone/VisDrone2019-DET-val/images/0000249_00235_d_0000002.jpg,location,Where is the largest truck located in the image?,"{'A': 'top-left', 'B': 'top-right', 'C': 'bottom-left', 'D': 'bottom-right', 'E': 'center'}",E,E,C,bottom-left,0,1.135533332824707
0000249_00603_d_0000003.jpg,/home/brisic03/VisDrone/VisDrone2019-DET-val/images/0000249_00603_d_0000003.jpg,presence,Which object type is visible in the drone image?,"{'A': 'truck', 'B': 'van', 'C': 'bus', 'D': 'awning-tricycle', 'E': 'pedestrian'}",D,D,B,van,0,1.1209568977355957
0000249_00603_d_0000003.jpg,/home/brisic03/VisDrone/VisDrone2019-DET-val/images/0000249_00603_d_0000003.jpg,counting,How many vans are visible in the drone image?,"{'A': '0', 'B': '1', 'C': '2', 'D': '3', 'E': '4 or more'}",A,A,D,3,0,1.1190688610076904
0000249_00603_d_0000003.jpg,/home/brisic03/VisDrone/VisDrone2019-DET-val/images/0000249_00603_d_0000003.jpg,most_frequent,Which object type appears most often in the drone image?,"{'A': 'awning-tricycle', 'B': 'van', 'C': 'bicycle', 'D': 'car', 'E': 'pedestrian'}",D,D,D,car,1,1.1401703357696533
0000249_00603_d_0000003.jpg,/home/brisic03/VisDrone/VisDrone2019-DET-val/images/0000249_00603_d_0000003.jpg,location,Where is the largest van located in the image?,"{'A': 'top-left', 'B': 'top-right', 'C': 'bottom-left', 'D': 'bottom-right', 'E': 'center'}",A,A,E,center,0,1.124725341796875
0000249_01100_d_0000004.jpg,/home/brisic03/VisDrone/VisDrone2019-DET-val/images/0000249_01100_d_0000004.jpg,presence,Which object type is visible in the drone image?,"{'A': 'awning-tricycle', 'B': 'motor', 'C': 'bus', 'D': 'people', 'E': 'bicycle'}",A,A,B,motor,0,1.132117509841919
0000249_01100_d_0000004.jpg,/home/brisic03/VisDrone/VisDrone2019-DET-val/images/0000249_01100_d_0000004.jpg,counting,How many cars are visible in the drone image?,"{'A': '0', 'B': '1', 'C': '2', 'D': '3', 'E': '4 or more'}",A,A,E,4 or more,0,1.1228296756744385
0000249_01100_d_0000004.jpg,/home/brisic03/VisDrone/VisDrone2019-DET-val/images/0000249_01100_d_0000004.jpg,most_frequent,Which object type appears most often in the drone image?,"{'A': 'truck', 'B': 'motor', 'C': 'van', 'D': 'awning-tricycle', 'E': 'car'}",E,E,E,car,1,1.1407527923583984
0000249_01100_d_0000004.jpg,/home/brisic03/VisDrone/VisDrone2019-DET-val/images/0000249_01100_d_0000004.jpg,location,Where is the largest car located in the image?,"{'A': 'top-left', 'B': 'top-right', 'C': 'bottom-left', 'D': 'bottom-right', 'E': 'center'}",E,E,E,center,1,1.1262614727020264
0000249_01514_d_0000005.jpg,/home/brisic03/VisDrone/VisDrone2019-DET-val/images/0000249_01514_d_0000005.jpg,presence,Which object type is visible in the drone image?,"{'A': 'truck', 'B': 'bus', 'C': 'awning-tricycle', 'D': 'people', 'E': 'car'}",E,E,E,car,1,1.1149630546569824
0000249_01514_d_0000005.jpg,/home/brisic03/VisDrone/VisDrone2019-DET-val/images/0000249_01514_d_0000005.jpg,counting,How many trucks are visible in the drone image?,"{'A': '0', 'B': '1', 'C': '2', 'D': '3', 'E': '4 or more'}",A,A,B,1,0,1.1354825496673584
0000249_01514_d_0000005.jpg,/home/brisic03/VisDrone/VisDrone2019-DET-val/images/0000249_01514_d_0000005.jpg,most_frequent,Which object type appears most often in the drone image?,"{'A': 'bicycle', 'B': 'motor', 'C': 'pedestrian', 'D': 'car', 'E': 'people'}",D,D,D,car,1,1.1111056804656982
0000249_01514_d_0000005.jpg,/home/brisic03/VisDrone/VisDrone2019-DET-val/images/0000249_01514_d_0000005.jpg,location,Where is the largest car located in the image?,"{'A': 'top-left', 'B': 'top-right', 'C': 'bottom-left', 'D': 'bottom-right', 'E': 'center'}",E,E,E,center,1,1.124631404876709
0000249_01635_d_0000006.jpg,/home/brisic03/VisDrone/VisDrone2019-DET-val/images/0000249_01635_d_0000006.jpg,presence,Which object type is visible in the drone image?,"{'A': 'motor', 'B': 'truck', 'C': 'car', 'D': 'van', 'E': 'awning-tricycle'}",C,C,D,van,0,1.1211044788360596
0000249_01635_d_0000006.jpg,/home/brisic03/VisDrone/VisDrone2019-DET-val/images/0000249_01635_d_0000006.jpg,counting,How many tricycles are visible in the drone image?,"{'A': '0', 'B': '1', 'C': '2', 'D': '3', 'E': '4 or more'}",A,A,B,1,0,1.1379706859588623
0000249_01635_d_0000006.jpg,/home/brisic03/VisDrone/VisDrone2019-DET-val/images/0000249_01635_d_0000006.jpg,most_frequent,Which object type appears most often in the drone image?,"{'A': 'bicycle', 'B': 'car', 'C': 'bus', 'D': 'motor', 'E': 'tricycle'}",B,B,B,car,1,1.1237828731536865
0000249_01635_d_0000006.jpg,/home/brisic03/VisDrone/VisDrone2019-DET-val/images/0000249_01635_d_0000006.jpg,location,Where is the largest car located in the image?,"{'A': 'top-left', 'B': 'top-right', 'C': 'bottom-left', 'D': 'bottom-right', 'E': 'center'}",E,E,D,bottom-right,0,1.1255292892456055
0000249_02073_d_0000007.jpg,/home/brisic03/VisDrone/VisDrone2019-DET-val/images/0000249_02073_d_0000007.jpg,presence,Which object type is visible in the drone image?,"{'A': 'motor', 'B': 'truck', 'C': 'bicycle', 'D': 'car', 'E': 'bus'}",D,D,B,truck,0,1.1281239986419678
0000249_02073_d_0000007.jpg,/home/brisic03/VisDrone/VisDrone2019-DET-val/images/0000249_02073_d_0000007.jpg,counting,How many trucks are visible in the drone image?,"{'A': '0', 'B': '1', 'C': '2', 'D': '3', 'E': '4 or more'}",A,A,B,1,0,1.124190330505371
0000249_02073_d_0000007.jpg,/home/brisic03/VisDrone/VisDrone2019-DET-val/images/0000249_02073_d_0000007.jpg,most_frequent,Which object type appears most often in the drone image?,"{'A': 'awning-tricycle', 'B': 'pedestrian', 'C': 'car', 'D': 'bicycle', 'E': 'bus'}",C,C,C,car,1,1.126218318939209
0000249_02073_d_0000007.jpg,/home/brisic03/VisDrone/VisDrone2019-DET-val/images/0000249_02073_d_0000007.jpg,location,Where is the largest truck located in the image?,"{'A': 'top-left', 'B': 'top-right', 'C': 'bottom-left', 'D': 'bottom-right', 'E': 'center'}",C,C,C,bottom-left,1,1.144576072692871
0000249_02468_d_0000008.jpg,/home/brisic03/VisDrone/VisDrone2019-DET-val/images/0000249_02468_d_0000008.jpg,presence,Which object type is visible in the drone image?,"{'A': 'bicycle', 'B': 'people', 'C': 'van', 'D': 'car', 'E': 'awning-tricycle'}",D,D,D,car,1,1.1178255081176758
0000249_02468_d_0000008.jpg,/home/brisic03/VisDrone/VisDrone2019-DET-val/images/0000249_02468_d_0000008.jpg,counting,How many tricycles are visible in the drone image?,"{'A': '0', 'B': '1', 'C': '2', 'D': '3', 'E': '4 or more'}",A,A,B,1,0,1.1274569034576416
0000249_02468_d_0000008.jpg,/home/brisic03/VisDrone/VisDrone2019-DET-val/images/0000249_02468_d_0000008.jpg,most_frequent,Which object type appears most often in the drone image?,"{'A': 'car', 'B': 'truck', 'C': 'pedestrian', 'D': 'van', 'E': 'bus'}",A,A,A,car,1,1.1235089302062988
0000249_02468_d_0000008.jpg,/home/brisic03/VisDrone/VisDrone2019-DET-val/images/0000249_02468_d_0000008.jpg,location,Where is the largest car located in the image?,"{'A': 'top-left', 'B': 'top-right', 'C': 'bottom-left', 'D': 'bottom-right', 'E': 'center'}",E,E,C,bottom-left,0,1.1239633560180664
0000249_02900_d_0000009.jpg,/home/brisic03/VisDrone/VisDrone2019-DET-val/images/0000249_02900_d_0000009.jpg,presence,Which object type is visible in the drone image?,"{'A': 'car', 'B': 'people', 'C': 'truck', 'D': 'pedestrian', 'E': 'tricycle'}",A,A,E,tricycle,0,1.1224563121795654
0000249_02900_d_0000009.jpg,/home/brisic03/VisDrone/VisDrone2019-DET-val/images/0000249_02900_d_0000009.jpg,counting,How many vans are visible in the drone image?,"{'A': '0', 'B': '1', 'C': '2', 'D': '3', 'E': '4 or more'}",A,A,B,1,0,1.1238312721252441
0000249_02900_d_0000009.jpg,/home/brisic03/VisDrone/VisDrone2019-DET-val/images/0000249_02900_d_0000009.jpg,most_frequent,Which object type appears most often in the drone image?,"{'A': 'car', 'B': 'tricycle', 'C': 'pedestrian', 'D': 'van', 'E': 'bus'}",A,A,A,car,1,1.1340620517730713
0000249_02900_d_0000009.jpg,/home/brisic03/VisDrone/VisDrone2019-DET-val/images/0000249_02900_d_0000009.jpg,location,Where is the largest truck located in the image?,"{'A': 'top-left', 'B': 'top-right', 'C': 'bottom-left', 'D': 'bottom-right', 'E': 'center'}",E,E,C,bottom-left,0,1.1279568672180176
0000249_03400_d_0000010.jpg,/home/brisic03/VisDrone/VisDrone2019-DET-val/images/0000249_03400_d_0000010.jpg,presence,Which object type is visible in the drone image?,"{'A': 'motor', 'B': 'awning-tricycle', 'C': 'bus', 'D': 'pedestrian', 'E': 'van'}",D,D,D,pedestrian,1,1.1338629722595215
0000249_03400_d_0000010.jpg,/home/brisic03/VisDrone/VisDrone2019-DET-val/images/0000249_03400_d_0000010.jpg,counting,How many cars are visible in the drone image?,"{'A': '0', 'B': '1', 'C': '2', 'D': '3', 'E': '4 or more'}",E,E,E,4 or more,1,1.122746467590332
0000249_03400_d_0000010.jpg,/home/brisic03/VisDrone/VisDrone2019-DET-val/images/0000249_03400_d_0000010.jpg,most_frequent,Which object type appears most often in the drone image?,"{'A': 'van', 'B': 'people', 'C': 'bicycle', 'D': 'bus', 'E': 'car'}",B,B,E,car,0,1.1181259155273438
0000249_03400_d_0000010.jpg,/home/brisic03/VisDrone/VisDrone2019-DET-val/images/0000249_03400_d_0000010.jpg,location,Where is the largest car located in the image?,"{'A': 'top-left', 'B': 'top-right', 'C': 'bottom-left', 'D': 'bottom-right', 'E': 'center'}",E,E,C,bottom-left,0,1.1217432022094727
0000249_03900_d_0000011.jpg,/home/brisic03/VisDrone/VisDrone2019-DET-val/images/0000249_03900_d_0000011.jpg,presence,Which object type is visible in the drone image?,"{'A': 'motor', 'B': 'truck', 'C': 'bus', 'D': 'pedestrian', 'E': 'car'}",A,A,B,truck,0,1.1149964332580566
0000249_03900_d_0000011.jpg,/home/brisic03/VisDrone/VisDrone2019-DET-val/images/0000249_03900_d_0000011.jpg,counting,How many trucks are visible in the drone image?,"{'A': '0', 'B': '1', 'C': '2', 'D': '3', 'E': '4 or more'}",A,A,C,2,0,1.147507905960083
0000249_03900_d_0000011.jpg,/home/brisic03/VisDrone/VisDrone2019-DET-val/images/0000249_03900_d_0000011.jpg,most_frequent,Which object type appears most often in the drone image?,"{'A': 'truck', 'B': 'pedestrian', 'C': 'bus', 'D': 'car', 'E': 'awning-tricycle'}",D,D,D,car,1,1.1238970756530762
0000249_03900_d_0000011.jpg,/home/brisic03/VisDrone/VisDrone2019-DET-val/images/0000249_03900_d_0000011.jpg,location,Where is the largest car located in the image?,"{'A': 'top-left', 'B': 'top-right', 'C': 'bottom-left', 'D': 'bottom-right', 'E': 'center'}",A,A,D,bottom-right,0,1.1263427734375
0000253_00001_d_0000001.jpg,/home/brisic03/VisDrone/VisDrone2019-DET-val/images/0000253_00001_d_0000001.jpg,presence,Which object type is visible in the drone image?,"{'A': 'car', 'B': 'bus', 'C': 'awning-tricycle', 'D': 'truck', 'E': 'tricycle'}",A,A,B,bus,0,1.1156082153320312
0000253_00001_d_0000001.jpg,/home/brisic03/VisDrone/VisDrone2019-DET-val/images/0000253_00001_d_0000001.jpg,counting,How many buss are visible in the drone image?,"{'A': '0', 'B': '1', 'C': '2', 'D': '3', 'E': '4 or more'}",A,A,B,1,0,1.1424732208251953
0000253_00001_d_0000001.jpg,/home/brisic03/VisDrone/VisDrone2019-DET-val/images/0000253_00001_d_0000001.jpg,most_frequent,Which object type appears most often in the drone image?,"{'A': 'pedestrian', 'B': 'bus', 'C': 'awning-tricycle', 'D': 'tricycle', 'E': 'car'}",E,E,B,bus,0,1.1245579719543457
0000253_00001_d_0000001.jpg,/home/brisic03/VisDrone/VisDrone2019-DET-val/images/0000253_00001_d_0000001.jpg,location,Where is the largest bus located in the image?,"{'A': 'top-left', 'B': 'top-right', 'C': 'bottom-left', 'D': 'bottom-right', 'E': 'center'}",A,A,E,center,0,1.1174051761627197
0000256_00715_d_0000019.jpg,/home/brisic03/VisDrone/VisDrone2019-DET-val/images/0000256_00715_d_0000019.jpg,presence,Which object type is visible in the drone image?,"{'A': 'pedestrian', 'B': 'bicycle', 'C': 'tricycle', 'D': 'car', 'E': 'bus'}",E,E,D,car,0,1.1236393451690674
0000256_00715_d_0000019.jpg,/home/brisic03/VisDrone/VisDrone2019-DET-val/images/0000256_00715_d_0000019.jpg,counting,How many buss are visible in the drone image?,"{'A': '0', 'B': '1', 'C': '2', 'D': '3', 'E': '4 or more'}",C,C,D,3,0,1.1418530941009521
0000256_00715_d_0000019.jpg,/home/brisic03/VisDrone/VisDrone2019-DET-val/images/0000256_00715_d_0000019.jpg,most_frequent,Which object type appears most often in the drone image?,"{'A': 'people', 'B': 'car', 'C': 'awning-tricycle', 'D': 'tricycle', 'E': 'bus'}",B,B,B,car,1,1.1300036907196045
0000256_00715_d_0000019.jpg,/home/brisic03/VisDrone/VisDrone2019-DET-val/images/0000256_00715_d_0000019.jpg,location,Where is the largest truck located in the image?,"{'A': 'top-left', 'B': 'top-right', 'C': 'bottom-left', 'D': 'bottom-right', 'E': 'center'}",C,C,C,bottom-left,1,1.1394376754760742
0000256_02173_d_0000030.jpg,/home/brisic03/VisDrone/VisDrone2019-DET-val/images/0000256_02173_d_0000030.jpg,presence,Which object type is visible in the drone image?,"{'A': 'truck', 'B': 'people', 'C': 'motor', 'D': 'bicycle', 'E': 'van'}",A,A,A,truck,1,1.120668888092041
0000256_02173_d_0000030.jpg,/home/brisic03/VisDrone/VisDrone2019-DET-val/images/0000256_02173_d_0000030.jpg,counting,How many cars are visible in the drone image?,"{'A': '0', 'B': '1', 'C': '2', 'D': '3', 'E': '4 or more'}",B,B,E,4 or more,0,1.1428606510162354
0000256_02173_d_0000030.jpg,/home/brisic03/VisDrone/VisDrone2019-DET-val/images/0000256_02173_d_0000030.jpg,most_frequent,Which object type appears most often in the drone image?,"{'A': 'bus', 'B': 'bicycle', 'C': 'truck', 'D': 'motor', 'E': 'awning-tricycle'}",D,D,C,truck,0,1.1322970390319824
0000256_02173_d_0000030.jpg,/home/brisic03/VisDrone/VisDrone2019-DET-val/images/0000256_02173_d_0000030.jpg,location,Where is the largest car located in the image?,"{'A': 'top-left', 'B': 'top-right', 'C': 'bottom-left', 'D': 'bottom-right', 'E': 'center'}",C,C,E,center,0,1.1381051540374756
0000263_02401_d_0000179.jpg,/home/brisic03/VisDrone/VisDrone2019-DET-val/images/0000263_02401_d_0000179.jpg,presence,Which object type is visible in the drone image?,"{'A': 'car', 'B': 'van', 'C': 'people', 'D': 'motor', 'E': 'tricycle'}",A,A,B,van,0,1.1165580749511719
0000263_02401_d_0000179.jpg,/home/brisic03/VisDrone/VisDrone2019-DET-val/images/0000263_02401_d_0000179.jpg,counting,How many cars are visible in the drone image?,"{'A': '0', 'B': '1', 'C': '2', 'D': '3', 'E': '4 or more'}",E,E,E,4 or more,1,1.1474177837371826
0000263_02401_d_0000179.jpg,/home/brisic03/VisDrone/VisDrone2019-DET-val/images/0000263_02401_d_0000179.jpg,most_frequent,Which object type appears most often in the drone image?,"{'A': 'tricycle', 'B': 'van', 'C': 'bus', 'D': 'car', 'E': 'pedestrian'}",D,D,D,car,1,1.1316101551055908
0000263_02401_d_0000179.jpg,/home/brisic03/VisDrone/VisDrone2019-DET-val/images/0000263_02401_d_0000179.jpg,location,Where is the largest van located in the image?,"{'A': 'top-left', 'B': 'top-right', 'C': 'bottom-left', 'D': 'bottom-right', 'E': 'center'}",B,B,E,center,0,1.1199796199798584
0000269_00001_d_0000348.jpg,/home/brisic03/VisDrone/VisDrone2019-DET-val/images/0000269_00001_d_0000348.jpg,presence,Which object type is visible in the drone image?,"{'A': 'car', 'B': 'van', 'C': 'motor', 'D': 'awning-tricycle', 'E': 'tricycle'}",A,A,B,van,0,1.1285665035247803
0000269_00001_d_0000348.jpg,/home/brisic03/VisDrone/VisDrone2019-DET-val/images/0000269_00001_d_0000348.jpg,counting,How many tricycles are visible in the drone image?,"{'A': '0', 'B': '1', 'C': '2', 'D': '3', 'E': '4 or more'}",A,A,B,1,0,1.119645118713379
0000269_00001_d_0000348.jpg,/home/brisic03/VisDrone/VisDrone2019-DET-val/images/0000269_00001_d_0000348.jpg,most_frequent,Which object type appears most often in the drone image?,"{'A': 'truck', 'B': 'car', 'C': 'tricycle', 'D': 'bicycle', 'E': 'awning-tricycle'}",B,B,B,car,1,1.1412601470947266
0000269_00001_d_0000348.jpg,/home/brisic03/VisDrone/VisDrone2019-DET-val/images/0000269_00001_d_0000348.jpg,location,Where is the largest car located in the image?,"{'A': 'top-left', 'B': 'top-right', 'C': 'bottom-left', 'D': 'bottom-right', 'E': 'center'}",E,E,C,bottom-left,0,1.1369779109954834
0000269_00201_d_0000349.jpg,/home/brisic03/VisDrone/VisDrone2019-DET-val/images/0000269_00201_d_0000349.jpg,presence,Which object type is visible in the drone image?,"{'A': 'truck', 'B': 'pedestrian', 'C': 'van', 'D': 'people', 'E': 'tricycle'}",D,D,C,van,0,1.1241908073425293
0000269_00201_d_0000349.jpg,/home/brisic03/VisDrone/VisDrone2019-DET-val/images/0000269_00201_d_0000349.jpg,counting,How many vans are visible in the drone image?,"{'A': '0', 'B': '1', 'C': '2', 'D': '3', 'E': '4 or more'}",A,A,B,1,0,1.1327416896820068
0000269_00201_d_0000349.jpg,/home/brisic03/VisDrone/VisDrone2019-DET-val/images/0000269_00201_d_0000349.jpg,most_frequent,Which object type appears most often in the drone image?,"{'A': 'van', 'B': 'bus', 'C': 'tricycle', 'D': 'car', 'E': 'truck'}",D,D,D,car,1,1.135202169418335
0000269_00201_d_0000349.jpg,/home/brisic03/VisDrone/VisDrone2019-DET-val/images/0000269_00201_d_0000349.jpg,location,Where is the largest car located in the image?,"{'A': 'top-left', 'B': 'top-right', 'C': 'bottom-left', 'D': 'bottom-right', 'E': 'center'}",E,E,E,center,1,1.1294136047363281
0000269_00601_d_0000351.jpg,/home/brisic03/VisDrone/VisDrone2019-DET-val/images/0000269_00601_d_0000351.jpg,presence,Which object type is visible in the drone image?,"{'A': 'tricycle', 'B': 'motor', 'C': 'bus', 'D': 'van', 'E': 'bicycle'}",E,E,A,tricycle,0,1.1306052207946777
0000269_00601_d_0000351.jpg,/home/brisic03/VisDrone/VisDrone2019-DET-val/images/0000269_00601_d_0000351.jpg,counting,How many motors are visible in the drone image?,"{'A': '0', 'B': '1', 'C': '2', 'D': '3', 'E': '4 or more'}",A,A,B,1,0,1.1299848556518555
0000269_00601_d_0000351.jpg,/home/brisic03/VisDrone/VisDrone2019-DET-val/images/0000269_00601_d_0000351.jpg,most_frequent,Which object type appears most often in the drone image?,"{'A': 'car', 'B': 'pedestrian', 'C': 'tricycle', 'D': 'people', 'E': 'bicycle'}",A,A,A,car,1,1.1330413818359375
0000269_00601_d_0000351.jpg,/home/brisic03/VisDrone/VisDrone2019-DET-val/images/0000269_00601_d_0000351.jpg,location,Where is the largest car located in the image?,"{'A': 'top-left', 'B': 'top-right', 'C': 'bottom-left', 'D': 'bottom-right', 'E': 'center'}",E,E,D,bottom-right,0,1.1300864219665527
0000271_00001_d_0000374.jpg,/home/brisic03/VisDrone/VisDrone2019-DET-val/images/0000271_00001_d_0000374.jpg,presence,Which object type is visible in the drone image?,"{'A': 'motor', 'B': 'truck', 'C': 'van', 'D': 'pedestrian', 'E': 'awning-tricycle'}",A,A,B,truck,0,1.1309499740600586
0000271_00001_d_0000374.jpg,/home/brisic03/VisDrone/VisDrone2019-DET-val/images/0000271_00001_d_0000374.jpg,counting,How many awning-tricycles are visible in the drone image?,"{'A': '0', 'B': '1', 'C': '2', 'D': '3', 'E': '4 or more'}",B,B,B,1,1,1.1288962364196777
0000271_00001_d_0000374.jpg,/home/brisic03/VisDrone/VisDrone2019-DET-val/images/0000271_00001_d_0000374.jpg,location,Where is the largest van located in the image?,"{'A': 'top-left', 'B': 'top-right', 'C': 'bottom-left', 'D': 'bottom-right', 'E': 'center'}",B,B,E,center,0,1.1291568279266357
0000271_00201_d_0000375.jpg,/home/brisic03/VisDrone/VisDrone2019-DET-val/images/0000271_00201_d_0000375.jpg,presence,Which object type is visible in the drone image?,"{'A': 'van', 'B': 'truck', 'C': 'motor', 'D': 'tricycle', 'E': 'bicycle'}",D,D,B,truck,0,1.1387910842895508
0000271_00201_d_0000375.jpg,/home/brisic03/VisDrone/VisDrone2019-DET-val/images/0000271_00201_d_0000375.jpg,counting,How many awning-tricycles are visible in the drone image?,"{'A': '0', 'B': '1', 'C': '2', 'D': '3', 'E': '4 or more'}",A,A,D,3,0,1.1329920291900635
0000271_00201_d_0000375.jpg,/home/brisic03/VisDrone/VisDrone2019-DET-val/images/0000271_00201_d_0000375.jpg,most_frequent,Which object type appears most often in the drone image?,"{'A': 'pedestrian', 'B': 'car', 'C': 'bicycle', 'D': 'van', 'E': 'people'}",B,B,B,car,1,1.125558853149414
0000271_00201_d_0000375.jpg,/home/brisic03/VisDrone/VisDrone2019-DET-val/images/0000271_00201_d_0000375.jpg,location,Where is the largest car located in the image?,"{'A': 'top-left', 'B': 'top-right', 'C': 'bottom-left', 'D': 'bottom-right', 'E': 'center'}",A,A,C,bottom-left,0,1.1344435214996338
0000271_00401_d_0000376.jpg,/home/brisic03/VisDrone/VisDrone2019-DET-val/images/0000271_00401_d_0000376.jpg,presence,Which object type is visible in the drone image?,"{'A': 'car', 'B': 'bicycle', 'C': 'awning-tricycle', 'D': 'tricycle', 'E': 'truck'}",A,A,E,truck,0,1.1324429512023926
0000271_00401_d_0000376.jpg,/home/brisic03/VisDrone/VisDrone2019-DET-val/images/0000271_00401_d_0000376.jpg,counting,How many trucks are visible in the drone image?,"{'A': '0', 'B': '1', 'C': '2', 'D': '3', 'E': '4 or more'}",A,A,E,4 or more,0,1.1397006511688232
0000271_00401_d_0000376.jpg,/home/brisic03/VisDrone/VisDrone2019-DET-val/images/0000271_00401_d_0000376.jpg,most_frequent,Which object type appears most often in the drone image?,"{'A': 'bus', 'B': 'motor', 'C': 'pedestrian', 'D': 'truck', 'E': 'tricycle'}",B,B,D,truck,0,1.1268227100372314
0000271_00401_d_0000376.jpg,/home/brisic03/VisDrone/VisDrone2019-DET-val/images/0000271_00401_d_0000376.jpg,location,Where is the largest van located in the image?,"{'A': 'top-left', 'B': 'top-right', 'C': 'bottom-left', 'D': 'bottom-right', 'E': 'center'}",E,E,E,center,1,1.1310322284698486
0000271_00601_d_0000377.jpg,/home/brisic03/VisDrone/VisDrone2019-DET-val/images/0000271_00601_d_0000377.jpg,presence,Which object type is visible in the drone image?,"{'A': 'car', 'B': 'van', 'C': 'people', 'D': 'bicycle', 'E': 'pedestrian'}",D,D,A,car,0,1.1429128646850586
0000271_00601_d_0000377.jpg,/home/brisic03/VisDrone/VisDrone2019-DET-val/images/0000271_00601_d_0000377.jpg,counting,How many pedestrians are visible in the drone image?,"{'A': '0', 'B': '1', 'C': '2', 'D': '3', 'E': '4 or more'}",A,A,B,1,0,1.1314539909362793
0000271_00601_d_0000377.jpg,/home/brisic03/VisDrone/VisDrone2019-DET-val/images/0000271_00601_d_0000377.jpg,most_frequent,Which object type appears most often in the drone image?,"{'A': 'bicycle', 'B': 'car', 'C': 'awning-tricycle', 'D': 'tricycle', 'E': 'motor'}",A,A,B,car,0,1.1322782039642334
0000271_00601_d_0000377.jpg,/home/brisic03/VisDrone/VisDrone2019-DET-val/images/0000271_00601_d_0000377.jpg,location,Where is the largest truck located in the image?,"{'A': 'top-left', 'B': 'top-right', 'C': 'bottom-left', 'D': 'bottom-right', 'E': 'center'}",A,A,E,center,0,1.14052152633667
0000271_00801_d_0000378.jpg,/home/brisic03/VisDrone/VisDrone2019-DET-val/images/0000271_00801_d_0000378.jpg,presence,Which object type is visible in the drone image?,"{'A': 'car', 'B': 'bicycle', 'C': 'people', 'D': 'bus', 'E': 'pedestrian'}",A,A,B,bicycle,0,1.1269500255584717
0000271_00801_d_0000378.jpg,/home/brisic03/VisDrone/VisDrone2019-DET-val/images/0000271_00801_d_0000378.jpg,counting,How many cars are visible in the drone image?,"{'A': '0', 'B': '1', 'C': '2', 'D': '3', 'E': '4 or more'}",A,A,E,4 or more,0,1.133328914642334
0000271_00801_d_0000378.jpg,/home/brisic03/VisDrone/VisDrone2019-DET-val/images/0000271_00801_d_0000378.jpg,most_frequent,Which object type appears most often in the drone image?,"{'A': 'tricycle', 'B': 'awning-tricycle', 'C': 'bus', 'D': 'car', 'E': 'bicycle'}",D,D,D,car,1,1.135206937789917
0000271_00801_d_0000378.jpg,/home/brisic03/VisDrone/VisDrone2019-DET-val/images/0000271_00801_d_0000378.jpg,location,Where is the largest truck located in the image?,"{'A': 'top-left', 'B': 'top-right', 'C': 'bottom-left', 'D': 'bottom-right', 'E': 'center'}",B,B,E,center,0,1.1309545040130615
0000271_01201_d_0000379.jpg,/home/brisic03/VisDrone/VisDrone2019-DET-val/images/0000271_01201_d_0000379.jpg,presence,Which object type is visible in the drone image?,"{'A': 'pedestrian', 'B': 'car', 'C': 'bus', 'D': 'awning-tricycle', 'E': 'motor'}",D,D,B,car,0,1.1207430362701416
0000271_01201_d_0000379.jpg,/home/brisic03/VisDrone/VisDrone2019-DET-val/images/0000271_01201_d_0000379.jpg,counting,How many bicycles are visible in the drone image?,"{'A': '0', 'B': '1', 'C': '2', 'D': '3', 'E': '4 or more'}",A,A,B,1,0,1.1371121406555176
0000271_01201_d_0000379.jpg,/home/brisic03/VisDrone/VisDrone2019-DET-val/images/0000271_01201_d_0000379.jpg,most_frequent,Which object type appears most often in the drone image?,"{'A': 'pedestrian', 'B': 'car', 'C': 'bus', 'D': 'van', 'E': 'motor'}",A,A,B,car,0,1.1302883625030518
0000271_01201_d_0000379.jpg,/home/brisic03/VisDrone/VisDrone2019-DET-val/images/0000271_01201_d_0000379.jpg,location,Where is the largest truck located in the image?,"{'A': 'top-left', 'B': 'top-right', 'C': 'bottom-left', 'D': 'bottom-right', 'E': 'center'}",C,C,C,bottom-left,1,1.1345171928405762
0000271_01401_d_0000380.jpg,/home/brisic03/VisDrone/VisDrone2019-DET-val/images/0000271_01401_d_0000380.jpg,presence,Which object type is visible in the drone image?,"{'A': 'bus', 'B': 'people', 'C': 'tricycle', 'D': 'pedestrian', 'E': 'car'}",B,B,E,car,0,1.1267709732055664
0000271_01401_d_0000380.jpg,/home/brisic03/VisDrone/VisDrone2019-DET-val/images/0000271_01401_d_0000380.jpg,counting,How many vans are visible in the drone image?,"{'A': '0', 'B': '1', 'C': '2', 'D': '3', 'E': '4 or more'}",A,A,C,2,0,1.1253082752227783
0000271_01401_d_0000380.jpg,/home/brisic03/VisDrone/VisDrone2019-DET-val/images/0000271_01401_d_0000380.jpg,most_frequent,Which object type appears most often in the drone image?,"{'A': 'car', 'B': 'van', 'C': 'people', 'D': 'motor', 'E': 'tricycle'}",A,A,A,car,1,1.1340198516845703
0000271_01401_d_0000380.jpg,/home/brisic03/VisDrone/VisDrone2019-DET-val/images/0000271_01401_d_0000380.jpg,location,Where is the largest car located in the image?,"{'A': 'top-left', 'B': 'top-right', 'C': 'bottom-left', 'D': 'bottom-right', 'E': 'center'}",E,E,D,bottom-right,0,1.1358182430267334
0000271_01601_d_0000381.jpg,/home/brisic03/VisDrone/VisDrone2019-DET-val/images/0000271_01601_d_0000381.jpg,presence,Which object type is visible in the drone image?,"{'A': 'bus', 'B': 'car', 'C': 'people', 'D': 'awning-tricycle', 'E': 'tricycle'}",B,B,B,car,1,1.1345419883728027
0000271_01601_d_0000381.jpg,/home/brisic03/VisDrone/VisDrone2019-DET-val/images/0000271_01601_d_0000381.jpg,counting,How many cars are visible in the drone image?,"{'A': '0', 'B': '1', 'C': '2', 'D': '3', 'E': '4 or more'}",A,A,E,4 or more,0,1.1349685192108154
0000271_01601_d_0000381.jpg,/home/brisic03/VisDrone/VisDrone2019-DET-val/images/0000271_01601_d_0000381.jpg,most_frequent,Which object type appears most often in the drone image?,"{'A': 'truck', 'B': 'van', 'C': 'motor', 'D': 'car', 'E': 'awning-tricycle'}",D,D,D,car,1,1.1256589889526367
0000271_01601_d_0000381.jpg,/home/brisic03/VisDrone/VisDrone2019-DET-val/images/0000271_01601_d_0000381.jpg,location,Where is the largest car located in the image?,"{'A': 'top-left', 'B': 'top-right', 'C': 'bottom-left', 'D': 'bottom-right', 'E': 'center'}",E,E,E,center,1,1.1301252841949463
0000271_02401_d_0000385.jpg,/home/brisic03/VisDrone/VisDrone2019-DET-val/images/0000271_02401_d_0000385.jpg,presence,Which object type is visible in the drone image?,"{'A': 'van', 'B': 'tricycle', 'C': 'awning-tricycle', 'D': 'pedestrian', 'E': 'car'}",C,C,A,van,0,1.1314947605133057
0000271_02401_d_0000385.jpg,/home/brisic03/VisDrone/VisDrone2019-DET-val/images/0000271_02401_d_0000385.jpg,counting,How many motors are visible in the drone image?,"{'A': '0', 'B': '1', 'C': '2', 'D': '3', 'E': '4 or more'}",A,A,C,2,0,1.1255662441253662
0000271_02401_d_0000385.jpg,/home/brisic03/VisDrone/VisDrone2019-DET-val/images/0000271_02401_d_0000385.jpg,most_frequent,Which object type appears most often in the drone image?,"{'A': 'truck', 'B': 'pedestrian', 'C': 'car', 'D': 'people', 'E': 'bus'}",C,C,C,car,1,1.1324291229248047
0000271_02401_d_0000385.jpg,/home/brisic03/VisDrone/VisDrone2019-DET-val/images/0000271_02401_d_0000385.jpg,location,Where is the largest car located in the image?,"{'A': 'top-left', 'B': 'top-right', 'C': 'bottom-left', 'D': 'bottom-right', 'E': 'center'}",E,E,D,bottom-right,0,1.138399600982666
0000271_02601_d_0000386.jpg,/home/brisic03/VisDrone/VisDrone2019-DET-val/images/0000271_02601_d_0000386.jpg,presence,Which object type is visible in the drone image?,"{'A': 'pedestrian', 'B': 'tricycle', 'C': 'truck', 'D': 'van', 'E': 'bicycle'}",D,D,D,van,1,1.1232719421386719
0000271_02601_d_0000386.jpg,/home/brisic03/VisDrone/VisDrone2019-DET-val/images/0000271_02601_d_0000386.jpg,counting,How many trucks are visible in the drone image?,"{'A': '0', 'B': '1', 'C': '2', 'D': '3', 'E': '4 or more'}",A,A,E,4 or more,0,1.1315555572509766
0000271_02601_d_0000386.jpg,/home/brisic03/VisDrone/VisDrone2019-DET-val/images/0000271_02601_d_0000386.jpg,most_frequent,Which object type appears most often in the drone image?,"{'A': 'people', 'B': 'truck', 'C': 'pedestrian', 'D': 'car', 'E': 'bus'}",D,D,D,car,1,1.1322994232177734
0000271_02601_d_0000386.jpg,/home/brisic03/VisDrone/VisDrone2019-DET-val/images/0000271_02601_d_0000386.jpg,location,Where is the largest car located in the image?,"{'A': 'top-left', 'B': 'top-right', 'C': 'bottom-left', 'D': 'bottom-right', 'E': 'center'}",E,E,C,bottom-left,0,1.1374614238739014
0000271_03001_d_0000387.jpg,/home/brisic03/VisDrone/VisDrone2019-DET-val/images/0000271_03001_d_0000387.jpg,presence,Which object type is visible in the drone image?,"{'A': 'car', 'B': 'bicycle', 'C': 'bus', 'D': 'awning-tricycle', 'E': 'people'}",A,A,A,car,1,1.1292080879211426
0000271_03001_d_0000387.jpg,/home/brisic03/VisDrone/VisDrone2019-DET-val/images/0000271_03001_d_0000387.jpg,counting,How many vans are visible in the drone image?,"{'A': '0', 'B': '1', 'C': '2', 'D': '3', 'E': '4 or more'}",A,A,B,1,0,1.1279826164245605
0000271_03001_d_0000387.jpg,/home/brisic03/VisDrone/VisDrone2019-DET-val/images/0000271_03001_d_0000387.jpg,most_frequent,Which object type appears most often in the drone image?,"{'A': 'car', 'B': 'tricycle', 'C': 'van', 'D': 'people', 'E': 'bus'}",A,A,A,car,1,1.130584955215454
0000271_03001_d_0000387.jpg,/home/brisic03/VisDrone/VisDrone2019-DET-val/images/0000271_03001_d_0000387.jpg,location,Where is the largest car located in the image?,"{'A': 'top-left', 'B': 'top-right', 'C': 'bottom-left', 'D': 'bottom-right', 'E': 'center'}",E,E,C,bottom-left,0,1.1369810104370117
0000271_03801_d_0000391.jpg,/home/brisic03/VisDrone/VisDrone2019-DET-val/images/0000271_03801_d_0000391.jpg,presence,Which object type is visible in the drone image?,"{'A': 'truck', 'B': 'awning-tricycle', 'C': 'motor', 'D': 'bus', 'E': 'pedestrian'}",C,C,C,motor,1,1.1261265277862549
0000271_03801_d_0000391.jpg,/home/brisic03/VisDrone/VisDrone2019-DET-val/images/0000271_03801_d_0000391.jpg,counting,How many vans are visible in the drone image?,"{'A': '0', 'B': '1', 'C': '2', 'D': '3', 'E': '4 or more'}",A,A,C,2,0,1.1351993083953857
0000271_03801_d_0000391.jpg,/home/brisic03/VisDrone/VisDrone2019-DET-val/images/0000271_03801_d_0000391.jpg,most_frequent,Which object type appears most often in the drone image?,"{'A': 'car', 'B': 'truck', 'C': 'pedestrian', 'D': 'bus', 'E': 'people'}",A,A,A,car,1,1.1378507614135742
0000271_03801_d_0000391.jpg,/home/brisic03/VisDrone/VisDrone2019-DET-val/images/0000271_03801_d_0000391.jpg,location,Where is the largest car located in the image?,"{'A': 'top-left', 'B': 'top-right', 'C': 'bottom-left', 'D': 'bottom-right', 'E': 'center'}",E,E,C,bottom-left,0,1.1337862014770508
0000271_04401_d_0000394.jpg,/home/brisic03/VisDrone/VisDrone2019-DET-val/images/0000271_04401_d_0000394.jpg,presence,Which object type is visible in the drone image?,"{'A': 'car', 'B': 'bus', 'C': 'van', 'D': 'truck', 'E': 'tricycle'}",D,D,E,tricycle,0,1.1307008266448975
0000271_04401_d_0000394.jpg,/home/brisic03/VisDrone/VisDrone2019-DET-val/images/0000271_04401_d_0000394.jpg,counting,How many trucks are visible in the drone image?,"{'A': '0', 'B': '1', 'C': '2', 'D': '3', 'E': '4 or more'}",B,B,E,4 or more,0,1.127875566482544
0000271_04401_d_0000394.jpg,/home/brisic03/VisDrone/VisDrone2019-DET-val/images/0000271_04401_d_0000394.jpg,most_frequent,Which object type appears most often in the drone image?,"{'A': 'bicycle', 'B': 'tricycle', 'C': 'bus', 'D': 'awning-tricycle', 'E': 'car'}",A,A,E,car,0,1.1352896690368652
0000271_04401_d_0000394.jpg,/home/brisic03/VisDrone/VisDrone2019-DET-val/images/0000271_04401_d_0000394.jpg,location,Where is the largest tricycle located in the image?,"{'A': 'top-left', 'B': 'top-right', 'C': 'bottom-left', 'D': 'bottom-right', 'E': 'center'}",E,E,C,bottom-left,0,1.1276531219482422
0000271_04801_d_0000396.jpg,/home/brisic03/VisDrone/VisDrone2019-DET-val/images/0000271_04801_d_0000396.jpg,presence,Which object type is visible in the drone image?,"{'A': 'bus', 'B': 'pedestrian', 'C': 'van', 'D': 'car', 'E': 'tricycle'}",D,D,C,van,0,1.1147942543029785
0000271_04801_d_0000396.jpg,/home/brisic03/VisDrone/VisDrone2019-DET-val/images/0000271_04801_d_0000396.jpg,counting,How many motors are visible in the drone image?,"{'A': '0', 'B': '1', 'C': '2', 'D': '3', 'E': '4 or more'}",A,A,B,1,0,1.125422477722168
0000271_04801_d_0000396.jpg,/home/brisic03/VisDrone/VisDrone2019-DET-val/images/0000271_04801_d_0000396.jpg,most_frequent,Which object type appears most often in the drone image?,"{'A': 'car', 'B': 'truck', 'C': 'people', 'D': 'bicycle', 'E': 'pedestrian'}",A,A,A,car,1,1.123640775680542
0000271_04801_d_0000396.jpg,/home/brisic03/VisDrone/VisDrone2019-DET-val/images/0000271_04801_d_0000396.jpg,location,Where is the largest van located in the image?,"{'A': 'top-left', 'B': 'top-right', 'C': 'bottom-left', 'D': 'bottom-right', 'E': 'center'}",E,E,E,center,1,1.1399726867675781
0000271_05001_d_0000397.jpg,/home/brisic03/VisDrone/VisDrone2019-DET-val/images/0000271_05001_d_0000397.jpg,presence,Which object type is visible in the drone image?,"{'A': 'truck', 'B': 'pedestrian', 'C': 'motor', 'D': 'people', 'E': 'tricycle'}",C,C,A,truck,0,1.1231944561004639
0000271_05001_d_0000397.jpg,/home/brisic03/VisDrone/VisDrone2019-DET-val/images/0000271_05001_d_0000397.jpg,counting,How many cars are visible in the drone image?,"{'A': '0', 'B': '1', 'C': '2', 'D': '3', 'E': '4 or more'}",A,A,E,4 or more,0,1.1223866939544678
0000271_05001_d_0000397.jpg,/home/brisic03/VisDrone/VisDrone2019-DET-val/images/0000271_05001_d_0000397.jpg,most_frequent,Which object type appears most often in the drone image?,"{'A': 'tricycle', 'B': 'awning-tricycle', 'C': 'car', 'D': 'van', 'E': 'bicycle'}",C,C,D,van,0,1.1439616680145264
0000271_05001_d_0000397.jpg,/home/brisic03/VisDrone/VisDrone2019-DET-val/images/0000271_05001_d_0000397.jpg,location,Where is the largest car located in the image?,"{'A': 'top-left', 'B': 'top-right', 'C': 'bottom-left', 'D': 'bottom-right', 'E': 'center'}",E,E,C,bottom-left,0,1.1319749355316162
0000271_05201_d_0000398.jpg,/home/brisic03/VisDrone/VisDrone2019-DET-val/images/0000271_05201_d_0000398.jpg,presence,Which object type is visible in the drone image?,"{'A': 'people', 'B': 'bicycle', 'C': 'tricycle', 'D': 'awning-tricycle', 'E': 'motor'}",A,A,A,people,1,1.1334457397460938
0000271_05201_d_0000398.jpg,/home/brisic03/VisDrone/VisDrone2019-DET-val/images/0000271_05201_d_0000398.jpg,counting,How many pedestrians are visible in the drone image?,"{'A': '0', 'B': '1', 'C': '2', 'D': '3', 'E': '4 or more'}",A,A,C,2,0,1.1374897956848145
0000271_05201_d_0000398.jpg,/home/brisic03/VisDrone/VisDrone2019-DET-val/images/0000271_05201_d_0000398.jpg,most_frequent,Which object type appears most often in the drone image?,"{'A': 'bus', 'B': 'truck', 'C': 'people', 'D': 'pedestrian', 'E': 'car'}",E,E,E,car,1,1.126844882965088
0000271_05201_d_0000398.jpg,/home/brisic03/VisDrone/VisDrone2019-DET-val/images/0000271_05201_d_0000398.jpg,location,Where is the largest truck located in the image?,"{'A': 'top-left', 'B': 'top-right', 'C': 'bottom-left', 'D': 'bottom-right', 'E': 'center'}",B,B,D,bottom-right,0,1.1286587715148926
0000271_05401_d_0000399.jpg,/home/brisic03/VisDrone/VisDrone2019-DET-val/images/0000271_05401_d_0000399.jpg,presence,Which object type is visible in the drone image?,"{'A': 'pedestrian', 'B': 'people', 'C': 'bicycle', 'D': 'car', 'E': 'motor'}",A,A,E,motor,0,1.1312003135681152
0000271_05401_d_0000399.jpg,/home/brisic03/VisDrone/VisDrone2019-DET-val/images/0000271_05401_d_0000399.jpg,counting,How many vans are visible in the drone image?,"{'A': '0', 'B': '1', 'C': '2', 'D': '3', 'E': '4 or more'}",A,A,C,2,0,1.1282587051391602
0000271_05401_d_0000399.jpg,/home/brisic03/VisDrone/VisDrone2019-DET-val/images/0000271_05401_d_0000399.jpg,most_frequent,Which object type appears most often in the drone image?,"{'A': 'pedestrian', 'B': 'people', 'C': 'van', 'D': 'awning-tricycle', 'E': 'car'}",E,E,E,car,1,1.1276559829711914
0000271_05401_d_0000399.jpg,/home/brisic03/VisDrone/VisDrone2019-DET-val/images/0000271_05401_d_0000399.jpg,location,Where is the largest van located in the image?,"{'A': 'top-left', 'B': 'top-right', 'C': 'bottom-left', 'D': 'bottom-right', 'E': 'center'}",D,D,D,bottom-right,1,1.1462430953979492
0000271_05601_d_0000400.jpg,/home/brisic03/VisDrone/VisDrone2019-DET-val/images/0000271_05601_d_0000400.jpg,presence,Which object type is visible in the drone image?,"{'A': 'awning-tricycle', 'B': 'bus', 'C': 'pedestrian', 'D': 'car', 'E': 'tricycle'}",D,D,D,car,1,1.1398460865020752
0000271_05601_d_0000400.jpg,/home/brisic03/VisDrone/VisDrone2019-DET-val/images/0000271_05601_d_0000400.jpg,counting,How many trucks are visible in the drone image?,"{'A': '0', 'B': '1', 'C': '2', 'D': '3', 'E': '4 or more'}",A,A,B,1,0,1.131225347518921
0000271_05601_d_0000400.jpg,/home/brisic03/VisDrone/VisDrone2019-DET-val/images/0000271_05601_d_0000400.jpg,most_frequent,Which object type appears most often in the drone image?,"{'A': 'people', 'B': 'tricycle', 'C': 'bus', 'D': 'car', 'E': 'pedestrian'}",D,D,D,car,1,1.12864089012146
0000271_05601_d_0000400.jpg,/home/brisic03/VisDrone/VisDrone2019-DET-val/images/0000271_05601_d_0000400.jpg,location,Where is the largest car located in the image?,"{'A': 'top-left', 'B': 'top-right', 'C': 'bottom-left', 'D': 'bottom-right', 'E': 'center'}",E,E,C,bottom-left,0,1.1179637908935547
0000271_05801_d_0000401.jpg,/home/brisic03/VisDrone/VisDrone2019-DET-val/images/0000271_05801_d_0000401.jpg,presence,Which object type is visible in the drone image?,"{'A': 'pedestrian', 'B': 'truck', 'C': 'bicycle', 'D': 'bus', 'E': 'motor'}",A,A,E,motor,0,1.1157495975494385
0000271_05801_d_0000401.jpg,/home/brisic03/VisDrone/VisDrone2019-DET-val/images/0000271_05801_d_0000401.jpg,counting,How many trucks are visible in the drone image?,"{'A': '0', 'B': '1', 'C': '2', 'D': '3', 'E': '4 or more'}",A,A,B,1,0,1.1395373344421387
0000271_05801_d_0000401.jpg,/home/brisic03/VisDrone/VisDrone2019-DET-val/images/0000271_05801_d_0000401.jpg,most_frequent,Which object type appears most often in the drone image?,"{'A': 'car', 'B': 'awning-tricycle', 'C': 'bicycle', 'D': 'truck', 'E': 'motor'}",A,A,A,car,1,1.1356456279754639
0000271_05801_d_0000401.jpg,/home/brisic03/VisDrone/VisDrone2019-DET-val/images/0000271_05801_d_0000401.jpg,location,Where is the largest car located in the image?,"{'A': 'top-left', 'B': 'top-right', 'C': 'bottom-left', 'D': 'bottom-right', 'E': 'center'}",E,E,C,bottom-left,0,1.1321980953216553
0000271_06001_d_0000402.jpg,/home/brisic03/VisDrone/VisDrone2019-DET-val/images/0000271_06001_d_0000402.jpg,presence,Which object type is visible in the drone image?,"{'A': 'motor', 'B': 'tricycle', 'C': 'awning-tricycle', 'D': 'car', 'E': 'bicycle'}",D,D,B,tricycle,0,1.134605884552002
0000271_06001_d_0000402.jpg,/home/brisic03/VisDrone/VisDrone2019-DET-val/images/0000271_06001_d_0000402.jpg,counting,How many tricycles are visible in the drone image?,"{'A': '0', 'B': '1', 'C': '2', 'D': '3', 'E': '4 or more'}",A,A,B,1,0,1.122387170791626
0000271_06001_d_0000402.jpg,/home/brisic03/VisDrone/VisDrone2019-DET-val/images/0000271_06001_d_0000402.jpg,most_frequent,Which object type appears most often in the drone image?,"{'A': 'bicycle', 'B': 'pedestrian', 'C': 'awning-tricycle', 'D': 'car', 'E': 'truck'}",D,D,D,car,1,1.1323559284210205
0000271_06001_d_0000402.jpg,/home/brisic03/VisDrone/VisDrone2019-DET-val/images/0000271_06001_d_0000402.jpg,location,Where is the largest car located in the image?,"{'A': 'top-left', 'B': 'top-right', 'C': 'bottom-left', 'D': 'bottom-right', 'E': 'center'}",E,E,C,bottom-left,0,1.151573896408081
0000271_06201_d_0000403.jpg,/home/brisic03/VisDrone/VisDrone2019-DET-val/images/0000271_06201_d_0000403.jpg,presence,Which object type is visible in the drone image?,"{'A': 'car', 'B': 'bicycle', 'C': 'motor', 'D': 'bus', 'E': 'tricycle'}",A,A,C,motor,0,1.12449049949646
0000271_06201_d_0000403.jpg,/home/brisic03/VisDrone/VisDrone2019-DET-val/images/0000271_06201_d_0000403.jpg,counting,How many motors are visible in the drone image?,"{'A': '0', 'B': '1', 'C': '2', 'D': '3', 'E': '4 or more'}",A,A,E,4 or more,0,1.1307153701782227
0000271_06201_d_0000403.jpg,/home/brisic03/VisDrone/VisDrone2019-DET-val/images/0000271_06201_d_0000403.jpg,most_frequent,Which object type appears most often in the drone image?,"{'A': 'car', 'B': 'motor', 'C': 'van', 'D': 'awning-tricycle', 'E': 'bicycle'}",A,A,A,car,1,1.1253712177276611
0000271_06201_d_0000403.jpg,/home/brisic03/VisDrone/VisDrone2019-DET-val/images/0000271_06201_d_0000403.jpg,location,Where is the largest car located in the image?,"{'A': 'top-left', 'B': 'top-right', 'C': 'bottom-left', 'D': 'bottom-right', 'E': 'center'}",E,E,D,bottom-right,0,1.134413719177246
0000271_06401_d_0000404.jpg,/home/brisic03/VisDrone/VisDrone2019-DET-val/images/0000271_06401_d_0000404.jpg,presence,Which object type is visible in the drone image?,"{'A': 'motor', 'B': 'van', 'C': 'awning-tricycle', 'D': 'people', 'E': 'tricycle'}",A,A,A,motor,1,1.1397242546081543
0000271_06401_d_0000404.jpg,/home/brisic03/VisDrone/VisDrone2019-DET-val/images/0000271_06401_d_0000404.jpg,counting,How many bicycles are visible in the drone image?,"{'A': '0', 'B': '1', 'C': '2', 'D': '3', 'E': '4 or more'}",A,A,B,1,0,1.1317150592803955
0000271_06401_d_0000404.jpg,/home/brisic03/VisDrone/VisDrone2019-DET-val/images/0000271_06401_d_0000404.jpg,most_frequent,Which object type appears most often in the drone image?,"{'A': 'tricycle', 'B': 'bicycle', 'C': 'car', 'D': 'pedestrian', 'E': 'motor'}",C,C,C,car,1,1.136962890625
0000271_06401_d_0000404.jpg,/home/brisic03/VisDrone/VisDrone2019-DET-val/images/0000271_06401_d_0000404.jpg,location,Where is the largest car located in the image?,"{'A': 'top-left', 'B': 'top-right', 'C': 'bottom-left', 'D': 'bottom-right', 'E': 'center'}",E,E,D,bottom-right,0,1.1340312957763672
0000271_06601_d_0000405.jpg,/home/brisic03/VisDrone/VisDrone2019-DET-val/images/0000271_06601_d_0000405.jpg,presence,Which object type is visible in the drone image?,"{'A': 'tricycle', 'B': 'pedestrian', 'C': 'people', 'D': 'van', 'E': 'awning-tricycle'}",C,C,D,van,0,1.1187543869018555
0000271_06601_d_0000405.jpg,/home/brisic03/VisDrone/VisDrone2019-DET-val/images/0000271_06601_d_0000405.jpg,counting,How many pedestrians are visible in the drone image?,"{'A': '0', 'B': '1', 'C': '2', 'D': '3', 'E': '4 or more'}",A,A,B,1,0,1.1373710632324219
0000271_06601_d_0000405.jpg,/home/brisic03/VisDrone/VisDrone2019-DET-val/images/0000271_06601_d_0000405.jpg,most_frequent,Which object type appears most often in the drone image?,"{'A': 'car', 'B': 'bicycle', 'C': 'awning-tricycle', 'D': 'pedestrian', 'E': 'bus'}",A,A,A,car,1,1.1321702003479004
0000271_06601_d_0000405.jpg,/home/brisic03/VisDrone/VisDrone2019-DET-val/images/0000271_06601_d_0000405.jpg,location,Where is the largest car located in the image?,"{'A': 'top-left', 'B': 'top-right', 'C': 'bottom-left', 'D': 'bottom-right', 'E': 'center'}",E,E,C,bottom-left,0,1.126417875289917
0000271_06801_d_0000406.jpg,/home/brisic03/VisDrone/VisDrone2019-DET-val/images/0000271_06801_d_0000406.jpg,presence,Which object type is visible in the drone image?,"{'A': 'bus', 'B': 'bicycle', 'C': 'car', 'D': 'van', 'E': 'people'}",C,C,D,van,0,1.1264402866363525
0000271_06801_d_0000406.jpg,/home/brisic03/VisDrone/VisDrone2019-DET-val/images/0000271_06801_d_0000406.jpg,counting,How many vans are visible in the drone image?,"{'A': '0', 'B': '1', 'C': '2', 'D': '3', 'E': '4 or more'}",A,A,C,2,0,1.131748914718628
0000271_06801_d_0000406.jpg,/home/brisic03/VisDrone/VisDrone2019-DET-val/images/0000271_06801_d_0000406.jpg,most_frequent,Which object type appears most often in the drone image?,"{'A': 'awning-tricycle', 'B': 'bicycle', 'C': 'tricycle', 'D': 'bus', 'E': 'car'}",E,E,E,car,1,1.1345224380493164
0000271_06801_d_0000406.jpg,/home/brisic03/VisDrone/VisDrone2019-DET-val/images/0000271_06801_d_0000406.jpg,location,Where is the largest car located in the image?,"{'A': 'top-left', 'B': 'top-right', 'C': 'bottom-left', 'D': 'bottom-right', 'E': 'center'}",E,E,C,bottom-left,0,1.135805368423462
0000271_07001_d_0000407.jpg,/home/brisic03/VisDrone/VisDrone2019-DET-val/images/0000271_07001_d_0000407.jpg,presence,Which object type is visible in the drone image?,"{'A': 'people', 'B': 'truck', 'C': 'tricycle', 'D': 'car', 'E': 'bicycle'}",A,A,D,car,0,1.1224005222320557
0000271_07001_d_0000407.jpg,/home/brisic03/VisDrone/VisDrone2019-DET-val/images/0000271_07001_d_0000407.jpg,counting,How many tricycles are visible in the drone image?,"{'A': '0', 'B': '1', 'C': '2', 'D': '3', 'E': '4 or more'}",A,A,B,1,0,1.1270067691802979
0000271_07001_d_0000407.jpg,/home/brisic03/VisDrone/VisDrone2019-DET-val/images/0000271_07001_d_0000407.jpg,most_frequent,Which object type appears most often in the drone image?,"{'A': 'bus', 'B': 'tricycle', 'C': 'truck', 'D': 'van', 'E': 'car'}",E,E,E,car,1,1.1351807117462158
0000271_07001_d_0000407.jpg,/home/brisic03/VisDrone/VisDrone2019-DET-val/images/0000271_07001_d_0000407.jpg,location,Where is the largest car located in the image?,"{'A': 'top-left', 'B': 'top-right', 'C': 'bottom-left', 'D': 'bottom-right', 'E': 'center'}",E,E,C,bottom-left,0,1.139498233795166
0000271_07201_d_0000408.jpg,/home/brisic03/VisDrone/VisDrone2019-DET-val/images/0000271_07201_d_0000408.jpg,presence,Which object type is visible in the drone image?,"{'A': 'car', 'B': 'awning-tricycle', 'C': 'bicycle', 'D': 'pedestrian', 'E': 'bus'}",A,A,A,car,1,1.1286301612854004
0000271_07201_d_0000408.jpg,/home/brisic03/VisDrone/VisDrone2019-DET-val/images/0000271_07201_d_0000408.jpg,counting,How many bicycles are visible in the drone image?,"{'A': '0', 'B': '1', 'C': '2', 'D': '3', 'E': '4 or more'}",A,A,B,1,0,1.1333167552947998
0000271_07201_d_0000408.jpg,/home/brisic03/VisDrone/VisDrone2019-DET-val/images/0000271_07201_d_0000408.jpg,most_frequent,Which object type appears most often in the drone image?,"{'A': 'car', 'B': 'tricycle', 'C': 'van', 'D': 'bus', 'E': 'pedestrian'}",A,A,A,car,1,1.1195192337036133
0000271_07201_d_0000408.jpg,/home/brisic03/VisDrone/VisDrone2019-DET-val/images/0000271_07201_d_0000408.jpg,location,Where is the largest car located in the image?,"{'A': 'top-left', 'B': 'top-right', 'C': 'bottom-left', 'D': 'bottom-right', 'E': 'center'}",C,C,C,bottom-left,1,1.134901523590088
0000271_07401_d_0000409.jpg,/home/brisic03/VisDrone/VisDrone2019-DET-val/images/0000271_07401_d_0000409.jpg,presence,Which object type is visible in the drone image?,"{'A': 'truck', 'B': 'pedestrian', 'C': 'van', 'D': 'people', 'E': 'bicycle'}",D,D,A,truck,0,1.129223346710205
0000271_07401_d_0000409.jpg,/home/brisic03/VisDrone/VisDrone2019-DET-val/images/0000271_07401_d_0000409.jpg,counting,How many motors are visible in the drone image?,"{'A': '0', 'B': '1', 'C': '2', 'D': '3', 'E': '4 or more'}",A,A,B,1,0,1.1307735443115234
0000271_07401_d_0000409.jpg,/home/brisic03/VisDrone/VisDrone2019-DET-val/images/0000271_07401_d_0000409.jpg,most_frequent,Which object type appears most often in the drone image?,"{'A': 'truck', 'B': 'car', 'C': 'awning-tricycle', 'D': 'people', 'E': 'bicycle'}",B,B,B,car,1,1.133183240890503
0000271_07401_d_0000409.jpg,/home/brisic03/VisDrone/VisDrone2019-DET-val/images/0000271_07401_d_0000409.jpg,location,Where is the largest car located in the image?,"{'A': 'top-left', 'B': 'top-right', 'C': 'bottom-left', 'D': 'bottom-right', 'E': 'center'}",D,D,E,center,0,1.1199798583984375
0000273_05601_d_0000466.jpg,/home/brisic03/VisDrone/VisDrone2019-DET-val/images/0000273_05601_d_0000466.jpg,presence,Which object type is visible in the drone image?,"{'A': 'bus', 'B': 'truck', 'C': 'people', 'D': 'tricycle', 'E': 'van'}",B,B,E,van,0,1.1513595581054688
0000273_05601_d_0000466.jpg,/home/brisic03/VisDrone/VisDrone2019-DET-val/images/0000273_05601_d_0000466.jpg,counting,How many trucks are visible in the drone image?,"{'A': '0', 'B': '1', 'C': '2', 'D': '3', 'E': '4 or more'}",A,A,E,4 or more,0,1.1318776607513428
0000273_05601_d_0000466.jpg,/home/brisic03/VisDrone/VisDrone2019-DET-val/images/0000273_05601_d_0000466.jpg,most_frequent,Which object type appears most often in the drone image?,"{'A': 'pedestrian', 'B': 'tricycle', 'C': 'awning-tricycle', 'D': 'van', 'E': 'car'}",E,E,E,car,1,1.1355156898498535
0000273_05601_d_0000466.jpg,/home/brisic03/VisDrone/VisDrone2019-DET-val/images/0000273_05601_d_0000466.jpg,location,Where is the largest truck located in the image?,"{'A': 'top-left', 'B': 'top-right', 'C': 'bottom-left', 'D': 'bottom-right', 'E': 'center'}",A,A,E,center,0,1.1331405639648438
0000276_00001_d_0000507.jpg,/home/brisic03/VisDrone/VisDrone2019-DET-val/images/0000276_00001_d_0000507.jpg,presence,Which object type is visible in the drone image?,"{'A': 'motor', 'B': 'awning-tricycle', 'C': 'pedestrian', 'D': 'bicycle', 'E': 'van'}",A,A,E,van,0,1.1276757717132568
0000276_00001_d_0000507.jpg,/home/brisic03/VisDrone/VisDrone2019-DET-val/images/0000276_00001_d_0000507.jpg,counting,How many cars are visible in the drone image?,"{'A': '0', 'B': '1', 'C': '2', 'D': '3', 'E': '4 or more'}",A,A,E,4 or more,0,1.1333322525024414
0000276_00001_d_0000507.jpg,/home/brisic03/VisDrone/VisDrone2019-DET-val/images/0000276_00001_d_0000507.jpg,most_frequent,Which object type appears most often in the drone image?,"{'A': 'bus', 'B': 'motor', 'C': 'bicycle', 'D': 'truck', 'E': 'car'}",D,D,E,car,0,1.132190465927124
0000276_00001_d_0000507.jpg,/home/brisic03/VisDrone/VisDrone2019-DET-val/images/0000276_00001_d_0000507.jpg,location,Where is the largest truck located in the image?,"{'A': 'top-left', 'B': 'top-right', 'C': 'bottom-left', 'D': 'bottom-right', 'E': 'center'}",E,E,E,center,1,1.1317873001098633
0000276_00401_d_0000509.jpg,/home/brisic03/VisDrone/VisDrone2019-DET-val/images/0000276_00401_d_0000509.jpg,presence,Which object type is visible in the drone image?,"{'A': 'car', 'B': 'awning-tricycle', 'C': 'truck', 'D': 'tricycle', 'E': 'pedestrian'}",C,C,D,tricycle,0,1.1206960678100586
0000276_00401_d_0000509.jpg,/home/brisic03/VisDrone/VisDrone2019-DET-val/images/0000276_00401_d_0000509.jpg,counting,How many tricycles are visible in the drone image?,"{'A': '0', 'B': '1', 'C': '2', 'D': '3', 'E': '4 or more'}",A,A,B,1,0,1.1189332008361816
0000276_00401_d_0000509.jpg,/home/brisic03/VisDrone/VisDrone2019-DET-val/images/0000276_00401_d_0000509.jpg,most_frequent,Which object type appears most often in the drone image?,"{'A': 'truck', 'B': 'car', 'C': 'motor', 'D': 'tricycle', 'E': 'van'}",A,A,B,car,0,1.144921064376831
0000276_00401_d_0000509.jpg,/home/brisic03/VisDrone/VisDrone2019-DET-val/images/0000276_00401_d_0000509.jpg,location,Where is the largest car located in the image?,"{'A': 'top-left', 'B': 'top-right', 'C': 'bottom-left', 'D': 'bottom-right', 'E': 'center'}",E,E,D,bottom-right,0,1.1345744132995605
0000276_00601_d_0000510.jpg,/home/brisic03/VisDrone/VisDrone2019-DET-val/images/0000276_00601_d_0000510.jpg,presence,Which object type is visible in the drone image?,"{'A': 'bicycle', 'B': 'car', 'C': 'pedestrian', 'D': 'truck', 'E': 'van'}",B,B,B,car,1,1.127629041671753
0000276_00601_d_0000510.jpg,/home/brisic03/VisDrone/VisDrone2019-DET-val/images/0000276_00601_d_0000510.jpg,counting,How many awning-tricycles are visible in the drone image?,"{'A': '0', 'B': '1', 'C': '2', 'D': '3', 'E': '4 or more'}",A,A,B,1,0,1.116114854812622
0000276_00601_d_0000510.jpg,/home/brisic03/VisDrone/VisDrone2019-DET-val/images/0000276_00601_d_0000510.jpg,most_frequent,Which object type appears most often in the drone image?,"{'A': 'bus', 'B': 'tricycle', 'C': 'truck', 'D': 'awning-tricycle', 'E': 'car'}",E,E,E,car,1,1.1266837120056152
0000276_00601_d_0000510.jpg,/home/brisic03/VisDrone/VisDrone2019-DET-val/images/0000276_00601_d_0000510.jpg,location,Where is the largest truck located in the image?,"{'A': 'top-left', 'B': 'top-right', 'C': 'bottom-left', 'D': 'bottom-right', 'E': 'center'}",E,E,E,center,1,1.2005064487457275
0000276_01001_d_0000512.jpg,/home/brisic03/VisDrone/VisDrone2019-DET-val/images/0000276_01001_d_0000512.jpg,presence,Which object type is visible in the drone image?,"{'A': 'motor', 'B': 'tricycle', 'C': 'people', 'D': 'bus', 'E': 'awning-tricycle'}",C,C,B,tricycle,0,1.1802127361297607
0000276_01001_d_0000512.jpg,/home/brisic03/VisDrone/VisDrone2019-DET-val/images/0000276_01001_d_0000512.jpg,counting,How many vans are visible in the drone image?,"{'A': '0', 'B': '1', 'C': '2', 'D': '3', 'E': '4 or more'}",A,A,B,1,0,1.1347594261169434
0000276_01001_d_0000512.jpg,/home/brisic03/VisDrone/VisDrone2019-DET-val/images/0000276_01001_d_0000512.jpg,most_frequent,Which object type appears most often in the drone image?,"{'A': 'bus', 'B': 'motor', 'C': 'van', 'D': 'awning-tricycle', 'E': 'truck'}",B,B,E,truck,0,1.1273832321166992
0000276_01001_d_0000512.jpg,/home/brisic03/VisDrone/VisDrone2019-DET-val/images/0000276_01001_d_0000512.jpg,location,Where is the largest truck located in the image?,"{'A': 'top-left', 'B': 'top-right', 'C': 'bottom-left', 'D': 'bottom-right', 'E': 'center'}",E,E,D,bottom-right,0,1.1241323947906494
0000276_01201_d_0000513.jpg,/home/brisic03/VisDrone/VisDrone2019-DET-val/images/0000276_01201_d_0000513.jpg,presence,Which object type is visible in the drone image?,"{'A': 'people', 'B': 'truck', 'C': 'car', 'D': 'van', 'E': 'awning-tricycle'}",B,B,B,truck,1,1.1180613040924072
0000276_01201_d_0000513.jpg,/home/brisic03/VisDrone/VisDrone2019-DET-val/images/0000276_01201_d_0000513.jpg,counting,How many cars are visible in the drone image?,"{'A': '0', 'B': '1', 'C': '2', 'D': '3', 'E': '4 or more'}",A,A,E,4 or more,0,1.1653788089752197
0000276_01201_d_0000513.jpg,/home/brisic03/VisDrone/VisDrone2019-DET-val/images/0000276_01201_d_0000513.jpg,most_frequent,Which object type appears most often in the drone image?,"{'A': 'pedestrian', 'B': 'people', 'C': 'tricycle', 'D': 'truck', 'E': 'bicycle'}",D,D,D,truck,1,1.1304388046264648
0000276_01201_d_0000513.jpg,/home/brisic03/VisDrone/VisDrone2019-DET-val/images/0000276_01201_d_0000513.jpg,location,Where is the largest car located in the image?,"{'A': 'top-left', 'B': 'top-right', 'C': 'bottom-left', 'D': 'bottom-right', 'E': 'center'}",E,E,D,bottom-right,0,1.117300271987915
0000276_01401_d_0000514.jpg,/home/brisic03/VisDrone/VisDrone2019-DET-val/images/0000276_01401_d_0000514.jpg,presence,Which object type is visible in the drone image?,"{'A': 'pedestrian', 'B': 'people', 'C': 'bus', 'D': 'bicycle', 'E': 'truck'}",E,E,E,truck,1,1.120861291885376
0000276_01401_d_0000514.jpg,/home/brisic03/VisDrone/VisDrone2019-DET-val/images/0000276_01401_d_0000514.jpg,counting,How many vans are visible in the drone image?,"{'A': '0', 'B': '1', 'C': '2', 'D': '3', 'E': '4 or more'}",A,A,B,1,0,1.1244516372680664
0000276_01401_d_0000514.jpg,/home/brisic03/VisDrone/VisDrone2019-DET-val/images/0000276_01401_d_0000514.jpg,most_frequent,Which object type appears most often in the drone image?,"{'A': 'awning-tricycle', 'B': 'truck', 'C': 'motor', 'D': 'van', 'E': 'bus'}",B,B,B,truck,1,1.1220102310180664
0000276_01401_d_0000514.jpg,/home/brisic03/VisDrone/VisDrone2019-DET-val/images/0000276_01401_d_0000514.jpg,location,Where is the largest truck located in the image?,"{'A': 'top-left', 'B': 'top-right', 'C': 'bottom-left', 'D': 'bottom-right', 'E': 'center'}",D,D,E,center,0,1.1277351379394531
0000276_01801_d_0000516.jpg,/home/brisic03/VisDrone/VisDrone2019-DET-val/images/0000276_01801_d_0000516.jpg,presence,Which object type is visible in the drone image?,"{'A': 'awning-tricycle', 'B': 'truck', 'C': 'bicycle', 'D': 'motor', 'E': 'people'}",B,B,B,truck,1,1.129709005355835
0000276_01801_d_0000516.jpg,/home/brisic03/VisDrone/VisDrone2019-DET-val/images/0000276_01801_d_0000516.jpg,counting,How many trucks are visible in the drone image?,"{'A': '0', 'B': '1', 'C': '2', 'D': '3', 'E': '4 or more'}",B,B,C,2,0,1.1305148601531982
0000276_01801_d_0000516.jpg,/home/brisic03/VisDrone/VisDrone2019-DET-val/images/0000276_01801_d_0000516.jpg,most_frequent,Which object type appears most often in the drone image?,"{'A': 'van', 'B': 'people', 'C': 'pedestrian', 'D': 'car', 'E': 'truck'}",D,D,E,truck,0,1.1310951709747314
0000276_01801_d_0000516.jpg,/home/brisic03/VisDrone/VisDrone2019-DET-val/images/0000276_01801_d_0000516.jpg,location,Where is the largest truck located in the image?,"{'A': 'top-left', 'B': 'top-right', 'C': 'bottom-left', 'D': 'bottom-right', 'E': 'center'}",E,E,E,center,1,1.1335444450378418
0000276_02201_d_0000518.jpg,/home/brisic03/VisDrone/VisDrone2019-DET-val/images/0000276_02201_d_0000518.jpg,presence,Which object type is visible in the drone image?,"{'A': 'van', 'B': 'truck', 'C': 'awning-tricycle', 'D': 'tricycle', 'E': 'pedestrian'}",B,B,B,truck,1,1.1348824501037598
0000276_02201_d_0000518.jpg,/home/brisic03/VisDrone/VisDrone2019-DET-val/images/0000276_02201_d_0000518.jpg,counting,How many cars are visible in the drone image?,"{'A': '0', 'B': '1', 'C': '2', 'D': '3', 'E': '4 or more'}",A,A,C,2,0,1.131361961364746
0000276_02201_d_0000518.jpg,/home/brisic03/VisDrone/VisDrone2019-DET-val/images/0000276_02201_d_0000518.jpg,most_frequent,Which object type appears most often in the drone image?,"{'A': 'tricycle', 'B': 'pedestrian', 'C': 'truck', 'D': 'motor', 'E': 'people'}",C,C,C,truck,1,1.1295166015625
0000276_02201_d_0000518.jpg,/home/brisic03/VisDrone/VisDrone2019-DET-val/images/0000276_02201_d_0000518.jpg,location,Where is the largest truck located in the image?,"{'A': 'top-left', 'B': 'top-right', 'C': 'bottom-left', 'D': 'bottom-right', 'E': 'center'}",E,E,E,center,1,1.135547161102295
0000276_02401_d_0000519.jpg,/home/brisic03/VisDrone/VisDrone2019-DET-val/images/0000276_02401_d_0000519.jpg,presence,Which object type is visible in the drone image?,"{'A': 'bus', 'B': 'pedestrian', 'C': 'truck', 'D': 'car', 'E': 'motor'}",C,C,C,truck,1,1.1135549545288086
0000276_02401_d_0000519.jpg,/home/brisic03/VisDrone/VisDrone2019-DET-val/images/0000276_02401_d_0000519.jpg,counting,How many cars are visible in the drone image?,"{'A': '0', 'B': '1', 'C': '2', 'D': '3', 'E': '4 or more'}",A,A,B,1,0,1.1474409103393555
0000276_02401_d_0000519.jpg,/home/brisic03/VisDrone/VisDrone2019-DET-val/images/0000276_02401_d_0000519.jpg,most_frequent,Which object type appears most often in the drone image?,"{'A': 'van', 'B': 'pedestrian', 'C': 'truck', 'D': 'people', 'E': 'tricycle'}",C,C,C,truck,1,1.1304936408996582
0000276_02401_d_0000519.jpg,/home/brisic03/VisDrone/VisDrone2019-DET-val/images/0000276_02401_d_0000519.jpg,location,Where is the largest truck located in the image?,"{'A': 'top-left', 'B': 'top-right', 'C': 'bottom-left', 'D': 'bottom-right', 'E': 'center'}",C,C,C,bottom-left,1,1.1307997703552246
0000276_02601_d_0000520.jpg,/home/brisic03/VisDrone/VisDrone2019-DET-val/images/0000276_02601_d_0000520.jpg,presence,Which object type is visible in the drone image?,"{'A': 'bus', 'B': 'bicycle', 'C': 'tricycle', 'D': 'van', 'E': 'awning-tricycle'}",A,A,A,bus,1,1.1267297267913818
0000276_02601_d_0000520.jpg,/home/brisic03/VisDrone/VisDrone2019-DET-val/images/0000276_02601_d_0000520.jpg,counting,How many trucks are visible in the drone image?,"{'A': '0', 'B': '1', 'C': '2', 'D': '3', 'E': '4 or more'}",B,B,E,4 or more,0,1.1211161613464355
0000276_02601_d_0000520.jpg,/home/brisic03/VisDrone/VisDrone2019-DET-val/images/0000276_02601_d_0000520.jpg,most_frequent,Which object type appears most often in the drone image?,"{'A': 'van', 'B': 'bicycle', 'C': 'motor', 'D': 'truck', 'E': 'pedestrian'}",D,D,D,truck,1,1.1366167068481445
0000276_02601_d_0000520.jpg,/home/brisic03/VisDrone/VisDrone2019-DET-val/images/0000276_02601_d_0000520.jpg,location,Where is the largest truck located in the image?,"{'A': 'top-left', 'B': 'top-right', 'C': 'bottom-left', 'D': 'bottom-right', 'E': 'center'}",E,E,E,center,1,1.138575553894043
0000276_02801_d_0000521.jpg,/home/brisic03/VisDrone/VisDrone2019-DET-val/images/0000276_02801_d_0000521.jpg,presence,Which object type is visible in the drone image?,"{'A': 'truck', 'B': 'tricycle', 'C': 'van', 'D': 'awning-tricycle', 'E': 'bicycle'}",A,A,A,truck,1,1.132047414779663
0000276_02801_d_0000521.jpg,/home/brisic03/VisDrone/VisDrone2019-DET-val/images/0000276_02801_d_0000521.jpg,counting,How many trucks are visible in the drone image?,"{'A': '0', 'B': '1', 'C': '2', 'D': '3', 'E': '4 or more'}",A,A,D,3,0,1.1253712177276611
0000276_02801_d_0000521.jpg,/home/brisic03/VisDrone/VisDrone2019-DET-val/images/0000276_02801_d_0000521.jpg,most_frequent,Which object type appears most often in the drone image?,"{'A': 'people', 'B': 'motor', 'C': 'truck', 'D': 'pedestrian', 'E': 'bicycle'}",C,C,C,truck,1,1.1230249404907227
0000276_02801_d_0000521.jpg,/home/brisic03/VisDrone/VisDrone2019-DET-val/images/0000276_02801_d_0000521.jpg,location,Where is the largest truck located in the image?,"{'A': 'top-left', 'B': 'top-right', 'C': 'bottom-left', 'D': 'bottom-right', 'E': 'center'}",C,C,C,bottom-left,1,1.1372458934783936
0000276_03001_d_0000522.jpg,/home/brisic03/VisDrone/VisDrone2019-DET-val/images/0000276_03001_d_0000522.jpg,presence,Which object type is visible in the drone image?,"{'A': 'truck', 'B': 'people', 'C': 'bus', 'D': 'bicycle', 'E': 'car'}",A,A,A,truck,1,1.1283869743347168
0000276_03001_d_0000522.jpg,/home/brisic03/VisDrone/VisDrone2019-DET-val/images/0000276_03001_d_0000522.jpg,counting,How many cars are visible in the drone image?,"{'A': '0', 'B': '1', 'C': '2', 'D': '3', 'E': '4 or more'}",E,E,E,4 or more,1,1.1289434432983398
0000276_03001_d_0000522.jpg,/home/brisic03/VisDrone/VisDrone2019-DET-val/images/0000276_03001_d_0000522.jpg,most_frequent,Which object type appears most often in the drone image?,"{'A': 'tricycle', 'B': 'bicycle', 'C': 'van', 'D': 'people', 'E': 'car'}",E,E,E,car,1,1.1357371807098389
0000276_03001_d_0000522.jpg,/home/brisic03/VisDrone/VisDrone2019-DET-val/images/0000276_03001_d_0000522.jpg,location,Where is the largest car located in the image?,"{'A': 'top-left', 'B': 'top-right', 'C': 'bottom-left', 'D': 'bottom-right', 'E': 'center'}",E,E,C,bottom-left,0,1.1309540271759033
0000276_03201_d_0000523.jpg,/home/brisic03/VisDrone/VisDrone2019-DET-val/images/0000276_03201_d_0000523.jpg,presence,Which object type is visible in the drone image?,"{'A': 'motor', 'B': 'bus', 'C': 'van', 'D': 'truck', 'E': 'bicycle'}",B,B,D,truck,0,1.124579906463623
0000276_03201_d_0000523.jpg,/home/brisic03/VisDrone/VisDrone2019-DET-val/images/0000276_03201_d_0000523.jpg,counting,How many cars are visible in the drone image?,"{'A': '0', 'B': '1', 'C': '2', 'D': '3', 'E': '4 or more'}",A,A,D,3,0,1.1278481483459473
0000276_03201_d_0000523.jpg,/home/brisic03/VisDrone/VisDrone2019-DET-val/images/0000276_03201_d_0000523.jpg,location,Where is the largest truck located in the image?,"{'A': 'top-left', 'B': 'top-right', 'C': 'bottom-left', 'D': 'bottom-right', 'E': 'center'}",E,E,E,center,1,1.133507490158081
0000276_03401_d_0000524.jpg,/home/brisic03/VisDrone/VisDrone2019-DET-val/images/0000276_03401_d_0000524.jpg,presence,Which object type is visible in the drone image?,"{'A': 'car', 'B': 'bus', 'C': 'truck', 'D': 'awning-tricycle', 'E': 'pedestrian'}",A,A,A,car,1,1.1218109130859375
0000276_03401_d_0000524.jpg,/home/brisic03/VisDrone/VisDrone2019-DET-val/images/0000276_03401_d_0000524.jpg,counting,How many cars are visible in the drone image?,"{'A': '0', 'B': '1', 'C': '2', 'D': '3', 'E': '4 or more'}",A,A,E,4 or more,0,1.150038480758667
0000276_03401_d_0000524.jpg,/home/brisic03/VisDrone/VisDrone2019-DET-val/images/0000276_03401_d_0000524.jpg,most_frequent,Which object type appears most often in the drone image?,"{'A': 'awning-tricycle', 'B': 'motor', 'C': 'van', 'D': 'pedestrian', 'E': 'car'}",E,E,E,car,1,1.1327431201934814
0000276_03401_d_0000524.jpg,/home/brisic03/VisDrone/VisDrone2019-DET-val/images/0000276_03401_d_0000524.jpg,location,Where is the largest car located in the image?,"{'A': 'top-left', 'B': 'top-right', 'C': 'bottom-left', 'D': 'bottom-right', 'E': 'center'}",E,E,C,bottom-left,0,1.121192216873169
0000276_03601_d_0000525.jpg,/home/brisic03/VisDrone/VisDrone2019-DET-val/images/0000276_03601_d_0000525.jpg,presence,Which object type is visible in the drone image?,"{'A': 'awning-tricycle', 'B': 'motor', 'C': 'car', 'D': 'bus', 'E': 'truck'}",C,C,E,truck,0,1.180431842803955
0000276_03601_d_0000525.jpg,/home/brisic03/VisDrone/VisDrone2019-DET-val/images/0000276_03601_d_0000525.jpg,counting,How many vans are visible in the drone image?,"{'A': '0', 'B': '1', 'C': '2', 'D': '3', 'E': '4 or more'}",A,A,B,1,0,1.140481948852539
0000276_03601_d_0000525.jpg,/home/brisic03/VisDrone/VisDrone2019-DET-val/images/0000276_03601_d_0000525.jpg,most_frequent,Which object type appears most often in the drone image?,"{'A': 'bicycle', 'B': 'pedestrian', 'C': 'awning-tricycle', 'D': 'tricycle', 'E': 'car'}",E,E,E,car,1,1.1249938011169434
0000276_03601_d_0000525.jpg,/home/brisic03/VisDrone/VisDrone2019-DET-val/images/0000276_03601_d_0000525.jpg,location,Where is the largest van located in the image?,"{'A': 'top-left', 'B': 'top-right', 'C': 'bottom-left', 'D': 'bottom-right', 'E': 'center'}",B,B,E,center,0,1.1238300800323486
0000276_03801_d_0000526.jpg,/home/brisic03/VisDrone/VisDrone2019-DET-val/images/0000276_03801_d_0000526.jpg,presence,Which object type is visible in the drone image?,"{'A': 'truck', 'B': 'car', 'C': 'awning-tricycle', 'D': 'bus', 'E': 'pedestrian'}",C,C,E,pedestrian,0,1.1316266059875488
0000276_03801_d_0000526.jpg,/home/brisic03/VisDrone/VisDrone2019-DET-val/images/0000276_03801_d_0000526.jpg,counting,How many trucks are visible in the drone image?,"{'A': '0', 'B': '1', 'C': '2', 'D': '3', 'E': '4 or more'}",A,A,E,4 or more,0,1.1343495845794678
0000276_03801_d_0000526.jpg,/home/brisic03/VisDrone/VisDrone2019-DET-val/images/0000276_03801_d_0000526.jpg,most_frequent,Which object type appears most often in the drone image?,"{'A': 'car', 'B': 'tricycle', 'C': 'bicycle', 'D': 'awning-tricycle', 'E': 'truck'}",A,A,A,car,1,1.132413625717163
0000276_03801_d_0000526.jpg,/home/brisic03/VisDrone/VisDrone2019-DET-val/images/0000276_03801_d_0000526.jpg,location,Where is the largest truck located in the image?,"{'A': 'top-left', 'B': 'top-right', 'C': 'bottom-left', 'D': 'bottom-right', 'E': 'center'}",E,E,E,center,1,1.1283257007598877
0000276_04001_d_0000527.jpg,/home/brisic03/VisDrone/VisDrone2019-DET-val/images/0000276_04001_d_0000527.jpg,presence,Which object type is visible in the drone image?,"{'A': 'tricycle', 'B': 'pedestrian', 'C': 'car', 'D': 'motor', 'E': 'bus'}",E,E,C,car,0,1.1249687671661377
0000276_04001_d_0000527.jpg,/home/brisic03/VisDrone/VisDrone2019-DET-val/images/0000276_04001_d_0000527.jpg,counting,How many buss are visible in the drone image?,"{'A': '0', 'B': '1', 'C': '2', 'D': '3', 'E': '4 or more'}",A,A,B,1,0,1.1303074359893799
0000276_04001_d_0000527.jpg,/home/brisic03/VisDrone/VisDrone2019-DET-val/images/0000276_04001_d_0000527.jpg,most_frequent,Which object type appears most often in the drone image?,"{'A': 'bus', 'B': 'pedestrian', 'C': 'bicycle', 'D': 'truck', 'E': 'people'}",D,D,D,truck,1,1.1166796684265137
0000276_04001_d_0000527.jpg,/home/brisic03/VisDrone/VisDrone2019-DET-val/images/0000276_04001_d_0000527.jpg,location,Where is the largest truck located in the image?,"{'A': 'top-left', 'B': 'top-right', 'C': 'bottom-left', 'D': 'bottom-right', 'E': 'center'}",A,A,E,center,0,1.1199102401733398
0000276_04201_d_0000528.jpg,/home/brisic03/VisDrone/VisDrone2019-DET-val/images/0000276_04201_d_0000528.jpg,presence,Which object type is visible in the drone image?,"{'A': 'people', 'B': 'van', 'C': 'car', 'D': 'pedestrian', 'E': 'bus'}",C,C,B,van,0,1.1376888751983643
0000276_04201_d_0000528.jpg,/home/brisic03/VisDrone/VisDrone2019-DET-val/images/0000276_04201_d_0000528.jpg,counting,How many trucks are visible in the drone image?,"{'A': '0', 'B': '1', 'C': '2', 'D': '3', 'E': '4 or more'}",E,E,E,4 or more,1,1.1317601203918457
0000276_04201_d_0000528.jpg,/home/brisic03/VisDrone/VisDrone2019-DET-val/images/0000276_04201_d_0000528.jpg,most_frequent,Which object type appears most often in the drone image?,"{'A': 'motor', 'B': 'car', 'C': 'bus', 'D': 'bicycle', 'E': 'people'}",B,B,B,car,1,1.1326525211334229
0000276_04201_d_0000528.jpg,/home/brisic03/VisDrone/VisDrone2019-DET-val/images/0000276_04201_d_0000528.jpg,location,Where is the largest truck located in the image?,"{'A': 'top-left', 'B': 'top-right', 'C': 'bottom-left', 'D': 'bottom-right', 'E': 'center'}",C,C,C,bottom-left,1,1.1350023746490479
0000276_04401_d_0000529.jpg,/home/brisic03/VisDrone/VisDrone2019-DET-val/images/0000276_04401_d_0000529.jpg,presence,Which object type is visible in the drone image?,"{'A': 'car', 'B': 'bus', 'C': 'truck', 'D': 'bicycle', 'E': 'awning-tricycle'}",C,C,A,car,0,1.1258139610290527
0000276_04401_d_0000529.jpg,/home/brisic03/VisDrone/VisDrone2019-DET-val/images/0000276_04401_d_0000529.jpg,counting,How many trucks are visible in the drone image?,"{'A': '0', 'B': '1', 'C': '2', 'D': '3', 'E': '4 or more'}",B,B,E,4 or more,0,1.131819725036621
0000276_04401_d_0000529.jpg,/home/brisic03/VisDrone/VisDrone2019-DET-val/images/0000276_04401_d_0000529.jpg,most_frequent,Which object type appears most often in the drone image?,"{'A': 'car', 'B': 'motor', 'C': 'bus', 'D': 'pedestrian', 'E': 'awning-tricycle'}",A,A,A,car,1,1.1411361694335938
0000276_04401_d_0000529.jpg,/home/brisic03/VisDrone/VisDrone2019-DET-val/images/0000276_04401_d_0000529.jpg,location,Where is the largest truck located in the image?,"{'A': 'top-left', 'B': 'top-right', 'C': 'bottom-left', 'D': 'bottom-right', 'E': 'center'}",A,A,C,bottom-left,0,1.1367783546447754
0000276_04601_d_0000530.jpg,/home/brisic03/VisDrone/VisDrone2019-DET-val/images/0000276_04601_d_0000530.jpg,presence,Which object type is visible in the drone image?,"{'A': 'bus', 'B': 'motor', 'C': 'tricycle', 'D': 'truck', 'E': 'car'}",E,E,E,car,1,1.1280860900878906
0000276_04601_d_0000530.jpg,/home/brisic03/VisDrone/VisDrone2019-DET-val/images/0000276_04601_d_0000530.jpg,counting,How many trucks are visible in the drone image?,"{'A': '0', 'B': '1', 'C': '2', 'D': '3', 'E': '4 or more'}",A,A,B,1,0,1.1266818046569824
0000276_04601_d_0000530.jpg,/home/brisic03/VisDrone/VisDrone2019-DET-val/images/0000276_04601_d_0000530.jpg,location,Where is the largest car located in the image?,"{'A': 'top-left', 'B': 'top-right', 'C': 'bottom-left', 'D': 'bottom-right', 'E': 'center'}",E,E,E,center,1,1.1318728923797607
0000276_04801_d_0000531.jpg,/home/brisic03/VisDrone/VisDrone2019-DET-val/images/0000276_04801_d_0000531.jpg,presence,Which object type is visible in the drone image?,"{'A': 'truck', 'B': 'bus', 'C': 'van', 'D': 'car', 'E': 'awning-tricycle'}",A,A,A,truck,1,1.1239540576934814
0000276_04801_d_0000531.jpg,/home/brisic03/VisDrone/VisDrone2019-DET-val/images/0000276_04801_d_0000531.jpg,counting,How many trucks are visible in the drone image?,"{'A': '0', 'B': '1', 'C': '2', 'D': '3', 'E': '4 or more'}",A,A,D,3,0,1.1227686405181885
0000276_04801_d_0000531.jpg,/home/brisic03/VisDrone/VisDrone2019-DET-val/images/0000276_04801_d_0000531.jpg,most_frequent,Which object type appears most often in the drone image?,"{'A': 'truck', 'B': 'bus', 'C': 'awning-tricycle', 'D': 'car', 'E': 'motor'}",A,A,A,truck,1,1.1313419342041016
0000276_04801_d_0000531.jpg,/home/brisic03/VisDrone/VisDrone2019-DET-val/images/0000276_04801_d_0000531.jpg,location,Where is the largest truck located in the image?,"{'A': 'top-left', 'B': 'top-right', 'C': 'bottom-left', 'D': 'bottom-right', 'E': 'center'}",D,D,E,center,0,1.123138666152954
0000276_05001_d_0000532.jpg,/home/brisic03/VisDrone/VisDrone2019-DET-val/images/0000276_05001_d_0000532.jpg,presence,Which object type is visible in the drone image?,"{'A': 'bus', 'B': 'tricycle', 'C': 'awning-tricycle', 'D': 'car', 'E': 'motor'}",D,D,D,car,1,1.1305606365203857
0000276_05001_d_0000532.jpg,/home/brisic03/VisDrone/VisDrone2019-DET-val/images/0000276_05001_d_0000532.jpg,counting,How many cars are visible in the drone image?,"{'A': '0', 'B': '1', 'C': '2', 'D': '3', 'E': '4 or more'}",A,A,C,2,0,1.1244332790374756
0000276_05001_d_0000532.jpg,/home/brisic03/VisDrone/VisDrone2019-DET-val/images/0000276_05001_d_0000532.jpg,most_frequent,Which object type appears most often in the drone image?,"{'A': 'pedestrian', 'B': 'van', 'C': 'car', 'D': 'people', 'E': 'awning-tricycle'}",C,C,C,car,1,1.1328914165496826
0000276_05001_d_0000532.jpg,/home/brisic03/VisDrone/VisDrone2019-DET-val/images/0000276_05001_d_0000532.jpg,location,Where is the largest car located in the image?,"{'A': 'top-left', 'B': 'top-right', 'C': 'bottom-left', 'D': 'bottom-right', 'E': 'center'}",E,E,E,center,1,1.1318156719207764
0000276_05201_d_0000533.jpg,/home/brisic03/VisDrone/VisDrone2019-DET-val/images/0000276_05201_d_0000533.jpg,presence,Which object type is visible in the drone image?,"{'A': 'bus', 'B': 'van', 'C': 'tricycle', 'D': 'truck', 'E': 'car'}",E,E,E,car,1,1.1372220516204834
0000276_05201_d_0000533.jpg,/home/brisic03/VisDrone/VisDrone2019-DET-val/images/0000276_05201_d_0000533.jpg,counting,How many cars are visible in the drone image?,"{'A': '0', 'B': '1', 'C': '2', 'D': '3', 'E': '4 or more'}",D,D,D,3,1,1.125495433807373
0000276_05201_d_0000533.jpg,/home/brisic03/VisDrone/VisDrone2019-DET-val/images/0000276_05201_d_0000533.jpg,most_frequent,Which object type appears most often in the drone image?,"{'A': 'bus', 'B': 'awning-tricycle', 'C': 'pedestrian', 'D': 'car', 'E': 'motor'}",D,D,D,car,1,1.1309118270874023
0000276_05201_d_0000533.jpg,/home/brisic03/VisDrone/VisDrone2019-DET-val/images/0000276_05201_d_0000533.jpg,location,Where is the largest car located in the image?,"{'A': 'top-left', 'B': 'top-right', 'C': 'bottom-left', 'D': 'bottom-right', 'E': 'center'}",D,D,E,center,0,1.1296095848083496
0000276_06001_d_0000537.jpg,/home/brisic03/VisDrone/VisDrone2019-DET-val/images/0000276_06001_d_0000537.jpg,presence,Which object type is visible in the drone image?,"{'A': 'car', 'B': 'truck', 'C': 'bicycle', 'D': 'bus', 'E': 'awning-tricycle'}",A,A,B,truck,0,1.1297857761383057
0000276_06001_d_0000537.jpg,/home/brisic03/VisDrone/VisDrone2019-DET-val/images/0000276_06001_d_0000537.jpg,counting,How many trucks are visible in the drone image?,"{'A': '0', 'B': '1', 'C': '2', 'D': '3', 'E': '4 or more'}",A,A,B,1,0,1.1380078792572021
0000276_06001_d_0000537.jpg,/home/brisic03/VisDrone/VisDrone2019-DET-val/images/0000276_06001_d_0000537.jpg,most_frequent,Which object type appears most often in the drone image?,"{'A': 'people', 'B': 'motor', 'C': 'tricycle', 'D': 'awning-tricycle', 'E': 'truck'}",B,B,E,truck,0,1.133002519607544
0000276_06001_d_0000537.jpg,/home/brisic03/VisDrone/VisDrone2019-DET-val/images/0000276_06001_d_0000537.jpg,location,Where is the largest truck located in the image?,"{'A': 'top-left', 'B': 'top-right', 'C': 'bottom-left', 'D': 'bottom-right', 'E': 'center'}",B,B,B,top-right,1,1.1328809261322021
0000277_00001_d_0000539.jpg,/home/brisic03/VisDrone/VisDrone2019-DET-val/images/0000277_00001_d_0000539.jpg,presence,Which object type is visible in the drone image?,"{'A': 'people', 'B': 'tricycle', 'C': 'car', 'D': 'motor', 'E': 'truck'}",A,A,A,people,1,1.1355583667755127
0000277_00001_d_0000539.jpg,/home/brisic03/VisDrone/VisDrone2019-DET-val/images/0000277_00001_d_0000539.jpg,counting,How many motors are visible in the drone image?,"{'A': '0', 'B': '1', 'C': '2', 'D': '3', 'E': '4 or more'}",A,A,B,1,0,1.1211817264556885
0000277_00001_d_0000539.jpg,/home/brisic03/VisDrone/VisDrone2019-DET-val/images/0000277_00001_d_0000539.jpg,most_frequent,Which object type appears most often in the drone image?,"{'A': 'bus', 'B': 'tricycle', 'C': 'bicycle', 'D': 'pedestrian', 'E': 'car'}",E,E,E,car,1,1.134913444519043
0000277_00001_d_0000539.jpg,/home/brisic03/VisDrone/VisDrone2019-DET-val/images/0000277_00001_d_0000539.jpg,location,Where is the largest bus located in the image?,"{'A': 'top-left', 'B': 'top-right', 'C': 'bottom-left', 'D': 'bottom-right', 'E': 'center'}",C,C,C,bottom-left,1,1.1282436847686768
0000277_00201_d_0000540.jpg,/home/brisic03/VisDrone/VisDrone2019-DET-val/images/0000277_00201_d_0000540.jpg,presence,Which object type is visible in the drone image?,"{'A': 'van', 'B': 'awning-tricycle', 'C': 'bus', 'D': 'tricycle', 'E': 'pedestrian'}",C,C,A,van,0,1.1422123908996582
0000277_00201_d_0000540.jpg,/home/brisic03/VisDrone/VisDrone2019-DET-val/images/0000277_00201_d_0000540.jpg,counting,How many cars are visible in the drone image?,"{'A': '0', 'B': '1', 'C': '2', 'D': '3', 'E': '4 or more'}",A,A,E,4 or more,0,1.1229333877563477
0000277_00201_d_0000540.jpg,/home/brisic03/VisDrone/VisDrone2019-DET-val/images/0000277_00201_d_0000540.jpg,most_frequent,Which object type appears most often in the drone image?,"{'A': 'awning-tricycle', 'B': 'car', 'C': 'truck', 'D': 'tricycle', 'E': 'motor'}",B,B,B,car,1,1.1214072704315186
0000277_00201_d_0000540.jpg,/home/brisic03/VisDrone/VisDrone2019-DET-val/images/0000277_00201_d_0000540.jpg,location,Where is the largest car located in the image?,"{'A': 'top-left', 'B': 'top-right', 'C': 'bottom-left', 'D': 'bottom-right', 'E': 'center'}",B,B,E,center,0,1.1199395656585693
0000277_00401_d_0000541.jpg,/home/brisic03/VisDrone/VisDrone2019-DET-val/images/0000277_00401_d_0000541.jpg,presence,Which object type is visible in the drone image?,"{'A': 'tricycle', 'B': 'motor', 'C': 'bus', 'D': 'bicycle', 'E': 'car'}",D,D,C,bus,0,1.1154654026031494
0000277_00401_d_0000541.jpg,/home/brisic03/VisDrone/VisDrone2019-DET-val/images/0000277_00401_d_0000541.jpg,counting,How many vans are visible in the drone image?,"{'A': '0', 'B': '1', 'C': '2', 'D': '3', 'E': '4 or more'}",A,A,D,3,0,1.2045950889587402
0000277_00401_d_0000541.jpg,/home/brisic03/VisDrone/VisDrone2019-DET-val/images/0000277_00401_d_0000541.jpg,most_frequent,Which object type appears most often in the drone image?,"{'A': 'tricycle', 'B': 'car', 'C': 'people', 'D': 'awning-tricycle', 'E': 'truck'}",B,B,B,car,1,1.2181966304779053
0000277_00401_d_0000541.jpg,/home/brisic03/VisDrone/VisDrone2019-DET-val/images/0000277_00401_d_0000541.jpg,location,Where is the largest car located in the image?,"{'A': 'top-left', 'B': 'top-right', 'C': 'bottom-left', 'D': 'bottom-right', 'E': 'center'}",E,E,E,center,1,1.1570708751678467
0000277_01401_d_0000546.jpg,/home/brisic03/VisDrone/VisDrone2019-DET-val/images/0000277_01401_d_0000546.jpg,presence,Which object type is visible in the drone image?,"{'A': 'pedestrian', 'B': 'awning-tricycle', 'C': 'van', 'D': 'car', 'E': 'motor'}",A,A,A,pedestrian,1,1.1211888790130615
0000277_01401_d_0000546.jpg,/home/brisic03/VisDrone/VisDrone2019-DET-val/images/0000277_01401_d_0000546.jpg,counting,How many peoples are visible in the drone image?,"{'A': '0', 'B': '1', 'C': '2', 'D': '3', 'E': '4 or more'}",A,A,C,2,0,1.1201140880584717
0000277_01401_d_0000546.jpg,/home/brisic03/VisDrone/VisDrone2019-DET-val/images/0000277_01401_d_0000546.jpg,most_frequent,Which object type appears most often in the drone image?,"{'A': 'motor', 'B': 'bus', 'C': 'tricycle', 'D': 'car', 'E': 'truck'}",D,D,D,car,1,1.129138469696045
0000277_01401_d_0000546.jpg,/home/brisic03/VisDrone/VisDrone2019-DET-val/images/0000277_01401_d_0000546.jpg,location,Where is the largest car located in the image?,"{'A': 'top-left', 'B': 'top-right', 'C': 'bottom-left', 'D': 'bottom-right', 'E': 'center'}",B,B,E,center,0,1.131840705871582
0000277_01601_d_0000547.jpg,/home/brisic03/VisDrone/VisDrone2019-DET-val/images/0000277_01601_d_0000547.jpg,presence,Which object type is visible in the drone image?,"{'A': 'people', 'B': 'bicycle', 'C': 'pedestrian', 'D': 'awning-tricycle', 'E': 'car'}",A,A,A,people,1,1.1229684352874756
0000277_01601_d_0000547.jpg,/home/brisic03/VisDrone/VisDrone2019-DET-val/images/0000277_01601_d_0000547.jpg,counting,How many motors are visible in the drone image?,"{'A': '0', 'B': '1', 'C': '2', 'D': '3', 'E': '4 or more'}",A,A,C,2,0,1.1269750595092773
0000277_01601_d_0000547.jpg,/home/brisic03/VisDrone/VisDrone2019-DET-val/images/0000277_01601_d_0000547.jpg,most_frequent,Which object type appears most often in the drone image?,"{'A': 'bicycle', 'B': 'van', 'C': 'motor', 'D': 'bus', 'E': 'car'}",A,A,E,car,0,1.1153314113616943
0000277_01601_d_0000547.jpg,/home/brisic03/VisDrone/VisDrone2019-DET-val/images/0000277_01601_d_0000547.jpg,location,Where is the largest car located in the image?,"{'A': 'top-left', 'B': 'top-right', 'C': 'bottom-left', 'D': 'bottom-right', 'E': 'center'}",A,A,E,center,0,1.126967430114746
0000277_01801_d_0000548.jpg,/home/brisic03/VisDrone/VisDrone2019-DET-val/images/0000277_01801_d_0000548.jpg,presence,Which object type is visible in the drone image?,"{'A': 'car', 'B': 'people', 'C': 'truck', 'D': 'van', 'E': 'bus'}",A,A,A,car,1,1.12050199508667
0000277_01801_d_0000548.jpg,/home/brisic03/VisDrone/VisDrone2019-DET-val/images/0000277_01801_d_0000548.jpg,counting,How many trucks are visible in the drone image?,"{'A': '0', 'B': '1', 'C': '2', 'D': '3', 'E': '4 or more'}",A,A,C,2,0,1.1329736709594727
0000277_01801_d_0000548.jpg,/home/brisic03/VisDrone/VisDrone2019-DET-val/images/0000277_01801_d_0000548.jpg,most_frequent,Which object type appears most often in the drone image?,"{'A': 'awning-tricycle', 'B': 'bicycle', 'C': 'car', 'D': 'pedestrian', 'E': 'truck'}",C,C,C,car,1,1.1347689628601074
0000277_01801_d_0000548.jpg,/home/brisic03/VisDrone/VisDrone2019-DET-val/images/0000277_01801_d_0000548.jpg,location,Where is the largest car located in the image?,"{'A': 'top-left', 'B': 'top-right', 'C': 'bottom-left', 'D': 'bottom-right', 'E': 'center'}",E,E,E,center,1,1.1363089084625244
0000277_02001_d_0000549.jpg,/home/brisic03/VisDrone/VisDrone2019-DET-val/images/0000277_02001_d_0000549.jpg,presence,Which object type is visible in the drone image?,"{'A': 'people', 'B': 'car', 'C': 'van', 'D': 'truck', 'E': 'bus'}",A,A,C,van,0,1.126460075378418
0000277_02001_d_0000549.jpg,/home/brisic03/VisDrone/VisDrone2019-DET-val/images/0000277_02001_d_0000549.jpg,counting,How many vans are visible in the drone image?,"{'A': '0', 'B': '1', 'C': '2', 'D': '3', 'E': '4 or more'}",B,B,E,4 or more,0,1.1181728839874268
0000277_02001_d_0000549.jpg,/home/brisic03/VisDrone/VisDrone2019-DET-val/images/0000277_02001_d_0000549.jpg,most_frequent,Which object type appears most often in the drone image?,"{'A': 'car', 'B': 'people', 'C': 'pedestrian', 'D': 'van', 'E': 'bicycle'}",A,A,A,car,1,1.1439990997314453
0000277_02001_d_0000549.jpg,/home/brisic03/VisDrone/VisDrone2019-DET-val/images/0000277_02001_d_0000549.jpg,location,Where is the largest truck located in the image?,"{'A': 'top-left', 'B': 'top-right', 'C': 'bottom-left', 'D': 'bottom-right', 'E': 'center'}",C,C,E,center,0,1.130737543106079
0000277_02201_d_0000550.jpg,/home/brisic03/VisDrone/VisDrone2019-DET-val/images/0000277_02201_d_0000550.jpg,presence,Which object type is visible in the drone image?,"{'A': 'truck', 'B': 'bicycle', 'C': 'pedestrian', 'D': 'awning-tricycle', 'E': 'motor'}",E,E,A,truck,0,1.142122745513916
0000277_02201_d_0000550.jpg,/home/brisic03/VisDrone/VisDrone2019-DET-val/images/0000277_02201_d_0000550.jpg,counting,How many cars are visible in the drone image?,"{'A': '0', 'B': '1', 'C': '2', 'D': '3', 'E': '4 or more'}",E,E,E,4 or more,1,1.128436803817749
0000277_02201_d_0000550.jpg,/home/brisic03/VisDrone/VisDrone2019-DET-val/images/0000277_02201_d_0000550.jpg,most_frequent,Which object type appears most often in the drone image?,"{'A': 'awning-tricycle', 'B': 'car', 'C': 'van', 'D': 'truck', 'E': 'people'}",B,B,B,car,1,1.1264827251434326
0000277_02201_d_0000550.jpg,/home/brisic03/VisDrone/VisDrone2019-DET-val/images/0000277_02201_d_0000550.jpg,location,Where is the largest car located in the image?,"{'A': 'top-left', 'B': 'top-right', 'C': 'bottom-left', 'D': 'bottom-right', 'E': 'center'}",E,E,E,center,1,1.148902416229248
0000277_02401_d_0000551.jpg,/home/brisic03/VisDrone/VisDrone2019-DET-val/images/0000277_02401_d_0000551.jpg,presence,Which object type is visible in the drone image?,"{'A': 'motor', 'B': 'bicycle', 'C': 'people', 'D': 'car', 'E': 'truck'}",B,B,D,car,0,1.1238200664520264
0000277_02401_d_0000551.jpg,/home/brisic03/VisDrone/VisDrone2019-DET-val/images/0000277_02401_d_0000551.jpg,counting,How many pedestrians are visible in the drone image?,"{'A': '0', 'B': '1', 'C': '2', 'D': '3', 'E': '4 or more'}",A,A,B,1,0,1.1165080070495605
0000277_02401_d_0000551.jpg,/home/brisic03/VisDrone/VisDrone2019-DET-val/images/0000277_02401_d_0000551.jpg,most_frequent,Which object type appears most often in the drone image?,"{'A': 'pedestrian', 'B': 'truck', 'C': 'car', 'D': 'van', 'E': 'people'}",C,C,C,car,1,1.1333472728729248
0000277_02401_d_0000551.jpg,/home/brisic03/VisDrone/VisDrone2019-DET-val/images/0000277_02401_d_0000551.jpg,location,Where is the largest car located in the image?,"{'A': 'top-left', 'B': 'top-right', 'C': 'bottom-left', 'D': 'bottom-right', 'E': 'center'}",E,E,E,center,1,1.1346490383148193
0000277_02601_d_0000552.jpg,/home/brisic03/VisDrone/VisDrone2019-DET-val/images/0000277_02601_d_0000552.jpg,presence,Which object type is visible in the drone image?,"{'A': 'people', 'B': 'bus', 'C': 'tricycle', 'D': 'car', 'E': 'awning-tricycle'}",A,A,E,awning-tricycle,0,1.1309380531311035
0000277_02601_d_0000552.jpg,/home/brisic03/VisDrone/VisDrone2019-DET-val/images/0000277_02601_d_0000552.jpg,counting,How many vans are visible in the drone image?,"{'A': '0', 'B': '1', 'C': '2', 'D': '3', 'E': '4 or more'}",B,B,C,2,0,1.122037410736084
0000277_02601_d_0000552.jpg,/home/brisic03/VisDrone/VisDrone2019-DET-val/images/0000277_02601_d_0000552.jpg,most_frequent,Which object type appears most often in the drone image?,"{'A': 'pedestrian', 'B': 'car', 'C': 'van', 'D': 'people', 'E': 'awning-tricycle'}",B,B,B,car,1,1.1516389846801758
0000277_02601_d_0000552.jpg,/home/brisic03/VisDrone/VisDrone2019-DET-val/images/0000277_02601_d_0000552.jpg,location,Where is the largest van located in the image?,"{'A': 'top-left', 'B': 'top-right', 'C': 'bottom-left', 'D': 'bottom-right', 'E': 'center'}",E,E,E,center,1,1.1276404857635498
0000277_03201_d_0000554.jpg,/home/brisic03/VisDrone/VisDrone2019-DET-val/images/0000277_03201_d_0000554.jpg,presence,Which object type is visible in the drone image?,"{'A': 'pedestrian', 'B': 'van', 'C': 'truck', 'D': 'bicycle', 'E': 'motor'}",D,D,D,bicycle,1,1.1251788139343262
0000277_03201_d_0000554.jpg,/home/brisic03/VisDrone/VisDrone2019-DET-val/images/0000277_03201_d_0000554.jpg,counting,How many cars are visible in the drone image?,"{'A': '0', 'B': '1', 'C': '2', 'D': '3', 'E': '4 or more'}",A,A,E,4 or more,0,1.1309821605682373
0000277_03201_d_0000554.jpg,/home/brisic03/VisDrone/VisDrone2019-DET-val/images/0000277_03201_d_0000554.jpg,most_frequent,Which object type appears most often in the drone image?,"{'A': 'car', 'B': 'motor', 'C': 'truck', 'D': 'people', 'E': 'pedestrian'}",A,A,A,car,1,1.132819652557373
0000277_03201_d_0000554.jpg,/home/brisic03/VisDrone/VisDrone2019-DET-val/images/0000277_03201_d_0000554.jpg,location,Where is the largest car located in the image?,"{'A': 'top-left', 'B': 'top-right', 'C': 'bottom-left', 'D': 'bottom-right', 'E': 'center'}",A,A,E,center,0,1.1311428546905518
0000277_03401_d_0000555.jpg,/home/brisic03/VisDrone/VisDrone2019-DET-val/images/0000277_03401_d_0000555.jpg,presence,Which object type is visible in the drone image?,"{'A': 'car', 'B': 'bicycle', 'C': 'motor', 'D': 'awning-tricycle', 'E': 'tricycle'}",D,D,A,car,0,1.1268155574798584
0000277_03401_d_0000555.jpg,/home/brisic03/VisDrone/VisDrone2019-DET-val/images/0000277_03401_d_0000555.jpg,counting,How many peoples are visible in the drone image?,"{'A': '0', 'B': '1', 'C': '2', 'D': '3', 'E': '4 or more'}",A,A,D,3,0,1.1368482112884521
0000277_03401_d_0000555.jpg,/home/brisic03/VisDrone/VisDrone2019-DET-val/images/0000277_03401_d_0000555.jpg,most_frequent,Which object type appears most often in the drone image?,"{'A': 'bus', 'B': 'awning-tricycle', 'C': 'people', 'D': 'car', 'E': 'tricycle'}",C,C,D,car,0,1.1334295272827148
0000277_03401_d_0000555.jpg,/home/brisic03/VisDrone/VisDrone2019-DET-val/images/0000277_03401_d_0000555.jpg,location,Where is the largest van located in the image?,"{'A': 'top-left', 'B': 'top-right', 'C': 'bottom-left', 'D': 'bottom-right', 'E': 'center'}",A,A,E,center,0,1.120967149734497
0000277_03601_d_0000556.jpg,/home/brisic03/VisDrone/VisDrone2019-DET-val/images/0000277_03601_d_0000556.jpg,presence,Which object type is visible in the drone image?,"{'A': 'bus', 'B': 'van', 'C': 'people', 'D': 'motor', 'E': 'car'}",C,C,B,van,0,1.1322412490844727
0000277_03601_d_0000556.jpg,/home/brisic03/VisDrone/VisDrone2019-DET-val/images/0000277_03601_d_0000556.jpg,counting,How many tricycles are visible in the drone image?,"{'A': '0', 'B': '1', 'C': '2', 'D': '3', 'E': '4 or more'}",A,A,B,1,0,1.132817029953003
0000277_03601_d_0000556.jpg,/home/brisic03/VisDrone/VisDrone2019-DET-val/images/0000277_03601_d_0000556.jpg,most_frequent,Which object type appears most often in the drone image?,"{'A': 'people', 'B': 'motor', 'C': 'awning-tricycle', 'D': 'car', 'E': 'van'}",A,A,D,car,0,1.124983549118042
0000277_03601_d_0000556.jpg,/home/brisic03/VisDrone/VisDrone2019-DET-val/images/0000277_03601_d_0000556.jpg,location,Where is the largest car located in the image?,"{'A': 'top-left', 'B': 'top-right', 'C': 'bottom-left', 'D': 'bottom-right', 'E': 'center'}",C,C,C,bottom-left,1,1.1465041637420654
0000277_04001_d_0000558.jpg,/home/brisic03/VisDrone/VisDrone2019-DET-val/images/0000277_04001_d_0000558.jpg,presence,Which object type is visible in the drone image?,"{'A': 'awning-tricycle', 'B': 'van', 'C': 'people', 'D': 'truck', 'E': 'pedestrian'}",C,C,E,pedestrian,0,1.1293361186981201
0000277_04001_d_0000558.jpg,/home/brisic03/VisDrone/VisDrone2019-DET-val/images/0000277_04001_d_0000558.jpg,counting,How many pedestrians are visible in the drone image?,"{'A': '0', 'B': '1', 'C': '2', 'D': '3', 'E': '4 or more'}",A,A,D,3,0,1.1273856163024902
0000277_04001_d_0000558.jpg,/home/brisic03/VisDrone/VisDrone2019-DET-val/images/0000277_04001_d_0000558.jpg,most_frequent,Which object type appears most often in the drone image?,"{'A': 'van', 'B': 'awning-tricycle', 'C': 'bicycle', 'D': 'tricycle', 'E': 'car'}",E,E,E,car,1,1.1225004196166992
0000277_04001_d_0000558.jpg,/home/brisic03/VisDrone/VisDrone2019-DET-val/images/0000277_04001_d_0000558.jpg,location,Where is the largest car located in the image?,"{'A': 'top-left', 'B': 'top-right', 'C': 'bottom-left', 'D': 'bottom-right', 'E': 'center'}",E,E,E,center,1,1.1319808959960938
0000277_04201_d_0000559.jpg,/home/brisic03/VisDrone/VisDrone2019-DET-val/images/0000277_04201_d_0000559.jpg,presence,Which object type is visible in the drone image?,"{'A': 'pedestrian', 'B': 'truck', 'C': 'motor', 'D': 'van', 'E': 'tricycle'}",B,B,D,van,0,1.1268112659454346
0000277_04201_d_0000559.jpg,/home/brisic03/VisDrone/VisDrone2019-DET-val/images/0000277_04201_d_0000559.jpg,counting,How many pedestrians are visible in the drone image?,"{'A': '0', 'B': '1', 'C': '2', 'D': '3', 'E': '4 or more'}",A,A,C,2,0,1.1466641426086426
0000277_04201_d_0000559.jpg,/home/brisic03/VisDrone/VisDrone2019-DET-val/images/0000277_04201_d_0000559.jpg,most_frequent,Which object type appears most often in the drone image?,"{'A': 'bus', 'B': 'van', 'C': 'car', 'D': 'motor', 'E': 'tricycle'}",C,C,C,car,1,1.1271533966064453
0000277_04201_d_0000559.jpg,/home/brisic03/VisDrone/VisDrone2019-DET-val/images/0000277_04201_d_0000559.jpg,location,Where is the largest car located in the image?,"{'A': 'top-left', 'B': 'top-right', 'C': 'bottom-left', 'D': 'bottom-right', 'E': 'center'}",A,A,E,center,0,1.1252241134643555
0000277_04401_d_0000560.jpg,/home/brisic03/VisDrone/VisDrone2019-DET-val/images/0000277_04401_d_0000560.jpg,presence,Which object type is visible in the drone image?,"{'A': 'tricycle', 'B': 'bus', 'C': 'motor', 'D': 'van', 'E': 'car'}",C,C,E,car,0,1.12742018699646
0000277_04401_d_0000560.jpg,/home/brisic03/VisDrone/VisDrone2019-DET-val/images/0000277_04401_d_0000560.jpg,counting,How many trucks are visible in the drone image?,"{'A': '0', 'B': '1', 'C': '2', 'D': '3', 'E': '4 or more'}",A,A,B,1,0,1.1417782306671143
0000277_04401_d_0000560.jpg,/home/brisic03/VisDrone/VisDrone2019-DET-val/images/0000277_04401_d_0000560.jpg,most_frequent,Which object type appears most often in the drone image?,"{'A': 'car', 'B': 'tricycle', 'C': 'awning-tricycle', 'D': 'bicycle', 'E': 'motor'}",A,A,A,car,1,1.1262824535369873
0000277_04401_d_0000560.jpg,/home/brisic03/VisDrone/VisDrone2019-DET-val/images/0000277_04401_d_0000560.jpg,location,Where is the largest car located in the image?,"{'A': 'top-left', 'B': 'top-right', 'C': 'bottom-left', 'D': 'bottom-right', 'E': 'center'}",E,E,E,center,1,1.1382572650909424
0000277_04601_d_0000561.jpg,/home/brisic03/VisDrone/VisDrone2019-DET-val/images/0000277_04601_d_0000561.jpg,presence,Which object type is visible in the drone image?,"{'A': 'motor', 'B': 'people', 'C': 'van', 'D': 'bicycle', 'E': 'tricycle'}",A,A,E,tricycle,0,1.124460220336914
0000277_04601_d_0000561.jpg,/home/brisic03/VisDrone/VisDrone2019-DET-val/images/0000277_04601_d_0000561.jpg,counting,How many cars are visible in the drone image?,"{'A': '0', 'B': '1', 'C': '2', 'D': '3', 'E': '4 or more'}",E,E,E,4 or more,1,1.1332519054412842
0000277_04601_d_0000561.jpg,/home/brisic03/VisDrone/VisDrone2019-DET-val/images/0000277_04601_d_0000561.jpg,most_frequent,Which object type appears most often in the drone image?,"{'A': 'pedestrian', 'B': 'people', 'C': 'car', 'D': 'van', 'E': 'truck'}",C,C,C,car,1,1.1417386531829834
0000277_04601_d_0000561.jpg,/home/brisic03/VisDrone/VisDrone2019-DET-val/images/0000277_04601_d_0000561.jpg,location,Where is the largest car located in the image?,"{'A': 'top-left', 'B': 'top-right', 'C': 'bottom-left', 'D': 'bottom-right', 'E': 'center'}",E,E,D,bottom-right,0,1.1327261924743652
0000277_05001_d_0000562.jpg,/home/brisic03/VisDrone/VisDrone2019-DET-val/images/0000277_05001_d_0000562.jpg,presence,Which object type is visible in the drone image?,"{'A': 'awning-tricycle', 'B': 'bicycle', 'C': 'tricycle', 'D': 'bus', 'E': 'people'}",B,B,E,people,0,1.1256036758422852
0000277_05001_d_0000562.jpg,/home/brisic03/VisDrone/VisDrone2019-DET-val/images/0000277_05001_d_0000562.jpg,counting,How many vans are visible in the drone image?,"{'A': '0', 'B': '1', 'C': '2', 'D': '3', 'E': '4 or more'}",A,A,B,1,0,1.133213758468628
0000277_05001_d_0000562.jpg,/home/brisic03/VisDrone/VisDrone2019-DET-val/images/0000277_05001_d_0000562.jpg,most_frequent,Which object type appears most often in the drone image?,"{'A': 'motor', 'B': 'truck', 'C': 'car', 'D': 'tricycle', 'E': 'bicycle'}",C,C,C,car,1,1.1299338340759277
0000277_05001_d_0000562.jpg,/home/brisic03/VisDrone/VisDrone2019-DET-val/images/0000277_05001_d_0000562.jpg,location,Where is the largest car located in the image?,"{'A': 'top-left', 'B': 'top-right', 'C': 'bottom-left', 'D': 'bottom-right', 'E': 'center'}",D,D,D,bottom-right,1,1.1314306259155273
0000280_00001_d_0000612.jpg,/home/brisic03/VisDrone/VisDrone2019-DET-val/images/0000280_00001_d_0000612.jpg,presence,Which object type is visible in the drone image?,"{'A': 'car', 'B': 'van', 'C': 'truck', 'D': 'motor', 'E': 'people'}",A,A,D,motor,0,1.1175799369812012
0000280_00001_d_0000612.jpg,/home/brisic03/VisDrone/VisDrone2019-DET-val/images/0000280_00001_d_0000612.jpg,counting,How many tricycles are visible in the drone image?,"{'A': '0', 'B': '1', 'C': '2', 'D': '3', 'E': '4 or more'}",A,A,B,1,0,1.1334254741668701
0000280_00001_d_0000612.jpg,/home/brisic03/VisDrone/VisDrone2019-DET-val/images/0000280_00001_d_0000612.jpg,most_frequent,Which object type appears most often in the drone image?,"{'A': 'bus', 'B': 'pedestrian', 'C': 'awning-tricycle', 'D': 'car', 'E': 'van'}",D,D,D,car,1,1.1309611797332764
0000280_00001_d_0000612.jpg,/home/brisic03/VisDrone/VisDrone2019-DET-val/images/0000280_00001_d_0000612.jpg,location,Where is the largest car located in the image?,"{'A': 'top-left', 'B': 'top-right', 'C': 'bottom-left', 'D': 'bottom-right', 'E': 'center'}",C,C,C,bottom-left,1,1.1285860538482666
0000280_00201_d_0000613.jpg,/home/brisic03/VisDrone/VisDrone2019-DET-val/images/0000280_00201_d_0000613.jpg,presence,Which object type is visible in the drone image?,"{'A': 'truck', 'B': 'pedestrian', 'C': 'awning-tricycle', 'D': 'van', 'E': 'motor'}",B,B,B,pedestrian,1,1.1328814029693604
0000280_00201_d_0000613.jpg,/home/brisic03/VisDrone/VisDrone2019-DET-val/images/0000280_00201_d_0000613.jpg,counting,How many bicycles are visible in the drone image?,"{'A': '0', 'B': '1', 'C': '2', 'D': '3', 'E': '4 or more'}",A,A,B,1,0,1.1336555480957031
0000280_00201_d_0000613.jpg,/home/brisic03/VisDrone/VisDrone2019-DET-val/images/0000280_00201_d_0000613.jpg,most_frequent,Which object type appears most often in the drone image?,"{'A': 'car', 'B': 'awning-tricycle', 'C': 'bus', 'D': 'bicycle', 'E': 'pedestrian'}",A,A,A,car,1,1.1335766315460205
0000280_00201_d_0000613.jpg,/home/brisic03/VisDrone/VisDrone2019-DET-val/images/0000280_00201_d_0000613.jpg,location,Where is the largest car located in the image?,"{'A': 'top-left', 'B': 'top-right', 'C': 'bottom-left', 'D': 'bottom-right', 'E': 'center'}",B,B,D,bottom-right,0,1.1283323764801025
0000280_00401_d_0000614.jpg,/home/brisic03/VisDrone/VisDrone2019-DET-val/images/0000280_00401_d_0000614.jpg,presence,Which object type is visible in the drone image?,"{'A': 'car', 'B': 'tricycle', 'C': 'truck', 'D': 'van', 'E': 'motor'}",A,A,E,motor,0,1.1218347549438477
0000280_00401_d_0000614.jpg,/home/brisic03/VisDrone/VisDrone2019-DET-val/images/0000280_00401_d_0000614.jpg,counting,How many pedestrians are visible in the drone image?,"{'A': '0', 'B': '1', 'C': '2', 'D': '3', 'E': '4 or more'}",A,A,C,2,0,1.1276090145111084
0000280_00401_d_0000614.jpg,/home/brisic03/VisDrone/VisDrone2019-DET-val/images/0000280_00401_d_0000614.jpg,most_frequent,Which object type appears most often in the drone image?,"{'A': 'motor', 'B': 'bus', 'C': 'car', 'D': 'awning-tricycle', 'E': 'pedestrian'}",C,C,C,car,1,1.1332736015319824
0000280_00401_d_0000614.jpg,/home/brisic03/VisDrone/VisDrone2019-DET-val/images/0000280_00401_d_0000614.jpg,location,Where is the largest car located in the image?,"{'A': 'top-left', 'B': 'top-right', 'C': 'bottom-left', 'D': 'bottom-right', 'E': 'center'}",A,A,D,bottom-right,0,1.1356699466705322
0000280_00601_d_0000615.jpg,/home/brisic03/VisDrone/VisDrone2019-DET-val/images/0000280_00601_d_0000615.jpg,presence,Which object type is visible in the drone image?,"{'A': 'car', 'B': 'tricycle', 'C': 'van', 'D': 'bicycle', 'E': 'truck'}",D,D,C,van,0,1.12575364112854
0000280_00601_d_0000615.jpg,/home/brisic03/VisDrone/VisDrone2019-DET-val/images/0000280_00601_d_0000615.jpg,counting,How many tricycles are visible in the drone image?,"{'A': '0', 'B': '1', 'C': '2', 'D': '3', 'E': '4 or more'}",A,A,B,1,0,1.1195895671844482
0000280_00601_d_0000615.jpg,/home/brisic03/VisDrone/VisDrone2019-DET-val/images/0000280_00601_d_0000615.jpg,most_frequent,Which object type appears most often in the drone image?,"{'A': 'pedestrian', 'B': 'tricycle', 'C': 'van', 'D': 'car', 'E': 'bicycle'}",D,D,D,car,1,1.1406290531158447
0000280_00601_d_0000615.jpg,/home/brisic03/VisDrone/VisDrone2019-DET-val/images/0000280_00601_d_0000615.jpg,location,Where is the largest car located in the image?,"{'A': 'top-left', 'B': 'top-right', 'C': 'bottom-left', 'D': 'bottom-right', 'E': 'center'}",E,E,D,bottom-right,0,1.1304900646209717
0000280_00801_d_0000616.jpg,/home/brisic03/VisDrone/VisDrone2019-DET-val/images/0000280_00801_d_0000616.jpg,presence,Which object type is visible in the drone image?,"{'A': 'bus', 'B': 'motor', 'C': 'bicycle', 'D': 'car', 'E': 'awning-tricycle'}",C,C,B,motor,0,1.12778639793396
0000280_00801_d_0000616.jpg,/home/brisic03/VisDrone/VisDrone2019-DET-val/images/0000280_00801_d_0000616.jpg,counting,How many peoples are visible in the drone image?,"{'A': '0', 'B': '1', 'C': '2', 'D': '3', 'E': '4 or more'}",A,A,E,4 or more,0,1.1268184185028076
0000280_00801_d_0000616.jpg,/home/brisic03/VisDrone/VisDrone2019-DET-val/images/0000280_00801_d_0000616.jpg,most_frequent,Which object type appears most often in the drone image?,"{'A': 'tricycle', 'B': 'motor', 'C': 'car', 'D': 'bus', 'E': 'bicycle'}",E,E,C,car,0,1.130415439605713
0000280_00801_d_0000616.jpg,/home/brisic03/VisDrone/VisDrone2019-DET-val/images/0000280_00801_d_0000616.jpg,location,Where is the largest car located in the image?,"{'A': 'top-left', 'B': 'top-right', 'C': 'bottom-left', 'D': 'bottom-right', 'E': 'center'}",E,E,E,center,1,1.1289122104644775
0000280_01001_d_0000617.jpg,/home/brisic03/VisDrone/VisDrone2019-DET-val/images/0000280_01001_d_0000617.jpg,presence,Which object type is visible in the drone image?,"{'A': 'pedestrian', 'B': 'motor', 'C': 'awning-tricycle', 'D': 'bus', 'E': 'car'}",C,C,E,car,0,1.1347606182098389
0000280_01001_d_0000617.jpg,/home/brisic03/VisDrone/VisDrone2019-DET-val/images/0000280_01001_d_0000617.jpg,counting,How many pedestrians are visible in the drone image?,"{'A': '0', 'B': '1', 'C': '2', 'D': '3', 'E': '4 or more'}",A,A,B,1,0,1.1268439292907715
0000280_01001_d_0000617.jpg,/home/brisic03/VisDrone/VisDrone2019-DET-val/images/0000280_01001_d_0000617.jpg,most_frequent,Which object type appears most often in the drone image?,"{'A': 'tricycle', 'B': 'car', 'C': 'people', 'D': 'bus', 'E': 'truck'}",B,B,B,car,1,1.1310012340545654
0000280_01001_d_0000617.jpg,/home/brisic03/VisDrone/VisDrone2019-DET-val/images/0000280_01001_d_0000617.jpg,location,Where is the largest car located in the image?,"{'A': 'top-left', 'B': 'top-right', 'C': 'bottom-left', 'D': 'bottom-right', 'E': 'center'}",E,E,D,bottom-right,0,1.1347639560699463
0000280_01201_d_0000618.jpg,/home/brisic03/VisDrone/VisDrone2019-DET-val/images/0000280_01201_d_0000618.jpg,presence,Which object type is visible in the drone image?,"{'A': 'truck', 'B': 'bus', 'C': 'motor', 'D': 'tricycle', 'E': 'van'}",C,C,C,motor,1,1.1380038261413574
0000280_01201_d_0000618.jpg,/home/brisic03/VisDrone/VisDrone2019-DET-val/images/0000280_01201_d_0000618.jpg,counting,How many vans are visible in the drone image?,"{'A': '0', 'B': '1', 'C': '2', 'D': '3', 'E': '4 or more'}",A,A,C,2,0,1.126582145690918
0000280_01201_d_0000618.jpg,/home/brisic03/VisDrone/VisDrone2019-DET-val/images/0000280_01201_d_0000618.jpg,most_frequent,Which object type appears most often in the drone image?,"{'A': 'awning-tricycle', 'B': 'car', 'C': 'motor', 'D': 'bicycle', 'E': 'truck'}",B,B,B,car,1,1.137927532196045
0000280_01201_d_0000618.jpg,/home/brisic03/VisDrone/VisDrone2019-DET-val/images/0000280_01201_d_0000618.jpg,location,Where is the largest van located in the image?,"{'A': 'top-left', 'B': 'top-right', 'C': 'bottom-left', 'D': 'bottom-right', 'E': 'center'}",C,C,C,bottom-left,1,1.1284842491149902
0000280_01401_d_0000619.jpg,/home/brisic03/VisDrone/VisDrone2019-DET-val/images/0000280_01401_d_0000619.jpg,presence,Which object type is visible in the drone image?,"{'A': 'motor', 'B': 'bus', 'C': 'awning-tricycle', 'D': 'truck', 'E': 'tricycle'}",A,A,E,tricycle,0,1.1296896934509277
0000280_01401_d_0000619.jpg,/home/brisic03/VisDrone/VisDrone2019-DET-val/images/0000280_01401_d_0000619.jpg,counting,How many pedestrians are visible in the drone image?,"{'A': '0', 'B': '1', 'C': '2', 'D': '3', 'E': '4 or more'}",A,A,E,4 or more,0,1.1286547183990479
0000280_01401_d_0000619.jpg,/home/brisic03/VisDrone/VisDrone2019-DET-val/images/0000280_01401_d_0000619.jpg,most_frequent,Which object type appears most often in the drone image?,"{'A': 'motor', 'B': 'bus', 'C': 'pedestrian', 'D': 'awning-tricycle', 'E': 'car'}",E,E,E,car,1,1.1410026550292969
0000280_01401_d_0000619.jpg,/home/brisic03/VisDrone/VisDrone2019-DET-val/images/0000280_01401_d_0000619.jpg,location,Where is the largest car located in the image?,"{'A': 'top-left', 'B': 'top-right', 'C': 'bottom-left', 'D': 'bottom-right', 'E': 'center'}",C,C,D,bottom-right,0,1.129286289215088
0000280_01601_d_0000620.jpg,/home/brisic03/VisDrone/VisDrone2019-DET-val/images/0000280_01601_d_0000620.jpg,presence,Which object type is visible in the drone image?,"{'A': 'people', 'B': 'van', 'C': 'truck', 'D': 'awning-tricycle', 'E': 'tricycle'}",A,A,B,van,0,1.1329543590545654
0000280_01601_d_0000620.jpg,/home/brisic03/VisDrone/VisDrone2019-DET-val/images/0000280_01601_d_0000620.jpg,counting,How many peoples are visible in the drone image?,"{'A': '0', 'B': '1', 'C': '2', 'D': '3', 'E': '4 or more'}",A,A,B,1,0,1.1414330005645752
0000280_01601_d_0000620.jpg,/home/brisic03/VisDrone/VisDrone2019-DET-val/images/0000280_01601_d_0000620.jpg,most_frequent,Which object type appears most often in the drone image?,"{'A': 'tricycle', 'B': 'bicycle', 'C': 'truck', 'D': 'car', 'E': 'people'}",D,D,D,car,1,1.1294641494750977
0000280_01601_d_0000620.jpg,/home/brisic03/VisDrone/VisDrone2019-DET-val/images/0000280_01601_d_0000620.jpg,location,Where is the largest car located in the image?,"{'A': 'top-left', 'B': 'top-right', 'C': 'bottom-left', 'D': 'bottom-right', 'E': 'center'}",E,E,D,bottom-right,0,1.1328246593475342
0000280_01801_d_0000621.jpg,/home/brisic03/VisDrone/VisDrone2019-DET-val/images/0000280_01801_d_0000621.jpg,presence,Which object type is visible in the drone image?,"{'A': 'bus', 'B': 'car', 'C': 'motor', 'D': 'bicycle', 'E': 'truck'}",B,B,B,car,1,1.1240289211273193
0000280_01801_d_0000621.jpg,/home/brisic03/VisDrone/VisDrone2019-DET-val/images/0000280_01801_d_0000621.jpg,counting,How many cars are visible in the drone image?,"{'A': '0', 'B': '1', 'C': '2', 'D': '3', 'E': '4 or more'}",A,A,E,4 or more,0,1.1391921043395996
0000280_01801_d_0000621.jpg,/home/brisic03/VisDrone/VisDrone2019-DET-val/images/0000280_01801_d_0000621.jpg,most_frequent,Which object type appears most often in the drone image?,"{'A': 'bicycle', 'B': 'pedestrian', 'C': 'car', 'D': 'awning-tricycle', 'E': 'motor'}",C,C,C,car,1,1.1386053562164307
0000280_01801_d_0000621.jpg,/home/brisic03/VisDrone/VisDrone2019-DET-val/images/0000280_01801_d_0000621.jpg,location,Where is the largest car located in the image?,"{'A': 'top-left', 'B': 'top-right', 'C': 'bottom-left', 'D': 'bottom-right', 'E': 'center'}",E,E,C,bottom-left,0,1.1367781162261963
0000280_02001_d_0000622.jpg,/home/brisic03/VisDrone/VisDrone2019-DET-val/images/0000280_02001_d_0000622.jpg,presence,Which object type is visible in the drone image?,"{'A': 'bus', 'B': 'truck', 'C': 'motor', 'D': 'awning-tricycle', 'E': 'van'}",C,C,B,truck,0,1.1268260478973389
0000280_02001_d_0000622.jpg,/home/brisic03/VisDrone/VisDrone2019-DET-val/images/0000280_02001_d_0000622.jpg,counting,How many bicycles are visible in the drone image?,"{'A': '0', 'B': '1', 'C': '2', 'D': '3', 'E': '4 or more'}",A,A,B,1,0,1.1233656406402588
0000280_02001_d_0000622.jpg,/home/brisic03/VisDrone/VisDrone2019-DET-val/images/0000280_02001_d_0000622.jpg,most_frequent,Which object type appears most often in the drone image?,"{'A': 'truck', 'B': 'people', 'C': 'car', 'D': 'bicycle', 'E': 'bus'}",C,C,C,car,1,1.1311979293823242
0000280_02001_d_0000622.jpg,/home/brisic03/VisDrone/VisDrone2019-DET-val/images/0000280_02001_d_0000622.jpg,location,Where is the largest car located in the image?,"{'A': 'top-left', 'B': 'top-right', 'C': 'bottom-left', 'D': 'bottom-right', 'E': 'center'}",E,E,D,bottom-right,0,1.1339268684387207
0000280_02201_d_0000623.jpg,/home/brisic03/VisDrone/VisDrone2019-DET-val/images/0000280_02201_d_0000623.jpg,presence,Which object type is visible in the drone image?,"{'A': 'pedestrian', 'B': 'motor', 'C': 'van', 'D': 'bus', 'E': 'awning-tricycle'}",A,A,A,pedestrian,1,1.1390223503112793
0000280_02201_d_0000623.jpg,/home/brisic03/VisDrone/VisDrone2019-DET-val/images/0000280_02201_d_0000623.jpg,counting,How many vans are visible in the drone image?,"{'A': '0', 'B': '1', 'C': '2', 'D': '3', 'E': '4 or more'}",A,A,B,1,0,1.116431713104248
0000280_02201_d_0000623.jpg,/home/brisic03/VisDrone/VisDrone2019-DET-val/images/0000280_02201_d_0000623.jpg,most_frequent,Which object type appears most often in the drone image?,"{'A': 'car', 'B': 'van', 'C': 'motor', 'D': 'awning-tricycle', 'E': 'people'}",A,A,A,car,1,1.2065820693969727
0000280_02201_d_0000623.jpg,/home/brisic03/VisDrone/VisDrone2019-DET-val/images/0000280_02201_d_0000623.jpg,location,Where is the largest car located in the image?,"{'A': 'top-left', 'B': 'top-right', 'C': 'bottom-left', 'D': 'bottom-right', 'E': 'center'}",A,A,D,bottom-right,0,1.2172131538391113
0000280_02401_d_0000624.jpg,/home/brisic03/VisDrone/VisDrone2019-DET-val/images/0000280_02401_d_0000624.jpg,presence,Which object type is visible in the drone image?,"{'A': 'tricycle', 'B': 'people', 'C': 'truck', 'D': 'bicycle', 'E': 'van'}",B,B,E,van,0,1.1533856391906738
0000280_02401_d_0000624.jpg,/home/brisic03/VisDrone/VisDrone2019-DET-val/images/0000280_02401_d_0000624.jpg,counting,How many cars are visible in the drone image?,"{'A': '0', 'B': '1', 'C': '2', 'D': '3', 'E': '4 or more'}",A,A,E,4 or more,0,1.128096342086792
0000280_02401_d_0000624.jpg,/home/brisic03/VisDrone/VisDrone2019-DET-val/images/0000280_02401_d_0000624.jpg,most_frequent,Which object type appears most often in the drone image?,"{'A': 'car', 'B': 'motor', 'C': 'tricycle', 'D': 'van', 'E': 'pedestrian'}",A,A,A,car,1,1.119999885559082
0000280_02401_d_0000624.jpg,/home/brisic03/VisDrone/VisDrone2019-DET-val/images/0000280_02401_d_0000624.jpg,location,Where is the largest van located in the image?,"{'A': 'top-left', 'B': 'top-right', 'C': 'bottom-left', 'D': 'bottom-right', 'E': 'center'}",C,C,C,bottom-left,1,1.1200029850006104
0000280_02601_d_0000625.jpg,/home/brisic03/VisDrone/VisDrone2019-DET-val/images/0000280_02601_d_0000625.jpg,presence,Which object type is visible in the drone image?,"{'A': 'van', 'B': 'awning-tricycle', 'C': 'truck', 'D': 'tricycle', 'E': 'car'}",E,E,A,van,0,1.1455061435699463
0000280_02601_d_0000625.jpg,/home/brisic03/VisDrone/VisDrone2019-DET-val/images/0000280_02601_d_0000625.jpg,counting,How many vans are visible in the drone image?,"{'A': '0', 'B': '1', 'C': '2', 'D': '3', 'E': '4 or more'}",A,A,B,1,0,1.1225051879882812
0000280_02601_d_0000625.jpg,/home/brisic03/VisDrone/VisDrone2019-DET-val/images/0000280_02601_d_0000625.jpg,most_frequent,Which object type appears most often in the drone image?,"{'A': 'car', 'B': 'people', 'C': 'awning-tricycle', 'D': 'tricycle', 'E': 'pedestrian'}",A,A,A,car,1,1.1329762935638428
0000280_02601_d_0000625.jpg,/home/brisic03/VisDrone/VisDrone2019-DET-val/images/0000280_02601_d_0000625.jpg,location,Where is the largest car located in the image?,"{'A': 'top-left', 'B': 'top-right', 'C': 'bottom-left', 'D': 'bottom-right', 'E': 'center'}",E,E,C,bottom-left,0,1.1250686645507812
0000280_02801_d_0000626.jpg,/home/brisic03/VisDrone/VisDrone2019-DET-val/images/0000280_02801_d_0000626.jpg,presence,Which object type is visible in the drone image?,"{'A': 'truck', 'B': 'tricycle', 'C': 'van', 'D': 'motor', 'E': 'people'}",D,D,C,van,0,1.1256077289581299
0000280_02801_d_0000626.jpg,/home/brisic03/VisDrone/VisDrone2019-DET-val/images/0000280_02801_d_0000626.jpg,counting,How many motors are visible in the drone image?,"{'A': '0', 'B': '1', 'C': '2', 'D': '3', 'E': '4 or more'}",A,A,C,2,0,1.1179924011230469
0000280_02801_d_0000626.jpg,/home/brisic03/VisDrone/VisDrone2019-DET-val/images/0000280_02801_d_0000626.jpg,most_frequent,Which object type appears most often in the drone image?,"{'A': 'bus', 'B': 'car', 'C': 'awning-tricycle', 'D': 'truck', 'E': 'van'}",B,B,B,car,1,1.1314010620117188
0000280_02801_d_0000626.jpg,/home/brisic03/VisDrone/VisDrone2019-DET-val/images/0000280_02801_d_0000626.jpg,location,Where is the largest car located in the image?,"{'A': 'top-left', 'B': 'top-right', 'C': 'bottom-left', 'D': 'bottom-right', 'E': 'center'}",A,A,C,bottom-left,0,1.1230182647705078
0000280_03001_d_0000627.jpg,/home/brisic03/VisDrone/VisDrone2019-DET-val/images/0000280_03001_d_0000627.jpg,presence,Which object type is visible in the drone image?,"{'A': 'car', 'B': 'van', 'C': 'truck', 'D': 'bus', 'E': 'people'}",A,A,A,car,1,1.1177287101745605
0000280_03001_d_0000627.jpg,/home/brisic03/VisDrone/VisDrone2019-DET-val/images/0000280_03001_d_0000627.jpg,counting,How many vans are visible in the drone image?,"{'A': '0', 'B': '1', 'C': '2', 'D': '3', 'E': '4 or more'}",A,A,E,4 or more,0,1.1411864757537842
0000280_03001_d_0000627.jpg,/home/brisic03/VisDrone/VisDrone2019-DET-val/images/0000280_03001_d_0000627.jpg,most_frequent,Which object type appears most often in the drone image?,"{'A': 'car', 'B': 'tricycle', 'C': 'motor', 'D': 'truck', 'E': 'bicycle'}",A,A,A,car,1,1.1312344074249268
0000280_03001_d_0000627.jpg,/home/brisic03/VisDrone/VisDrone2019-DET-val/images/0000280_03001_d_0000627.jpg,location,Where is the largest car located in the image?,"{'A': 'top-left', 'B': 'top-right', 'C': 'bottom-left', 'D': 'bottom-right', 'E': 'center'}",E,E,C,bottom-left,0,1.125478744506836
0000280_03201_d_0000628.jpg,/home/brisic03/VisDrone/VisDrone2019-DET-val/images/0000280_03201_d_0000628.jpg,presence,Which object type is visible in the drone image?,"{'A': 'people', 'B': 'pedestrian', 'C': 'awning-tricycle', 'D': 'motor', 'E': 'truck'}",A,A,D,motor,0,1.12467622756958
0000280_03201_d_0000628.jpg,/home/brisic03/VisDrone/VisDrone2019-DET-val/images/0000280_03201_d_0000628.jpg,counting,How many buss are visible in the drone image?,"{'A': '0', 'B': '1', 'C': '2', 'D': '3', 'E': '4 or more'}",A,A,B,1,0,1.1316585540771484
0000280_03201_d_0000628.jpg,/home/brisic03/VisDrone/VisDrone2019-DET-val/images/0000280_03201_d_0000628.jpg,most_frequent,Which object type appears most often in the drone image?,"{'A': 'motor', 'B': 'bicycle', 'C': 'tricycle', 'D': 'bus', 'E': 'car'}",E,E,E,car,1,1.1288504600524902
0000280_03201_d_0000628.jpg,/home/brisic03/VisDrone/VisDrone2019-DET-val/images/0000280_03201_d_0000628.jpg,location,Where is the largest car located in the image?,"{'A': 'top-left', 'B': 'top-right', 'C': 'bottom-left', 'D': 'bottom-right', 'E': 'center'}",E,E,C,bottom-left,0,1.1329998970031738
0000280_03401_d_0000629.jpg,/home/brisic03/VisDrone/VisDrone2019-DET-val/images/0000280_03401_d_0000629.jpg,presence,Which object type is visible in the drone image?,"{'A': 'people', 'B': 'bus', 'C': 'tricycle', 'D': 'bicycle', 'E': 'truck'}",A,A,B,bus,0,1.1228547096252441
0000280_03401_d_0000629.jpg,/home/brisic03/VisDrone/VisDrone2019-DET-val/images/0000280_03401_d_0000629.jpg,counting,How many motors are visible in the drone image?,"{'A': '0', 'B': '1', 'C': '2', 'D': '3', 'E': '4 or more'}",A,A,B,1,0,1.1291520595550537
0000280_03401_d_0000629.jpg,/home/brisic03/VisDrone/VisDrone2019-DET-val/images/0000280_03401_d_0000629.jpg,most_frequent,Which object type appears most often in the drone image?,"{'A': 'bicycle', 'B': 'bus', 'C': 'pedestrian', 'D': 'truck', 'E': 'car'}",C,C,E,car,0,1.1401786804199219
0000280_03401_d_0000629.jpg,/home/brisic03/VisDrone/VisDrone2019-DET-val/images/0000280_03401_d_0000629.jpg,location,Where is the largest car located in the image?,"{'A': 'top-left', 'B': 'top-right', 'C': 'bottom-left', 'D': 'bottom-right', 'E': 'center'}",E,E,E,center,1,1.1275508403778076
0000283_00401_d_0000676.jpg,/home/brisic03/VisDrone/VisDrone2019-DET-val/images/0000283_00401_d_0000676.jpg,presence,Which object type is visible in the drone image?,"{'A': 'pedestrian', 'B': 'truck', 'C': 'car', 'D': 'awning-tricycle', 'E': 'people'}",C,C,A,pedestrian,0,1.1362841129302979
0000283_00401_d_0000676.jpg,/home/brisic03/VisDrone/VisDrone2019-DET-val/images/0000283_00401_d_0000676.jpg,counting,How many cars are visible in the drone image?,"{'A': '0', 'B': '1', 'C': '2', 'D': '3', 'E': '4 or more'}",A,A,D,3,0,1.1731600761413574
0000283_00401_d_0000676.jpg,/home/brisic03/VisDrone/VisDrone2019-DET-val/images/0000283_00401_d_0000676.jpg,most_frequent,Which object type appears most often in the drone image?,"{'A': 'pedestrian', 'B': 'awning-tricycle', 'C': 'truck', 'D': 'tricycle', 'E': 'car'}",E,E,E,car,1,1.1817595958709717
0000283_00401_d_0000676.jpg,/home/brisic03/VisDrone/VisDrone2019-DET-val/images/0000283_00401_d_0000676.jpg,location,Where is the largest car located in the image?,"{'A': 'top-left', 'B': 'top-right', 'C': 'bottom-left', 'D': 'bottom-right', 'E': 'center'}",D,D,D,bottom-right,1,1.1311864852905273
0000283_00601_d_0000677.jpg,/home/brisic03/VisDrone/VisDrone2019-DET-val/images/0000283_00601_d_0000677.jpg,presence,Which object type is visible in the drone image?,"{'A': 'awning-tricycle', 'B': 'motor', 'C': 'truck', 'D': 'pedestrian', 'E': 'car'}",E,E,C,truck,0,1.1372601985931396
0000283_00601_d_0000677.jpg,/home/brisic03/VisDrone/VisDrone2019-DET-val/images/0000283_00601_d_0000677.jpg,counting,How many trucks are visible in the drone image?,"{'A': '0', 'B': '1', 'C': '2', 'D': '3', 'E': '4 or more'}",A,A,B,1,0,1.1466684341430664
0000283_00601_d_0000677.jpg,/home/brisic03/VisDrone/VisDrone2019-DET-val/images/0000283_00601_d_0000677.jpg,location,Where is the largest car located in the image?,"{'A': 'top-left', 'B': 'top-right', 'C': 'bottom-left', 'D': 'bottom-right', 'E': 'center'}",B,B,E,center,0,1.143737554550171
0000283_00801_d_0000678.jpg,/home/brisic03/VisDrone/VisDrone2019-DET-val/images/0000283_00801_d_0000678.jpg,presence,Which object type is visible in the drone image?,"{'A': 'awning-tricycle', 'B': 'truck', 'C': 'bicycle', 'D': 'car', 'E': 'van'}",D,D,D,car,1,1.1394147872924805
0000283_00801_d_0000678.jpg,/home/brisic03/VisDrone/VisDrone2019-DET-val/images/0000283_00801_d_0000678.jpg,counting,How many cars are visible in the drone image?,"{'A': '0', 'B': '1', 'C': '2', 'D': '3', 'E': '4 or more'}",A,A,B,1,0,1.1292107105255127
0000283_00801_d_0000678.jpg,/home/brisic03/VisDrone/VisDrone2019-DET-val/images/0000283_00801_d_0000678.jpg,most_frequent,Which object type appears most often in the drone image?,"{'A': 'pedestrian', 'B': 'motor', 'C': 'truck', 'D': 'car', 'E': 'van'}",D,D,D,car,1,1.2131896018981934
0000283_00801_d_0000678.jpg,/home/brisic03/VisDrone/VisDrone2019-DET-val/images/0000283_00801_d_0000678.jpg,location,Where is the largest car located in the image?,"{'A': 'top-left', 'B': 'top-right', 'C': 'bottom-left', 'D': 'bottom-right', 'E': 'center'}",E,E,E,center,1,1.2318730354309082
0000283_01001_d_0000679.jpg,/home/brisic03/VisDrone/VisDrone2019-DET-val/images/0000283_01001_d_0000679.jpg,presence,Which object type is visible in the drone image?,"{'A': 'people', 'B': 'car', 'C': 'pedestrian', 'D': 'bicycle', 'E': 'bus'}",B,B,B,car,1,1.1762733459472656
0000283_01001_d_0000679.jpg,/home/brisic03/VisDrone/VisDrone2019-DET-val/images/0000283_01001_d_0000679.jpg,counting,How many cars are visible in the drone image?,"{'A': '0', 'B': '1', 'C': '2', 'D': '3', 'E': '4 or more'}",D,D,B,1,0,1.1414203643798828
0000283_01001_d_0000679.jpg,/home/brisic03/VisDrone/VisDrone2019-DET-val/images/0000283_01001_d_0000679.jpg,most_frequent,Which object type appears most often in the drone image?,"{'A': 'car', 'B': 'truck', 'C': 'awning-tricycle', 'D': 'pedestrian', 'E': 'van'}",A,A,A,car,1,1.1308097839355469
0000283_01001_d_0000679.jpg,/home/brisic03/VisDrone/VisDrone2019-DET-val/images/0000283_01001_d_0000679.jpg,location,Where is the largest car located in the image?,"{'A': 'top-left', 'B': 'top-right', 'C': 'bottom-left', 'D': 'bottom-right', 'E': 'center'}",E,E,E,center,1,1.1346251964569092
0000287_00001_d_0000759.jpg,/home/brisic03/VisDrone/VisDrone2019-DET-val/images/0000287_00001_d_0000759.jpg,presence,Which object type is visible in the drone image?,"{'A': 'people', 'B': 'bicycle', 'C': 'awning-tricycle', 'D': 'van', 'E': 'car'}",A,A,E,car,0,1.1342835426330566
0000287_00001_d_0000759.jpg,/home/brisic03/VisDrone/VisDrone2019-DET-val/images/0000287_00001_d_0000759.jpg,counting,How many trucks are visible in the drone image?,"{'A': '0', 'B': '1', 'C': '2', 'D': '3', 'E': '4 or more'}",A,A,B,1,0,1.1197538375854492
0000287_00001_d_0000759.jpg,/home/brisic03/VisDrone/VisDrone2019-DET-val/images/0000287_00001_d_0000759.jpg,most_frequent,Which object type appears most often in the drone image?,"{'A': 'people', 'B': 'pedestrian', 'C': 'bus', 'D': 'car', 'E': 'van'}",D,D,D,car,1,1.1145226955413818
0000287_00001_d_0000759.jpg,/home/brisic03/VisDrone/VisDrone2019-DET-val/images/0000287_00001_d_0000759.jpg,location,Where is the largest car located in the image?,"{'A': 'top-left', 'B': 'top-right', 'C': 'bottom-left', 'D': 'bottom-right', 'E': 'center'}",E,E,C,bottom-left,0,1.1227796077728271
0000287_00201_d_0000760.jpg,/home/brisic03/VisDrone/VisDrone2019-DET-val/images/0000287_00201_d_0000760.jpg,presence,Which object type is visible in the drone image?,"{'A': 'truck', 'B': 'motor', 'C': 'tricycle', 'D': 'people', 'E': 'van'}",D,D,D,people,1,1.134838342666626
0000287_00201_d_0000760.jpg,/home/brisic03/VisDrone/VisDrone2019-DET-val/images/0000287_00201_d_0000760.jpg,counting,How many motors are visible in the drone image?,"{'A': '0', 'B': '1', 'C': '2', 'D': '3', 'E': '4 or more'}",A,A,E,4 or more,0,1.1231820583343506
0000287_00201_d_0000760.jpg,/home/brisic03/VisDrone/VisDrone2019-DET-val/images/0000287_00201_d_0000760.jpg,most_frequent,Which object type appears most often in the drone image?,"{'A': 'car', 'B': 'truck', 'C': 'motor', 'D': 'tricycle', 'E': 'awning-tricycle'}",A,A,A,car,1,1.1343708038330078
0000287_00201_d_0000760.jpg,/home/brisic03/VisDrone/VisDrone2019-DET-val/images/0000287_00201_d_0000760.jpg,location,Where is the largest car located in the image?,"{'A': 'top-left', 'B': 'top-right', 'C': 'bottom-left', 'D': 'bottom-right', 'E': 'center'}",E,E,D,bottom-right,0,1.126451015472412
0000287_00401_d_0000761.jpg,/home/brisic03/VisDrone/VisDrone2019-DET-val/images/0000287_00401_d_0000761.jpg,presence,Which object type is visible in the drone image?,"{'A': 'motor', 'B': 'bicycle', 'C': 'van', 'D': 'awning-tricycle', 'E': 'car'}",E,E,C,van,0,1.1247825622558594
0000287_00401_d_0000761.jpg,/home/brisic03/VisDrone/VisDrone2019-DET-val/images/0000287_00401_d_0000761.jpg,counting,How many vans are visible in the drone image?,"{'A': '0', 'B': '1', 'C': '2', 'D': '3', 'E': '4 or more'}",A,A,B,1,0,1.1244070529937744
0000287_00401_d_0000761.jpg,/home/brisic03/VisDrone/VisDrone2019-DET-val/images/0000287_00401_d_0000761.jpg,most_frequent,Which object type appears most often in the drone image?,"{'A': 'motor', 'B': 'bicycle', 'C': 'truck', 'D': 'van', 'E': 'car'}",E,E,E,car,1,1.1192567348480225
0000287_00401_d_0000761.jpg,/home/brisic03/VisDrone/VisDrone2019-DET-val/images/0000287_00401_d_0000761.jpg,location,Where is the largest car located in the image?,"{'A': 'top-left', 'B': 'top-right', 'C': 'bottom-left', 'D': 'bottom-right', 'E': 'center'}",E,E,C,bottom-left,0,1.1330769062042236
0000287_00601_d_0000762.jpg,/home/brisic03/VisDrone/VisDrone2019-DET-val/images/0000287_00601_d_0000762.jpg,presence,Which object type is visible in the drone image?,"{'A': 'truck', 'B': 'people', 'C': 'car', 'D': 'van', 'E': 'motor'}",B,B,E,motor,0,1.1150882244110107
0000287_00601_d_0000762.jpg,/home/brisic03/VisDrone/VisDrone2019-DET-val/images/0000287_00601_d_0000762.jpg,counting,How many motors are visible in the drone image?,"{'A': '0', 'B': '1', 'C': '2', 'D': '3', 'E': '4 or more'}",A,A,B,1,0,1.1217522621154785
0000287_00601_d_0000762.jpg,/home/brisic03/VisDrone/VisDrone2019-DET-val/images/0000287_00601_d_0000762.jpg,most_frequent,Which object type appears most often in the drone image?,"{'A': 'motor', 'B': 'car', 'C': 'awning-tricycle', 'D': 'people', 'E': 'truck'}",B,B,B,car,1,1.1495914459228516
0000287_00601_d_0000762.jpg,/home/brisic03/VisDrone/VisDrone2019-DET-val/images/0000287_00601_d_0000762.jpg,location,Where is the largest car located in the image?,"{'A': 'top-left', 'B': 'top-right', 'C': 'bottom-left', 'D': 'bottom-right', 'E': 'center'}",C,C,C,bottom-left,1,1.1208291053771973
0000287_00801_d_0000763.jpg,/home/brisic03/VisDrone/VisDrone2019-DET-val/images/0000287_00801_d_0000763.jpg,presence,Which object type is visible in the drone image?,"{'A': 'car', 'B': 'people', 'C': 'bus', 'D': 'motor', 'E': 'tricycle'}",A,A,B,people,0,1.1374332904815674
0000287_00801_d_0000763.jpg,/home/brisic03/VisDrone/VisDrone2019-DET-val/images/0000287_00801_d_0000763.jpg,counting,How many awning-tricycles are visible in the drone image?,"{'A': '0', 'B': '1', 'C': '2', 'D': '3', 'E': '4 or more'}",A,A,B,1,0,1.1299302577972412
0000287_00801_d_0000763.jpg,/home/brisic03/VisDrone/VisDrone2019-DET-val/images/0000287_00801_d_0000763.jpg,most_frequent,Which object type appears most often in the drone image?,"{'A': 'pedestrian', 'B': 'motor', 'C': 'bicycle', 'D': 'car', 'E': 'awning-tricycle'}",D,D,D,car,1,1.1313581466674805
0000287_00801_d_0000763.jpg,/home/brisic03/VisDrone/VisDrone2019-DET-val/images/0000287_00801_d_0000763.jpg,location,Where is the largest car located in the image?,"{'A': 'top-left', 'B': 'top-right', 'C': 'bottom-left', 'D': 'bottom-right', 'E': 'center'}",A,A,C,bottom-left,0,1.1281518936157227
0000287_01001_d_0000764.jpg,/home/brisic03/VisDrone/VisDrone2019-DET-val/images/0000287_01001_d_0000764.jpg,presence,Which object type is visible in the drone image?,"{'A': 'bicycle', 'B': 'pedestrian', 'C': 'motor', 'D': 'tricycle', 'E': 'truck'}",B,B,D,tricycle,0,1.1290454864501953
0000287_01001_d_0000764.jpg,/home/brisic03/VisDrone/VisDrone2019-DET-val/images/0000287_01001_d_0000764.jpg,counting,How many tricycles are visible in the drone image?,"{'A': '0', 'B': '1', 'C': '2', 'D': '3', 'E': '4 or more'}",A,A,C,2,0,1.1220591068267822
0000287_01001_d_0000764.jpg,/home/brisic03/VisDrone/VisDrone2019-DET-val/images/0000287_01001_d_0000764.jpg,most_frequent,Which object type appears most often in the drone image?,"{'A': 'awning-tricycle', 'B': 'bicycle', 'C': 'car', 'D': 'people', 'E': 'van'}",C,C,E,van,0,1.1380398273468018
0000287_01001_d_0000764.jpg,/home/brisic03/VisDrone/VisDrone2019-DET-val/images/0000287_01001_d_0000764.jpg,location,Where is the largest car located in the image?,"{'A': 'top-left', 'B': 'top-right', 'C': 'bottom-left', 'D': 'bottom-right', 'E': 'center'}",E,E,C,bottom-left,0,1.1307368278503418
0000287_01201_d_0000765.jpg,/home/brisic03/VisDrone/VisDrone2019-DET-val/images/0000287_01201_d_0000765.jpg,presence,Which object type is visible in the drone image?,"{'A': 'car', 'B': 'tricycle', 'C': 'people', 'D': 'awning-tricycle', 'E': 'pedestrian'}",A,A,E,pedestrian,0,1.1318719387054443
0000287_01201_d_0000765.jpg,/home/brisic03/VisDrone/VisDrone2019-DET-val/images/0000287_01201_d_0000765.jpg,counting,How many vans are visible in the drone image?,"{'A': '0', 'B': '1', 'C': '2', 'D': '3', 'E': '4 or more'}",A,A,D,3,0,1.1187031269073486
0000287_01201_d_0000765.jpg,/home/brisic03/VisDrone/VisDrone2019-DET-val/images/0000287_01201_d_0000765.jpg,most_frequent,Which object type appears most often in the drone image?,"{'A': 'truck', 'B': 'awning-tricycle', 'C': 'bicycle', 'D': 'people', 'E': 'car'}",E,E,E,car,1,1.2051153182983398
0000287_01201_d_0000765.jpg,/home/brisic03/VisDrone/VisDrone2019-DET-val/images/0000287_01201_d_0000765.jpg,location,Where is the largest car located in the image?,"{'A': 'top-left', 'B': 'top-right', 'C': 'bottom-left', 'D': 'bottom-right', 'E': 'center'}",E,E,C,bottom-left,0,1.2151284217834473
0000287_01401_d_0000766.jpg,/home/brisic03/VisDrone/VisDrone2019-DET-val/images/0000287_01401_d_0000766.jpg,presence,Which object type is visible in the drone image?,"{'A': 'truck', 'B': 'van', 'C': 'awning-tricycle', 'D': 'car', 'E': 'tricycle'}",D,D,E,tricycle,0,1.1538562774658203
0000287_01401_d_0000766.jpg,/home/brisic03/VisDrone/VisDrone2019-DET-val/images/0000287_01401_d_0000766.jpg,counting,How many cars are visible in the drone image?,"{'A': '0', 'B': '1', 'C': '2', 'D': '3', 'E': '4 or more'}",E,E,E,4 or more,1,1.128810167312622
0000287_01401_d_0000766.jpg,/home/brisic03/VisDrone/VisDrone2019-DET-val/images/0000287_01401_d_0000766.jpg,most_frequent,Which object type appears most often in the drone image?,"{'A': 'tricycle', 'B': 'bus', 'C': 'car', 'D': 'people', 'E': 'pedestrian'}",C,C,C,car,1,1.1198382377624512
0000287_01401_d_0000766.jpg,/home/brisic03/VisDrone/VisDrone2019-DET-val/images/0000287_01401_d_0000766.jpg,location,Where is the largest van located in the image?,"{'A': 'top-left', 'B': 'top-right', 'C': 'bottom-left', 'D': 'bottom-right', 'E': 'center'}",E,E,C,bottom-left,0,1.134263515472412
0000287_01601_d_0000767.jpg,/home/brisic03/VisDrone/VisDrone2019-DET-val/images/0000287_01601_d_0000767.jpg,presence,Which object type is visible in the drone image?,"{'A': 'van', 'B': 'pedestrian', 'C': 'bicycle', 'D': 'car', 'E': 'awning-tricycle'}",D,D,E,awning-tricycle,0,1.1180782318115234
0000287_01601_d_0000767.jpg,/home/brisic03/VisDrone/VisDrone2019-DET-val/images/0000287_01601_d_0000767.jpg,counting,How many vans are visible in the drone image?,"{'A': '0', 'B': '1', 'C': '2', 'D': '3', 'E': '4 or more'}",A,A,D,3,0,1.1296522617340088
0000287_01601_d_0000767.jpg,/home/brisic03/VisDrone/VisDrone2019-DET-val/images/0000287_01601_d_0000767.jpg,most_frequent,Which object type appears most often in the drone image?,"{'A': 'car', 'B': 'motor', 'C': 'pedestrian', 'D': 'bus', 'E': 'van'}",A,A,A,car,1,1.1222362518310547
0000287_01601_d_0000767.jpg,/home/brisic03/VisDrone/VisDrone2019-DET-val/images/0000287_01601_d_0000767.jpg,location,Where is the largest car located in the image?,"{'A': 'top-left', 'B': 'top-right', 'C': 'bottom-left', 'D': 'bottom-right', 'E': 'center'}",C,C,C,bottom-left,1,1.1301145553588867
0000287_01801_d_0000768.jpg,/home/brisic03/VisDrone/VisDrone2019-DET-val/images/0000287_01801_d_0000768.jpg,presence,Which object type is visible in the drone image?,"{'A': 'pedestrian', 'B': 'people', 'C': 'truck', 'D': 'car', 'E': 'motor'}",B,B,E,motor,0,1.1236884593963623
0000287_01801_d_0000768.jpg,/home/brisic03/VisDrone/VisDrone2019-DET-val/images/0000287_01801_d_0000768.jpg,counting,How many motors are visible in the drone image?,"{'A': '0', 'B': '1', 'C': '2', 'D': '3', 'E': '4 or more'}",A,A,B,1,0,1.1233863830566406
0000287_01801_d_0000768.jpg,/home/brisic03/VisDrone/VisDrone2019-DET-val/images/0000287_01801_d_0000768.jpg,most_frequent,Which object type appears most often in the drone image?,"{'A': 'tricycle', 'B': 'truck', 'C': 'car', 'D': 'bicycle', 'E': 'van'}",C,C,C,car,1,1.132028341293335
0000287_01801_d_0000768.jpg,/home/brisic03/VisDrone/VisDrone2019-DET-val/images/0000287_01801_d_0000768.jpg,location,Where is the largest car located in the image?,"{'A': 'top-left', 'B': 'top-right', 'C': 'bottom-left', 'D': 'bottom-right', 'E': 'center'}",A,A,D,bottom-right,0,1.1283061504364014
0000287_02001_d_0000769.jpg,/home/brisic03/VisDrone/VisDrone2019-DET-val/images/0000287_02001_d_0000769.jpg,presence,Which object type is visible in the drone image?,"{'A': 'motor', 'B': 'pedestrian', 'C': 'bicycle', 'D': 'van', 'E': 'awning-tricycle'}",B,B,D,van,0,1.1241214275360107
0000287_02001_d_0000769.jpg,/home/brisic03/VisDrone/VisDrone2019-DET-val/images/0000287_02001_d_0000769.jpg,counting,How many vans are visible in the drone image?,"{'A': '0', 'B': '1', 'C': '2', 'D': '3', 'E': '4 or more'}",A,A,C,2,0,1.1420259475708008
0000287_02001_d_0000769.jpg,/home/brisic03/VisDrone/VisDrone2019-DET-val/images/0000287_02001_d_0000769.jpg,most_frequent,Which object type appears most often in the drone image?,"{'A': 'van', 'B': 'car', 'C': 'pedestrian', 'D': 'truck', 'E': 'people'}",B,B,B,car,1,1.1272053718566895
0000287_02001_d_0000769.jpg,/home/brisic03/VisDrone/VisDrone2019-DET-val/images/0000287_02001_d_0000769.jpg,location,Where is the largest van located in the image?,"{'A': 'top-left', 'B': 'top-right', 'C': 'bottom-left', 'D': 'bottom-right', 'E': 'center'}",C,C,D,bottom-right,0,1.1262409687042236
0000287_02201_d_0000770.jpg,/home/brisic03/VisDrone/VisDrone2019-DET-val/images/0000287_02201_d_0000770.jpg,presence,Which object type is visible in the drone image?,"{'A': 'pedestrian', 'B': 'bus', 'C': 'tricycle', 'D': 'motor', 'E': 'van'}",A,A,C,tricycle,0,1.130720615386963
0000287_02201_d_0000770.jpg,/home/brisic03/VisDrone/VisDrone2019-DET-val/images/0000287_02201_d_0000770.jpg,counting,How many cars are visible in the drone image?,"{'A': '0', 'B': '1', 'C': '2', 'D': '3', 'E': '4 or more'}",B,B,E,4 or more,0,1.1273963451385498
0000287_02201_d_0000770.jpg,/home/brisic03/VisDrone/VisDrone2019-DET-val/images/0000287_02201_d_0000770.jpg,most_frequent,Which object type appears most often in the drone image?,"{'A': 'awning-tricycle', 'B': 'van', 'C': 'bus', 'D': 'tricycle', 'E': 'car'}",E,E,E,car,1,1.129918098449707
0000287_02201_d_0000770.jpg,/home/brisic03/VisDrone/VisDrone2019-DET-val/images/0000287_02201_d_0000770.jpg,location,Where is the largest car located in the image?,"{'A': 'top-left', 'B': 'top-right', 'C': 'bottom-left', 'D': 'bottom-right', 'E': 'center'}",E,E,E,center,1,1.1332943439483643
0000287_02401_d_0000771.jpg,/home/brisic03/VisDrone/VisDrone2019-DET-val/images/0000287_02401_d_0000771.jpg,presence,Which object type is visible in the drone image?,"{'A': 'bus', 'B': 'tricycle', 'C': 'van', 'D': 'people', 'E': 'truck'}",C,C,B,tricycle,0,1.130274772644043
0000287_02401_d_0000771.jpg,/home/brisic03/VisDrone/VisDrone2019-DET-val/images/0000287_02401_d_0000771.jpg,counting,How many vans are visible in the drone image?,"{'A': '0', 'B': '1', 'C': '2', 'D': '3', 'E': '4 or more'}",B,B,B,1,1,1.1267948150634766
0000287_02401_d_0000771.jpg,/home/brisic03/VisDrone/VisDrone2019-DET-val/images/0000287_02401_d_0000771.jpg,most_frequent,Which object type appears most often in the drone image?,"{'A': 'awning-tricycle', 'B': 'tricycle', 'C': 'car', 'D': 'pedestrian', 'E': 'motor'}",C,C,C,car,1,1.127352237701416
0000287_02401_d_0000771.jpg,/home/brisic03/VisDrone/VisDrone2019-DET-val/images/0000287_02401_d_0000771.jpg,location,Where is the largest car located in the image?,"{'A': 'top-left', 'B': 'top-right', 'C': 'bottom-left', 'D': 'bottom-right', 'E': 'center'}",A,A,C,bottom-left,0,1.1379241943359375
0000287_02601_d_0000772.jpg,/home/brisic03/VisDrone/VisDrone2019-DET-val/images/0000287_02601_d_0000772.jpg,presence,Which object type is visible in the drone image?,"{'A': 'truck', 'B': 'bus', 'C': 'motor', 'D': 'awning-tricycle', 'E': 'van'}",D,D,D,awning-tricycle,1,1.1641476154327393
0000287_02601_d_0000772.jpg,/home/brisic03/VisDrone/VisDrone2019-DET-val/images/0000287_02601_d_0000772.jpg,counting,How many awning-tricycles are visible in the drone image?,"{'A': '0', 'B': '1', 'C': '2', 'D': '3', 'E': '4 or more'}",A,A,B,1,0,1.1316583156585693
0000287_02601_d_0000772.jpg,/home/brisic03/VisDrone/VisDrone2019-DET-val/images/0000287_02601_d_0000772.jpg,most_frequent,Which object type appears most often in the drone image?,"{'A': 'people', 'B': 'bicycle', 'C': 'van', 'D': 'car', 'E': 'awning-tricycle'}",D,D,D,car,1,1.134702444076538
0000287_02601_d_0000772.jpg,/home/brisic03/VisDrone/VisDrone2019-DET-val/images/0000287_02601_d_0000772.jpg,location,Where is the largest car located in the image?,"{'A': 'top-left', 'B': 'top-right', 'C': 'bottom-left', 'D': 'bottom-right', 'E': 'center'}",C,C,D,bottom-right,0,1.1335275173187256
0000287_02801_d_0000773.jpg,/home/brisic03/VisDrone/VisDrone2019-DET-val/images/0000287_02801_d_0000773.jpg,presence,Which object type is visible in the drone image?,"{'A': 'van', 'B': 'motor', 'C': 'awning-tricycle', 'D': 'pedestrian', 'E': 'bicycle'}",C,C,C,awning-tricycle,1,1.1256694793701172
0000287_02801_d_0000773.jpg,/home/brisic03/VisDrone/VisDrone2019-DET-val/images/0000287_02801_d_0000773.jpg,counting,How many trucks are visible in the drone image?,"{'A': '0', 'B': '1', 'C': '2', 'D': '3', 'E': '4 or more'}",B,B,B,1,1,1.1296992301940918
0000287_02801_d_0000773.jpg,/home/brisic03/VisDrone/VisDrone2019-DET-val/images/0000287_02801_d_0000773.jpg,most_frequent,Which object type appears most often in the drone image?,"{'A': 'car', 'B': 'pedestrian', 'C': 'awning-tricycle', 'D': 'people', 'E': 'motor'}",A,A,A,car,1,1.129364013671875
0000287_02801_d_0000773.jpg,/home/brisic03/VisDrone/VisDrone2019-DET-val/images/0000287_02801_d_0000773.jpg,location,Where is the largest truck located in the image?,"{'A': 'top-left', 'B': 'top-right', 'C': 'bottom-left', 'D': 'bottom-right', 'E': 'center'}",E,E,E,center,1,1.130136251449585
0000287_03001_d_0000774.jpg,/home/brisic03/VisDrone/VisDrone2019-DET-val/images/0000287_03001_d_0000774.jpg,presence,Which object type is visible in the drone image?,"{'A': 'motor', 'B': 'truck', 'C': 'people', 'D': 'pedestrian', 'E': 'car'}",E,E,E,car,1,1.1251871585845947
0000287_03001_d_0000774.jpg,/home/brisic03/VisDrone/VisDrone2019-DET-val/images/0000287_03001_d_0000774.jpg,counting,How many vans are visible in the drone image?,"{'A': '0', 'B': '1', 'C': '2', 'D': '3', 'E': '4 or more'}",A,A,C,2,0,1.1686081886291504
0000287_03001_d_0000774.jpg,/home/brisic03/VisDrone/VisDrone2019-DET-val/images/0000287_03001_d_0000774.jpg,most_frequent,Which object type appears most often in the drone image?,"{'A': 'pedestrian', 'B': 'motor', 'C': 'car', 'D': 'van', 'E': 'awning-tricycle'}",C,C,C,car,1,1.1403484344482422
0000287_03001_d_0000774.jpg,/home/brisic03/VisDrone/VisDrone2019-DET-val/images/0000287_03001_d_0000774.jpg,location,Where is the largest truck located in the image?,"{'A': 'top-left', 'B': 'top-right', 'C': 'bottom-left', 'D': 'bottom-right', 'E': 'center'}",B,B,B,top-right,1,1.1358764171600342
0000287_03401_d_0000776.jpg,/home/brisic03/VisDrone/VisDrone2019-DET-val/images/0000287_03401_d_0000776.jpg,presence,Which object type is visible in the drone image?,"{'A': 'pedestrian', 'B': 'awning-tricycle', 'C': 'truck', 'D': 'people', 'E': 'bicycle'}",D,D,C,truck,0,1.1195433139801025
0000287_03401_d_0000776.jpg,/home/brisic03/VisDrone/VisDrone2019-DET-val/images/0000287_03401_d_0000776.jpg,counting,How many trucks are visible in the drone image?,"{'A': '0', 'B': '1', 'C': '2', 'D': '3', 'E': '4 or more'}",A,A,B,1,0,1.1281890869140625
0000287_03401_d_0000776.jpg,/home/brisic03/VisDrone/VisDrone2019-DET-val/images/0000287_03401_d_0000776.jpg,most_frequent,Which object type appears most often in the drone image?,"{'A': 'truck', 'B': 'people', 'C': 'car', 'D': 'awning-tricycle', 'E': 'bus'}",C,C,C,car,1,1.1364879608154297
0000287_03401_d_0000776.jpg,/home/brisic03/VisDrone/VisDrone2019-DET-val/images/0000287_03401_d_0000776.jpg,location,Where is the largest truck located in the image?,"{'A': 'top-left', 'B': 'top-right', 'C': 'bottom-left', 'D': 'bottom-right', 'E': 'center'}",A,A,D,bottom-right,0,1.143441915512085
0000287_04601_d_0000780.jpg,/home/brisic03/VisDrone/VisDrone2019-DET-val/images/0000287_04601_d_0000780.jpg,presence,Which object type is visible in the drone image?,"{'A': 'pedestrian', 'B': 'truck', 'C': 'car', 'D': 'bicycle', 'E': 'van'}",C,C,B,truck,0,1.1240615844726562
0000287_04601_d_0000780.jpg,/home/brisic03/VisDrone/VisDrone2019-DET-val/images/0000287_04601_d_0000780.jpg,counting,How many vans are visible in the drone image?,"{'A': '0', 'B': '1', 'C': '2', 'D': '3', 'E': '4 or more'}",A,A,C,2,0,1.1264119148254395
0000287_04601_d_0000780.jpg,/home/brisic03/VisDrone/VisDrone2019-DET-val/images/0000287_04601_d_0000780.jpg,most_frequent,Which object type appears most often in the drone image?,"{'A': 'motor', 'B': 'pedestrian', 'C': 'bus', 'D': 'car', 'E': 'awning-tricycle'}",D,D,D,car,1,1.141080379486084
0000287_04601_d_0000780.jpg,/home/brisic03/VisDrone/VisDrone2019-DET-val/images/0000287_04601_d_0000780.jpg,location,Where is the largest truck located in the image?,"{'A': 'top-left', 'B': 'top-right', 'C': 'bottom-left', 'D': 'bottom-right', 'E': 'center'}",A,A,B,top-right,0,1.123229742050171
0000287_04801_d_0000781.jpg,/home/brisic03/VisDrone/VisDrone2019-DET-val/images/0000287_04801_d_0000781.jpg,presence,Which object type is visible in the drone image?,"{'A': 'van', 'B': 'tricycle', 'C': 'motor', 'D': 'people', 'E': 'bicycle'}",D,D,E,bicycle,0,1.1260576248168945
0000287_04801_d_0000781.jpg,/home/brisic03/VisDrone/VisDrone2019-DET-val/images/0000287_04801_d_0000781.jpg,counting,How many trucks are visible in the drone image?,"{'A': '0', 'B': '1', 'C': '2', 'D': '3', 'E': '4 or more'}",A,A,B,1,0,1.1320750713348389
0000287_04801_d_0000781.jpg,/home/brisic03/VisDrone/VisDrone2019-DET-val/images/0000287_04801_d_0000781.jpg,most_frequent,Which object type appears most often in the drone image?,"{'A': 'pedestrian', 'B': 'bus', 'C': 'motor', 'D': 'car', 'E': 'tricycle'}",D,D,D,car,1,1.1378002166748047
0000287_04801_d_0000781.jpg,/home/brisic03/VisDrone/VisDrone2019-DET-val/images/0000287_04801_d_0000781.jpg,location,Where is the largest bicycle located in the image?,"{'A': 'top-left', 'B': 'top-right', 'C': 'bottom-left', 'D': 'bottom-right', 'E': 'center'}",E,E,E,center,1,1.1279115676879883
0000287_05001_d_0000782.jpg,/home/brisic03/VisDrone/VisDrone2019-DET-val/images/0000287_05001_d_0000782.jpg,presence,Which object type is visible in the drone image?,"{'A': 'van', 'B': 'pedestrian', 'C': 'tricycle', 'D': 'people', 'E': 'awning-tricycle'}",E,E,A,van,0,1.1287727355957031
0000287_05001_d_0000782.jpg,/home/brisic03/VisDrone/VisDrone2019-DET-val/images/0000287_05001_d_0000782.jpg,counting,How many vans are visible in the drone image?,"{'A': '0', 'B': '1', 'C': '2', 'D': '3', 'E': '4 or more'}",A,A,C,2,0,1.1373100280761719
0000287_05001_d_0000782.jpg,/home/brisic03/VisDrone/VisDrone2019-DET-val/images/0000287_05001_d_0000782.jpg,most_frequent,Which object type appears most often in the drone image?,"{'A': 'car', 'B': 'bus', 'C': 'motor', 'D': 'van', 'E': 'tricycle'}",A,A,A,car,1,1.1331133842468262
0000287_05001_d_0000782.jpg,/home/brisic03/VisDrone/VisDrone2019-DET-val/images/0000287_05001_d_0000782.jpg,location,Where is the largest truck located in the image?,"{'A': 'top-left', 'B': 'top-right', 'C': 'bottom-left', 'D': 'bottom-right', 'E': 'center'}",A,A,E,center,0,1.1336884498596191
0000289_00001_d_0000811.jpg,/home/brisic03/VisDrone/VisDrone2019-DET-val/images/0000289_00001_d_0000811.jpg,presence,Which object type is visible in the drone image?,"{'A': 'motor', 'B': 'bus', 'C': 'bicycle', 'D': 'pedestrian', 'E': 'car'}",C,C,E,car,0,1.1315395832061768
0000289_00001_d_0000811.jpg,/home/brisic03/VisDrone/VisDrone2019-DET-val/images/0000289_00001_d_0000811.jpg,counting,How many cars are visible in the drone image?,"{'A': '0', 'B': '1', 'C': '2', 'D': '3', 'E': '4 or more'}",A,A,E,4 or more,0,1.1204102039337158
0000289_00001_d_0000811.jpg,/home/brisic03/VisDrone/VisDrone2019-DET-val/images/0000289_00001_d_0000811.jpg,most_frequent,Which object type appears most often in the drone image?,"{'A': 'bicycle', 'B': 'people', 'C': 'pedestrian', 'D': 'van', 'E': 'car'}",A,A,E,car,0,1.1340827941894531
0000289_00001_d_0000811.jpg,/home/brisic03/VisDrone/VisDrone2019-DET-val/images/0000289_00001_d_0000811.jpg,location,Where is the largest car located in the image?,"{'A': 'top-left', 'B': 'top-right', 'C': 'bottom-left', 'D': 'bottom-right', 'E': 'center'}",E,E,E,center,1,1.1391308307647705
0000289_00201_d_0000812.jpg,/home/brisic03/VisDrone/VisDrone2019-DET-val/images/0000289_00201_d_0000812.jpg,presence,Which object type is visible in the drone image?,"{'A': 'car', 'B': 'motor', 'C': 'truck', 'D': 'bus', 'E': 'van'}",A,A,E,van,0,1.115631341934204
0000289_00201_d_0000812.jpg,/home/brisic03/VisDrone/VisDrone2019-DET-val/images/0000289_00201_d_0000812.jpg,counting,How many motors are visible in the drone image?,"{'A': '0', 'B': '1', 'C': '2', 'D': '3', 'E': '4 or more'}",A,A,D,3,0,1.1261444091796875
0000289_00201_d_0000812.jpg,/home/brisic03/VisDrone/VisDrone2019-DET-val/images/0000289_00201_d_0000812.jpg,most_frequent,Which object type appears most often in the drone image?,"{'A': 'bicycle', 'B': 'pedestrian', 'C': 'car', 'D': 'bus', 'E': 'truck'}",C,C,C,car,1,1.1321382522583008
0000289_00201_d_0000812.jpg,/home/brisic03/VisDrone/VisDrone2019-DET-val/images/0000289_00201_d_0000812.jpg,location,Where is the largest car located in the image?,"{'A': 'top-left', 'B': 'top-right', 'C': 'bottom-left', 'D': 'bottom-right', 'E': 'center'}",E,E,D,bottom-right,0,1.1312599182128906
0000289_00401_d_0000813.jpg,/home/brisic03/VisDrone/VisDrone2019-DET-val/images/0000289_00401_d_0000813.jpg,presence,Which object type is visible in the drone image?,"{'A': 'motor', 'B': 'tricycle', 'C': 'pedestrian', 'D': 'bus', 'E': 'van'}",A,A,E,van,0,1.1321213245391846
0000289_00401_d_0000813.jpg,/home/brisic03/VisDrone/VisDrone2019-DET-val/images/0000289_00401_d_0000813.jpg,counting,How many bicycles are visible in the drone image?,"{'A': '0', 'B': '1', 'C': '2', 'D': '3', 'E': '4 or more'}",A,A,D,3,0,1.1369094848632812
0000289_00401_d_0000813.jpg,/home/brisic03/VisDrone/VisDrone2019-DET-val/images/0000289_00401_d_0000813.jpg,most_frequent,Which object type appears most often in the drone image?,"{'A': 'bus', 'B': 'car', 'C': 'motor', 'D': 'people', 'E': 'tricycle'}",B,B,B,car,1,1.1331901550292969
0000289_00401_d_0000813.jpg,/home/brisic03/VisDrone/VisDrone2019-DET-val/images/0000289_00401_d_0000813.jpg,location,Where is the largest car located in the image?,"{'A': 'top-left', 'B': 'top-right', 'C': 'bottom-left', 'D': 'bottom-right', 'E': 'center'}",E,E,C,bottom-left,0,1.135810375213623
0000289_00601_d_0000814.jpg,/home/brisic03/VisDrone/VisDrone2019-DET-val/images/0000289_00601_d_0000814.jpg,presence,Which object type is visible in the drone image?,"{'A': 'car', 'B': 'truck', 'C': 'pedestrian', 'D': 'bicycle', 'E': 'people'}",A,A,A,car,1,1.1291000843048096
0000289_00601_d_0000814.jpg,/home/brisic03/VisDrone/VisDrone2019-DET-val/images/0000289_00601_d_0000814.jpg,counting,How many motors are visible in the drone image?,"{'A': '0', 'B': '1', 'C': '2', 'D': '3', 'E': '4 or more'}",A,A,D,3,0,1.1297142505645752
0000289_00601_d_0000814.jpg,/home/brisic03/VisDrone/VisDrone2019-DET-val/images/0000289_00601_d_0000814.jpg,most_frequent,Which object type appears most often in the drone image?,"{'A': 'pedestrian', 'B': 'car', 'C': 'tricycle', 'D': 'motor', 'E': 'van'}",B,B,B,car,1,1.1344552040100098
0000289_00601_d_0000814.jpg,/home/brisic03/VisDrone/VisDrone2019-DET-val/images/0000289_00601_d_0000814.jpg,location,Where is the largest car located in the image?,"{'A': 'top-left', 'B': 'top-right', 'C': 'bottom-left', 'D': 'bottom-right', 'E': 'center'}",E,E,D,bottom-right,0,1.1410300731658936
0000289_00801_d_0000815.jpg,/home/brisic03/VisDrone/VisDrone2019-DET-val/images/0000289_00801_d_0000815.jpg,presence,Which object type is visible in the drone image?,"{'A': 'bicycle', 'B': 'tricycle', 'C': 'pedestrian', 'D': 'awning-tricycle', 'E': 'car'}",C,C,E,car,0,1.1346063613891602
0000289_00801_d_0000815.jpg,/home/brisic03/VisDrone/VisDrone2019-DET-val/images/0000289_00801_d_0000815.jpg,counting,How many awning-tricycles are visible in the drone image?,"{'A': '0', 'B': '1', 'C': '2', 'D': '3', 'E': '4 or more'}",A,A,B,1,0,1.1325464248657227
0000289_00801_d_0000815.jpg,/home/brisic03/VisDrone/VisDrone2019-DET-val/images/0000289_00801_d_0000815.jpg,most_frequent,Which object type appears most often in the drone image?,"{'A': 'truck', 'B': 'people', 'C': 'pedestrian', 'D': 'car', 'E': 'bicycle'}",D,D,D,car,1,1.123443841934204
0000289_00801_d_0000815.jpg,/home/brisic03/VisDrone/VisDrone2019-DET-val/images/0000289_00801_d_0000815.jpg,location,Where is the largest van located in the image?,"{'A': 'top-left', 'B': 'top-right', 'C': 'bottom-left', 'D': 'bottom-right', 'E': 'center'}",E,E,E,center,1,1.1301348209381104
0000289_01001_d_0000816.jpg,/home/brisic03/VisDrone/VisDrone2019-DET-val/images/0000289_01001_d_0000816.jpg,presence,Which object type is visible in the drone image?,"{'A': 'motor', 'B': 'people', 'C': 'bicycle', 'D': 'car', 'E': 'pedestrian'}",D,D,A,motor,0,1.125232458114624
0000289_01001_d_0000816.jpg,/home/brisic03/VisDrone/VisDrone2019-DET-val/images/0000289_01001_d_0000816.jpg,counting,How many tricycles are visible in the drone image?,"{'A': '0', 'B': '1', 'C': '2', 'D': '3', 'E': '4 or more'}",A,A,B,1,0,1.1191015243530273
0000289_01001_d_0000816.jpg,/home/brisic03/VisDrone/VisDrone2019-DET-val/images/0000289_01001_d_0000816.jpg,most_frequent,Which object type appears most often in the drone image?,"{'A': 'bus', 'B': 'tricycle', 'C': 'car', 'D': 'awning-tricycle', 'E': 'van'}",C,C,C,car,1,1.141347885131836
0000289_01001_d_0000816.jpg,/home/brisic03/VisDrone/VisDrone2019-DET-val/images/0000289_01001_d_0000816.jpg,location,Where is the largest car located in the image?,"{'A': 'top-left', 'B': 'top-right', 'C': 'bottom-left', 'D': 'bottom-right', 'E': 'center'}",E,E,C,bottom-left,0,1.1409411430358887
0000289_01201_d_0000817.jpg,/home/brisic03/VisDrone/VisDrone2019-DET-val/images/0000289_01201_d_0000817.jpg,presence,Which object type is visible in the drone image?,"{'A': 'car', 'B': 'bus', 'C': 'tricycle', 'D': 'van', 'E': 'truck'}",A,A,A,car,1,1.130021333694458
0000289_01201_d_0000817.jpg,/home/brisic03/VisDrone/VisDrone2019-DET-val/images/0000289_01201_d_0000817.jpg,counting,How many awning-tricycles are visible in the drone image?,"{'A': '0', 'B': '1', 'C': '2', 'D': '3', 'E': '4 or more'}",A,A,D,3,0,1.1381537914276123
0000289_01201_d_0000817.jpg,/home/brisic03/VisDrone/VisDrone2019-DET-val/images/0000289_01201_d_0000817.jpg,most_frequent,Which object type appears most often in the drone image?,"{'A': 'tricycle', 'B': 'van', 'C': 'car', 'D': 'people', 'E': 'pedestrian'}",C,C,C,car,1,1.1297426223754883
0000289_01201_d_0000817.jpg,/home/brisic03/VisDrone/VisDrone2019-DET-val/images/0000289_01201_d_0000817.jpg,location,Where is the largest car located in the image?,"{'A': 'top-left', 'B': 'top-right', 'C': 'bottom-left', 'D': 'bottom-right', 'E': 'center'}",D,D,D,bottom-right,1,1.1335086822509766
0000289_01401_d_0000818.jpg,/home/brisic03/VisDrone/VisDrone2019-DET-val/images/0000289_01401_d_0000818.jpg,presence,Which object type is visible in the drone image?,"{'A': 'awning-tricycle', 'B': 'bus', 'C': 'tricycle', 'D': 'van', 'E': 'motor'}",B,B,B,bus,1,1.1226835250854492
0000289_01401_d_0000818.jpg,/home/brisic03/VisDrone/VisDrone2019-DET-val/images/0000289_01401_d_0000818.jpg,counting,How many vans are visible in the drone image?,"{'A': '0', 'B': '1', 'C': '2', 'D': '3', 'E': '4 or more'}",A,A,C,2,0,1.1305537223815918
0000289_01401_d_0000818.jpg,/home/brisic03/VisDrone/VisDrone2019-DET-val/images/0000289_01401_d_0000818.jpg,most_frequent,Which object type appears most often in the drone image?,"{'A': 'awning-tricycle', 'B': 'people', 'C': 'van', 'D': 'motor', 'E': 'car'}",B,B,E,car,0,1.1405997276306152
0000289_01401_d_0000818.jpg,/home/brisic03/VisDrone/VisDrone2019-DET-val/images/0000289_01401_d_0000818.jpg,location,Where is the largest bus located in the image?,"{'A': 'top-left', 'B': 'top-right', 'C': 'bottom-left', 'D': 'bottom-right', 'E': 'center'}",E,E,E,center,1,1.1348190307617188
0000289_01601_d_0000819.jpg,/home/brisic03/VisDrone/VisDrone2019-DET-val/images/0000289_01601_d_0000819.jpg,presence,Which object type is visible in the drone image?,"{'A': 'tricycle', 'B': 'motor', 'C': 'pedestrian', 'D': 'car', 'E': 'bicycle'}",E,E,D,car,0,1.1258916854858398
0000289_01601_d_0000819.jpg,/home/brisic03/VisDrone/VisDrone2019-DET-val/images/0000289_01601_d_0000819.jpg,counting,How many vans are visible in the drone image?,"{'A': '0', 'B': '1', 'C': '2', 'D': '3', 'E': '4 or more'}",A,A,B,1,0,1.129030704498291
0000289_01601_d_0000819.jpg,/home/brisic03/VisDrone/VisDrone2019-DET-val/images/0000289_01601_d_0000819.jpg,most_frequent,Which object type appears most often in the drone image?,"{'A': 'motor', 'B': 'bicycle', 'C': 'tricycle', 'D': 'truck', 'E': 'car'}",E,E,E,car,1,1.1401851177215576
0000289_01601_d_0000819.jpg,/home/brisic03/VisDrone/VisDrone2019-DET-val/images/0000289_01601_d_0000819.jpg,location,Where is the largest car located in the image?,"{'A': 'top-left', 'B': 'top-right', 'C': 'bottom-left', 'D': 'bottom-right', 'E': 'center'}",E,E,E,center,1,1.1296782493591309
0000289_02001_d_0000821.jpg,/home/brisic03/VisDrone/VisDrone2019-DET-val/images/0000289_02001_d_0000821.jpg,presence,Which object type is visible in the drone image?,"{'A': 'people', 'B': 'motor', 'C': 'awning-tricycle', 'D': 'truck', 'E': 'van'}",A,A,D,truck,0,1.1276299953460693
0000289_02001_d_0000821.jpg,/home/brisic03/VisDrone/VisDrone2019-DET-val/images/0000289_02001_d_0000821.jpg,counting,How many bicycles are visible in the drone image?,"{'A': '0', 'B': '1', 'C': '2', 'D': '3', 'E': '4 or more'}",A,A,C,2,0,1.1195902824401855
0000289_02001_d_0000821.jpg,/home/brisic03/VisDrone/VisDrone2019-DET-val/images/0000289_02001_d_0000821.jpg,most_frequent,Which object type appears most often in the drone image?,"{'A': 'van', 'B': 'awning-tricycle', 'C': 'car', 'D': 'motor', 'E': 'truck'}",C,C,C,car,1,1.131152868270874
0000289_02001_d_0000821.jpg,/home/brisic03/VisDrone/VisDrone2019-DET-val/images/0000289_02001_d_0000821.jpg,location,Where is the largest car located in the image?,"{'A': 'top-left', 'B': 'top-right', 'C': 'bottom-left', 'D': 'bottom-right', 'E': 'center'}",E,E,E,center,1,1.1413295269012451
0000289_02201_d_0000822.jpg,/home/brisic03/VisDrone/VisDrone2019-DET-val/images/0000289_02201_d_0000822.jpg,presence,Which object type is visible in the drone image?,"{'A': 'motor', 'B': 'pedestrian', 'C': 'bicycle', 'D': 'truck', 'E': 'tricycle'}",A,A,B,pedestrian,0,1.1223618984222412
0000289_02201_d_0000822.jpg,/home/brisic03/VisDrone/VisDrone2019-DET-val/images/0000289_02201_d_0000822.jpg,counting,How many cars are visible in the drone image?,"{'A': '0', 'B': '1', 'C': '2', 'D': '3', 'E': '4 or more'}",E,E,E,4 or more,1,1.1202197074890137
0000289_02201_d_0000822.jpg,/home/brisic03/VisDrone/VisDrone2019-DET-val/images/0000289_02201_d_0000822.jpg,most_frequent,Which object type appears most often in the drone image?,"{'A': 'car', 'B': 'people', 'C': 'tricycle', 'D': 'motor', 'E': 'pedestrian'}",A,A,A,car,1,1.1617004871368408
0000289_02201_d_0000822.jpg,/home/brisic03/VisDrone/VisDrone2019-DET-val/images/0000289_02201_d_0000822.jpg,location,Where is the largest car located in the image?,"{'A': 'top-left', 'B': 'top-right', 'C': 'bottom-left', 'D': 'bottom-right', 'E': 'center'}",E,E,A,top-left,0,1.1341047286987305
0000289_02401_d_0000823.jpg,/home/brisic03/VisDrone/VisDrone2019-DET-val/images/0000289_02401_d_0000823.jpg,presence,Which object type is visible in the drone image?,"{'A': 'van', 'B': 'bicycle', 'C': 'people', 'D': 'tricycle', 'E': 'pedestrian'}",C,C,A,van,0,1.1374032497406006
0000289_02401_d_0000823.jpg,/home/brisic03/VisDrone/VisDrone2019-DET-val/images/0000289_02401_d_0000823.jpg,counting,How many cars are visible in the drone image?,"{'A': '0', 'B': '1', 'C': '2', 'D': '3', 'E': '4 or more'}",E,E,E,4 or more,1,1.1263093948364258
0000289_02401_d_0000823.jpg,/home/brisic03/VisDrone/VisDrone2019-DET-val/images/0000289_02401_d_0000823.jpg,most_frequent,Which object type appears most often in the drone image?,"{'A': 'truck', 'B': 'car', 'C': 'bicycle', 'D': 'awning-tricycle', 'E': 'motor'}",B,B,B,car,1,1.1495397090911865
0000289_02401_d_0000823.jpg,/home/brisic03/VisDrone/VisDrone2019-DET-val/images/0000289_02401_d_0000823.jpg,location,Where is the largest car located in the image?,"{'A': 'top-left', 'B': 'top-right', 'C': 'bottom-left', 'D': 'bottom-right', 'E': 'center'}",E,E,D,bottom-right,0,1.1214468479156494
0000289_02601_d_0000824.jpg,/home/brisic03/VisDrone/VisDrone2019-DET-val/images/0000289_02601_d_0000824.jpg,presence,Which object type is visible in the drone image?,"{'A': 'pedestrian', 'B': 'motor', 'C': 'awning-tricycle', 'D': 'van', 'E': 'car'}",A,A,D,van,0,1.115865707397461
0000289_02601_d_0000824.jpg,/home/brisic03/VisDrone/VisDrone2019-DET-val/images/0000289_02601_d_0000824.jpg,counting,How many motors are visible in the drone image?,"{'A': '0', 'B': '1', 'C': '2', 'D': '3', 'E': '4 or more'}",A,A,B,1,0,1.1358225345611572
0000289_02601_d_0000824.jpg,/home/brisic03/VisDrone/VisDrone2019-DET-val/images/0000289_02601_d_0000824.jpg,most_frequent,Which object type appears most often in the drone image?,"{'A': 'awning-tricycle', 'B': 'car', 'C': 'bus', 'D': 'pedestrian', 'E': 'bicycle'}",B,B,B,car,1,1.1352081298828125
0000289_02601_d_0000824.jpg,/home/brisic03/VisDrone/VisDrone2019-DET-val/images/0000289_02601_d_0000824.jpg,location,Where is the largest car located in the image?,"{'A': 'top-left', 'B': 'top-right', 'C': 'bottom-left', 'D': 'bottom-right', 'E': 'center'}",E,E,E,center,1,1.1355421543121338
0000289_03001_d_0000826.jpg,/home/brisic03/VisDrone/VisDrone2019-DET-val/images/0000289_03001_d_0000826.jpg,presence,Which object type is visible in the drone image?,"{'A': 'motor', 'B': 'van', 'C': 'bicycle', 'D': 'bus', 'E': 'awning-tricycle'}",A,A,E,awning-tricycle,0,1.1229233741760254
0000289_03001_d_0000826.jpg,/home/brisic03/VisDrone/VisDrone2019-DET-val/images/0000289_03001_d_0000826.jpg,counting,How many motors are visible in the drone image?,"{'A': '0', 'B': '1', 'C': '2', 'D': '3', 'E': '4 or more'}",A,A,D,3,0,1.1290369033813477
0000289_03001_d_0000826.jpg,/home/brisic03/VisDrone/VisDrone2019-DET-val/images/0000289_03001_d_0000826.jpg,most_frequent,Which object type appears most often in the drone image?,"{'A': 'van', 'B': 'people', 'C': 'pedestrian', 'D': 'awning-tricycle', 'E': 'car'}",E,E,E,car,1,1.1483588218688965
0000289_03001_d_0000826.jpg,/home/brisic03/VisDrone/VisDrone2019-DET-val/images/0000289_03001_d_0000826.jpg,location,Where is the largest car located in the image?,"{'A': 'top-left', 'B': 'top-right', 'C': 'bottom-left', 'D': 'bottom-right', 'E': 'center'}",E,E,E,center,1,1.1196601390838623
0000289_03201_d_0000827.jpg,/home/brisic03/VisDrone/VisDrone2019-DET-val/images/0000289_03201_d_0000827.jpg,presence,Which object type is visible in the drone image?,"{'A': 'van', 'B': 'bicycle', 'C': 'people', 'D': 'truck', 'E': 'tricycle'}",C,C,A,van,0,1.1242055892944336
0000289_03201_d_0000827.jpg,/home/brisic03/VisDrone/VisDrone2019-DET-val/images/0000289_03201_d_0000827.jpg,counting,How many motors are visible in the drone image?,"{'A': '0', 'B': '1', 'C': '2', 'D': '3', 'E': '4 or more'}",A,A,E,4 or more,0,1.137892246246338
0000289_03201_d_0000827.jpg,/home/brisic03/VisDrone/VisDrone2019-DET-val/images/0000289_03201_d_0000827.jpg,most_frequent,Which object type appears most often in the drone image?,"{'A': 'people', 'B': 'motor', 'C': 'truck', 'D': 'car', 'E': 'van'}",A,A,D,car,0,1.1255042552947998
0000289_03201_d_0000827.jpg,/home/brisic03/VisDrone/VisDrone2019-DET-val/images/0000289_03201_d_0000827.jpg,location,Where is the largest car located in the image?,"{'A': 'top-left', 'B': 'top-right', 'C': 'bottom-left', 'D': 'bottom-right', 'E': 'center'}",E,E,C,bottom-left,0,1.1412041187286377
0000289_03401_d_0000828.jpg,/home/brisic03/VisDrone/VisDrone2019-DET-val/images/0000289_03401_d_0000828.jpg,presence,Which object type is visible in the drone image?,"{'A': 'bicycle', 'B': 'motor', 'C': 'truck', 'D': 'pedestrian', 'E': 'car'}",D,D,E,car,0,1.1206820011138916
0000289_03401_d_0000828.jpg,/home/brisic03/VisDrone/VisDrone2019-DET-val/images/0000289_03401_d_0000828.jpg,counting,How many motors are visible in the drone image?,"{'A': '0', 'B': '1', 'C': '2', 'D': '3', 'E': '4 or more'}",A,A,E,4 or more,0,1.1332592964172363
0000289_03401_d_0000828.jpg,/home/brisic03/VisDrone/VisDrone2019-DET-val/images/0000289_03401_d_0000828.jpg,most_frequent,Which object type appears most often in the drone image?,"{'A': 'motor', 'B': 'van', 'C': 'bicycle', 'D': 'truck', 'E': 'car'}",E,E,E,car,1,1.1266682147979736
0000289_03401_d_0000828.jpg,/home/brisic03/VisDrone/VisDrone2019-DET-val/images/0000289_03401_d_0000828.jpg,location,Where is the largest car located in the image?,"{'A': 'top-left', 'B': 'top-right', 'C': 'bottom-left', 'D': 'bottom-right', 'E': 'center'}",D,D,D,bottom-right,1,1.1306838989257812
0000289_03601_d_0000829.jpg,/home/brisic03/VisDrone/VisDrone2019-DET-val/images/0000289_03601_d_0000829.jpg,presence,Which object type is visible in the drone image?,"{'A': 'motor', 'B': 'car', 'C': 'people', 'D': 'bus', 'E': 'truck'}",C,C,A,motor,0,1.1371798515319824
0000289_03601_d_0000829.jpg,/home/brisic03/VisDrone/VisDrone2019-DET-val/images/0000289_03601_d_0000829.jpg,counting,How many cars are visible in the drone image?,"{'A': '0', 'B': '1', 'C': '2', 'D': '3', 'E': '4 or more'}",E,E,E,4 or more,1,1.1393487453460693
0000289_03601_d_0000829.jpg,/home/brisic03/VisDrone/VisDrone2019-DET-val/images/0000289_03601_d_0000829.jpg,most_frequent,Which object type appears most often in the drone image?,"{'A': 'pedestrian', 'B': 'bicycle', 'C': 'people', 'D': 'car', 'E': 'motor'}",A,A,D,car,0,1.117781162261963
0000289_03601_d_0000829.jpg,/home/brisic03/VisDrone/VisDrone2019-DET-val/images/0000289_03601_d_0000829.jpg,location,Where is the largest car located in the image?,"{'A': 'top-left', 'B': 'top-right', 'C': 'bottom-left', 'D': 'bottom-right', 'E': 'center'}",E,E,D,bottom-right,0,1.1252470016479492
0000289_03801_d_0000830.jpg,/home/brisic03/VisDrone/VisDrone2019-DET-val/images/0000289_03801_d_0000830.jpg,presence,Which object type is visible in the drone image?,"{'A': 'awning-tricycle', 'B': 'bicycle', 'C': 'bus', 'D': 'pedestrian', 'E': 'motor'}",B,B,C,bus,0,1.135321855545044
0000289_03801_d_0000830.jpg,/home/brisic03/VisDrone/VisDrone2019-DET-val/images/0000289_03801_d_0000830.jpg,counting,How many cars are visible in the drone image?,"{'A': '0', 'B': '1', 'C': '2', 'D': '3', 'E': '4 or more'}",E,E,E,4 or more,1,1.126438856124878
0000289_03801_d_0000830.jpg,/home/brisic03/VisDrone/VisDrone2019-DET-val/images/0000289_03801_d_0000830.jpg,most_frequent,Which object type appears most often in the drone image?,"{'A': 'tricycle', 'B': 'pedestrian', 'C': 'car', 'D': 'awning-tricycle', 'E': 'truck'}",B,B,C,car,0,1.1278440952301025
0000289_03801_d_0000830.jpg,/home/brisic03/VisDrone/VisDrone2019-DET-val/images/0000289_03801_d_0000830.jpg,location,Where is the largest car located in the image?,"{'A': 'top-left', 'B': 'top-right', 'C': 'bottom-left', 'D': 'bottom-right', 'E': 'center'}",E,E,E,center,1,1.1304340362548828
0000289_04001_d_0000831.jpg,/home/brisic03/VisDrone/VisDrone2019-DET-val/images/0000289_04001_d_0000831.jpg,presence,Which object type is visible in the drone image?,"{'A': 'van', 'B': 'pedestrian', 'C': 'motor', 'D': 'bicycle', 'E': 'awning-tricycle'}",D,D,C,motor,0,1.139793872833252
0000289_04001_d_0000831.jpg,/home/brisic03/VisDrone/VisDrone2019-DET-val/images/0000289_04001_d_0000831.jpg,counting,How many vans are visible in the drone image?,"{'A': '0', 'B': '1', 'C': '2', 'D': '3', 'E': '4 or more'}",A,A,D,3,0,1.1289868354797363
0000289_04001_d_0000831.jpg,/home/brisic03/VisDrone/VisDrone2019-DET-val/images/0000289_04001_d_0000831.jpg,most_frequent,Which object type appears most often in the drone image?,"{'A': 'truck', 'B': 'motor', 'C': 'pedestrian', 'D': 'car', 'E': 'bicycle'}",D,D,D,car,1,1.1146430969238281
0000289_04001_d_0000831.jpg,/home/brisic03/VisDrone/VisDrone2019-DET-val/images/0000289_04001_d_0000831.jpg,location,Where is the largest car located in the image?,"{'A': 'top-left', 'B': 'top-right', 'C': 'bottom-left', 'D': 'bottom-right', 'E': 'center'}",E,E,C,bottom-left,0,1.14373779296875
0000289_04201_d_0000832.jpg,/home/brisic03/VisDrone/VisDrone2019-DET-val/images/0000289_04201_d_0000832.jpg,presence,Which object type is visible in the drone image?,"{'A': 'tricycle', 'B': 'awning-tricycle', 'C': 'bus', 'D': 'car', 'E': 'motor'}",B,B,E,motor,0,1.1223595142364502
0000289_04201_d_0000832.jpg,/home/brisic03/VisDrone/VisDrone2019-DET-val/images/0000289_04201_d_0000832.jpg,counting,How many peoples are visible in the drone image?,"{'A': '0', 'B': '1', 'C': '2', 'D': '3', 'E': '4 or more'}",A,A,B,1,0,1.130126953125
0000289_04201_d_0000832.jpg,/home/brisic03/VisDrone/VisDrone2019-DET-val/images/0000289_04201_d_0000832.jpg,location,Where is the largest car located in the image?,"{'A': 'top-left', 'B': 'top-right', 'C': 'bottom-left', 'D': 'bottom-right', 'E': 'center'}",E,E,E,center,1,1.130295753479004
0000289_04401_d_0000833.jpg,/home/brisic03/VisDrone/VisDrone2019-DET-val/images/0000289_04401_d_0000833.jpg,presence,Which object type is visible in the drone image?,"{'A': 'car', 'B': 'bicycle', 'C': 'people', 'D': 'bus', 'E': 'tricycle'}",A,A,E,tricycle,0,1.1332964897155762
0000289_04401_d_0000833.jpg,/home/brisic03/VisDrone/VisDrone2019-DET-val/images/0000289_04401_d_0000833.jpg,counting,How many cars are visible in the drone image?,"{'A': '0', 'B': '1', 'C': '2', 'D': '3', 'E': '4 or more'}",A,A,E,4 or more,0,1.1261134147644043
0000289_04401_d_0000833.jpg,/home/brisic03/VisDrone/VisDrone2019-DET-val/images/0000289_04401_d_0000833.jpg,most_frequent,Which object type appears most often in the drone image?,"{'A': 'car', 'B': 'tricycle', 'C': 'van', 'D': 'awning-tricycle', 'E': 'bicycle'}",A,A,A,car,1,1.1285943984985352
0000289_04401_d_0000833.jpg,/home/brisic03/VisDrone/VisDrone2019-DET-val/images/0000289_04401_d_0000833.jpg,location,Where is the largest car located in the image?,"{'A': 'top-left', 'B': 'top-right', 'C': 'bottom-left', 'D': 'bottom-right', 'E': 'center'}",E,E,C,bottom-left,0,1.139613151550293
0000289_04601_d_0000834.jpg,/home/brisic03/VisDrone/VisDrone2019-DET-val/images/0000289_04601_d_0000834.jpg,presence,Which object type is visible in the drone image?,"{'A': 'bicycle', 'B': 'tricycle', 'C': 'van', 'D': 'car', 'E': 'awning-tricycle'}",E,E,E,awning-tricycle,1,1.1382362842559814
0000289_04601_d_0000834.jpg,/home/brisic03/VisDrone/VisDrone2019-DET-val/images/0000289_04601_d_0000834.jpg,counting,How many awning-tricycles are visible in the drone image?,"{'A': '0', 'B': '1', 'C': '2', 'D': '3', 'E': '4 or more'}",A,A,B,1,0,1.1375105381011963
0000289_04601_d_0000834.jpg,/home/brisic03/VisDrone/VisDrone2019-DET-val/images/0000289_04601_d_0000834.jpg,most_frequent,Which object type appears most often in the drone image?,"{'A': 'truck', 'B': 'tricycle', 'C': 'bicycle', 'D': 'motor', 'E': 'pedestrian'}",D,D,E,pedestrian,0,1.132704496383667
0000289_04601_d_0000834.jpg,/home/brisic03/VisDrone/VisDrone2019-DET-val/images/0000289_04601_d_0000834.jpg,location,Where is the largest van located in the image?,"{'A': 'top-left', 'B': 'top-right', 'C': 'bottom-left', 'D': 'bottom-right', 'E': 'center'}",E,E,E,center,1,1.1288120746612549
0000289_04801_d_0000835.jpg,/home/brisic03/VisDrone/VisDrone2019-DET-val/images/0000289_04801_d_0000835.jpg,presence,Which object type is visible in the drone image?,"{'A': 'car', 'B': 'tricycle', 'C': 'bus', 'D': 'people', 'E': 'pedestrian'}",A,A,A,car,1,1.1254544258117676
0000289_04801_d_0000835.jpg,/home/brisic03/VisDrone/VisDrone2019-DET-val/images/0000289_04801_d_0000835.jpg,counting,How many pedestrians are visible in the drone image?,"{'A': '0', 'B': '1', 'C': '2', 'D': '3', 'E': '4 or more'}",A,A,E,4 or more,0,1.1375000476837158
0000289_04801_d_0000835.jpg,/home/brisic03/VisDrone/VisDrone2019-DET-val/images/0000289_04801_d_0000835.jpg,most_frequent,Which object type appears most often in the drone image?,"{'A': 'tricycle', 'B': 'motor', 'C': 'car', 'D': 'van', 'E': 'people'}",C,C,C,car,1,1.1333067417144775
0000289_04801_d_0000835.jpg,/home/brisic03/VisDrone/VisDrone2019-DET-val/images/0000289_04801_d_0000835.jpg,location,Where is the largest car located in the image?,"{'A': 'top-left', 'B': 'top-right', 'C': 'bottom-left', 'D': 'bottom-right', 'E': 'center'}",E,E,E,center,1,1.1261088848114014
0000289_05001_d_0000836.jpg,/home/brisic03/VisDrone/VisDrone2019-DET-val/images/0000289_05001_d_0000836.jpg,presence,Which object type is visible in the drone image?,"{'A': 'car', 'B': 'van', 'C': 'truck', 'D': 'bus', 'E': 'bicycle'}",A,A,A,car,1,1.1449251174926758
0000289_05001_d_0000836.jpg,/home/brisic03/VisDrone/VisDrone2019-DET-val/images/0000289_05001_d_0000836.jpg,counting,How many motors are visible in the drone image?,"{'A': '0', 'B': '1', 'C': '2', 'D': '3', 'E': '4 or more'}",A,A,E,4 or more,0,1.1338143348693848
0000289_05001_d_0000836.jpg,/home/brisic03/VisDrone/VisDrone2019-DET-val/images/0000289_05001_d_0000836.jpg,most_frequent,Which object type appears most often in the drone image?,"{'A': 'car', 'B': 'people', 'C': 'van', 'D': 'bus', 'E': 'motor'}",A,A,A,car,1,1.1246933937072754
0000289_05001_d_0000836.jpg,/home/brisic03/VisDrone/VisDrone2019-DET-val/images/0000289_05001_d_0000836.jpg,location,Where is the largest car located in the image?,"{'A': 'top-left', 'B': 'top-right', 'C': 'bottom-left', 'D': 'bottom-right', 'E': 'center'}",E,E,E,center,1,1.1255810260772705
0000289_05201_d_0000837.jpg,/home/brisic03/VisDrone/VisDrone2019-DET-val/images/0000289_05201_d_0000837.jpg,presence,Which object type is visible in the drone image?,"{'A': 'van', 'B': 'pedestrian', 'C': 'motor', 'D': 'truck', 'E': 'car'}",B,B,A,van,0,1.1257309913635254
0000289_05201_d_0000837.jpg,/home/brisic03/VisDrone/VisDrone2019-DET-val/images/0000289_05201_d_0000837.jpg,counting,How many motors are visible in the drone image?,"{'A': '0', 'B': '1', 'C': '2', 'D': '3', 'E': '4 or more'}",A,A,E,4 or more,0,1.1355326175689697
0000289_05201_d_0000837.jpg,/home/brisic03/VisDrone/VisDrone2019-DET-val/images/0000289_05201_d_0000837.jpg,most_frequent,Which object type appears most often in the drone image?,"{'A': 'car', 'B': 'pedestrian', 'C': 'van', 'D': 'awning-tricycle', 'E': 'tricycle'}",A,A,A,car,1,1.132997751235962
0000289_05201_d_0000837.jpg,/home/brisic03/VisDrone/VisDrone2019-DET-val/images/0000289_05201_d_0000837.jpg,location,Where is the largest car located in the image?,"{'A': 'top-left', 'B': 'top-right', 'C': 'bottom-left', 'D': 'bottom-right', 'E': 'center'}",E,E,D,bottom-right,0,1.1406738758087158
0000289_05401_d_0000838.jpg,/home/brisic03/VisDrone/VisDrone2019-DET-val/images/0000289_05401_d_0000838.jpg,presence,Which object type is visible in the drone image?,"{'A': 'van', 'B': 'truck', 'C': 'motor', 'D': 'bus', 'E': 'people'}",C,C,E,people,0,1.1160321235656738
0000289_05401_d_0000838.jpg,/home/brisic03/VisDrone/VisDrone2019-DET-val/images/0000289_05401_d_0000838.jpg,counting,How many bicycles are visible in the drone image?,"{'A': '0', 'B': '1', 'C': '2', 'D': '3', 'E': '4 or more'}",A,A,D,3,0,1.1420445442199707
0000289_05401_d_0000838.jpg,/home/brisic03/VisDrone/VisDrone2019-DET-val/images/0000289_05401_d_0000838.jpg,most_frequent,Which object type appears most often in the drone image?,"{'A': 'car', 'B': 'bus', 'C': 'people', 'D': 'pedestrian', 'E': 'bicycle'}",A,A,A,car,1,1.128636121749878
0000289_05401_d_0000838.jpg,/home/brisic03/VisDrone/VisDrone2019-DET-val/images/0000289_05401_d_0000838.jpg,location,Where is the largest van located in the image?,"{'A': 'top-left', 'B': 'top-right', 'C': 'bottom-left', 'D': 'bottom-right', 'E': 'center'}",E,E,C,bottom-left,0,1.1361794471740723
0000289_05601_d_0000839.jpg,/home/brisic03/VisDrone/VisDrone2019-DET-val/images/0000289_05601_d_0000839.jpg,presence,Which object type is visible in the drone image?,"{'A': 'bus', 'B': 'motor', 'C': 'tricycle', 'D': 'pedestrian', 'E': 'awning-tricycle'}",D,D,E,awning-tricycle,0,1.1293532848358154
0000289_05601_d_0000839.jpg,/home/brisic03/VisDrone/VisDrone2019-DET-val/images/0000289_05601_d_0000839.jpg,counting,How many vans are visible in the drone image?,"{'A': '0', 'B': '1', 'C': '2', 'D': '3', 'E': '4 or more'}",A,A,D,3,0,1.1318647861480713
0000289_05601_d_0000839.jpg,/home/brisic03/VisDrone/VisDrone2019-DET-val/images/0000289_05601_d_0000839.jpg,most_frequent,Which object type appears most often in the drone image?,"{'A': 'bus', 'B': 'tricycle', 'C': 'bicycle', 'D': 'car', 'E': 'truck'}",C,C,D,car,0,1.1304068565368652
0000289_05601_d_0000839.jpg,/home/brisic03/VisDrone/VisDrone2019-DET-val/images/0000289_05601_d_0000839.jpg,location,Where is the largest car located in the image?,"{'A': 'top-left', 'B': 'top-right', 'C': 'bottom-left', 'D': 'bottom-right', 'E': 'center'}",E,E,D,bottom-right,0,1.139310359954834
0000289_05801_d_0000840.jpg,/home/brisic03/VisDrone/VisDrone2019-DET-val/images/0000289_05801_d_0000840.jpg,presence,Which object type is visible in the drone image?,"{'A': 'motor', 'B': 'pedestrian', 'C': 'people', 'D': 'car', 'E': 'truck'}",A,A,A,motor,1,1.1258103847503662
0000289_05801_d_0000840.jpg,/home/brisic03/VisDrone/VisDrone2019-DET-val/images/0000289_05801_d_0000840.jpg,counting,How many peoples are visible in the drone image?,"{'A': '0', 'B': '1', 'C': '2', 'D': '3', 'E': '4 or more'}",A,A,B,1,0,1.1310999393463135
0000289_05801_d_0000840.jpg,/home/brisic03/VisDrone/VisDrone2019-DET-val/images/0000289_05801_d_0000840.jpg,most_frequent,Which object type appears most often in the drone image?,"{'A': 'bus', 'B': 'car', 'C': 'awning-tricycle', 'D': 'pedestrian', 'E': 'tricycle'}",B,B,B,car,1,1.130744218826294
0000289_05801_d_0000840.jpg,/home/brisic03/VisDrone/VisDrone2019-DET-val/images/0000289_05801_d_0000840.jpg,location,Where is the largest car located in the image?,"{'A': 'top-left', 'B': 'top-right', 'C': 'bottom-left', 'D': 'bottom-right', 'E': 'center'}",E,E,E,center,1,1.1454942226409912
0000289_06001_d_0000841.jpg,/home/brisic03/VisDrone/VisDrone2019-DET-val/images/0000289_06001_d_0000841.jpg,presence,Which object type is visible in the drone image?,"{'A': 'car', 'B': 'bus', 'C': 'pedestrian', 'D': 'bicycle', 'E': 'awning-tricycle'}",A,A,C,pedestrian,0,1.1246004104614258
0000289_06001_d_0000841.jpg,/home/brisic03/VisDrone/VisDrone2019-DET-val/images/0000289_06001_d_0000841.jpg,counting,How many motors are visible in the drone image?,"{'A': '0', 'B': '1', 'C': '2', 'D': '3', 'E': '4 or more'}",A,A,E,4 or more,0,1.1237359046936035
0000289_06001_d_0000841.jpg,/home/brisic03/VisDrone/VisDrone2019-DET-val/images/0000289_06001_d_0000841.jpg,most_frequent,Which object type appears most often in the drone image?,"{'A': 'bus', 'B': 'van', 'C': 'car', 'D': 'pedestrian', 'E': 'people'}",C,C,C,car,1,1.1322240829467773
0000289_06001_d_0000841.jpg,/home/brisic03/VisDrone/VisDrone2019-DET-val/images/0000289_06001_d_0000841.jpg,location,Where is the largest car located in the image?,"{'A': 'top-left', 'B': 'top-right', 'C': 'bottom-left', 'D': 'bottom-right', 'E': 'center'}",E,E,E,center,1,1.1202290058135986
0000289_06201_d_0000842.jpg,/home/brisic03/VisDrone/VisDrone2019-DET-val/images/0000289_06201_d_0000842.jpg,presence,Which object type is visible in the drone image?,"{'A': 'truck', 'B': 'bicycle', 'C': 'bus', 'D': 'pedestrian', 'E': 'people'}",B,B,E,people,0,1.115407943725586
0000289_06201_d_0000842.jpg,/home/brisic03/VisDrone/VisDrone2019-DET-val/images/0000289_06201_d_0000842.jpg,counting,How many pedestrians are visible in the drone image?,"{'A': '0', 'B': '1', 'C': '2', 'D': '3', 'E': '4 or more'}",A,A,E,4 or more,0,1.1463842391967773
0000289_06201_d_0000842.jpg,/home/brisic03/VisDrone/VisDrone2019-DET-val/images/0000289_06201_d_0000842.jpg,most_frequent,Which object type appears most often in the drone image?,"{'A': 'motor', 'B': 'awning-tricycle', 'C': 'car', 'D': 'people', 'E': 'pedestrian'}",C,C,C,car,1,1.151094675064087
0000289_06201_d_0000842.jpg,/home/brisic03/VisDrone/VisDrone2019-DET-val/images/0000289_06201_d_0000842.jpg,location,Where is the largest van located in the image?,"{'A': 'top-left', 'B': 'top-right', 'C': 'bottom-left', 'D': 'bottom-right', 'E': 'center'}",D,D,C,bottom-left,0,1.1326816082000732
0000289_06401_d_0000843.jpg,/home/brisic03/VisDrone/VisDrone2019-DET-val/images/0000289_06401_d_0000843.jpg,presence,Which object type is visible in the drone image?,"{'A': 'tricycle', 'B': 'pedestrian', 'C': 'truck', 'D': 'car', 'E': 'bus'}",B,B,D,car,0,1.1220581531524658
0000289_06401_d_0000843.jpg,/home/brisic03/VisDrone/VisDrone2019-DET-val/images/0000289_06401_d_0000843.jpg,counting,How many bicycles are visible in the drone image?,"{'A': '0', 'B': '1', 'C': '2', 'D': '3', 'E': '4 or more'}",A,A,B,1,0,1.1342124938964844
0000289_06401_d_0000843.jpg,/home/brisic03/VisDrone/VisDrone2019-DET-val/images/0000289_06401_d_0000843.jpg,most_frequent,Which object type appears most often in the drone image?,"{'A': 'awning-tricycle', 'B': 'car', 'C': 'bicycle', 'D': 'van', 'E': 'bus'}",B,B,B,car,1,1.134781837463379
0000289_06401_d_0000843.jpg,/home/brisic03/VisDrone/VisDrone2019-DET-val/images/0000289_06401_d_0000843.jpg,location,Where is the largest van located in the image?,"{'A': 'top-left', 'B': 'top-right', 'C': 'bottom-left', 'D': 'bottom-right', 'E': 'center'}",D,D,E,center,0,1.1313502788543701
0000289_06601_d_0000844.jpg,/home/brisic03/VisDrone/VisDrone2019-DET-val/images/0000289_06601_d_0000844.jpg,presence,Which object type is visible in the drone image?,"{'A': 'tricycle', 'B': 'truck', 'C': 'awning-tricycle', 'D': 'van', 'E': 'car'}",C,C,E,car,0,1.141312599182129
0000289_06601_d_0000844.jpg,/home/brisic03/VisDrone/VisDrone2019-DET-val/images/0000289_06601_d_0000844.jpg,counting,How many bicycles are visible in the drone image?,"{'A': '0', 'B': '1', 'C': '2', 'D': '3', 'E': '4 or more'}",A,A,C,2,0,1.1300761699676514
0000289_06601_d_0000844.jpg,/home/brisic03/VisDrone/VisDrone2019-DET-val/images/0000289_06601_d_0000844.jpg,most_frequent,Which object type appears most often in the drone image?,"{'A': 'truck', 'B': 'motor', 'C': 'car', 'D': 'bus', 'E': 'bicycle'}",C,C,C,car,1,1.134065866470337
0000289_06601_d_0000844.jpg,/home/brisic03/VisDrone/VisDrone2019-DET-val/images/0000289_06601_d_0000844.jpg,location,Where is the largest car located in the image?,"{'A': 'top-left', 'B': 'top-right', 'C': 'bottom-left', 'D': 'bottom-right', 'E': 'center'}",E,E,D,bottom-right,0,1.1406056880950928
0000289_06801_d_0000845.jpg,/home/brisic03/VisDrone/VisDrone2019-DET-val/images/0000289_06801_d_0000845.jpg,presence,Which object type is visible in the drone image?,"{'A': 'truck', 'B': 'van', 'C': 'awning-tricycle', 'D': 'pedestrian', 'E': 'car'}",C,C,B,van,0,1.1251990795135498
0000289_06801_d_0000845.jpg,/home/brisic03/VisDrone/VisDrone2019-DET-val/images/0000289_06801_d_0000845.jpg,counting,How many vans are visible in the drone image?,"{'A': '0', 'B': '1', 'C': '2', 'D': '3', 'E': '4 or more'}",A,A,B,1,0,1.1463985443115234
0000289_06801_d_0000845.jpg,/home/brisic03/VisDrone/VisDrone2019-DET-val/images/0000289_06801_d_0000845.jpg,most_frequent,Which object type appears most often in the drone image?,"{'A': 'car', 'B': 'bus', 'C': 'people', 'D': 'van', 'E': 'truck'}",A,A,A,car,1,1.1263763904571533
0000289_06801_d_0000845.jpg,/home/brisic03/VisDrone/VisDrone2019-DET-val/images/0000289_06801_d_0000845.jpg,location,Where is the largest car located in the image?,"{'A': 'top-left', 'B': 'top-right', 'C': 'bottom-left', 'D': 'bottom-right', 'E': 'center'}",E,E,C,bottom-left,0,1.1180758476257324
0000289_07001_d_0000846.jpg,/home/brisic03/VisDrone/VisDrone2019-DET-val/images/0000289_07001_d_0000846.jpg,presence,Which object type is visible in the drone image?,"{'A': 'van', 'B': 'motor', 'C': 'truck', 'D': 'bicycle', 'E': 'car'}",E,E,E,car,1,1.1147713661193848
0000289_07001_d_0000846.jpg,/home/brisic03/VisDrone/VisDrone2019-DET-val/images/0000289_07001_d_0000846.jpg,counting,How many cars are visible in the drone image?,"{'A': '0', 'B': '1', 'C': '2', 'D': '3', 'E': '4 or more'}",A,A,E,4 or more,0,1.1470913887023926
0000289_07001_d_0000846.jpg,/home/brisic03/VisDrone/VisDrone2019-DET-val/images/0000289_07001_d_0000846.jpg,most_frequent,Which object type appears most often in the drone image?,"{'A': 'people', 'B': 'tricycle', 'C': 'bicycle', 'D': 'truck', 'E': 'car'}",E,E,E,car,1,1.1316821575164795
0000289_07001_d_0000846.jpg,/home/brisic03/VisDrone/VisDrone2019-DET-val/images/0000289_07001_d_0000846.jpg,location,Where is the largest car located in the image?,"{'A': 'top-left', 'B': 'top-right', 'C': 'bottom-left', 'D': 'bottom-right', 'E': 'center'}",A,A,C,bottom-left,0,1.1318237781524658
0000289_07201_d_0000847.jpg,/home/brisic03/VisDrone/VisDrone2019-DET-val/images/0000289_07201_d_0000847.jpg,presence,Which object type is visible in the drone image?,"{'A': 'tricycle', 'B': 'truck', 'C': 'pedestrian', 'D': 'awning-tricycle', 'E': 'people'}",B,B,B,truck,1,1.1345946788787842
0000289_07201_d_0000847.jpg,/home/brisic03/VisDrone/VisDrone2019-DET-val/images/0000289_07201_d_0000847.jpg,counting,How many trucks are visible in the drone image?,"{'A': '0', 'B': '1', 'C': '2', 'D': '3', 'E': '4 or more'}",A,A,B,1,0,1.1255362033843994
0000289_07201_d_0000847.jpg,/home/brisic03/VisDrone/VisDrone2019-DET-val/images/0000289_07201_d_0000847.jpg,most_frequent,Which object type appears most often in the drone image?,"{'A': 'bicycle', 'B': 'bus', 'C': 'people', 'D': 'car', 'E': 'tricycle'}",D,D,D,car,1,1.1383368968963623
0000289_07201_d_0000847.jpg,/home/brisic03/VisDrone/VisDrone2019-DET-val/images/0000289_07201_d_0000847.jpg,location,Where is the largest car located in the image?,"{'A': 'top-left', 'B': 'top-right', 'C': 'bottom-left', 'D': 'bottom-right', 'E': 'center'}",A,A,C,bottom-left,0,1.137324333190918
0000290_04001_d_0000867.jpg,/home/brisic03/VisDrone/VisDrone2019-DET-val/images/0000290_04001_d_0000867.jpg,presence,Which object type is visible in the drone image?,"{'A': 'van', 'B': 'pedestrian', 'C': 'motor', 'D': 'car', 'E': 'bus'}",D,D,D,car,1,1.1258950233459473
0000290_04001_d_0000867.jpg,/home/brisic03/VisDrone/VisDrone2019-DET-val/images/0000290_04001_d_0000867.jpg,counting,How many cars are visible in the drone image?,"{'A': '0', 'B': '1', 'C': '2', 'D': '3', 'E': '4 or more'}",A,A,E,4 or more,0,1.133892297744751
0000290_04001_d_0000867.jpg,/home/brisic03/VisDrone/VisDrone2019-DET-val/images/0000290_04001_d_0000867.jpg,most_frequent,Which object type appears most often in the drone image?,"{'A': 'car', 'B': 'awning-tricycle', 'C': 'pedestrian', 'D': 'van', 'E': 'motor'}",A,A,A,car,1,1.1328754425048828
0000290_04001_d_0000867.jpg,/home/brisic03/VisDrone/VisDrone2019-DET-val/images/0000290_04001_d_0000867.jpg,location,Where is the largest truck located in the image?,"{'A': 'top-left', 'B': 'top-right', 'C': 'bottom-left', 'D': 'bottom-right', 'E': 'center'}",A,A,A,top-left,1,1.1343231201171875
0000291_00001_d_0000868.jpg,/home/brisic03/VisDrone/VisDrone2019-DET-val/images/0000291_00001_d_0000868.jpg,presence,Which object type is visible in the drone image?,"{'A': 'awning-tricycle', 'B': 'van', 'C': 'tricycle', 'D': 'pedestrian', 'E': 'motor'}",A,A,E,motor,0,1.1284325122833252
0000291_00001_d_0000868.jpg,/home/brisic03/VisDrone/VisDrone2019-DET-val/images/0000291_00001_d_0000868.jpg,counting,How many awning-tricycles are visible in the drone image?,"{'A': '0', 'B': '1', 'C': '2', 'D': '3', 'E': '4 or more'}",A,A,B,1,0,1.136596441268921
0000291_00001_d_0000868.jpg,/home/brisic03/VisDrone/VisDrone2019-DET-val/images/0000291_00001_d_0000868.jpg,most_frequent,Which object type appears most often in the drone image?,"{'A': 'motor', 'B': 'people', 'C': 'pedestrian', 'D': 'bus', 'E': 'van'}",B,B,E,van,0,1.1180875301361084
0000291_00001_d_0000868.jpg,/home/brisic03/VisDrone/VisDrone2019-DET-val/images/0000291_00001_d_0000868.jpg,location,Where is the largest car located in the image?,"{'A': 'top-left', 'B': 'top-right', 'C': 'bottom-left', 'D': 'bottom-right', 'E': 'center'}",C,C,E,center,0,1.1416199207305908
0000291_00201_d_0000869.jpg,/home/brisic03/VisDrone/VisDrone2019-DET-val/images/0000291_00201_d_0000869.jpg,presence,Which object type is visible in the drone image?,"{'A': 'motor', 'B': 'pedestrian', 'C': 'bus', 'D': 'bicycle', 'E': 'awning-tricycle'}",D,D,E,awning-tricycle,0,1.126723289489746
0000291_00201_d_0000869.jpg,/home/brisic03/VisDrone/VisDrone2019-DET-val/images/0000291_00201_d_0000869.jpg,counting,How many motors are visible in the drone image?,"{'A': '0', 'B': '1', 'C': '2', 'D': '3', 'E': '4 or more'}",A,A,B,1,0,1.129568338394165
0000291_00201_d_0000869.jpg,/home/brisic03/VisDrone/VisDrone2019-DET-val/images/0000291_00201_d_0000869.jpg,most_frequent,Which object type appears most often in the drone image?,"{'A': 'van', 'B': 'bicycle', 'C': 'awning-tricycle', 'D': 'car', 'E': 'truck'}",D,D,D,car,1,1.1379833221435547
0000291_00201_d_0000869.jpg,/home/brisic03/VisDrone/VisDrone2019-DET-val/images/0000291_00201_d_0000869.jpg,location,Where is the largest truck located in the image?,"{'A': 'top-left', 'B': 'top-right', 'C': 'bottom-left', 'D': 'bottom-right', 'E': 'center'}",E,E,D,bottom-right,0,1.1283082962036133
0000291_00401_d_0000870.jpg,/home/brisic03/VisDrone/VisDrone2019-DET-val/images/0000291_00401_d_0000870.jpg,presence,Which object type is visible in the drone image?,"{'A': 'truck', 'B': 'people', 'C': 'van', 'D': 'awning-tricycle', 'E': 'tricycle'}",B,B,E,tricycle,0,1.1256892681121826
0000291_00401_d_0000870.jpg,/home/brisic03/VisDrone/VisDrone2019-DET-val/images/0000291_00401_d_0000870.jpg,counting,How many cars are visible in the drone image?,"{'A': '0', 'B': '1', 'C': '2', 'D': '3', 'E': '4 or more'}",A,A,E,4 or more,0,1.149909496307373
0000291_00401_d_0000870.jpg,/home/brisic03/VisDrone/VisDrone2019-DET-val/images/0000291_00401_d_0000870.jpg,most_frequent,Which object type appears most often in the drone image?,"{'A': 'bicycle', 'B': 'tricycle', 'C': 'pedestrian', 'D': 'van', 'E': 'car'}",C,C,E,car,0,1.1269655227661133
0000291_00401_d_0000870.jpg,/home/brisic03/VisDrone/VisDrone2019-DET-val/images/0000291_00401_d_0000870.jpg,location,Where is the largest car located in the image?,"{'A': 'top-left', 'B': 'top-right', 'C': 'bottom-left', 'D': 'bottom-right', 'E': 'center'}",E,E,D,bottom-right,0,1.1300930976867676
0000291_00601_d_0000871.jpg,/home/brisic03/VisDrone/VisDrone2019-DET-val/images/0000291_00601_d_0000871.jpg,presence,Which object type is visible in the drone image?,"{'A': 'motor', 'B': 'bicycle', 'C': 'people', 'D': 'awning-tricycle', 'E': 'bus'}",C,C,E,bus,0,1.1324234008789062
0000291_00601_d_0000871.jpg,/home/brisic03/VisDrone/VisDrone2019-DET-val/images/0000291_00601_d_0000871.jpg,counting,How many trucks are visible in the drone image?,"{'A': '0', 'B': '1', 'C': '2', 'D': '3', 'E': '4 or more'}",A,A,B,1,0,1.128117561340332
0000291_00601_d_0000871.jpg,/home/brisic03/VisDrone/VisDrone2019-DET-val/images/0000291_00601_d_0000871.jpg,most_frequent,Which object type appears most often in the drone image?,"{'A': 'motor', 'B': 'car', 'C': 'pedestrian', 'D': 'people', 'E': 'truck'}",B,B,B,car,1,1.131312608718872
0000291_00601_d_0000871.jpg,/home/brisic03/VisDrone/VisDrone2019-DET-val/images/0000291_00601_d_0000871.jpg,location,Where is the largest car located in the image?,"{'A': 'top-left', 'B': 'top-right', 'C': 'bottom-left', 'D': 'bottom-right', 'E': 'center'}",E,E,D,bottom-right,0,1.1222872734069824
0000291_01001_d_0000873.jpg,/home/brisic03/VisDrone/VisDrone2019-DET-val/images/0000291_01001_d_0000873.jpg,presence,Which object type is visible in the drone image?,"{'A': 'bicycle', 'B': 'motor', 'C': 'car', 'D': 'people', 'E': 'tricycle'}",D,D,C,car,0,1.1279041767120361
0000291_01001_d_0000873.jpg,/home/brisic03/VisDrone/VisDrone2019-DET-val/images/0000291_01001_d_0000873.jpg,counting,How many cars are visible in the drone image?,"{'A': '0', 'B': '1', 'C': '2', 'D': '3', 'E': '4 or more'}",A,A,E,4 or more,0,1.138584852218628
0000291_01001_d_0000873.jpg,/home/brisic03/VisDrone/VisDrone2019-DET-val/images/0000291_01001_d_0000873.jpg,most_frequent,Which object type appears most often in the drone image?,"{'A': 'truck', 'B': 'pedestrian', 'C': 'van', 'D': 'bicycle', 'E': 'car'}",D,D,E,car,0,1.1257236003875732
0000291_01001_d_0000873.jpg,/home/brisic03/VisDrone/VisDrone2019-DET-val/images/0000291_01001_d_0000873.jpg,location,Where is the largest bus located in the image?,"{'A': 'top-left', 'B': 'top-right', 'C': 'bottom-left', 'D': 'bottom-right', 'E': 'center'}",E,E,E,center,1,1.1355140209197998
0000291_01201_d_0000874.jpg,/home/brisic03/VisDrone/VisDrone2019-DET-val/images/0000291_01201_d_0000874.jpg,presence,Which object type is visible in the drone image?,"{'A': 'awning-tricycle', 'B': 'bus', 'C': 'pedestrian', 'D': 'car', 'E': 'motor'}",C,C,C,pedestrian,1,1.1257262229919434
0000291_01201_d_0000874.jpg,/home/brisic03/VisDrone/VisDrone2019-DET-val/images/0000291_01201_d_0000874.jpg,counting,How many peoples are visible in the drone image?,"{'A': '0', 'B': '1', 'C': '2', 'D': '3', 'E': '4 or more'}",A,A,E,4 or more,0,1.1407957077026367
0000291_01201_d_0000874.jpg,/home/brisic03/VisDrone/VisDrone2019-DET-val/images/0000291_01201_d_0000874.jpg,most_frequent,Which object type appears most often in the drone image?,"{'A': 'truck', 'B': 'motor', 'C': 'van', 'D': 'car', 'E': 'bicycle'}",D,D,D,car,1,1.1326003074645996
0000291_01201_d_0000874.jpg,/home/brisic03/VisDrone/VisDrone2019-DET-val/images/0000291_01201_d_0000874.jpg,location,Where is the largest car located in the image?,"{'A': 'top-left', 'B': 'top-right', 'C': 'bottom-left', 'D': 'bottom-right', 'E': 'center'}",E,E,E,center,1,1.1333422660827637
0000291_01401_d_0000875.jpg,/home/brisic03/VisDrone/VisDrone2019-DET-val/images/0000291_01401_d_0000875.jpg,presence,Which object type is visible in the drone image?,"{'A': 'van', 'B': 'car', 'C': 'bicycle', 'D': 'awning-tricycle', 'E': 'bus'}",C,C,D,awning-tricycle,0,1.1171860694885254
0000291_01401_d_0000875.jpg,/home/brisic03/VisDrone/VisDrone2019-DET-val/images/0000291_01401_d_0000875.jpg,counting,How many vans are visible in the drone image?,"{'A': '0', 'B': '1', 'C': '2', 'D': '3', 'E': '4 or more'}",A,A,E,4 or more,0,1.147580623626709
0000291_01401_d_0000875.jpg,/home/brisic03/VisDrone/VisDrone2019-DET-val/images/0000291_01401_d_0000875.jpg,most_frequent,Which object type appears most often in the drone image?,"{'A': 'bicycle', 'B': 'van', 'C': 'motor', 'D': 'truck', 'E': 'people'}",E,E,B,van,0,1.1248126029968262
0000291_01401_d_0000875.jpg,/home/brisic03/VisDrone/VisDrone2019-DET-val/images/0000291_01401_d_0000875.jpg,location,Where is the largest car located in the image?,"{'A': 'top-left', 'B': 'top-right', 'C': 'bottom-left', 'D': 'bottom-right', 'E': 'center'}",A,A,C,bottom-left,0,1.138625144958496
0000291_01601_d_0000876.jpg,/home/brisic03/VisDrone/VisDrone2019-DET-val/images/0000291_01601_d_0000876.jpg,presence,Which object type is visible in the drone image?,"{'A': 'van', 'B': 'bicycle', 'C': 'car', 'D': 'awning-tricycle', 'E': 'motor'}",D,D,A,van,0,1.1167473793029785
0000291_01601_d_0000876.jpg,/home/brisic03/VisDrone/VisDrone2019-DET-val/images/0000291_01601_d_0000876.jpg,counting,How many awning-tricycles are visible in the drone image?,"{'A': '0', 'B': '1', 'C': '2', 'D': '3', 'E': '4 or more'}",A,A,D,3,0,1.1374986171722412
0000291_01601_d_0000876.jpg,/home/brisic03/VisDrone/VisDrone2019-DET-val/images/0000291_01601_d_0000876.jpg,most_frequent,Which object type appears most often in the drone image?,"{'A': 'car', 'B': 'motor', 'C': 'tricycle', 'D': 'van', 'E': 'truck'}",A,A,A,car,1,1.1337523460388184
0000291_01601_d_0000876.jpg,/home/brisic03/VisDrone/VisDrone2019-DET-val/images/0000291_01601_d_0000876.jpg,location,Where is the largest car located in the image?,"{'A': 'top-left', 'B': 'top-right', 'C': 'bottom-left', 'D': 'bottom-right', 'E': 'center'}",A,A,E,center,0,1.139350414276123
0000291_01801_d_0000877.jpg,/home/brisic03/VisDrone/VisDrone2019-DET-val/images/0000291_01801_d_0000877.jpg,presence,Which object type is visible in the drone image?,"{'A': 'awning-tricycle', 'B': 'truck', 'C': 'van', 'D': 'pedestrian', 'E': 'tricycle'}",D,D,E,tricycle,0,1.1289849281311035
0000291_01801_d_0000877.jpg,/home/brisic03/VisDrone/VisDrone2019-DET-val/images/0000291_01801_d_0000877.jpg,counting,How many peoples are visible in the drone image?,"{'A': '0', 'B': '1', 'C': '2', 'D': '3', 'E': '4 or more'}",A,A,C,2,0,1.13185715675354
0000291_01801_d_0000877.jpg,/home/brisic03/VisDrone/VisDrone2019-DET-val/images/0000291_01801_d_0000877.jpg,most_frequent,Which object type appears most often in the drone image?,"{'A': 'tricycle', 'B': 'awning-tricycle', 'C': 'truck', 'D': 'bus', 'E': 'car'}",E,E,E,car,1,1.1303181648254395
0000291_01801_d_0000877.jpg,/home/brisic03/VisDrone/VisDrone2019-DET-val/images/0000291_01801_d_0000877.jpg,location,Where is the largest car located in the image?,"{'A': 'top-left', 'B': 'top-right', 'C': 'bottom-left', 'D': 'bottom-right', 'E': 'center'}",A,A,C,bottom-left,0,1.141732931137085
0000291_02001_d_0000878.jpg,/home/brisic03/VisDrone/VisDrone2019-DET-val/images/0000291_02001_d_0000878.jpg,presence,Which object type is visible in the drone image?,"{'A': 'people', 'B': 'car', 'C': 'pedestrian', 'D': 'bicycle', 'E': 'van'}",A,A,C,pedestrian,0,1.122887134552002
0000291_02001_d_0000878.jpg,/home/brisic03/VisDrone/VisDrone2019-DET-val/images/0000291_02001_d_0000878.jpg,counting,How many tricycles are visible in the drone image?,"{'A': '0', 'B': '1', 'C': '2', 'D': '3', 'E': '4 or more'}",A,A,E,4 or more,0,1.1220786571502686
0000291_02001_d_0000878.jpg,/home/brisic03/VisDrone/VisDrone2019-DET-val/images/0000291_02001_d_0000878.jpg,most_frequent,Which object type appears most often in the drone image?,"{'A': 'car', 'B': 'truck', 'C': 'tricycle', 'D': 'van', 'E': 'bicycle'}",A,A,A,car,1,1.142364501953125
0000291_02001_d_0000878.jpg,/home/brisic03/VisDrone/VisDrone2019-DET-val/images/0000291_02001_d_0000878.jpg,location,Where is the largest car located in the image?,"{'A': 'top-left', 'B': 'top-right', 'C': 'bottom-left', 'D': 'bottom-right', 'E': 'center'}",E,E,E,center,1,1.138611078262329
0000291_02201_d_0000879.jpg,/home/brisic03/VisDrone/VisDrone2019-DET-val/images/0000291_02201_d_0000879.jpg,presence,Which object type is visible in the drone image?,"{'A': 'truck', 'B': 'van', 'C': 'bicycle', 'D': 'awning-tricycle', 'E': 'motor'}",D,D,D,awning-tricycle,1,1.1265971660614014
0000291_02201_d_0000879.jpg,/home/brisic03/VisDrone/VisDrone2019-DET-val/images/0000291_02201_d_0000879.jpg,counting,How many buss are visible in the drone image?,"{'A': '0', 'B': '1', 'C': '2', 'D': '3', 'E': '4 or more'}",A,A,C,2,0,1.1234982013702393
0000291_02201_d_0000879.jpg,/home/brisic03/VisDrone/VisDrone2019-DET-val/images/0000291_02201_d_0000879.jpg,most_frequent,Which object type appears most often in the drone image?,"{'A': 'van', 'B': 'car', 'C': 'pedestrian', 'D': 'bicycle', 'E': 'awning-tricycle'}",B,B,B,car,1,1.1315479278564453
0000291_02201_d_0000879.jpg,/home/brisic03/VisDrone/VisDrone2019-DET-val/images/0000291_02201_d_0000879.jpg,location,Where is the largest car located in the image?,"{'A': 'top-left', 'B': 'top-right', 'C': 'bottom-left', 'D': 'bottom-right', 'E': 'center'}",E,E,E,center,1,1.132460355758667
0000291_02601_d_0000881.jpg,/home/brisic03/VisDrone/VisDrone2019-DET-val/images/0000291_02601_d_0000881.jpg,presence,Which object type is visible in the drone image?,"{'A': 'tricycle', 'B': 'pedestrian', 'C': 'van', 'D': 'awning-tricycle', 'E': 'car'}",B,B,C,van,0,1.1235873699188232
0000291_02601_d_0000881.jpg,/home/brisic03/VisDrone/VisDrone2019-DET-val/images/0000291_02601_d_0000881.jpg,counting,How many peoples are visible in the drone image?,"{'A': '0', 'B': '1', 'C': '2', 'D': '3', 'E': '4 or more'}",A,A,D,3,0,1.1291675567626953
0000291_02601_d_0000881.jpg,/home/brisic03/VisDrone/VisDrone2019-DET-val/images/0000291_02601_d_0000881.jpg,most_frequent,Which object type appears most often in the drone image?,"{'A': 'van', 'B': 'car', 'C': 'people', 'D': 'truck', 'E': 'bus'}",C,C,B,car,0,1.1258277893066406
0000291_02601_d_0000881.jpg,/home/brisic03/VisDrone/VisDrone2019-DET-val/images/0000291_02601_d_0000881.jpg,location,Where is the largest van located in the image?,"{'A': 'top-left', 'B': 'top-right', 'C': 'bottom-left', 'D': 'bottom-right', 'E': 'center'}",E,E,E,center,1,1.138808012008667
0000291_03201_d_0000884.jpg,/home/brisic03/VisDrone/VisDrone2019-DET-val/images/0000291_03201_d_0000884.jpg,presence,Which object type is visible in the drone image?,"{'A': 'bus', 'B': 'pedestrian', 'C': 'bicycle', 'D': 'van', 'E': 'car'}",B,B,A,bus,0,1.123131275177002
0000291_03201_d_0000884.jpg,/home/brisic03/VisDrone/VisDrone2019-DET-val/images/0000291_03201_d_0000884.jpg,counting,How many tricycles are visible in the drone image?,"{'A': '0', 'B': '1', 'C': '2', 'D': '3', 'E': '4 or more'}",A,A,D,3,0,1.1487648487091064
0000291_03201_d_0000884.jpg,/home/brisic03/VisDrone/VisDrone2019-DET-val/images/0000291_03201_d_0000884.jpg,most_frequent,Which object type appears most often in the drone image?,"{'A': 'bus', 'B': 'tricycle', 'C': 'people', 'D': 'motor', 'E': 'car'}",C,C,E,car,0,1.1312651634216309
0000291_03201_d_0000884.jpg,/home/brisic03/VisDrone/VisDrone2019-DET-val/images/0000291_03201_d_0000884.jpg,location,Where is the largest bus located in the image?,"{'A': 'top-left', 'B': 'top-right', 'C': 'bottom-left', 'D': 'bottom-right', 'E': 'center'}",E,E,E,center,1,1.118621826171875
0000291_03401_d_0000885.jpg,/home/brisic03/VisDrone/VisDrone2019-DET-val/images/0000291_03401_d_0000885.jpg,presence,Which object type is visible in the drone image?,"{'A': 'motor', 'B': 'car', 'C': 'bicycle', 'D': 'bus', 'E': 'pedestrian'}",A,A,A,motor,1,1.1469604969024658
0000291_03401_d_0000885.jpg,/home/brisic03/VisDrone/VisDrone2019-DET-val/images/0000291_03401_d_0000885.jpg,counting,How many pedestrians are visible in the drone image?,"{'A': '0', 'B': '1', 'C': '2', 'D': '3', 'E': '4 or more'}",A,A,E,4 or more,0,1.1230225563049316
0000291_03401_d_0000885.jpg,/home/brisic03/VisDrone/VisDrone2019-DET-val/images/0000291_03401_d_0000885.jpg,most_frequent,Which object type appears most often in the drone image?,"{'A': 'pedestrian', 'B': 'car', 'C': 'bicycle', 'D': 'people', 'E': 'awning-tricycle'}",B,B,B,car,1,1.1516129970550537
0000291_03401_d_0000885.jpg,/home/brisic03/VisDrone/VisDrone2019-DET-val/images/0000291_03401_d_0000885.jpg,location,Where is the largest car located in the image?,"{'A': 'top-left', 'B': 'top-right', 'C': 'bottom-left', 'D': 'bottom-right', 'E': 'center'}",E,E,C,bottom-left,0,1.129662275314331
0000291_03601_d_0000886.jpg,/home/brisic03/VisDrone/VisDrone2019-DET-val/images/0000291_03601_d_0000886.jpg,presence,Which object type is visible in the drone image?,"{'A': 'pedestrian', 'B': 'car', 'C': 'tricycle', 'D': 'people', 'E': 'truck'}",D,D,A,pedestrian,0,1.1176908016204834
0000291_03601_d_0000886.jpg,/home/brisic03/VisDrone/VisDrone2019-DET-val/images/0000291_03601_d_0000886.jpg,counting,How many motors are visible in the drone image?,"{'A': '0', 'B': '1', 'C': '2', 'D': '3', 'E': '4 or more'}",A,A,E,4 or more,0,1.135467529296875
0000291_03601_d_0000886.jpg,/home/brisic03/VisDrone/VisDrone2019-DET-val/images/0000291_03601_d_0000886.jpg,most_frequent,Which object type appears most often in the drone image?,"{'A': 'truck', 'B': 'motor', 'C': 'van', 'D': 'people', 'E': 'tricycle'}",D,D,D,people,1,1.1296029090881348
0000291_03601_d_0000886.jpg,/home/brisic03/VisDrone/VisDrone2019-DET-val/images/0000291_03601_d_0000886.jpg,location,Where is the largest car located in the image?,"{'A': 'top-left', 'B': 'top-right', 'C': 'bottom-left', 'D': 'bottom-right', 'E': 'center'}",A,A,C,bottom-left,0,1.1224114894866943
0000291_03801_d_0000887.jpg,/home/brisic03/VisDrone/VisDrone2019-DET-val/images/0000291_03801_d_0000887.jpg,presence,Which object type is visible in the drone image?,"{'A': 'truck', 'B': 'pedestrian', 'C': 'tricycle', 'D': 'bicycle', 'E': 'people'}",E,E,D,bicycle,0,1.1244323253631592
0000291_03801_d_0000887.jpg,/home/brisic03/VisDrone/VisDrone2019-DET-val/images/0000291_03801_d_0000887.jpg,counting,How many peoples are visible in the drone image?,"{'A': '0', 'B': '1', 'C': '2', 'D': '3', 'E': '4 or more'}",A,A,E,4 or more,0,1.125694990158081
0000291_03801_d_0000887.jpg,/home/brisic03/VisDrone/VisDrone2019-DET-val/images/0000291_03801_d_0000887.jpg,most_frequent,Which object type appears most often in the drone image?,"{'A': 'van', 'B': 'motor', 'C': 'bus', 'D': 'tricycle', 'E': 'pedestrian'}",B,B,E,pedestrian,0,1.1423559188842773
0000291_03801_d_0000887.jpg,/home/brisic03/VisDrone/VisDrone2019-DET-val/images/0000291_03801_d_0000887.jpg,location,Where is the largest car located in the image?,"{'A': 'top-left', 'B': 'top-right', 'C': 'bottom-left', 'D': 'bottom-right', 'E': 'center'}",B,B,E,center,0,1.1351964473724365
0000291_04001_d_0000888.jpg,/home/brisic03/VisDrone/VisDrone2019-DET-val/images/0000291_04001_d_0000888.jpg,presence,Which object type is visible in the drone image?,"{'A': 'motor', 'B': 'truck', 'C': 'awning-tricycle', 'D': 'van', 'E': 'pedestrian'}",A,A,A,motor,1,1.127147912979126
0000291_04001_d_0000888.jpg,/home/brisic03/VisDrone/VisDrone2019-DET-val/images/0000291_04001_d_0000888.jpg,counting,How many motors are visible in the drone image?,"{'A': '0', 'B': '1', 'C': '2', 'D': '3', 'E': '4 or more'}",A,A,E,4 or more,0,1.128283977508545
0000291_04001_d_0000888.jpg,/home/brisic03/VisDrone/VisDrone2019-DET-val/images/0000291_04001_d_0000888.jpg,most_frequent,Which object type appears most often in the drone image?,"{'A': 'pedestrian', 'B': 'car', 'C': 'bus', 'D': 'people', 'E': 'tricycle'}",A,A,B,car,0,1.133307695388794
0000291_04001_d_0000888.jpg,/home/brisic03/VisDrone/VisDrone2019-DET-val/images/0000291_04001_d_0000888.jpg,location,Where is the largest car located in the image?,"{'A': 'top-left', 'B': 'top-right', 'C': 'bottom-left', 'D': 'bottom-right', 'E': 'center'}",D,D,D,bottom-right,1,1.1249558925628662
0000291_04201_d_0000889.jpg,/home/brisic03/VisDrone/VisDrone2019-DET-val/images/0000291_04201_d_0000889.jpg,presence,Which object type is visible in the drone image?,"{'A': 'motor', 'B': 'bicycle', 'C': 'pedestrian', 'D': 'car', 'E': 'awning-tricycle'}",E,E,D,car,0,1.129591464996338
0000291_04201_d_0000889.jpg,/home/brisic03/VisDrone/VisDrone2019-DET-val/images/0000291_04201_d_0000889.jpg,counting,How many pedestrians are visible in the drone image?,"{'A': '0', 'B': '1', 'C': '2', 'D': '3', 'E': '4 or more'}",A,A,E,4 or more,0,1.130089282989502
0000291_04201_d_0000889.jpg,/home/brisic03/VisDrone/VisDrone2019-DET-val/images/0000291_04201_d_0000889.jpg,most_frequent,Which object type appears most often in the drone image?,"{'A': 'tricycle', 'B': 'car', 'C': 'people', 'D': 'bicycle', 'E': 'pedestrian'}",B,B,B,car,1,1.1317164897918701
0000291_04201_d_0000889.jpg,/home/brisic03/VisDrone/VisDrone2019-DET-val/images/0000291_04201_d_0000889.jpg,location,Where is the largest van located in the image?,"{'A': 'top-left', 'B': 'top-right', 'C': 'bottom-left', 'D': 'bottom-right', 'E': 'center'}",E,E,E,center,1,1.1257805824279785
0000291_04401_d_0000890.jpg,/home/brisic03/VisDrone/VisDrone2019-DET-val/images/0000291_04401_d_0000890.jpg,presence,Which object type is visible in the drone image?,"{'A': 'pedestrian', 'B': 'bicycle', 'C': 'van', 'D': 'tricycle', 'E': 'awning-tricycle'}",A,A,D,tricycle,0,1.1333420276641846
0000291_04401_d_0000890.jpg,/home/brisic03/VisDrone/VisDrone2019-DET-val/images/0000291_04401_d_0000890.jpg,counting,How many awning-tricycles are visible in the drone image?,"{'A': '0', 'B': '1', 'C': '2', 'D': '3', 'E': '4 or more'}",A,A,D,3,0,1.133660078048706
0000291_04401_d_0000890.jpg,/home/brisic03/VisDrone/VisDrone2019-DET-val/images/0000291_04401_d_0000890.jpg,most_frequent,Which object type appears most often in the drone image?,"{'A': 'van', 'B': 'motor', 'C': 'pedestrian', 'D': 'car', 'E': 'people'}",D,D,D,car,1,1.1351897716522217
0000291_04401_d_0000890.jpg,/home/brisic03/VisDrone/VisDrone2019-DET-val/images/0000291_04401_d_0000890.jpg,location,Where is the largest car located in the image?,"{'A': 'top-left', 'B': 'top-right', 'C': 'bottom-left', 'D': 'bottom-right', 'E': 'center'}",D,D,D,bottom-right,1,1.136275053024292
0000291_05001_d_0000892.jpg,/home/brisic03/VisDrone/VisDrone2019-DET-val/images/0000291_05001_d_0000892.jpg,presence,Which object type is visible in the drone image?,"{'A': 'truck', 'B': 'pedestrian', 'C': 'tricycle', 'D': 'bus', 'E': 'motor'}",B,B,E,motor,0,1.1220009326934814
0000291_05001_d_0000892.jpg,/home/brisic03/VisDrone/VisDrone2019-DET-val/images/0000291_05001_d_0000892.jpg,counting,How many pedestrians are visible in the drone image?,"{'A': '0', 'B': '1', 'C': '2', 'D': '3', 'E': '4 or more'}",A,A,E,4 or more,0,1.1383030414581299
0000291_05001_d_0000892.jpg,/home/brisic03/VisDrone/VisDrone2019-DET-val/images/0000291_05001_d_0000892.jpg,most_frequent,Which object type appears most often in the drone image?,"{'A': 'tricycle', 'B': 'awning-tricycle', 'C': 'truck', 'D': 'car', 'E': 'people'}",E,E,D,car,0,1.1405715942382812
0000291_05001_d_0000892.jpg,/home/brisic03/VisDrone/VisDrone2019-DET-val/images/0000291_05001_d_0000892.jpg,location,Where is the largest car located in the image?,"{'A': 'top-left', 'B': 'top-right', 'C': 'bottom-left', 'D': 'bottom-right', 'E': 'center'}",E,E,E,center,1,1.1295735836029053
0000291_05201_d_0000893.jpg,/home/brisic03/VisDrone/VisDrone2019-DET-val/images/0000291_05201_d_0000893.jpg,presence,Which object type is visible in the drone image?,"{'A': 'truck', 'B': 'tricycle', 'C': 'van', 'D': 'bus', 'E': 'awning-tricycle'}",E,E,B,tricycle,0,1.1308329105377197
0000291_05201_d_0000893.jpg,/home/brisic03/VisDrone/VisDrone2019-DET-val/images/0000291_05201_d_0000893.jpg,counting,How many pedestrians are visible in the drone image?,"{'A': '0', 'B': '1', 'C': '2', 'D': '3', 'E': '4 or more'}",B,B,E,4 or more,0,1.1291215419769287
0000291_05201_d_0000893.jpg,/home/brisic03/VisDrone/VisDrone2019-DET-val/images/0000291_05201_d_0000893.jpg,most_frequent,Which object type appears most often in the drone image?,"{'A': 'motor', 'B': 'car', 'C': 'truck', 'D': 'tricycle', 'E': 'pedestrian'}",B,B,B,car,1,1.127563238143921
0000291_05201_d_0000893.jpg,/home/brisic03/VisDrone/VisDrone2019-DET-val/images/0000291_05201_d_0000893.jpg,location,Where is the largest car located in the image?,"{'A': 'top-left', 'B': 'top-right', 'C': 'bottom-left', 'D': 'bottom-right', 'E': 'center'}",E,E,D,bottom-right,0,1.1321160793304443
0000293_03601_d_0000940.jpg,/home/brisic03/VisDrone/VisDrone2019-DET-val/images/0000293_03601_d_0000940.jpg,presence,Which object type is visible in the drone image?,"{'A': 'tricycle', 'B': 'truck', 'C': 'motor', 'D': 'bicycle', 'E': 'car'}",D,D,A,tricycle,0,1.1237592697143555
0000293_03601_d_0000940.jpg,/home/brisic03/VisDrone/VisDrone2019-DET-val/images/0000293_03601_d_0000940.jpg,counting,How many tricycles are visible in the drone image?,"{'A': '0', 'B': '1', 'C': '2', 'D': '3', 'E': '4 or more'}",A,A,B,1,0,1.1239023208618164
0000293_03601_d_0000940.jpg,/home/brisic03/VisDrone/VisDrone2019-DET-val/images/0000293_03601_d_0000940.jpg,most_frequent,Which object type appears most often in the drone image?,"{'A': 'people', 'B': 'car', 'C': 'awning-tricycle', 'D': 'tricycle', 'E': 'bicycle'}",B,B,B,car,1,1.132537603378296
0000293_03601_d_0000940.jpg,/home/brisic03/VisDrone/VisDrone2019-DET-val/images/0000293_03601_d_0000940.jpg,location,Where is the largest car located in the image?,"{'A': 'top-left', 'B': 'top-right', 'C': 'bottom-left', 'D': 'bottom-right', 'E': 'center'}",E,E,D,bottom-right,0,1.1266117095947266
0000295_00000_d_0000021.jpg,/home/brisic03/VisDrone/VisDrone2019-DET-val/images/0000295_00000_d_0000021.jpg,presence,Which object type is visible in the drone image?,"{'A': 'people', 'B': 'bicycle', 'C': 'bus', 'D': 'pedestrian', 'E': 'awning-tricycle'}",A,A,D,pedestrian,0,1.1347932815551758
0000295_00000_d_0000021.jpg,/home/brisic03/VisDrone/VisDrone2019-DET-val/images/0000295_00000_d_0000021.jpg,counting,How many buss are visible in the drone image?,"{'A': '0', 'B': '1', 'C': '2', 'D': '3', 'E': '4 or more'}",B,B,D,3,0,1.1293065547943115
0000295_00000_d_0000021.jpg,/home/brisic03/VisDrone/VisDrone2019-DET-val/images/0000295_00000_d_0000021.jpg,most_frequent,Which object type appears most often in the drone image?,"{'A': 'people', 'B': 'car', 'C': 'van', 'D': 'pedestrian', 'E': 'awning-tricycle'}",B,B,B,car,1,1.1317260265350342
0000295_00000_d_0000021.jpg,/home/brisic03/VisDrone/VisDrone2019-DET-val/images/0000295_00000_d_0000021.jpg,location,Where is the largest car located in the image?,"{'A': 'top-left', 'B': 'top-right', 'C': 'bottom-left', 'D': 'bottom-right', 'E': 'center'}",E,E,D,bottom-right,0,1.1405565738677979
0000295_00200_d_0000022.jpg,/home/brisic03/VisDrone/VisDrone2019-DET-val/images/0000295_00200_d_0000022.jpg,presence,Which object type is visible in the drone image?,"{'A': 'bus', 'B': 'pedestrian', 'C': 'tricycle', 'D': 'awning-tricycle', 'E': 'truck'}",A,A,D,awning-tricycle,0,1.125946283340454
0000295_00200_d_0000022.jpg,/home/brisic03/VisDrone/VisDrone2019-DET-val/images/0000295_00200_d_0000022.jpg,counting,How many cars are visible in the drone image?,"{'A': '0', 'B': '1', 'C': '2', 'D': '3', 'E': '4 or more'}",E,E,E,4 or more,1,1.1305210590362549
0000295_00200_d_0000022.jpg,/home/brisic03/VisDrone/VisDrone2019-DET-val/images/0000295_00200_d_0000022.jpg,most_frequent,Which object type appears most often in the drone image?,"{'A': 'motor', 'B': 'truck', 'C': 'people', 'D': 'pedestrian', 'E': 'car'}",E,E,E,car,1,1.1383819580078125
0000295_00200_d_0000022.jpg,/home/brisic03/VisDrone/VisDrone2019-DET-val/images/0000295_00200_d_0000022.jpg,location,Where is the largest car located in the image?,"{'A': 'top-left', 'B': 'top-right', 'C': 'bottom-left', 'D': 'bottom-right', 'E': 'center'}",E,E,E,center,1,1.126387119293213
0000295_00600_d_0000024.jpg,/home/brisic03/VisDrone/VisDrone2019-DET-val/images/0000295_00600_d_0000024.jpg,presence,Which object type is visible in the drone image?,"{'A': 'tricycle', 'B': 'bus', 'C': 'people', 'D': 'bicycle', 'E': 'van'}",B,B,B,bus,1,1.1297438144683838
0000295_00600_d_0000024.jpg,/home/brisic03/VisDrone/VisDrone2019-DET-val/images/0000295_00600_d_0000024.jpg,counting,How many cars are visible in the drone image?,"{'A': '0', 'B': '1', 'C': '2', 'D': '3', 'E': '4 or more'}",E,E,E,4 or more,1,1.138197898864746
0000295_00600_d_0000024.jpg,/home/brisic03/VisDrone/VisDrone2019-DET-val/images/0000295_00600_d_0000024.jpg,most_frequent,Which object type appears most often in the drone image?,"{'A': 'truck', 'B': 'awning-tricycle', 'C': 'van', 'D': 'tricycle', 'E': 'car'}",E,E,E,car,1,1.1275527477264404
0000295_00600_d_0000024.jpg,/home/brisic03/VisDrone/VisDrone2019-DET-val/images/0000295_00600_d_0000024.jpg,location,Where is the largest bus located in the image?,"{'A': 'top-left', 'B': 'top-right', 'C': 'bottom-left', 'D': 'bottom-right', 'E': 'center'}",E,E,D,bottom-right,0,1.1386423110961914
0000295_00800_d_0000025.jpg,/home/brisic03/VisDrone/VisDrone2019-DET-val/images/0000295_00800_d_0000025.jpg,presence,Which object type is visible in the drone image?,"{'A': 'bus', 'B': 'awning-tricycle', 'C': 'motor', 'D': 'van', 'E': 'people'}",A,A,D,van,0,1.1243896484375
0000295_00800_d_0000025.jpg,/home/brisic03/VisDrone/VisDrone2019-DET-val/images/0000295_00800_d_0000025.jpg,counting,How many bicycles are visible in the drone image?,"{'A': '0', 'B': '1', 'C': '2', 'D': '3', 'E': '4 or more'}",A,A,C,2,0,1.1301004886627197
0000295_00800_d_0000025.jpg,/home/brisic03/VisDrone/VisDrone2019-DET-val/images/0000295_00800_d_0000025.jpg,most_frequent,Which object type appears most often in the drone image?,"{'A': 'awning-tricycle', 'B': 'truck', 'C': 'tricycle', 'D': 'car', 'E': 'bicycle'}",D,D,D,car,1,1.125791072845459
0000295_00800_d_0000025.jpg,/home/brisic03/VisDrone/VisDrone2019-DET-val/images/0000295_00800_d_0000025.jpg,location,Where is the largest bus located in the image?,"{'A': 'top-left', 'B': 'top-right', 'C': 'bottom-left', 'D': 'bottom-right', 'E': 'center'}",C,C,C,bottom-left,1,1.1385557651519775
0000295_01000_d_0000026.jpg,/home/brisic03/VisDrone/VisDrone2019-DET-val/images/0000295_01000_d_0000026.jpg,presence,Which object type is visible in the drone image?,"{'A': 'car', 'B': 'truck', 'C': 'bus', 'D': 'pedestrian', 'E': 'van'}",C,C,D,pedestrian,0,1.1277906894683838
0000295_01000_d_0000026.jpg,/home/brisic03/VisDrone/VisDrone2019-DET-val/images/0000295_01000_d_0000026.jpg,counting,How many cars are visible in the drone image?,"{'A': '0', 'B': '1', 'C': '2', 'D': '3', 'E': '4 or more'}",E,E,E,4 or more,1,1.1265442371368408
0000295_01000_d_0000026.jpg,/home/brisic03/VisDrone/VisDrone2019-DET-val/images/0000295_01000_d_0000026.jpg,most_frequent,Which object type appears most often in the drone image?,"{'A': 'pedestrian', 'B': 'motor', 'C': 'car', 'D': 'bus', 'E': 'bicycle'}",A,A,C,car,0,1.1285035610198975
0000295_01000_d_0000026.jpg,/home/brisic03/VisDrone/VisDrone2019-DET-val/images/0000295_01000_d_0000026.jpg,location,Where is the largest bus located in the image?,"{'A': 'top-left', 'B': 'top-right', 'C': 'bottom-left', 'D': 'bottom-right', 'E': 'center'}",C,C,E,center,0,1.132655382156372
0000295_01200_d_0000027.jpg,/home/brisic03/VisDrone/VisDrone2019-DET-val/images/0000295_01200_d_0000027.jpg,presence,Which object type is visible in the drone image?,"{'A': 'tricycle', 'B': 'awning-tricycle', 'C': 'bus', 'D': 'van', 'E': 'people'}",C,C,C,bus,1,1.1226871013641357
0000295_01200_d_0000027.jpg,/home/brisic03/VisDrone/VisDrone2019-DET-val/images/0000295_01200_d_0000027.jpg,counting,How many buss are visible in the drone image?,"{'A': '0', 'B': '1', 'C': '2', 'D': '3', 'E': '4 or more'}",B,B,C,2,0,1.1262059211730957
0000295_01200_d_0000027.jpg,/home/brisic03/VisDrone/VisDrone2019-DET-val/images/0000295_01200_d_0000027.jpg,most_frequent,Which object type appears most often in the drone image?,"{'A': 'motor', 'B': 'awning-tricycle', 'C': 'tricycle', 'D': 'car', 'E': 'truck'}",D,D,D,car,1,1.1348137855529785
0000295_01200_d_0000027.jpg,/home/brisic03/VisDrone/VisDrone2019-DET-val/images/0000295_01200_d_0000027.jpg,location,Where is the largest bus located in the image?,"{'A': 'top-left', 'B': 'top-right', 'C': 'bottom-left', 'D': 'bottom-right', 'E': 'center'}",E,E,E,center,1,1.132436990737915
0000295_01400_d_0000028.jpg,/home/brisic03/VisDrone/VisDrone2019-DET-val/images/0000295_01400_d_0000028.jpg,presence,Which object type is visible in the drone image?,"{'A': 'awning-tricycle', 'B': 'van', 'C': 'truck', 'D': 'pedestrian', 'E': 'car'}",D,D,E,car,0,1.1261909008026123
0000295_01400_d_0000028.jpg,/home/brisic03/VisDrone/VisDrone2019-DET-val/images/0000295_01400_d_0000028.jpg,counting,How many bicycles are visible in the drone image?,"{'A': '0', 'B': '1', 'C': '2', 'D': '3', 'E': '4 or more'}",A,A,B,1,0,1.1224491596221924
0000295_01400_d_0000028.jpg,/home/brisic03/VisDrone/VisDrone2019-DET-val/images/0000295_01400_d_0000028.jpg,most_frequent,Which object type appears most often in the drone image?,"{'A': 'bicycle', 'B': 'people', 'C': 'tricycle', 'D': 'car', 'E': 'bus'}",B,B,D,car,0,1.1373882293701172
0000295_01400_d_0000028.jpg,/home/brisic03/VisDrone/VisDrone2019-DET-val/images/0000295_01400_d_0000028.jpg,location,Where is the largest car located in the image?,"{'A': 'top-left', 'B': 'top-right', 'C': 'bottom-left', 'D': 'bottom-right', 'E': 'center'}",E,E,D,bottom-right,0,1.1360926628112793
0000295_01600_d_0000029.jpg,/home/brisic03/VisDrone/VisDrone2019-DET-val/images/0000295_01600_d_0000029.jpg,presence,Which object type is visible in the drone image?,"{'A': 'van', 'B': 'tricycle', 'C': 'pedestrian', 'D': 'bicycle', 'E': 'motor'}",C,C,A,van,0,1.1209912300109863
0000295_01600_d_0000029.jpg,/home/brisic03/VisDrone/VisDrone2019-DET-val/images/0000295_01600_d_0000029.jpg,counting,How many cars are visible in the drone image?,"{'A': '0', 'B': '1', 'C': '2', 'D': '3', 'E': '4 or more'}",A,A,E,4 or more,0,1.1312129497528076
0000295_01600_d_0000029.jpg,/home/brisic03/VisDrone/VisDrone2019-DET-val/images/0000295_01600_d_0000029.jpg,most_frequent,Which object type appears most often in the drone image?,"{'A': 'van', 'B': 'bicycle', 'C': 'people', 'D': 'awning-tricycle', 'E': 'car'}",C,C,E,car,0,1.1290717124938965
0000295_01600_d_0000029.jpg,/home/brisic03/VisDrone/VisDrone2019-DET-val/images/0000295_01600_d_0000029.jpg,location,Where is the largest bus located in the image?,"{'A': 'top-left', 'B': 'top-right', 'C': 'bottom-left', 'D': 'bottom-right', 'E': 'center'}",E,E,E,center,1,1.1218445301055908
0000295_01800_d_0000030.jpg,/home/brisic03/VisDrone/VisDrone2019-DET-val/images/0000295_01800_d_0000030.jpg,presence,Which object type is visible in the drone image?,"{'A': 'bicycle', 'B': 'tricycle', 'C': 'van', 'D': 'bus', 'E': 'awning-tricycle'}",D,D,C,van,0,1.1278760433197021
0000295_01800_d_0000030.jpg,/home/brisic03/VisDrone/VisDrone2019-DET-val/images/0000295_01800_d_0000030.jpg,counting,How many buss are visible in the drone image?,"{'A': '0', 'B': '1', 'C': '2', 'D': '3', 'E': '4 or more'}",A,A,E,4 or more,0,1.1413891315460205
0000295_01800_d_0000030.jpg,/home/brisic03/VisDrone/VisDrone2019-DET-val/images/0000295_01800_d_0000030.jpg,most_frequent,Which object type appears most often in the drone image?,"{'A': 'truck', 'B': 'tricycle', 'C': 'bicycle', 'D': 'van', 'E': 'car'}",E,E,E,car,1,1.1301538944244385
0000295_01800_d_0000030.jpg,/home/brisic03/VisDrone/VisDrone2019-DET-val/images/0000295_01800_d_0000030.jpg,location,Where is the largest car located in the image?,"{'A': 'top-left', 'B': 'top-right', 'C': 'bottom-left', 'D': 'bottom-right', 'E': 'center'}",E,E,D,bottom-right,0,1.1396806240081787
0000295_02000_d_0000031.jpg,/home/brisic03/VisDrone/VisDrone2019-DET-val/images/0000295_02000_d_0000031.jpg,presence,Which object type is visible in the drone image?,"{'A': 'car', 'B': 'truck', 'C': 'pedestrian', 'D': 'people', 'E': 'bus'}",A,A,C,pedestrian,0,1.126272439956665
0000295_02000_d_0000031.jpg,/home/brisic03/VisDrone/VisDrone2019-DET-val/images/0000295_02000_d_0000031.jpg,counting,How many awning-tricycles are visible in the drone image?,"{'A': '0', 'B': '1', 'C': '2', 'D': '3', 'E': '4 or more'}",A,A,B,1,0,1.129044532775879
0000295_02000_d_0000031.jpg,/home/brisic03/VisDrone/VisDrone2019-DET-val/images/0000295_02000_d_0000031.jpg,most_frequent,Which object type appears most often in the drone image?,"{'A': 'awning-tricycle', 'B': 'motor', 'C': 'car', 'D': 'van', 'E': 'pedestrian'}",C,C,C,car,1,1.1313021183013916
0000295_02000_d_0000031.jpg,/home/brisic03/VisDrone/VisDrone2019-DET-val/images/0000295_02000_d_0000031.jpg,location,Where is the largest car located in the image?,"{'A': 'top-left', 'B': 'top-right', 'C': 'bottom-left', 'D': 'bottom-right', 'E': 'center'}",E,E,D,bottom-right,0,1.1280767917633057
0000295_02200_d_0000032.jpg,/home/brisic03/VisDrone/VisDrone2019-DET-val/images/0000295_02200_d_0000032.jpg,presence,Which object type is visible in the drone image?,"{'A': 'van', 'B': 'pedestrian', 'C': 'truck', 'D': 'bicycle', 'E': 'motor'}",D,D,E,motor,0,1.134549617767334
0000295_02200_d_0000032.jpg,/home/brisic03/VisDrone/VisDrone2019-DET-val/images/0000295_02200_d_0000032.jpg,counting,How many buss are visible in the drone image?,"{'A': '0', 'B': '1', 'C': '2', 'D': '3', 'E': '4 or more'}",B,B,E,4 or more,0,1.1164827346801758
0000295_02200_d_0000032.jpg,/home/brisic03/VisDrone/VisDrone2019-DET-val/images/0000295_02200_d_0000032.jpg,most_frequent,Which object type appears most often in the drone image?,"{'A': 'bus', 'B': 'pedestrian', 'C': 'car', 'D': 'people', 'E': 'tricycle'}",C,C,C,car,1,1.170255422592163
0000295_02200_d_0000032.jpg,/home/brisic03/VisDrone/VisDrone2019-DET-val/images/0000295_02200_d_0000032.jpg,location,Where is the largest bus located in the image?,"{'A': 'top-left', 'B': 'top-right', 'C': 'bottom-left', 'D': 'bottom-right', 'E': 'center'}",E,E,E,center,1,1.1304759979248047
0000295_02400_d_0000033.jpg,/home/brisic03/VisDrone/VisDrone2019-DET-val/images/0000295_02400_d_0000033.jpg,presence,Which object type is visible in the drone image?,"{'A': 'bus', 'B': 'truck', 'C': 'motor', 'D': 'van', 'E': 'bicycle'}",A,A,A,bus,1,1.1330828666687012
0000295_02400_d_0000033.jpg,/home/brisic03/VisDrone/VisDrone2019-DET-val/images/0000295_02400_d_0000033.jpg,counting,How many motors are visible in the drone image?,"{'A': '0', 'B': '1', 'C': '2', 'D': '3', 'E': '4 or more'}",A,A,B,1,0,1.1419949531555176
0000295_02400_d_0000033.jpg,/home/brisic03/VisDrone/VisDrone2019-DET-val/images/0000295_02400_d_0000033.jpg,most_frequent,Which object type appears most often in the drone image?,"{'A': 'motor', 'B': 'pedestrian', 'C': 'van', 'D': 'people', 'E': 'car'}",A,A,E,car,0,1.125544548034668
0000295_02400_d_0000033.jpg,/home/brisic03/VisDrone/VisDrone2019-DET-val/images/0000295_02400_d_0000033.jpg,location,Where is the largest bus located in the image?,"{'A': 'top-left', 'B': 'top-right', 'C': 'bottom-left', 'D': 'bottom-right', 'E': 'center'}",D,D,E,center,0,1.1238176822662354
0000295_02900_d_0000034.jpg,/home/brisic03/VisDrone/VisDrone2019-DET-val/images/0000295_02900_d_0000034.jpg,presence,Which object type is visible in the drone image?,"{'A': 'people', 'B': 'van', 'C': 'pedestrian', 'D': 'bus', 'E': 'car'}",A,A,E,car,0,1.1324608325958252
0000295_02900_d_0000034.jpg,/home/brisic03/VisDrone/VisDrone2019-DET-val/images/0000295_02900_d_0000034.jpg,counting,How many cars are visible in the drone image?,"{'A': '0', 'B': '1', 'C': '2', 'D': '3', 'E': '4 or more'}",E,E,E,4 or more,1,1.129518747329712
0000295_02900_d_0000034.jpg,/home/brisic03/VisDrone/VisDrone2019-DET-val/images/0000295_02900_d_0000034.jpg,most_frequent,Which object type appears most often in the drone image?,"{'A': 'people', 'B': 'van', 'C': 'car', 'D': 'tricycle', 'E': 'truck'}",A,A,C,car,0,1.1274285316467285
0000295_02900_d_0000034.jpg,/home/brisic03/VisDrone/VisDrone2019-DET-val/images/0000295_02900_d_0000034.jpg,location,Where is the largest bus located in the image?,"{'A': 'top-left', 'B': 'top-right', 'C': 'bottom-left', 'D': 'bottom-right', 'E': 'center'}",C,C,C,bottom-left,1,1.1297211647033691
0000296_00601_d_0000038.jpg,/home/brisic03/VisDrone/VisDrone2019-DET-val/images/0000296_00601_d_0000038.jpg,presence,Which object type is visible in the drone image?,"{'A': 'pedestrian', 'B': 'car', 'C': 'bicycle', 'D': 'bus', 'E': 'truck'}",D,D,B,car,0,1.1375446319580078
0000296_00601_d_0000038.jpg,/home/brisic03/VisDrone/VisDrone2019-DET-val/images/0000296_00601_d_0000038.jpg,counting,How many motors are visible in the drone image?,"{'A': '0', 'B': '1', 'C': '2', 'D': '3', 'E': '4 or more'}",A,A,B,1,0,1.123605489730835
0000296_00601_d_0000038.jpg,/home/brisic03/VisDrone/VisDrone2019-DET-val/images/0000296_00601_d_0000038.jpg,most_frequent,Which object type appears most often in the drone image?,"{'A': 'tricycle', 'B': 'pedestrian', 'C': 'people', 'D': 'bicycle', 'E': 'car'}",E,E,E,car,1,1.1285231113433838
0000296_00601_d_0000038.jpg,/home/brisic03/VisDrone/VisDrone2019-DET-val/images/0000296_00601_d_0000038.jpg,location,Where is the largest bus located in the image?,"{'A': 'top-left', 'B': 'top-right', 'C': 'bottom-left', 'D': 'bottom-right', 'E': 'center'}",C,C,C,bottom-left,1,1.1319844722747803
0000296_01001_d_0000040.jpg,/home/brisic03/VisDrone/VisDrone2019-DET-val/images/0000296_01001_d_0000040.jpg,presence,Which object type is visible in the drone image?,"{'A': 'bicycle', 'B': 'motor', 'C': 'awning-tricycle', 'D': 'pedestrian', 'E': 'people'}",E,E,E,people,1,1.1417973041534424
0000296_01001_d_0000040.jpg,/home/brisic03/VisDrone/VisDrone2019-DET-val/images/0000296_01001_d_0000040.jpg,counting,How many buss are visible in the drone image?,"{'A': '0', 'B': '1', 'C': '2', 'D': '3', 'E': '4 or more'}",B,B,D,3,0,1.1251709461212158
0000296_01001_d_0000040.jpg,/home/brisic03/VisDrone/VisDrone2019-DET-val/images/0000296_01001_d_0000040.jpg,most_frequent,Which object type appears most often in the drone image?,"{'A': 'pedestrian', 'B': 'car', 'C': 'motor', 'D': 'bus', 'E': 'bicycle'}",A,A,B,car,0,1.1210873126983643
0000296_01001_d_0000040.jpg,/home/brisic03/VisDrone/VisDrone2019-DET-val/images/0000296_01001_d_0000040.jpg,location,Where is the largest bus located in the image?,"{'A': 'top-left', 'B': 'top-right', 'C': 'bottom-left', 'D': 'bottom-right', 'E': 'center'}",E,E,E,center,1,1.1250083446502686
0000300_03201_d_0000154.jpg,/home/brisic03/VisDrone/VisDrone2019-DET-val/images/0000300_03201_d_0000154.jpg,presence,Which object type is visible in the drone image?,"{'A': 'pedestrian', 'B': 'people', 'C': 'awning-tricycle', 'D': 'car', 'E': 'van'}",A,A,A,pedestrian,1,1.1372919082641602
0000300_03201_d_0000154.jpg,/home/brisic03/VisDrone/VisDrone2019-DET-val/images/0000300_03201_d_0000154.jpg,counting,How many pedestrians are visible in the drone image?,"{'A': '0', 'B': '1', 'C': '2', 'D': '3', 'E': '4 or more'}",A,A,E,4 or more,0,1.1267623901367188
0000300_03201_d_0000154.jpg,/home/brisic03/VisDrone/VisDrone2019-DET-val/images/0000300_03201_d_0000154.jpg,most_frequent,Which object type appears most often in the drone image?,"{'A': 'tricycle', 'B': 'truck', 'C': 'van', 'D': 'motor', 'E': 'car'}",E,E,E,car,1,1.1243808269500732
0000300_03201_d_0000154.jpg,/home/brisic03/VisDrone/VisDrone2019-DET-val/images/0000300_03201_d_0000154.jpg,location,Where is the largest car located in the image?,"{'A': 'top-left', 'B': 'top-right', 'C': 'bottom-left', 'D': 'bottom-right', 'E': 'center'}",E,E,E,center,1,1.1428723335266113
0000301_00001_d_0000156.jpg,/home/brisic03/VisDrone/VisDrone2019-DET-val/images/0000301_00001_d_0000156.jpg,presence,Which object type is visible in the drone image?,"{'A': 'van', 'B': 'truck', 'C': 'car', 'D': 'motor', 'E': 'tricycle'}",A,A,E,tricycle,0,1.121896743774414
0000301_00001_d_0000156.jpg,/home/brisic03/VisDrone/VisDrone2019-DET-val/images/0000301_00001_d_0000156.jpg,counting,How many tricycles are visible in the drone image?,"{'A': '0', 'B': '1', 'C': '2', 'D': '3', 'E': '4 or more'}",A,A,B,1,0,1.1306896209716797
0000301_00001_d_0000156.jpg,/home/brisic03/VisDrone/VisDrone2019-DET-val/images/0000301_00001_d_0000156.jpg,most_frequent,Which object type appears most often in the drone image?,"{'A': 'people', 'B': 'pedestrian', 'C': 'car', 'D': 'tricycle', 'E': 'bus'}",A,A,C,car,0,1.1351165771484375
0000301_00001_d_0000156.jpg,/home/brisic03/VisDrone/VisDrone2019-DET-val/images/0000301_00001_d_0000156.jpg,location,Where is the largest car located in the image?,"{'A': 'top-left', 'B': 'top-right', 'C': 'bottom-left', 'D': 'bottom-right', 'E': 'center'}",E,E,C,bottom-left,0,1.1342275142669678
0000301_00201_d_0000157.jpg,/home/brisic03/VisDrone/VisDrone2019-DET-val/images/0000301_00201_d_0000157.jpg,presence,Which object type is visible in the drone image?,"{'A': 'people', 'B': 'awning-tricycle', 'C': 'car', 'D': 'bus', 'E': 'truck'}",A,A,B,awning-tricycle,0,1.1262881755828857
0000301_00201_d_0000157.jpg,/home/brisic03/VisDrone/VisDrone2019-DET-val/images/0000301_00201_d_0000157.jpg,counting,How many pedestrians are visible in the drone image?,"{'A': '0', 'B': '1', 'C': '2', 'D': '3', 'E': '4 or more'}",A,A,C,2,0,1.1296536922454834
0000301_00201_d_0000157.jpg,/home/brisic03/VisDrone/VisDrone2019-DET-val/images/0000301_00201_d_0000157.jpg,most_frequent,Which object type appears most often in the drone image?,"{'A': 'pedestrian', 'B': 'car', 'C': 'awning-tricycle', 'D': 'bus', 'E': 'van'}",B,B,B,car,1,1.1296160221099854
0000301_00201_d_0000157.jpg,/home/brisic03/VisDrone/VisDrone2019-DET-val/images/0000301_00201_d_0000157.jpg,location,Where is the largest car located in the image?,"{'A': 'top-left', 'B': 'top-right', 'C': 'bottom-left', 'D': 'bottom-right', 'E': 'center'}",C,C,E,center,0,1.1345500946044922
0000301_01001_d_0000161.jpg,/home/brisic03/VisDrone/VisDrone2019-DET-val/images/0000301_01001_d_0000161.jpg,presence,Which object type is visible in the drone image?,"{'A': 'people', 'B': 'bus', 'C': 'tricycle', 'D': 'car', 'E': 'van'}",A,A,B,bus,0,1.1262280941009521
0000301_01001_d_0000161.jpg,/home/brisic03/VisDrone/VisDrone2019-DET-val/images/0000301_01001_d_0000161.jpg,counting,How many vans are visible in the drone image?,"{'A': '0', 'B': '1', 'C': '2', 'D': '3', 'E': '4 or more'}",A,A,C,2,0,1.1172590255737305
0000301_01001_d_0000161.jpg,/home/brisic03/VisDrone/VisDrone2019-DET-val/images/0000301_01001_d_0000161.jpg,most_frequent,Which object type appears most often in the drone image?,"{'A': 'truck', 'B': 'van', 'C': 'people', 'D': 'car', 'E': 'bicycle'}",D,D,D,car,1,1.1315867900848389
0000301_01001_d_0000161.jpg,/home/brisic03/VisDrone/VisDrone2019-DET-val/images/0000301_01001_d_0000161.jpg,location,Where is the largest car located in the image?,"{'A': 'top-left', 'B': 'top-right', 'C': 'bottom-left', 'D': 'bottom-right', 'E': 'center'}",E,E,E,center,1,1.1384086608886719
0000301_01201_d_0000162.jpg,/home/brisic03/VisDrone/VisDrone2019-DET-val/images/0000301_01201_d_0000162.jpg,presence,Which object type is visible in the drone image?,"{'A': 'bicycle', 'B': 'motor', 'C': 'car', 'D': 'tricycle', 'E': 'awning-tricycle'}",C,C,C,car,1,1.1262855529785156
0000301_01201_d_0000162.jpg,/home/brisic03/VisDrone/VisDrone2019-DET-val/images/0000301_01201_d_0000162.jpg,counting,How many cars are visible in the drone image?,"{'A': '0', 'B': '1', 'C': '2', 'D': '3', 'E': '4 or more'}",A,A,E,4 or more,0,1.1471784114837646
0000301_01201_d_0000162.jpg,/home/brisic03/VisDrone/VisDrone2019-DET-val/images/0000301_01201_d_0000162.jpg,most_frequent,Which object type appears most often in the drone image?,"{'A': 'truck', 'B': 'tricycle', 'C': 'motor', 'D': 'car', 'E': 'bus'}",D,D,D,car,1,1.1223523616790771
0000301_01201_d_0000162.jpg,/home/brisic03/VisDrone/VisDrone2019-DET-val/images/0000301_01201_d_0000162.jpg,location,Where is the largest bus located in the image?,"{'A': 'top-left', 'B': 'top-right', 'C': 'bottom-left', 'D': 'bottom-right', 'E': 'center'}",E,E,E,center,1,1.1311109066009521
0000303_03401_d_0000200.jpg,/home/brisic03/VisDrone/VisDrone2019-DET-val/images/0000303_03401_d_0000200.jpg,presence,Which object type is visible in the drone image?,"{'A': 'bus', 'B': 'car', 'C': 'awning-tricycle', 'D': 'pedestrian', 'E': 'bicycle'}",A,A,A,bus,1,1.1335904598236084
0000303_03401_d_0000200.jpg,/home/brisic03/VisDrone/VisDrone2019-DET-val/images/0000303_03401_d_0000200.jpg,counting,How many cars are visible in the drone image?,"{'A': '0', 'B': '1', 'C': '2', 'D': '3', 'E': '4 or more'}",A,A,E,4 or more,0,1.1256933212280273
0000303_03401_d_0000200.jpg,/home/brisic03/VisDrone/VisDrone2019-DET-val/images/0000303_03401_d_0000200.jpg,most_frequent,Which object type appears most often in the drone image?,"{'A': 'motor', 'B': 'car', 'C': 'people', 'D': 'tricycle', 'E': 'bus'}",B,B,B,car,1,1.1221251487731934
0000303_03401_d_0000200.jpg,/home/brisic03/VisDrone/VisDrone2019-DET-val/images/0000303_03401_d_0000200.jpg,location,Where is the largest car located in the image?,"{'A': 'top-left', 'B': 'top-right', 'C': 'bottom-left', 'D': 'bottom-right', 'E': 'center'}",E,E,C,bottom-left,0,1.1414129734039307
0000308_04401_d_0000327.jpg,/home/brisic03/VisDrone/VisDrone2019-DET-val/images/0000308_04401_d_0000327.jpg,presence,Which object type is visible in the drone image?,"{'A': 'people', 'B': 'awning-tricycle', 'C': 'bicycle', 'D': 'motor', 'E': 'bus'}",A,A,A,people,1,1.1253485679626465
0000308_04401_d_0000327.jpg,/home/brisic03/VisDrone/VisDrone2019-DET-val/images/0000308_04401_d_0000327.jpg,counting,How many pedestrians are visible in the drone image?,"{'A': '0', 'B': '1', 'C': '2', 'D': '3', 'E': '4 or more'}",A,A,E,4 or more,0,1.1268091201782227
0000308_04401_d_0000327.jpg,/home/brisic03/VisDrone/VisDrone2019-DET-val/images/0000308_04401_d_0000327.jpg,most_frequent,Which object type appears most often in the drone image?,"{'A': 'car', 'B': 'tricycle', 'C': 'people', 'D': 'bicycle', 'E': 'truck'}",A,A,A,car,1,1.136141061782837
0000308_04401_d_0000327.jpg,/home/brisic03/VisDrone/VisDrone2019-DET-val/images/0000308_04401_d_0000327.jpg,location,Where is the largest bus located in the image?,"{'A': 'top-left', 'B': 'top-right', 'C': 'bottom-left', 'D': 'bottom-right', 'E': 'center'}",E,E,E,center,1,1.1299257278442383
0000312_00001_d_0000414.jpg,/home/brisic03/VisDrone/VisDrone2019-DET-val/images/0000312_00001_d_0000414.jpg,presence,Which object type is visible in the drone image?,"{'A': 'van', 'B': 'bicycle', 'C': 'bus', 'D': 'people', 'E': 'motor'}",D,D,B,bicycle,0,1.1386687755584717
0000312_00001_d_0000414.jpg,/home/brisic03/VisDrone/VisDrone2019-DET-val/images/0000312_00001_d_0000414.jpg,counting,How many trucks are visible in the drone image?,"{'A': '0', 'B': '1', 'C': '2', 'D': '3', 'E': '4 or more'}",B,B,C,2,0,1.129507303237915
0000312_00001_d_0000414.jpg,/home/brisic03/VisDrone/VisDrone2019-DET-val/images/0000312_00001_d_0000414.jpg,most_frequent,Which object type appears most often in the drone image?,"{'A': 'motor', 'B': 'bus', 'C': 'tricycle', 'D': 'van', 'E': 'car'}",E,E,E,car,1,1.1235432624816895
0000312_00001_d_0000414.jpg,/home/brisic03/VisDrone/VisDrone2019-DET-val/images/0000312_00001_d_0000414.jpg,location,Where is the largest car located in the image?,"{'A': 'top-left', 'B': 'top-right', 'C': 'bottom-left', 'D': 'bottom-right', 'E': 'center'}",E,E,C,bottom-left,0,1.1352663040161133
0000312_00201_d_0000415.jpg,/home/brisic03/VisDrone/VisDrone2019-DET-val/images/0000312_00201_d_0000415.jpg,presence,Which object type is visible in the drone image?,"{'A': 'tricycle', 'B': 'truck', 'C': 'bus', 'D': 'awning-tricycle', 'E': 'people'}",B,B,B,truck,1,1.1384327411651611
0000312_00201_d_0000415.jpg,/home/brisic03/VisDrone/VisDrone2019-DET-val/images/0000312_00201_d_0000415.jpg,counting,How many trucks are visible in the drone image?,"{'A': '0', 'B': '1', 'C': '2', 'D': '3', 'E': '4 or more'}",B,B,C,2,0,1.127056360244751
0000312_00201_d_0000415.jpg,/home/brisic03/VisDrone/VisDrone2019-DET-val/images/0000312_00201_d_0000415.jpg,most_frequent,Which object type appears most often in the drone image?,"{'A': 'awning-tricycle', 'B': 'bicycle', 'C': 'people', 'D': 'car', 'E': 'pedestrian'}",D,D,D,car,1,1.1409060955047607
0000312_00201_d_0000415.jpg,/home/brisic03/VisDrone/VisDrone2019-DET-val/images/0000312_00201_d_0000415.jpg,location,Where is the largest truck located in the image?,"{'A': 'top-left', 'B': 'top-right', 'C': 'bottom-left', 'D': 'bottom-right', 'E': 'center'}",C,C,C,bottom-left,1,1.1307368278503418
0000312_00601_d_0000417.jpg,/home/brisic03/VisDrone/VisDrone2019-DET-val/images/0000312_00601_d_0000417.jpg,presence,Which object type is visible in the drone image?,"{'A': 'pedestrian', 'B': 'motor', 'C': 'van', 'D': 'awning-tricycle', 'E': 'people'}",D,D,B,motor,0,1.115598440170288
0000312_00601_d_0000417.jpg,/home/brisic03/VisDrone/VisDrone2019-DET-val/images/0000312_00601_d_0000417.jpg,counting,How many motors are visible in the drone image?,"{'A': '0', 'B': '1', 'C': '2', 'D': '3', 'E': '4 or more'}",A,A,B,1,0,1.121863603591919
0000312_00601_d_0000417.jpg,/home/brisic03/VisDrone/VisDrone2019-DET-val/images/0000312_00601_d_0000417.jpg,most_frequent,Which object type appears most often in the drone image?,"{'A': 'pedestrian', 'B': 'truck', 'C': 'car', 'D': 'bus', 'E': 'tricycle'}",C,C,C,car,1,1.1473793983459473
0000312_00601_d_0000417.jpg,/home/brisic03/VisDrone/VisDrone2019-DET-val/images/0000312_00601_d_0000417.jpg,location,Where is the largest car located in the image?,"{'A': 'top-left', 'B': 'top-right', 'C': 'bottom-left', 'D': 'bottom-right', 'E': 'center'}",A,A,C,bottom-left,0,1.133699893951416
0000312_01001_d_0000419.jpg,/home/brisic03/VisDrone/VisDrone2019-DET-val/images/0000312_01001_d_0000419.jpg,presence,Which object type is visible in the drone image?,"{'A': 'pedestrian', 'B': 'car', 'C': 'bus', 'D': 'people', 'E': 'truck'}",B,B,A,pedestrian,0,1.1351947784423828
0000312_01001_d_0000419.jpg,/home/brisic03/VisDrone/VisDrone2019-DET-val/images/0000312_01001_d_0000419.jpg,counting,How many pedestrians are visible in the drone image?,"{'A': '0', 'B': '1', 'C': '2', 'D': '3', 'E': '4 or more'}",A,A,B,1,0,1.1311025619506836
0000312_01001_d_0000419.jpg,/home/brisic03/VisDrone/VisDrone2019-DET-val/images/0000312_01001_d_0000419.jpg,most_frequent,Which object type appears most often in the drone image?,"{'A': 'van', 'B': 'car', 'C': 'truck', 'D': 'motor', 'E': 'people'}",B,B,B,car,1,1.1196513175964355
0000312_01001_d_0000419.jpg,/home/brisic03/VisDrone/VisDrone2019-DET-val/images/0000312_01001_d_0000419.jpg,location,Where is the largest car located in the image?,"{'A': 'top-left', 'B': 'top-right', 'C': 'bottom-left', 'D': 'bottom-right', 'E': 'center'}",E,E,E,center,1,1.1357595920562744
0000312_01201_d_0000420.jpg,/home/brisic03/VisDrone/VisDrone2019-DET-val/images/0000312_01201_d_0000420.jpg,presence,Which object type is visible in the drone image?,"{'A': 'car', 'B': 'awning-tricycle', 'C': 'bus', 'D': 'people', 'E': 'tricycle'}",A,A,D,people,0,1.1357243061065674
0000312_01201_d_0000420.jpg,/home/brisic03/VisDrone/VisDrone2019-DET-val/images/0000312_01201_d_0000420.jpg,counting,How many tricycles are visible in the drone image?,"{'A': '0', 'B': '1', 'C': '2', 'D': '3', 'E': '4 or more'}",A,A,B,1,0,1.118513584136963
0000312_01201_d_0000420.jpg,/home/brisic03/VisDrone/VisDrone2019-DET-val/images/0000312_01201_d_0000420.jpg,most_frequent,Which object type appears most often in the drone image?,"{'A': 'van', 'B': 'car', 'C': 'tricycle', 'D': 'motor', 'E': 'pedestrian'}",B,B,B,car,1,1.1402666568756104
0000312_01201_d_0000420.jpg,/home/brisic03/VisDrone/VisDrone2019-DET-val/images/0000312_01201_d_0000420.jpg,location,Where is the largest car located in the image?,"{'A': 'top-left', 'B': 'top-right', 'C': 'bottom-left', 'D': 'bottom-right', 'E': 'center'}",E,E,E,center,1,1.1271095275878906
0000312_02201_d_0000425.jpg,/home/brisic03/VisDrone/VisDrone2019-DET-val/images/0000312_02201_d_0000425.jpg,presence,Which object type is visible in the drone image?,"{'A': 'bicycle', 'B': 'car', 'C': 'tricycle', 'D': 'awning-tricycle', 'E': 'people'}",B,B,C,tricycle,0,1.120316982269287
0000312_02201_d_0000425.jpg,/home/brisic03/VisDrone/VisDrone2019-DET-val/images/0000312_02201_d_0000425.jpg,counting,How many tricycles are visible in the drone image?,"{'A': '0', 'B': '1', 'C': '2', 'D': '3', 'E': '4 or more'}",A,A,C,2,0,1.1234300136566162
0000312_02201_d_0000425.jpg,/home/brisic03/VisDrone/VisDrone2019-DET-val/images/0000312_02201_d_0000425.jpg,most_frequent,Which object type appears most often in the drone image?,"{'A': 'van', 'B': 'bicycle', 'C': 'bus', 'D': 'tricycle', 'E': 'car'}",E,E,E,car,1,1.1292998790740967
0000312_02201_d_0000425.jpg,/home/brisic03/VisDrone/VisDrone2019-DET-val/images/0000312_02201_d_0000425.jpg,location,Where is the largest car located in the image?,"{'A': 'top-left', 'B': 'top-right', 'C': 'bottom-left', 'D': 'bottom-right', 'E': 'center'}",E,E,C,bottom-left,0,1.1294610500335693
0000312_02401_d_0000426.jpg,/home/brisic03/VisDrone/VisDrone2019-DET-val/images/0000312_02401_d_0000426.jpg,presence,Which object type is visible in the drone image?,"{'A': 'people', 'B': 'bus', 'C': 'awning-tricycle', 'D': 'truck', 'E': 'bicycle'}",A,A,A,people,1,1.145293951034546
0000312_02401_d_0000426.jpg,/home/brisic03/VisDrone/VisDrone2019-DET-val/images/0000312_02401_d_0000426.jpg,counting,How many cars are visible in the drone image?,"{'A': '0', 'B': '1', 'C': '2', 'D': '3', 'E': '4 or more'}",A,A,E,4 or more,0,1.1389775276184082
0000312_02401_d_0000426.jpg,/home/brisic03/VisDrone/VisDrone2019-DET-val/images/0000312_02401_d_0000426.jpg,most_frequent,Which object type appears most often in the drone image?,"{'A': 'motor', 'B': 'pedestrian', 'C': 'people', 'D': 'van', 'E': 'car'}",E,E,E,car,1,1.1272962093353271
0000312_02401_d_0000426.jpg,/home/brisic03/VisDrone/VisDrone2019-DET-val/images/0000312_02401_d_0000426.jpg,location,Where is the largest car located in the image?,"{'A': 'top-left', 'B': 'top-right', 'C': 'bottom-left', 'D': 'bottom-right', 'E': 'center'}",E,E,E,center,1,1.1300978660583496
0000312_04201_d_0000435.jpg,/home/brisic03/VisDrone/VisDrone2019-DET-val/images/0000312_04201_d_0000435.jpg,presence,Which object type is visible in the drone image?,"{'A': 'car', 'B': 'bicycle', 'C': 'awning-tricycle', 'D': 'pedestrian', 'E': 'bus'}",A,A,A,car,1,1.1257877349853516
0000312_04201_d_0000435.jpg,/home/brisic03/VisDrone/VisDrone2019-DET-val/images/0000312_04201_d_0000435.jpg,counting,How many cars are visible in the drone image?,"{'A': '0', 'B': '1', 'C': '2', 'D': '3', 'E': '4 or more'}",E,E,E,4 or more,1,1.1277008056640625
0000312_04201_d_0000435.jpg,/home/brisic03/VisDrone/VisDrone2019-DET-val/images/0000312_04201_d_0000435.jpg,most_frequent,Which object type appears most often in the drone image?,"{'A': 'awning-tricycle', 'B': 'car', 'C': 'tricycle', 'D': 'bus', 'E': 'pedestrian'}",B,B,B,car,1,1.1274442672729492
0000312_04201_d_0000435.jpg,/home/brisic03/VisDrone/VisDrone2019-DET-val/images/0000312_04201_d_0000435.jpg,location,Where is the largest car located in the image?,"{'A': 'top-left', 'B': 'top-right', 'C': 'bottom-left', 'D': 'bottom-right', 'E': 'center'}",E,E,C,bottom-left,0,1.148552656173706
0000313_06401_d_0000468.jpg,/home/brisic03/VisDrone/VisDrone2019-DET-val/images/0000313_06401_d_0000468.jpg,presence,Which object type is visible in the drone image?,"{'A': 'van', 'B': 'pedestrian', 'C': 'bicycle', 'D': 'bus', 'E': 'car'}",B,B,A,van,0,1.1229500770568848
0000313_06401_d_0000468.jpg,/home/brisic03/VisDrone/VisDrone2019-DET-val/images/0000313_06401_d_0000468.jpg,counting,How many cars are visible in the drone image?,"{'A': '0', 'B': '1', 'C': '2', 'D': '3', 'E': '4 or more'}",E,E,E,4 or more,1,1.1325478553771973
0000313_06401_d_0000468.jpg,/home/brisic03/VisDrone/VisDrone2019-DET-val/images/0000313_06401_d_0000468.jpg,most_frequent,Which object type appears most often in the drone image?,"{'A': 'bus', 'B': 'truck', 'C': 'tricycle', 'D': 'people', 'E': 'car'}",E,E,E,car,1,1.1317057609558105
0000313_06401_d_0000468.jpg,/home/brisic03/VisDrone/VisDrone2019-DET-val/images/0000313_06401_d_0000468.jpg,location,Where is the largest van located in the image?,"{'A': 'top-left', 'B': 'top-right', 'C': 'bottom-left', 'D': 'bottom-right', 'E': 'center'}",C,C,E,center,0,1.135749101638794
0000313_06601_d_0000469.jpg,/home/brisic03/VisDrone/VisDrone2019-DET-val/images/0000313_06601_d_0000469.jpg,presence,Which object type is visible in the drone image?,"{'A': 'pedestrian', 'B': 'motor', 'C': 'car', 'D': 'van', 'E': 'bus'}",C,C,C,car,1,1.1260199546813965
0000313_06601_d_0000469.jpg,/home/brisic03/VisDrone/VisDrone2019-DET-val/images/0000313_06601_d_0000469.jpg,counting,How many trucks are visible in the drone image?,"{'A': '0', 'B': '1', 'C': '2', 'D': '3', 'E': '4 or more'}",A,A,B,1,0,1.1414039134979248
0000313_06601_d_0000469.jpg,/home/brisic03/VisDrone/VisDrone2019-DET-val/images/0000313_06601_d_0000469.jpg,most_frequent,Which object type appears most often in the drone image?,"{'A': 'awning-tricycle', 'B': 'car', 'C': 'tricycle', 'D': 'people', 'E': 'bicycle'}",B,B,B,car,1,1.1294429302215576
0000313_06601_d_0000469.jpg,/home/brisic03/VisDrone/VisDrone2019-DET-val/images/0000313_06601_d_0000469.jpg,location,Where is the largest van located in the image?,"{'A': 'top-left', 'B': 'top-right', 'C': 'bottom-left', 'D': 'bottom-right', 'E': 'center'}",C,C,D,bottom-right,0,1.1361010074615479
0000313_07001_d_0000471.jpg,/home/brisic03/VisDrone/VisDrone2019-DET-val/images/0000313_07001_d_0000471.jpg,presence,Which object type is visible in the drone image?,"{'A': 'truck', 'B': 'car', 'C': 'motor', 'D': 'pedestrian', 'E': 'bus'}",A,A,B,car,0,1.123917818069458
0000313_07001_d_0000471.jpg,/home/brisic03/VisDrone/VisDrone2019-DET-val/images/0000313_07001_d_0000471.jpg,counting,How many cars are visible in the drone image?,"{'A': '0', 'B': '1', 'C': '2', 'D': '3', 'E': '4 or more'}",A,A,B,1,0,1.1335816383361816
0000313_07001_d_0000471.jpg,/home/brisic03/VisDrone/VisDrone2019-DET-val/images/0000313_07001_d_0000471.jpg,most_frequent,Which object type appears most often in the drone image?,"{'A': 'car', 'B': 'pedestrian', 'C': 'people', 'D': 'tricycle', 'E': 'awning-tricycle'}",E,E,A,car,0,1.1295034885406494
0000313_07001_d_0000471.jpg,/home/brisic03/VisDrone/VisDrone2019-DET-val/images/0000313_07001_d_0000471.jpg,location,Where is the largest car located in the image?,"{'A': 'top-left', 'B': 'top-right', 'C': 'bottom-left', 'D': 'bottom-right', 'E': 'center'}",A,A,E,center,0,1.1281704902648926
0000315_01601_d_0000509.jpg,/home/brisic03/VisDrone/VisDrone2019-DET-val/images/0000315_01601_d_0000509.jpg,presence,Which object type is visible in the drone image?,"{'A': 'motor', 'B': 'pedestrian', 'C': 'bicycle', 'D': 'people', 'E': 'car'}",A,A,B,pedestrian,0,1.124696969985962
0000315_01601_d_0000509.jpg,/home/brisic03/VisDrone/VisDrone2019-DET-val/images/0000315_01601_d_0000509.jpg,counting,How many tricycles are visible in the drone image?,"{'A': '0', 'B': '1', 'C': '2', 'D': '3', 'E': '4 or more'}",A,A,D,3,0,1.1370248794555664
0000315_01601_d_0000509.jpg,/home/brisic03/VisDrone/VisDrone2019-DET-val/images/0000315_01601_d_0000509.jpg,most_frequent,Which object type appears most often in the drone image?,"{'A': 'bicycle', 'B': 'truck', 'C': 'van', 'D': 'people', 'E': 'car'}",D,D,E,car,0,1.1303060054779053
0000315_01601_d_0000509.jpg,/home/brisic03/VisDrone/VisDrone2019-DET-val/images/0000315_01601_d_0000509.jpg,location,Where is the largest car located in the image?,"{'A': 'top-left', 'B': 'top-right', 'C': 'bottom-left', 'D': 'bottom-right', 'E': 'center'}",E,E,E,center,1,1.1345291137695312
0000316_00001_d_0000519.jpg,/home/brisic03/VisDrone/VisDrone2019-DET-val/images/0000316_00001_d_0000519.jpg,presence,Which object type is visible in the drone image?,"{'A': 'car', 'B': 'motor', 'C': 'tricycle', 'D': 'people', 'E': 'bicycle'}",A,A,D,people,0,1.1254551410675049
0000316_00001_d_0000519.jpg,/home/brisic03/VisDrone/VisDrone2019-DET-val/images/0000316_00001_d_0000519.jpg,counting,How many motors are visible in the drone image?,"{'A': '0', 'B': '1', 'C': '2', 'D': '3', 'E': '4 or more'}",A,A,C,2,0,1.1337144374847412
0000316_00001_d_0000519.jpg,/home/brisic03/VisDrone/VisDrone2019-DET-val/images/0000316_00001_d_0000519.jpg,most_frequent,Which object type appears most often in the drone image?,"{'A': 'van', 'B': 'motor', 'C': 'car', 'D': 'bus', 'E': 'people'}",C,C,C,car,1,1.1248795986175537
0000316_00001_d_0000519.jpg,/home/brisic03/VisDrone/VisDrone2019-DET-val/images/0000316_00001_d_0000519.jpg,location,Where is the largest van located in the image?,"{'A': 'top-left', 'B': 'top-right', 'C': 'bottom-left', 'D': 'bottom-right', 'E': 'center'}",E,E,E,center,1,1.1282546520233154
0000316_00201_d_0000520.jpg,/home/brisic03/VisDrone/VisDrone2019-DET-val/images/0000316_00201_d_0000520.jpg,presence,Which object type is visible in the drone image?,"{'A': 'awning-tricycle', 'B': 'car', 'C': 'motor', 'D': 'bicycle', 'E': 'pedestrian'}",A,A,C,motor,0,1.1262130737304688
0000316_00201_d_0000520.jpg,/home/brisic03/VisDrone/VisDrone2019-DET-val/images/0000316_00201_d_0000520.jpg,counting,How many cars are visible in the drone image?,"{'A': '0', 'B': '1', 'C': '2', 'D': '3', 'E': '4 or more'}",A,A,E,4 or more,0,1.1303150653839111
0000316_00201_d_0000520.jpg,/home/brisic03/VisDrone/VisDrone2019-DET-val/images/0000316_00201_d_0000520.jpg,most_frequent,Which object type appears most often in the drone image?,"{'A': 'motor', 'B': 'people', 'C': 'car', 'D': 'bicycle', 'E': 'bus'}",C,C,C,car,1,1.1368823051452637
0000316_00201_d_0000520.jpg,/home/brisic03/VisDrone/VisDrone2019-DET-val/images/0000316_00201_d_0000520.jpg,location,Where is the largest car located in the image?,"{'A': 'top-left', 'B': 'top-right', 'C': 'bottom-left', 'D': 'bottom-right', 'E': 'center'}",E,E,C,bottom-left,0,1.1257076263427734
0000316_00401_d_0000521.jpg,/home/brisic03/VisDrone/VisDrone2019-DET-val/images/0000316_00401_d_0000521.jpg,presence,Which object type is visible in the drone image?,"{'A': 'car', 'B': 'awning-tricycle', 'C': 'motor', 'D': 'bicycle', 'E': 'pedestrian'}",A,A,E,pedestrian,0,1.1265473365783691
0000316_00401_d_0000521.jpg,/home/brisic03/VisDrone/VisDrone2019-DET-val/images/0000316_00401_d_0000521.jpg,counting,How many motors are visible in the drone image?,"{'A': '0', 'B': '1', 'C': '2', 'D': '3', 'E': '4 or more'}",A,A,B,1,0,1.12526535987854
0000316_00401_d_0000521.jpg,/home/brisic03/VisDrone/VisDrone2019-DET-val/images/0000316_00401_d_0000521.jpg,most_frequent,Which object type appears most often in the drone image?,"{'A': 'van', 'B': 'motor', 'C': 'bus', 'D': 'people', 'E': 'car'}",E,E,E,car,1,1.1391875743865967
0000316_00401_d_0000521.jpg,/home/brisic03/VisDrone/VisDrone2019-DET-val/images/0000316_00401_d_0000521.jpg,location,Where is the largest van located in the image?,"{'A': 'top-left', 'B': 'top-right', 'C': 'bottom-left', 'D': 'bottom-right', 'E': 'center'}",E,E,D,bottom-right,0,1.1272430419921875
0000316_00601_d_0000522.jpg,/home/brisic03/VisDrone/VisDrone2019-DET-val/images/0000316_00601_d_0000522.jpg,presence,Which object type is visible in the drone image?,"{'A': 'van', 'B': 'motor', 'C': 'tricycle', 'D': 'truck', 'E': 'bus'}",C,C,A,van,0,1.1271233558654785
0000316_00601_d_0000522.jpg,/home/brisic03/VisDrone/VisDrone2019-DET-val/images/0000316_00601_d_0000522.jpg,counting,How many motors are visible in the drone image?,"{'A': '0', 'B': '1', 'C': '2', 'D': '3', 'E': '4 or more'}",A,A,B,1,0,1.1178193092346191
0000316_00601_d_0000522.jpg,/home/brisic03/VisDrone/VisDrone2019-DET-val/images/0000316_00601_d_0000522.jpg,most_frequent,Which object type appears most often in the drone image?,"{'A': 'car', 'B': 'motor', 'C': 'bus', 'D': 'pedestrian', 'E': 'van'}",A,A,A,car,1,1.1216399669647217
0000316_00601_d_0000522.jpg,/home/brisic03/VisDrone/VisDrone2019-DET-val/images/0000316_00601_d_0000522.jpg,location,Where is the largest van located in the image?,"{'A': 'top-left', 'B': 'top-right', 'C': 'bottom-left', 'D': 'bottom-right', 'E': 'center'}",E,E,E,center,1,1.1294126510620117
0000316_00801_d_0000523.jpg,/home/brisic03/VisDrone/VisDrone2019-DET-val/images/0000316_00801_d_0000523.jpg,presence,Which object type is visible in the drone image?,"{'A': 'truck', 'B': 'awning-tricycle', 'C': 'car', 'D': 'motor', 'E': 'bus'}",B,B,C,car,0,1.1400151252746582
0000316_00801_d_0000523.jpg,/home/brisic03/VisDrone/VisDrone2019-DET-val/images/0000316_00801_d_0000523.jpg,counting,How many vans are visible in the drone image?,"{'A': '0', 'B': '1', 'C': '2', 'D': '3', 'E': '4 or more'}",A,A,B,1,0,1.1300861835479736
0000316_00801_d_0000523.jpg,/home/brisic03/VisDrone/VisDrone2019-DET-val/images/0000316_00801_d_0000523.jpg,most_frequent,Which object type appears most often in the drone image?,"{'A': 'car', 'B': 'people', 'C': 'motor', 'D': 'awning-tricycle', 'E': 'truck'}",A,A,A,car,1,1.1431398391723633
0000316_00801_d_0000523.jpg,/home/brisic03/VisDrone/VisDrone2019-DET-val/images/0000316_00801_d_0000523.jpg,location,Where is the largest car located in the image?,"{'A': 'top-left', 'B': 'top-right', 'C': 'bottom-left', 'D': 'bottom-right', 'E': 'center'}",A,A,E,center,0,1.1292893886566162
0000316_01001_d_0000524.jpg,/home/brisic03/VisDrone/VisDrone2019-DET-val/images/0000316_01001_d_0000524.jpg,presence,Which object type is visible in the drone image?,"{'A': 'van', 'B': 'truck', 'C': 'tricycle', 'D': 'car', 'E': 'bicycle'}",D,D,D,car,1,1.1314420700073242
0000316_01001_d_0000524.jpg,/home/brisic03/VisDrone/VisDrone2019-DET-val/images/0000316_01001_d_0000524.jpg,counting,How many cars are visible in the drone image?,"{'A': '0', 'B': '1', 'C': '2', 'D': '3', 'E': '4 or more'}",B,B,D,3,0,1.1217036247253418
0000316_01001_d_0000524.jpg,/home/brisic03/VisDrone/VisDrone2019-DET-val/images/0000316_01001_d_0000524.jpg,most_frequent,Which object type appears most often in the drone image?,"{'A': 'motor', 'B': 'car', 'C': 'people', 'D': 'bus', 'E': 'truck'}",C,C,B,car,0,1.1319684982299805
0000316_01001_d_0000524.jpg,/home/brisic03/VisDrone/VisDrone2019-DET-val/images/0000316_01001_d_0000524.jpg,location,Where is the largest car located in the image?,"{'A': 'top-left', 'B': 'top-right', 'C': 'bottom-left', 'D': 'bottom-right', 'E': 'center'}",E,E,E,center,1,1.1296932697296143
0000316_01201_d_0000525.jpg,/home/brisic03/VisDrone/VisDrone2019-DET-val/images/0000316_01201_d_0000525.jpg,presence,Which object type is visible in the drone image?,"{'A': 'pedestrian', 'B': 'motor', 'C': 'car', 'D': 'truck', 'E': 'awning-tricycle'}",C,C,E,awning-tricycle,0,1.1429898738861084
0000316_01201_d_0000525.jpg,/home/brisic03/VisDrone/VisDrone2019-DET-val/images/0000316_01201_d_0000525.jpg,counting,How many awning-tricycles are visible in the drone image?,"{'A': '0', 'B': '1', 'C': '2', 'D': '3', 'E': '4 or more'}",A,A,D,3,0,1.1283199787139893
0000316_01201_d_0000525.jpg,/home/brisic03/VisDrone/VisDrone2019-DET-val/images/0000316_01201_d_0000525.jpg,most_frequent,Which object type appears most often in the drone image?,"{'A': 'tricycle', 'B': 'awning-tricycle', 'C': 'motor', 'D': 'truck', 'E': 'car'}",E,E,E,car,1,1.1250426769256592
0000316_01201_d_0000525.jpg,/home/brisic03/VisDrone/VisDrone2019-DET-val/images/0000316_01201_d_0000525.jpg,location,Where is the largest van located in the image?,"{'A': 'top-left', 'B': 'top-right', 'C': 'bottom-left', 'D': 'bottom-right', 'E': 'center'}",A,A,C,bottom-left,0,1.1453125476837158
0000316_01401_d_0000526.jpg,/home/brisic03/VisDrone/VisDrone2019-DET-val/images/0000316_01401_d_0000526.jpg,presence,Which object type is visible in the drone image?,"{'A': 'bus', 'B': 'pedestrian', 'C': 'bicycle', 'D': 'van', 'E': 'car'}",E,E,D,van,0,1.1310148239135742
0000316_01401_d_0000526.jpg,/home/brisic03/VisDrone/VisDrone2019-DET-val/images/0000316_01401_d_0000526.jpg,counting,How many motors are visible in the drone image?,"{'A': '0', 'B': '1', 'C': '2', 'D': '3', 'E': '4 or more'}",A,A,B,1,0,1.1270270347595215
0000316_01401_d_0000526.jpg,/home/brisic03/VisDrone/VisDrone2019-DET-val/images/0000316_01401_d_0000526.jpg,most_frequent,Which object type appears most often in the drone image?,"{'A': 'bus', 'B': 'people', 'C': 'car', 'D': 'van', 'E': 'awning-tricycle'}",C,C,C,car,1,1.1292705535888672
0000316_01401_d_0000526.jpg,/home/brisic03/VisDrone/VisDrone2019-DET-val/images/0000316_01401_d_0000526.jpg,location,Where is the largest car located in the image?,"{'A': 'top-left', 'B': 'top-right', 'C': 'bottom-left', 'D': 'bottom-right', 'E': 'center'}",E,E,E,center,1,1.1285912990570068
0000316_01601_d_0000527.jpg,/home/brisic03/VisDrone/VisDrone2019-DET-val/images/0000316_01601_d_0000527.jpg,presence,Which object type is visible in the drone image?,"{'A': 'people', 'B': 'car', 'C': 'bus', 'D': 'truck', 'E': 'van'}",A,A,D,truck,0,1.128857135772705
0000316_01601_d_0000527.jpg,/home/brisic03/VisDrone/VisDrone2019-DET-val/images/0000316_01601_d_0000527.jpg,counting,How many cars are visible in the drone image?,"{'A': '0', 'B': '1', 'C': '2', 'D': '3', 'E': '4 or more'}",A,A,E,4 or more,0,1.1364808082580566
0000316_01601_d_0000527.jpg,/home/brisic03/VisDrone/VisDrone2019-DET-val/images/0000316_01601_d_0000527.jpg,most_frequent,Which object type appears most often in the drone image?,"{'A': 'car', 'B': 'van', 'C': 'motor', 'D': 'people', 'E': 'truck'}",A,A,A,car,1,1.1160647869110107
0000316_01601_d_0000527.jpg,/home/brisic03/VisDrone/VisDrone2019-DET-val/images/0000316_01601_d_0000527.jpg,location,Where is the largest truck located in the image?,"{'A': 'top-left', 'B': 'top-right', 'C': 'bottom-left', 'D': 'bottom-right', 'E': 'center'}",A,A,E,center,0,1.1182687282562256
0000316_01801_d_0000528.jpg,/home/brisic03/VisDrone/VisDrone2019-DET-val/images/0000316_01801_d_0000528.jpg,presence,Which object type is visible in the drone image?,"{'A': 'pedestrian', 'B': 'van', 'C': 'truck', 'D': 'awning-tricycle', 'E': 'car'}",A,A,E,car,0,1.1254456043243408
0000316_01801_d_0000528.jpg,/home/brisic03/VisDrone/VisDrone2019-DET-val/images/0000316_01801_d_0000528.jpg,counting,How many motors are visible in the drone image?,"{'A': '0', 'B': '1', 'C': '2', 'D': '3', 'E': '4 or more'}",A,A,E,4 or more,0,1.1411046981811523
0000316_01801_d_0000528.jpg,/home/brisic03/VisDrone/VisDrone2019-DET-val/images/0000316_01801_d_0000528.jpg,location,Where is the largest car located in the image?,"{'A': 'top-left', 'B': 'top-right', 'C': 'bottom-left', 'D': 'bottom-right', 'E': 'center'}",C,C,C,bottom-left,1,1.1374006271362305
0000316_02001_d_0000529.jpg,/home/brisic03/VisDrone/VisDrone2019-DET-val/images/0000316_02001_d_0000529.jpg,presence,Which object type is visible in the drone image?,"{'A': 'people', 'B': 'motor', 'C': 'car', 'D': 'bicycle', 'E': 'tricycle'}",A,A,C,car,0,1.1290473937988281
0000316_02001_d_0000529.jpg,/home/brisic03/VisDrone/VisDrone2019-DET-val/images/0000316_02001_d_0000529.jpg,counting,How many cars are visible in the drone image?,"{'A': '0', 'B': '1', 'C': '2', 'D': '3', 'E': '4 or more'}",A,A,C,2,0,1.1378564834594727
0000316_02001_d_0000529.jpg,/home/brisic03/VisDrone/VisDrone2019-DET-val/images/0000316_02001_d_0000529.jpg,most_frequent,Which object type appears most often in the drone image?,"{'A': 'tricycle', 'B': 'pedestrian', 'C': 'van', 'D': 'car', 'E': 'people'}",A,A,D,car,0,1.140212059020996
0000316_02001_d_0000529.jpg,/home/brisic03/VisDrone/VisDrone2019-DET-val/images/0000316_02001_d_0000529.jpg,location,Where is the largest van located in the image?,"{'A': 'top-left', 'B': 'top-right', 'C': 'bottom-left', 'D': 'bottom-right', 'E': 'center'}",A,A,D,bottom-right,0,1.1330676078796387
0000316_02201_d_0000530.jpg,/home/brisic03/VisDrone/VisDrone2019-DET-val/images/0000316_02201_d_0000530.jpg,presence,Which object type is visible in the drone image?,"{'A': 'van', 'B': 'pedestrian', 'C': 'people', 'D': 'bus', 'E': 'awning-tricycle'}",C,C,B,pedestrian,0,1.1166749000549316
0000316_02201_d_0000530.jpg,/home/brisic03/VisDrone/VisDrone2019-DET-val/images/0000316_02201_d_0000530.jpg,counting,How many pedestrians are visible in the drone image?,"{'A': '0', 'B': '1', 'C': '2', 'D': '3', 'E': '4 or more'}",A,A,D,3,0,1.144052267074585
0000316_02201_d_0000530.jpg,/home/brisic03/VisDrone/VisDrone2019-DET-val/images/0000316_02201_d_0000530.jpg,most_frequent,Which object type appears most often in the drone image?,"{'A': 'people', 'B': 'car', 'C': 'motor', 'D': 'bicycle', 'E': 'pedestrian'}",B,B,E,pedestrian,0,1.120542049407959
0000316_02201_d_0000530.jpg,/home/brisic03/VisDrone/VisDrone2019-DET-val/images/0000316_02201_d_0000530.jpg,location,Where is the largest car located in the image?,"{'A': 'top-left', 'B': 'top-right', 'C': 'bottom-left', 'D': 'bottom-right', 'E': 'center'}",B,B,E,center,0,1.1353652477264404
0000323_02601_d_0000645.jpg,/home/brisic03/VisDrone/VisDrone2019-DET-val/images/0000323_02601_d_0000645.jpg,presence,Which object type is visible in the drone image?,"{'A': 'van', 'B': 'car', 'C': 'people', 'D': 'bicycle', 'E': 'motor'}",C,C,B,car,0,1.1258435249328613
0000323_02601_d_0000645.jpg,/home/brisic03/VisDrone/VisDrone2019-DET-val/images/0000323_02601_d_0000645.jpg,counting,How many pedestrians are visible in the drone image?,"{'A': '0', 'B': '1', 'C': '2', 'D': '3', 'E': '4 or more'}",A,A,E,4 or more,0,1.143131971359253
0000323_02601_d_0000645.jpg,/home/brisic03/VisDrone/VisDrone2019-DET-val/images/0000323_02601_d_0000645.jpg,most_frequent,Which object type appears most often in the drone image?,"{'A': 'bus', 'B': 'pedestrian', 'C': 'awning-tricycle', 'D': 'tricycle', 'E': 'motor'}",E,E,B,pedestrian,0,1.1324326992034912
0000323_02601_d_0000645.jpg,/home/brisic03/VisDrone/VisDrone2019-DET-val/images/0000323_02601_d_0000645.jpg,location,Where is the largest truck located in the image?,"{'A': 'top-left', 'B': 'top-right', 'C': 'bottom-left', 'D': 'bottom-right', 'E': 'center'}",E,E,E,center,1,1.1277484893798828
0000327_00001_d_0000711.jpg,/home/brisic03/VisDrone/VisDrone2019-DET-val/images/0000327_00001_d_0000711.jpg,presence,Which object type is visible in the drone image?,"{'A': 'awning-tricycle', 'B': 'tricycle', 'C': 'bicycle', 'D': 'motor', 'E': 'people'}",A,A,D,motor,0,1.1298022270202637
0000327_00001_d_0000711.jpg,/home/brisic03/VisDrone/VisDrone2019-DET-val/images/0000327_00001_d_0000711.jpg,counting,How many motors are visible in the drone image?,"{'A': '0', 'B': '1', 'C': '2', 'D': '3', 'E': '4 or more'}",A,A,B,1,0,1.1334335803985596
0000327_00001_d_0000711.jpg,/home/brisic03/VisDrone/VisDrone2019-DET-val/images/0000327_00001_d_0000711.jpg,most_frequent,Which object type appears most often in the drone image?,"{'A': 'car', 'B': 'bus', 'C': 'pedestrian', 'D': 'people', 'E': 'van'}",A,A,A,car,1,1.127359390258789
0000327_00001_d_0000711.jpg,/home/brisic03/VisDrone/VisDrone2019-DET-val/images/0000327_00001_d_0000711.jpg,location,Where is the largest truck located in the image?,"{'A': 'top-left', 'B': 'top-right', 'C': 'bottom-left', 'D': 'bottom-right', 'E': 'center'}",C,C,C,bottom-left,1,1.128694772720337
0000327_00201_d_0000712.jpg,/home/brisic03/VisDrone/VisDrone2019-DET-val/images/0000327_00201_d_0000712.jpg,presence,Which object type is visible in the drone image?,"{'A': 'bus', 'B': 'van', 'C': 'bicycle', 'D': 'car', 'E': 'people'}",D,D,B,van,0,1.1280357837677002
0000327_00201_d_0000712.jpg,/home/brisic03/VisDrone/VisDrone2019-DET-val/images/0000327_00201_d_0000712.jpg,counting,How many pedestrians are visible in the drone image?,"{'A': '0', 'B': '1', 'C': '2', 'D': '3', 'E': '4 or more'}",A,A,B,1,0,1.133690595626831
0000327_00201_d_0000712.jpg,/home/brisic03/VisDrone/VisDrone2019-DET-val/images/0000327_00201_d_0000712.jpg,most_frequent,Which object type appears most often in the drone image?,"{'A': 'people', 'B': 'bicycle', 'C': 'car', 'D': 'pedestrian', 'E': 'awning-tricycle'}",C,C,C,car,1,1.118999719619751
0000327_00201_d_0000712.jpg,/home/brisic03/VisDrone/VisDrone2019-DET-val/images/0000327_00201_d_0000712.jpg,location,Where is the largest car located in the image?,"{'A': 'top-left', 'B': 'top-right', 'C': 'bottom-left', 'D': 'bottom-right', 'E': 'center'}",E,E,E,center,1,1.1503469944000244
0000327_00401_d_0000713.jpg,/home/brisic03/VisDrone/VisDrone2019-DET-val/images/0000327_00401_d_0000713.jpg,presence,Which object type is visible in the drone image?,"{'A': 'motor', 'B': 'truck', 'C': 'car', 'D': 'awning-tricycle', 'E': 'pedestrian'}",C,C,C,car,1,1.1283528804779053
0000327_00401_d_0000713.jpg,/home/brisic03/VisDrone/VisDrone2019-DET-val/images/0000327_00401_d_0000713.jpg,counting,How many peoples are visible in the drone image?,"{'A': '0', 'B': '1', 'C': '2', 'D': '3', 'E': '4 or more'}",A,A,B,1,0,1.1248135566711426
0000327_00401_d_0000713.jpg,/home/brisic03/VisDrone/VisDrone2019-DET-val/images/0000327_00401_d_0000713.jpg,most_frequent,Which object type appears most often in the drone image?,"{'A': 'car', 'B': 'motor', 'C': 'pedestrian', 'D': 'bus', 'E': 'van'}",A,A,A,car,1,1.1246845722198486
0000327_00401_d_0000713.jpg,/home/brisic03/VisDrone/VisDrone2019-DET-val/images/0000327_00401_d_0000713.jpg,location,Where is the largest car located in the image?,"{'A': 'top-left', 'B': 'top-right', 'C': 'bottom-left', 'D': 'bottom-right', 'E': 'center'}",E,E,E,center,1,1.1417744159698486
0000327_00601_d_0000714.jpg,/home/brisic03/VisDrone/VisDrone2019-DET-val/images/0000327_00601_d_0000714.jpg,presence,Which object type is visible in the drone image?,"{'A': 'van', 'B': 'bus', 'C': 'bicycle', 'D': 'awning-tricycle', 'E': 'people'}",D,D,E,people,0,1.1162705421447754
0000327_00601_d_0000714.jpg,/home/brisic03/VisDrone/VisDrone2019-DET-val/images/0000327_00601_d_0000714.jpg,counting,How many motors are visible in the drone image?,"{'A': '0', 'B': '1', 'C': '2', 'D': '3', 'E': '4 or more'}",A,A,B,1,0,1.1266379356384277
0000327_00601_d_0000714.jpg,/home/brisic03/VisDrone/VisDrone2019-DET-val/images/0000327_00601_d_0000714.jpg,most_frequent,Which object type appears most often in the drone image?,"{'A': 'tricycle', 'B': 'car', 'C': 'motor', 'D': 'awning-tricycle', 'E': 'pedestrian'}",B,B,B,car,1,1.136883020401001
0000327_00601_d_0000714.jpg,/home/brisic03/VisDrone/VisDrone2019-DET-val/images/0000327_00601_d_0000714.jpg,location,Where is the largest awning-tricycle located in the image?,"{'A': 'top-left', 'B': 'top-right', 'C': 'bottom-left', 'D': 'bottom-right', 'E': 'center'}",B,B,D,bottom-right,0,1.1335148811340332
0000327_00801_d_0000715.jpg,/home/brisic03/VisDrone/VisDrone2019-DET-val/images/0000327_00801_d_0000715.jpg,presence,Which object type is visible in the drone image?,"{'A': 'people', 'B': 'bus', 'C': 'motor', 'D': 'pedestrian', 'E': 'truck'}",A,A,C,motor,0,1.133094310760498
0000327_00801_d_0000715.jpg,/home/brisic03/VisDrone/VisDrone2019-DET-val/images/0000327_00801_d_0000715.jpg,counting,How many vans are visible in the drone image?,"{'A': '0', 'B': '1', 'C': '2', 'D': '3', 'E': '4 or more'}",A,A,D,3,0,1.1423759460449219
0000327_00801_d_0000715.jpg,/home/brisic03/VisDrone/VisDrone2019-DET-val/images/0000327_00801_d_0000715.jpg,most_frequent,Which object type appears most often in the drone image?,"{'A': 'bicycle', 'B': 'bus', 'C': 'motor', 'D': 'car', 'E': 'van'}",D,D,D,car,1,1.1192381381988525
0000327_00801_d_0000715.jpg,/home/brisic03/VisDrone/VisDrone2019-DET-val/images/0000327_00801_d_0000715.jpg,location,Where is the largest van located in the image?,"{'A': 'top-left', 'B': 'top-right', 'C': 'bottom-left', 'D': 'bottom-right', 'E': 'center'}",A,A,D,bottom-right,0,1.1196238994598389
0000327_01001_d_0000716.jpg,/home/brisic03/VisDrone/VisDrone2019-DET-val/images/0000327_01001_d_0000716.jpg,presence,Which object type is visible in the drone image?,"{'A': 'pedestrian', 'B': 'car', 'C': 'bus', 'D': 'truck', 'E': 'van'}",A,A,E,van,0,1.1249432563781738
0000327_01001_d_0000716.jpg,/home/brisic03/VisDrone/VisDrone2019-DET-val/images/0000327_01001_d_0000716.jpg,counting,How many vans are visible in the drone image?,"{'A': '0', 'B': '1', 'C': '2', 'D': '3', 'E': '4 or more'}",A,A,B,1,0,1.1451923847198486
0000327_01001_d_0000716.jpg,/home/brisic03/VisDrone/VisDrone2019-DET-val/images/0000327_01001_d_0000716.jpg,most_frequent,Which object type appears most often in the drone image?,"{'A': 'van', 'B': 'tricycle', 'C': 'motor', 'D': 'awning-tricycle', 'E': 'car'}",E,E,E,car,1,1.1324584484100342
0000327_01001_d_0000716.jpg,/home/brisic03/VisDrone/VisDrone2019-DET-val/images/0000327_01001_d_0000716.jpg,location,Where is the largest car located in the image?,"{'A': 'top-left', 'B': 'top-right', 'C': 'bottom-left', 'D': 'bottom-right', 'E': 'center'}",E,E,E,center,1,1.135979175567627
0000327_01201_d_0000717.jpg,/home/brisic03/VisDrone/VisDrone2019-DET-val/images/0000327_01201_d_0000717.jpg,presence,Which object type is visible in the drone image?,"{'A': 'bicycle', 'B': 'motor', 'C': 'pedestrian', 'D': 'bus', 'E': 'awning-tricycle'}",C,C,B,motor,0,1.12534761428833
0000327_01201_d_0000717.jpg,/home/brisic03/VisDrone/VisDrone2019-DET-val/images/0000327_01201_d_0000717.jpg,counting,How many peoples are visible in the drone image?,"{'A': '0', 'B': '1', 'C': '2', 'D': '3', 'E': '4 or more'}",A,A,C,2,0,1.140364408493042
0000327_01201_d_0000717.jpg,/home/brisic03/VisDrone/VisDrone2019-DET-val/images/0000327_01201_d_0000717.jpg,most_frequent,Which object type appears most often in the drone image?,"{'A': 'car', 'B': 'truck', 'C': 'van', 'D': 'people', 'E': 'awning-tricycle'}",A,A,A,car,1,1.1291098594665527
0000327_01201_d_0000717.jpg,/home/brisic03/VisDrone/VisDrone2019-DET-val/images/0000327_01201_d_0000717.jpg,location,Where is the largest van located in the image?,"{'A': 'top-left', 'B': 'top-right', 'C': 'bottom-left', 'D': 'bottom-right', 'E': 'center'}",A,A,C,bottom-left,0,1.1275193691253662
0000327_01401_d_0000718.jpg,/home/brisic03/VisDrone/VisDrone2019-DET-val/images/0000327_01401_d_0000718.jpg,presence,Which object type is visible in the drone image?,"{'A': 'motor', 'B': 'truck', 'C': 'pedestrian', 'D': 'awning-tricycle', 'E': 'tricycle'}",A,A,A,motor,1,1.1314358711242676
0000327_01401_d_0000718.jpg,/home/brisic03/VisDrone/VisDrone2019-DET-val/images/0000327_01401_d_0000718.jpg,counting,How many bicycles are visible in the drone image?,"{'A': '0', 'B': '1', 'C': '2', 'D': '3', 'E': '4 or more'}",A,A,C,2,0,1.118093490600586
0000327_01401_d_0000718.jpg,/home/brisic03/VisDrone/VisDrone2019-DET-val/images/0000327_01401_d_0000718.jpg,most_frequent,Which object type appears most often in the drone image?,"{'A': 'car', 'B': 'people', 'C': 'truck', 'D': 'bicycle', 'E': 'pedestrian'}",A,A,A,car,1,1.1189603805541992
0000327_01401_d_0000718.jpg,/home/brisic03/VisDrone/VisDrone2019-DET-val/images/0000327_01401_d_0000718.jpg,location,Where is the largest van located in the image?,"{'A': 'top-left', 'B': 'top-right', 'C': 'bottom-left', 'D': 'bottom-right', 'E': 'center'}",E,E,D,bottom-right,0,1.1335177421569824
0000327_01801_d_0000720.jpg,/home/brisic03/VisDrone/VisDrone2019-DET-val/images/0000327_01801_d_0000720.jpg,presence,Which object type is visible in the drone image?,"{'A': 'pedestrian', 'B': 'car', 'C': 'tricycle', 'D': 'bicycle', 'E': 'van'}",A,A,B,car,0,1.130554437637329
0000327_01801_d_0000720.jpg,/home/brisic03/VisDrone/VisDrone2019-DET-val/images/0000327_01801_d_0000720.jpg,counting,How many trucks are visible in the drone image?,"{'A': '0', 'B': '1', 'C': '2', 'D': '3', 'E': '4 or more'}",A,A,B,1,0,1.1269629001617432
0000327_01801_d_0000720.jpg,/home/brisic03/VisDrone/VisDrone2019-DET-val/images/0000327_01801_d_0000720.jpg,most_frequent,Which object type appears most often in the drone image?,"{'A': 'motor', 'B': 'van', 'C': 'awning-tricycle', 'D': 'truck', 'E': 'car'}",E,E,E,car,1,1.1313750743865967
0000327_01801_d_0000720.jpg,/home/brisic03/VisDrone/VisDrone2019-DET-val/images/0000327_01801_d_0000720.jpg,location,Where is the largest van located in the image?,"{'A': 'top-left', 'B': 'top-right', 'C': 'bottom-left', 'D': 'bottom-right', 'E': 'center'}",E,E,E,center,1,1.131220817565918
0000327_02601_d_0000724.jpg,/home/brisic03/VisDrone/VisDrone2019-DET-val/images/0000327_02601_d_0000724.jpg,presence,Which object type is visible in the drone image?,"{'A': 'people', 'B': 'motor', 'C': 'bicycle', 'D': 'tricycle', 'E': 'pedestrian'}",A,A,E,pedestrian,0,1.132826566696167
0000327_02601_d_0000724.jpg,/home/brisic03/VisDrone/VisDrone2019-DET-val/images/0000327_02601_d_0000724.jpg,counting,How many pedestrians are visible in the drone image?,"{'A': '0', 'B': '1', 'C': '2', 'D': '3', 'E': '4 or more'}",A,A,B,1,0,1.13228440284729
0000327_02601_d_0000724.jpg,/home/brisic03/VisDrone/VisDrone2019-DET-val/images/0000327_02601_d_0000724.jpg,most_frequent,Which object type appears most often in the drone image?,"{'A': 'van', 'B': 'truck', 'C': 'people', 'D': 'bus', 'E': 'car'}",E,E,E,car,1,1.1235616207122803
0000327_02601_d_0000724.jpg,/home/brisic03/VisDrone/VisDrone2019-DET-val/images/0000327_02601_d_0000724.jpg,location,Where is the largest car located in the image?,"{'A': 'top-left', 'B': 'top-right', 'C': 'bottom-left', 'D': 'bottom-right', 'E': 'center'}",E,E,E,center,1,1.1253726482391357
0000327_02801_d_0000725.jpg,/home/brisic03/VisDrone/VisDrone2019-DET-val/images/0000327_02801_d_0000725.jpg,presence,Which object type is visible in the drone image?,"{'A': 'pedestrian', 'B': 'awning-tricycle', 'C': 'bus', 'D': 'tricycle', 'E': 'car'}",A,A,A,pedestrian,1,1.1311752796173096
0000327_02801_d_0000725.jpg,/home/brisic03/VisDrone/VisDrone2019-DET-val/images/0000327_02801_d_0000725.jpg,counting,How many vans are visible in the drone image?,"{'A': '0', 'B': '1', 'C': '2', 'D': '3', 'E': '4 or more'}",A,A,C,2,0,1.120063304901123
0000327_02801_d_0000725.jpg,/home/brisic03/VisDrone/VisDrone2019-DET-val/images/0000327_02801_d_0000725.jpg,most_frequent,Which object type appears most often in the drone image?,"{'A': 'awning-tricycle', 'B': 'car', 'C': 'van', 'D': 'truck', 'E': 'tricycle'}",B,B,B,car,1,1.14439058303833
0000327_02801_d_0000725.jpg,/home/brisic03/VisDrone/VisDrone2019-DET-val/images/0000327_02801_d_0000725.jpg,location,Where is the largest car located in the image?,"{'A': 'top-left', 'B': 'top-right', 'C': 'bottom-left', 'D': 'bottom-right', 'E': 'center'}",E,E,D,bottom-right,0,1.130009412765503
0000327_03001_d_0000726.jpg,/home/brisic03/VisDrone/VisDrone2019-DET-val/images/0000327_03001_d_0000726.jpg,presence,Which object type is visible in the drone image?,"{'A': 'bicycle', 'B': 'car', 'C': 'pedestrian', 'D': 'bus', 'E': 'people'}",A,A,C,pedestrian,0,1.16269850730896
0000327_03001_d_0000726.jpg,/home/brisic03/VisDrone/VisDrone2019-DET-val/images/0000327_03001_d_0000726.jpg,counting,How many pedestrians are visible in the drone image?,"{'A': '0', 'B': '1', 'C': '2', 'D': '3', 'E': '4 or more'}",A,A,B,1,0,1.136369228363037
0000327_03001_d_0000726.jpg,/home/brisic03/VisDrone/VisDrone2019-DET-val/images/0000327_03001_d_0000726.jpg,most_frequent,Which object type appears most often in the drone image?,"{'A': 'van', 'B': 'pedestrian', 'C': 'car', 'D': 'bicycle', 'E': 'truck'}",C,C,C,car,1,1.1152372360229492
0000327_03001_d_0000726.jpg,/home/brisic03/VisDrone/VisDrone2019-DET-val/images/0000327_03001_d_0000726.jpg,location,Where is the largest car located in the image?,"{'A': 'top-left', 'B': 'top-right', 'C': 'bottom-left', 'D': 'bottom-right', 'E': 'center'}",E,E,D,bottom-right,0,1.1531310081481934
0000327_03201_d_0000727.jpg,/home/brisic03/VisDrone/VisDrone2019-DET-val/images/0000327_03201_d_0000727.jpg,presence,Which object type is visible in the drone image?,"{'A': 'van', 'B': 'people', 'C': 'truck', 'D': 'pedestrian', 'E': 'awning-tricycle'}",B,B,C,truck,0,1.130558729171753
0000327_03201_d_0000727.jpg,/home/brisic03/VisDrone/VisDrone2019-DET-val/images/0000327_03201_d_0000727.jpg,counting,How many vans are visible in the drone image?,"{'A': '0', 'B': '1', 'C': '2', 'D': '3', 'E': '4 or more'}",A,A,E,4 or more,0,1.134345531463623
0000327_03201_d_0000727.jpg,/home/brisic03/VisDrone/VisDrone2019-DET-val/images/0000327_03201_d_0000727.jpg,most_frequent,Which object type appears most often in the drone image?,"{'A': 'pedestrian', 'B': 'bus', 'C': 'van', 'D': 'car', 'E': 'tricycle'}",D,D,D,car,1,1.1190099716186523
0000327_03201_d_0000727.jpg,/home/brisic03/VisDrone/VisDrone2019-DET-val/images/0000327_03201_d_0000727.jpg,location,Where is the largest van located in the image?,"{'A': 'top-left', 'B': 'top-right', 'C': 'bottom-left', 'D': 'bottom-right', 'E': 'center'}",A,A,D,bottom-right,0,1.1283116340637207
0000327_03401_d_0000728.jpg,/home/brisic03/VisDrone/VisDrone2019-DET-val/images/0000327_03401_d_0000728.jpg,presence,Which object type is visible in the drone image?,"{'A': 'car', 'B': 'bicycle', 'C': 'tricycle', 'D': 'motor', 'E': 'truck'}",A,A,E,truck,0,1.134434700012207
0000327_03401_d_0000728.jpg,/home/brisic03/VisDrone/VisDrone2019-DET-val/images/0000327_03401_d_0000728.jpg,counting,How many cars are visible in the drone image?,"{'A': '0', 'B': '1', 'C': '2', 'D': '3', 'E': '4 or more'}",E,E,E,4 or more,1,1.1306724548339844
0000327_03401_d_0000728.jpg,/home/brisic03/VisDrone/VisDrone2019-DET-val/images/0000327_03401_d_0000728.jpg,most_frequent,Which object type appears most often in the drone image?,"{'A': 'car', 'B': 'van', 'C': 'people', 'D': 'truck', 'E': 'bus'}",A,A,A,car,1,1.1311016082763672
0000327_03401_d_0000728.jpg,/home/brisic03/VisDrone/VisDrone2019-DET-val/images/0000327_03401_d_0000728.jpg,location,Where is the largest van located in the image?,"{'A': 'top-left', 'B': 'top-right', 'C': 'bottom-left', 'D': 'bottom-right', 'E': 'center'}",E,E,D,bottom-right,0,1.130706548690796
0000327_03601_d_0000729.jpg,/home/brisic03/VisDrone/VisDrone2019-DET-val/images/0000327_03601_d_0000729.jpg,presence,Which object type is visible in the drone image?,"{'A': 'tricycle', 'B': 'pedestrian', 'C': 'bus', 'D': 'awning-tricycle', 'E': 'truck'}",B,B,E,truck,0,1.117539405822754
0000327_03601_d_0000729.jpg,/home/brisic03/VisDrone/VisDrone2019-DET-val/images/0000327_03601_d_0000729.jpg,counting,How many trucks are visible in the drone image?,"{'A': '0', 'B': '1', 'C': '2', 'D': '3', 'E': '4 or more'}",A,A,C,2,0,1.141798734664917
0000327_03601_d_0000729.jpg,/home/brisic03/VisDrone/VisDrone2019-DET-val/images/0000327_03601_d_0000729.jpg,most_frequent,Which object type appears most often in the drone image?,"{'A': 'bus', 'B': 'car', 'C': 'awning-tricycle', 'D': 'truck', 'E': 'people'}",B,B,B,car,1,1.1348628997802734
0000327_03601_d_0000729.jpg,/home/brisic03/VisDrone/VisDrone2019-DET-val/images/0000327_03601_d_0000729.jpg,location,Where is the largest truck located in the image?,"{'A': 'top-left', 'B': 'top-right', 'C': 'bottom-left', 'D': 'bottom-right', 'E': 'center'}",D,D,D,bottom-right,1,1.132279396057129
0000327_03801_d_0000730.jpg,/home/brisic03/VisDrone/VisDrone2019-DET-val/images/0000327_03801_d_0000730.jpg,presence,Which object type is visible in the drone image?,"{'A': 'pedestrian', 'B': 'van', 'C': 'people', 'D': 'car', 'E': 'truck'}",A,A,B,van,0,1.1242859363555908
0000327_03801_d_0000730.jpg,/home/brisic03/VisDrone/VisDrone2019-DET-val/images/0000327_03801_d_0000730.jpg,counting,How many pedestrians are visible in the drone image?,"{'A': '0', 'B': '1', 'C': '2', 'D': '3', 'E': '4 or more'}",A,A,B,1,0,1.1301562786102295
0000327_03801_d_0000730.jpg,/home/brisic03/VisDrone/VisDrone2019-DET-val/images/0000327_03801_d_0000730.jpg,most_frequent,Which object type appears most often in the drone image?,"{'A': 'bicycle', 'B': 'tricycle', 'C': 'truck', 'D': 'car', 'E': 'van'}",D,D,D,car,1,1.1336719989776611
0000327_03801_d_0000730.jpg,/home/brisic03/VisDrone/VisDrone2019-DET-val/images/0000327_03801_d_0000730.jpg,location,Where is the largest van located in the image?,"{'A': 'top-left', 'B': 'top-right', 'C': 'bottom-left', 'D': 'bottom-right', 'E': 'center'}",C,C,C,bottom-left,1,1.1350791454315186
0000327_04001_d_0000731.jpg,/home/brisic03/VisDrone/VisDrone2019-DET-val/images/0000327_04001_d_0000731.jpg,presence,Which object type is visible in the drone image?,"{'A': 'truck', 'B': 'people', 'C': 'tricycle', 'D': 'car', 'E': 'awning-tricycle'}",D,D,E,awning-tricycle,0,1.125192642211914
0000327_04001_d_0000731.jpg,/home/brisic03/VisDrone/VisDrone2019-DET-val/images/0000327_04001_d_0000731.jpg,counting,How many vans are visible in the drone image?,"{'A': '0', 'B': '1', 'C': '2', 'D': '3', 'E': '4 or more'}",A,A,B,1,0,1.1441824436187744
0000327_04001_d_0000731.jpg,/home/brisic03/VisDrone/VisDrone2019-DET-val/images/0000327_04001_d_0000731.jpg,most_frequent,Which object type appears most often in the drone image?,"{'A': 'pedestrian', 'B': 'bicycle', 'C': 'tricycle', 'D': 'motor', 'E': 'car'}",A,A,E,car,0,1.1273016929626465
0000327_04001_d_0000731.jpg,/home/brisic03/VisDrone/VisDrone2019-DET-val/images/0000327_04001_d_0000731.jpg,location,Where is the largest car located in the image?,"{'A': 'top-left', 'B': 'top-right', 'C': 'bottom-left', 'D': 'bottom-right', 'E': 'center'}",E,E,D,bottom-right,0,1.120361566543579
0000327_04201_d_0000732.jpg,/home/brisic03/VisDrone/VisDrone2019-DET-val/images/0000327_04201_d_0000732.jpg,presence,Which object type is visible in the drone image?,"{'A': 'pedestrian', 'B': 'tricycle', 'C': 'car', 'D': 'awning-tricycle', 'E': 'people'}",E,E,B,tricycle,0,1.1528255939483643
0000327_04201_d_0000732.jpg,/home/brisic03/VisDrone/VisDrone2019-DET-val/images/0000327_04201_d_0000732.jpg,counting,How many motors are visible in the drone image?,"{'A': '0', 'B': '1', 'C': '2', 'D': '3', 'E': '4 or more'}",A,A,B,1,0,1.1320836544036865
0000327_04201_d_0000732.jpg,/home/brisic03/VisDrone/VisDrone2019-DET-val/images/0000327_04201_d_0000732.jpg,most_frequent,Which object type appears most often in the drone image?,"{'A': 'car', 'B': 'people', 'C': 'bus', 'D': 'bicycle', 'E': 'awning-tricycle'}",A,A,A,car,1,1.1312127113342285
0000327_04201_d_0000732.jpg,/home/brisic03/VisDrone/VisDrone2019-DET-val/images/0000327_04201_d_0000732.jpg,location,Where is the largest car located in the image?,"{'A': 'top-left', 'B': 'top-right', 'C': 'bottom-left', 'D': 'bottom-right', 'E': 'center'}",E,E,C,bottom-left,0,1.130213737487793
0000330_00001_d_0000800.jpg,/home/brisic03/VisDrone/VisDrone2019-DET-val/images/0000330_00001_d_0000800.jpg,presence,Which object type is visible in the drone image?,"{'A': 'truck', 'B': 'tricycle', 'C': 'car', 'D': 'people', 'E': 'bicycle'}",C,C,C,car,1,1.1193561553955078
0000330_00001_d_0000800.jpg,/home/brisic03/VisDrone/VisDrone2019-DET-val/images/0000330_00001_d_0000800.jpg,counting,How many vans are visible in the drone image?,"{'A': '0', 'B': '1', 'C': '2', 'D': '3', 'E': '4 or more'}",A,A,B,1,0,1.139200210571289
0000330_00001_d_0000800.jpg,/home/brisic03/VisDrone/VisDrone2019-DET-val/images/0000330_00001_d_0000800.jpg,most_frequent,Which object type appears most often in the drone image?,"{'A': 'car', 'B': 'bicycle', 'C': 'truck', 'D': 'tricycle', 'E': 'pedestrian'}",A,A,A,car,1,1.1196250915527344
0000330_00001_d_0000800.jpg,/home/brisic03/VisDrone/VisDrone2019-DET-val/images/0000330_00001_d_0000800.jpg,location,Where is the largest van located in the image?,"{'A': 'top-left', 'B': 'top-right', 'C': 'bottom-left', 'D': 'bottom-right', 'E': 'center'}",D,D,D,bottom-right,1,1.1469998359680176
0000330_00201_d_0000801.jpg,/home/brisic03/VisDrone/VisDrone2019-DET-val/images/0000330_00201_d_0000801.jpg,presence,Which object type is visible in the drone image?,"{'A': 'motor', 'B': 'awning-tricycle', 'C': 'truck', 'D': 'van', 'E': 'tricycle'}",A,A,B,awning-tricycle,0,1.1320562362670898
0000330_00201_d_0000801.jpg,/home/brisic03/VisDrone/VisDrone2019-DET-val/images/0000330_00201_d_0000801.jpg,counting,How many pedestrians are visible in the drone image?,"{'A': '0', 'B': '1', 'C': '2', 'D': '3', 'E': '4 or more'}",A,A,E,4 or more,0,1.1343653202056885
0000330_00201_d_0000801.jpg,/home/brisic03/VisDrone/VisDrone2019-DET-val/images/0000330_00201_d_0000801.jpg,most_frequent,Which object type appears most often in the drone image?,"{'A': 'bus', 'B': 'truck', 'C': 'tricycle', 'D': 'car', 'E': 'people'}",D,D,D,car,1,1.1350963115692139
0000330_00201_d_0000801.jpg,/home/brisic03/VisDrone/VisDrone2019-DET-val/images/0000330_00201_d_0000801.jpg,location,Where is the largest car located in the image?,"{'A': 'top-left', 'B': 'top-right', 'C': 'bottom-left', 'D': 'bottom-right', 'E': 'center'}",E,E,D,bottom-right,0,1.1324048042297363
0000330_00401_d_0000802.jpg,/home/brisic03/VisDrone/VisDrone2019-DET-val/images/0000330_00401_d_0000802.jpg,presence,Which object type is visible in the drone image?,"{'A': 'bus', 'B': 'tricycle', 'C': 'car', 'D': 'truck', 'E': 'motor'}",C,C,B,tricycle,0,1.1280746459960938
0000330_00401_d_0000802.jpg,/home/brisic03/VisDrone/VisDrone2019-DET-val/images/0000330_00401_d_0000802.jpg,counting,How many tricycles are visible in the drone image?,"{'A': '0', 'B': '1', 'C': '2', 'D': '3', 'E': '4 or more'}",A,A,D,3,0,1.130176305770874
0000330_00401_d_0000802.jpg,/home/brisic03/VisDrone/VisDrone2019-DET-val/images/0000330_00401_d_0000802.jpg,most_frequent,Which object type appears most often in the drone image?,"{'A': 'car', 'B': 'truck', 'C': 'people', 'D': 'awning-tricycle', 'E': 'tricycle'}",A,A,A,car,1,1.1178853511810303
0000330_00401_d_0000802.jpg,/home/brisic03/VisDrone/VisDrone2019-DET-val/images/0000330_00401_d_0000802.jpg,location,Where is the largest car located in the image?,"{'A': 'top-left', 'B': 'top-right', 'C': 'bottom-left', 'D': 'bottom-right', 'E': 'center'}",E,E,C,bottom-left,0,1.1409919261932373
0000330_00601_d_0000803.jpg,/home/brisic03/VisDrone/VisDrone2019-DET-val/images/0000330_00601_d_0000803.jpg,presence,Which object type is visible in the drone image?,"{'A': 'car', 'B': 'awning-tricycle', 'C': 'pedestrian', 'D': 'people', 'E': 'motor'}",A,A,E,motor,0,1.1264631748199463
0000330_00601_d_0000803.jpg,/home/brisic03/VisDrone/VisDrone2019-DET-val/images/0000330_00601_d_0000803.jpg,counting,How many cars are visible in the drone image?,"{'A': '0', 'B': '1', 'C': '2', 'D': '3', 'E': '4 or more'}",E,E,E,4 or more,1,1.1246354579925537
0000330_00601_d_0000803.jpg,/home/brisic03/VisDrone/VisDrone2019-DET-val/images/0000330_00601_d_0000803.jpg,most_frequent,Which object type appears most often in the drone image?,"{'A': 'pedestrian', 'B': 'truck', 'C': 'tricycle', 'D': 'car', 'E': 'awning-tricycle'}",D,D,D,car,1,1.1467483043670654
0000330_00601_d_0000803.jpg,/home/brisic03/VisDrone/VisDrone2019-DET-val/images/0000330_00601_d_0000803.jpg,location,Where is the largest car located in the image?,"{'A': 'top-left', 'B': 'top-right', 'C': 'bottom-left', 'D': 'bottom-right', 'E': 'center'}",E,E,D,bottom-right,0,1.1259171962738037
0000330_00801_d_0000804.jpg,/home/brisic03/VisDrone/VisDrone2019-DET-val/images/0000330_00801_d_0000804.jpg,presence,Which object type is visible in the drone image?,"{'A': 'tricycle', 'B': 'van', 'C': 'motor', 'D': 'bicycle', 'E': 'car'}",D,D,C,motor,0,1.1209042072296143
0000330_00801_d_0000804.jpg,/home/brisic03/VisDrone/VisDrone2019-DET-val/images/0000330_00801_d_0000804.jpg,counting,How many peoples are visible in the drone image?,"{'A': '0', 'B': '1', 'C': '2', 'D': '3', 'E': '4 or more'}",A,A,C,2,0,1.1350064277648926
0000330_00801_d_0000804.jpg,/home/brisic03/VisDrone/VisDrone2019-DET-val/images/0000330_00801_d_0000804.jpg,most_frequent,Which object type appears most often in the drone image?,"{'A': 'car', 'B': 'truck', 'C': 'motor', 'D': 'tricycle', 'E': 'people'}",A,A,A,car,1,1.137347936630249
0000330_00801_d_0000804.jpg,/home/brisic03/VisDrone/VisDrone2019-DET-val/images/0000330_00801_d_0000804.jpg,location,Where is the largest car located in the image?,"{'A': 'top-left', 'B': 'top-right', 'C': 'bottom-left', 'D': 'bottom-right', 'E': 'center'}",E,E,D,bottom-right,0,1.1322753429412842
0000330_01001_d_0000805.jpg,/home/brisic03/VisDrone/VisDrone2019-DET-val/images/0000330_01001_d_0000805.jpg,presence,Which object type is visible in the drone image?,"{'A': 'van', 'B': 'people', 'C': 'bicycle', 'D': 'bus', 'E': 'motor'}",C,C,B,people,0,1.1219298839569092
0000330_01001_d_0000805.jpg,/home/brisic03/VisDrone/VisDrone2019-DET-val/images/0000330_01001_d_0000805.jpg,counting,How many tricycles are visible in the drone image?,"{'A': '0', 'B': '1', 'C': '2', 'D': '3', 'E': '4 or more'}",A,A,B,1,0,1.132526159286499
0000330_01001_d_0000805.jpg,/home/brisic03/VisDrone/VisDrone2019-DET-val/images/0000330_01001_d_0000805.jpg,most_frequent,Which object type appears most often in the drone image?,"{'A': 'people', 'B': 'pedestrian', 'C': 'bus', 'D': 'bicycle', 'E': 'car'}",A,A,E,car,0,1.1205453872680664
0000330_01001_d_0000805.jpg,/home/brisic03/VisDrone/VisDrone2019-DET-val/images/0000330_01001_d_0000805.jpg,location,Where is the largest car located in the image?,"{'A': 'top-left', 'B': 'top-right', 'C': 'bottom-left', 'D': 'bottom-right', 'E': 'center'}",E,E,D,bottom-right,0,1.1391639709472656
0000330_01201_d_0000806.jpg,/home/brisic03/VisDrone/VisDrone2019-DET-val/images/0000330_01201_d_0000806.jpg,presence,Which object type is visible in the drone image?,"{'A': 'bicycle', 'B': 'motor', 'C': 'bus', 'D': 'van', 'E': 'pedestrian'}",E,E,D,van,0,1.1255602836608887
0000330_01201_d_0000806.jpg,/home/brisic03/VisDrone/VisDrone2019-DET-val/images/0000330_01201_d_0000806.jpg,counting,How many cars are visible in the drone image?,"{'A': '0', 'B': '1', 'C': '2', 'D': '3', 'E': '4 or more'}",E,E,E,4 or more,1,1.1412460803985596
0000330_01201_d_0000806.jpg,/home/brisic03/VisDrone/VisDrone2019-DET-val/images/0000330_01201_d_0000806.jpg,most_frequent,Which object type appears most often in the drone image?,"{'A': 'tricycle', 'B': 'bicycle', 'C': 'people', 'D': 'car', 'E': 'pedestrian'}",D,D,D,car,1,1.1209454536437988
0000330_01201_d_0000806.jpg,/home/brisic03/VisDrone/VisDrone2019-DET-val/images/0000330_01201_d_0000806.jpg,location,Where is the largest car located in the image?,"{'A': 'top-left', 'B': 'top-right', 'C': 'bottom-left', 'D': 'bottom-right', 'E': 'center'}",E,E,E,center,1,1.1465744972229004
0000330_01401_d_0000807.jpg,/home/brisic03/VisDrone/VisDrone2019-DET-val/images/0000330_01401_d_0000807.jpg,presence,Which object type is visible in the drone image?,"{'A': 'bus', 'B': 'tricycle', 'C': 'motor', 'D': 'truck', 'E': 'car'}",C,C,B,tricycle,0,1.1252191066741943
0000330_01401_d_0000807.jpg,/home/brisic03/VisDrone/VisDrone2019-DET-val/images/0000330_01401_d_0000807.jpg,counting,How many cars are visible in the drone image?,"{'A': '0', 'B': '1', 'C': '2', 'D': '3', 'E': '4 or more'}",A,A,E,4 or more,0,1.1292564868927002
0000330_01401_d_0000807.jpg,/home/brisic03/VisDrone/VisDrone2019-DET-val/images/0000330_01401_d_0000807.jpg,most_frequent,Which object type appears most often in the drone image?,"{'A': 'car', 'B': 'van', 'C': 'bicycle', 'D': 'tricycle', 'E': 'truck'}",A,A,A,car,1,1.127868890762329
0000330_01401_d_0000807.jpg,/home/brisic03/VisDrone/VisDrone2019-DET-val/images/0000330_01401_d_0000807.jpg,location,Where is the largest car located in the image?,"{'A': 'top-left', 'B': 'top-right', 'C': 'bottom-left', 'D': 'bottom-right', 'E': 'center'}",E,E,D,bottom-right,0,1.1416828632354736
0000330_01601_d_0000808.jpg,/home/brisic03/VisDrone/VisDrone2019-DET-val/images/0000330_01601_d_0000808.jpg,presence,Which object type is visible in the drone image?,"{'A': 'pedestrian', 'B': 'van', 'C': 'bus', 'D': 'bicycle', 'E': 'tricycle'}",A,A,B,van,0,1.1254816055297852
0000330_01601_d_0000808.jpg,/home/brisic03/VisDrone/VisDrone2019-DET-val/images/0000330_01601_d_0000808.jpg,counting,How many motors are visible in the drone image?,"{'A': '0', 'B': '1', 'C': '2', 'D': '3', 'E': '4 or more'}",A,A,B,1,0,1.1275269985198975
0000330_01601_d_0000808.jpg,/home/brisic03/VisDrone/VisDrone2019-DET-val/images/0000330_01601_d_0000808.jpg,most_frequent,Which object type appears most often in the drone image?,"{'A': 'car', 'B': 'awning-tricycle', 'C': 'truck', 'D': 'bus', 'E': 'motor'}",A,A,A,car,1,1.1430320739746094
0000330_01601_d_0000808.jpg,/home/brisic03/VisDrone/VisDrone2019-DET-val/images/0000330_01601_d_0000808.jpg,location,Where is the largest car located in the image?,"{'A': 'top-left', 'B': 'top-right', 'C': 'bottom-left', 'D': 'bottom-right', 'E': 'center'}",E,E,E,center,1,1.1258821487426758
0000330_01801_d_0000809.jpg,/home/brisic03/VisDrone/VisDrone2019-DET-val/images/0000330_01801_d_0000809.jpg,presence,Which object type is visible in the drone image?,"{'A': 'van', 'B': 'people', 'C': 'bicycle', 'D': 'awning-tricycle', 'E': 'motor'}",B,B,E,motor,0,1.1317379474639893
0000330_01801_d_0000809.jpg,/home/brisic03/VisDrone/VisDrone2019-DET-val/images/0000330_01801_d_0000809.jpg,counting,How many cars are visible in the drone image?,"{'A': '0', 'B': '1', 'C': '2', 'D': '3', 'E': '4 or more'}",A,A,E,4 or more,0,1.134007215499878
0000330_01801_d_0000809.jpg,/home/brisic03/VisDrone/VisDrone2019-DET-val/images/0000330_01801_d_0000809.jpg,most_frequent,Which object type appears most often in the drone image?,"{'A': 'pedestrian', 'B': 'car', 'C': 'people', 'D': 'van', 'E': 'truck'}",A,A,B,car,0,1.1235356330871582
0000330_01801_d_0000809.jpg,/home/brisic03/VisDrone/VisDrone2019-DET-val/images/0000330_01801_d_0000809.jpg,location,Where is the largest car located in the image?,"{'A': 'top-left', 'B': 'top-right', 'C': 'bottom-left', 'D': 'bottom-right', 'E': 'center'}",A,A,E,center,0,1.1277177333831787
0000330_02001_d_0000810.jpg,/home/brisic03/VisDrone/VisDrone2019-DET-val/images/0000330_02001_d_0000810.jpg,presence,Which object type is visible in the drone image?,"{'A': 'bus', 'B': 'people', 'C': 'car', 'D': 'van', 'E': 'motor'}",B,B,D,van,0,1.1374590396881104
0000330_02001_d_0000810.jpg,/home/brisic03/VisDrone/VisDrone2019-DET-val/images/0000330_02001_d_0000810.jpg,counting,How many cars are visible in the drone image?,"{'A': '0', 'B': '1', 'C': '2', 'D': '3', 'E': '4 or more'}",A,A,E,4 or more,0,1.1255123615264893
0000330_02001_d_0000810.jpg,/home/brisic03/VisDrone/VisDrone2019-DET-val/images/0000330_02001_d_0000810.jpg,most_frequent,Which object type appears most often in the drone image?,"{'A': 'awning-tricycle', 'B': 'van', 'C': 'car', 'D': 'truck', 'E': 'pedestrian'}",C,C,C,car,1,1.1315326690673828
0000330_02001_d_0000810.jpg,/home/brisic03/VisDrone/VisDrone2019-DET-val/images/0000330_02001_d_0000810.jpg,location,Where is the largest car located in the image?,"{'A': 'top-left', 'B': 'top-right', 'C': 'bottom-left', 'D': 'bottom-right', 'E': 'center'}",E,E,C,bottom-left,0,1.1646428108215332
0000330_02201_d_0000811.jpg,/home/brisic03/VisDrone/VisDrone2019-DET-val/images/0000330_02201_d_0000811.jpg,presence,Which object type is visible in the drone image?,"{'A': 'car', 'B': 'bicycle', 'C': 'tricycle', 'D': 'people', 'E': 'truck'}",A,A,A,car,1,1.1525475978851318
0000330_02201_d_0000811.jpg,/home/brisic03/VisDrone/VisDrone2019-DET-val/images/0000330_02201_d_0000811.jpg,counting,How many pedestrians are visible in the drone image?,"{'A': '0', 'B': '1', 'C': '2', 'D': '3', 'E': '4 or more'}",A,A,D,3,0,1.1573998928070068
0000330_02201_d_0000811.jpg,/home/brisic03/VisDrone/VisDrone2019-DET-val/images/0000330_02201_d_0000811.jpg,most_frequent,Which object type appears most often in the drone image?,"{'A': 'motor', 'B': 'car', 'C': 'awning-tricycle', 'D': 'van', 'E': 'tricycle'}",B,B,B,car,1,1.1667015552520752
0000330_02201_d_0000811.jpg,/home/brisic03/VisDrone/VisDrone2019-DET-val/images/0000330_02201_d_0000811.jpg,location,Where is the largest car located in the image?,"{'A': 'top-left', 'B': 'top-right', 'C': 'bottom-left', 'D': 'bottom-right', 'E': 'center'}",E,E,E,center,1,1.1885762214660645
0000330_02801_d_0000814.jpg,/home/brisic03/VisDrone/VisDrone2019-DET-val/images/0000330_02801_d_0000814.jpg,presence,Which object type is visible in the drone image?,"{'A': 'van', 'B': 'bicycle', 'C': 'car', 'D': 'tricycle', 'E': 'awning-tricycle'}",C,C,C,car,1,1.1649479866027832
0000330_02801_d_0000814.jpg,/home/brisic03/VisDrone/VisDrone2019-DET-val/images/0000330_02801_d_0000814.jpg,counting,How many cars are visible in the drone image?,"{'A': '0', 'B': '1', 'C': '2', 'D': '3', 'E': '4 or more'}",D,D,E,4 or more,0,1.1582777500152588
0000330_02801_d_0000814.jpg,/home/brisic03/VisDrone/VisDrone2019-DET-val/images/0000330_02801_d_0000814.jpg,most_frequent,Which object type appears most often in the drone image?,"{'A': 'awning-tricycle', 'B': 'car', 'C': 'truck', 'D': 'bus', 'E': 'motor'}",B,B,B,car,1,1.16294264793396
0000330_02801_d_0000814.jpg,/home/brisic03/VisDrone/VisDrone2019-DET-val/images/0000330_02801_d_0000814.jpg,location,Where is the largest car located in the image?,"{'A': 'top-left', 'B': 'top-right', 'C': 'bottom-left', 'D': 'bottom-right', 'E': 'center'}",E,E,D,bottom-right,0,1.130091667175293
0000330_03001_d_0000815.jpg,/home/brisic03/VisDrone/VisDrone2019-DET-val/images/0000330_03001_d_0000815.jpg,presence,Which object type is visible in the drone image?,"{'A': 'bus', 'B': 'bicycle', 'C': 'car', 'D': 'people', 'E': 'pedestrian'}",C,C,C,car,1,1.1297657489776611
0000330_03001_d_0000815.jpg,/home/brisic03/VisDrone/VisDrone2019-DET-val/images/0000330_03001_d_0000815.jpg,counting,How many motors are visible in the drone image?,"{'A': '0', 'B': '1', 'C': '2', 'D': '3', 'E': '4 or more'}",A,A,B,1,0,1.1347088813781738
0000330_03001_d_0000815.jpg,/home/brisic03/VisDrone/VisDrone2019-DET-val/images/0000330_03001_d_0000815.jpg,most_frequent,Which object type appears most often in the drone image?,"{'A': 'car', 'B': 'van', 'C': 'people', 'D': 'bicycle', 'E': 'bus'}",A,A,A,car,1,1.1270647048950195
0000330_03001_d_0000815.jpg,/home/brisic03/VisDrone/VisDrone2019-DET-val/images/0000330_03001_d_0000815.jpg,location,Where is the largest car located in the image?,"{'A': 'top-left', 'B': 'top-right', 'C': 'bottom-left', 'D': 'bottom-right', 'E': 'center'}",E,E,C,bottom-left,0,1.1268458366394043
0000330_03201_d_0000816.jpg,/home/brisic03/VisDrone/VisDrone2019-DET-val/images/0000330_03201_d_0000816.jpg,presence,Which object type is visible in the drone image?,"{'A': 'people', 'B': 'bicycle', 'C': 'car', 'D': 'bus', 'E': 'van'}",A,A,B,bicycle,0,1.1230077743530273
0000330_03201_d_0000816.jpg,/home/brisic03/VisDrone/VisDrone2019-DET-val/images/0000330_03201_d_0000816.jpg,counting,How many peoples are visible in the drone image?,"{'A': '0', 'B': '1', 'C': '2', 'D': '3', 'E': '4 or more'}",A,A,D,3,0,1.1285228729248047
0000330_03201_d_0000816.jpg,/home/brisic03/VisDrone/VisDrone2019-DET-val/images/0000330_03201_d_0000816.jpg,most_frequent,Which object type appears most often in the drone image?,"{'A': 'bus', 'B': 'tricycle', 'C': 'van', 'D': 'car', 'E': 'people'}",D,D,D,car,1,1.1356313228607178
0000330_03201_d_0000816.jpg,/home/brisic03/VisDrone/VisDrone2019-DET-val/images/0000330_03201_d_0000816.jpg,location,Where is the largest car located in the image?,"{'A': 'top-left', 'B': 'top-right', 'C': 'bottom-left', 'D': 'bottom-right', 'E': 'center'}",E,E,C,bottom-left,0,1.1350131034851074
0000330_04001_d_0000820.jpg,/home/brisic03/VisDrone/VisDrone2019-DET-val/images/0000330_04001_d_0000820.jpg,presence,Which object type is visible in the drone image?,"{'A': 'pedestrian', 'B': 'van', 'C': 'bicycle', 'D': 'motor', 'E': 'truck'}",A,A,C,bicycle,0,1.1211109161376953
0000330_04001_d_0000820.jpg,/home/brisic03/VisDrone/VisDrone2019-DET-val/images/0000330_04001_d_0000820.jpg,counting,How many motors are visible in the drone image?,"{'A': '0', 'B': '1', 'C': '2', 'D': '3', 'E': '4 or more'}",A,A,E,4 or more,0,1.139524221420288
0000330_04001_d_0000820.jpg,/home/brisic03/VisDrone/VisDrone2019-DET-val/images/0000330_04001_d_0000820.jpg,location,Where is the largest car located in the image?,"{'A': 'top-left', 'B': 'top-right', 'C': 'bottom-left', 'D': 'bottom-right', 'E': 'center'}",B,B,D,bottom-right,0,1.138732671737671
0000330_04201_d_0000821.jpg,/home/brisic03/VisDrone/VisDrone2019-DET-val/images/0000330_04201_d_0000821.jpg,presence,Which object type is visible in the drone image?,"{'A': 'awning-tricycle', 'B': 'truck', 'C': 'van', 'D': 'car', 'E': 'bus'}",A,A,D,car,0,1.1295912265777588
0000330_04201_d_0000821.jpg,/home/brisic03/VisDrone/VisDrone2019-DET-val/images/0000330_04201_d_0000821.jpg,counting,How many vans are visible in the drone image?,"{'A': '0', 'B': '1', 'C': '2', 'D': '3', 'E': '4 or more'}",B,B,E,4 or more,0,1.1222538948059082
0000330_04201_d_0000821.jpg,/home/brisic03/VisDrone/VisDrone2019-DET-val/images/0000330_04201_d_0000821.jpg,most_frequent,Which object type appears most often in the drone image?,"{'A': 'awning-tricycle', 'B': 'car', 'C': 'bus', 'D': 'people', 'E': 'tricycle'}",B,B,B,car,1,1.1263668537139893
0000330_04201_d_0000821.jpg,/home/brisic03/VisDrone/VisDrone2019-DET-val/images/0000330_04201_d_0000821.jpg,location,Where is the largest car located in the image?,"{'A': 'top-left', 'B': 'top-right', 'C': 'bottom-left', 'D': 'bottom-right', 'E': 'center'}",A,A,C,bottom-left,0,1.1223466396331787
0000330_04401_d_0000822.jpg,/home/brisic03/VisDrone/VisDrone2019-DET-val/images/0000330_04401_d_0000822.jpg,presence,Which object type is visible in the drone image?,"{'A': 'car', 'B': 'awning-tricycle', 'C': 'truck', 'D': 'people', 'E': 'tricycle'}",A,A,A,car,1,1.1236004829406738
0000330_04401_d_0000822.jpg,/home/brisic03/VisDrone/VisDrone2019-DET-val/images/0000330_04401_d_0000822.jpg,counting,How many trucks are visible in the drone image?,"{'A': '0', 'B': '1', 'C': '2', 'D': '3', 'E': '4 or more'}",A,A,B,1,0,1.1367058753967285
0000330_04401_d_0000822.jpg,/home/brisic03/VisDrone/VisDrone2019-DET-val/images/0000330_04401_d_0000822.jpg,most_frequent,Which object type appears most often in the drone image?,"{'A': 'tricycle', 'B': 'people', 'C': 'car', 'D': 'bus', 'E': 'motor'}",C,C,C,car,1,1.1353323459625244
0000330_04401_d_0000822.jpg,/home/brisic03/VisDrone/VisDrone2019-DET-val/images/0000330_04401_d_0000822.jpg,location,Where is the largest car located in the image?,"{'A': 'top-left', 'B': 'top-right', 'C': 'bottom-left', 'D': 'bottom-right', 'E': 'center'}",A,A,C,bottom-left,0,1.1246676445007324
0000330_04601_d_0000823.jpg,/home/brisic03/VisDrone/VisDrone2019-DET-val/images/0000330_04601_d_0000823.jpg,presence,Which object type is visible in the drone image?,"{'A': 'car', 'B': 'truck', 'C': 'awning-tricycle', 'D': 'van', 'E': 'people'}",C,C,A,car,0,1.1199352741241455
0000330_04601_d_0000823.jpg,/home/brisic03/VisDrone/VisDrone2019-DET-val/images/0000330_04601_d_0000823.jpg,counting,How many vans are visible in the drone image?,"{'A': '0', 'B': '1', 'C': '2', 'D': '3', 'E': '4 or more'}",B,B,B,1,1,1.1283552646636963
0000330_04601_d_0000823.jpg,/home/brisic03/VisDrone/VisDrone2019-DET-val/images/0000330_04601_d_0000823.jpg,most_frequent,Which object type appears most often in the drone image?,"{'A': 'motor', 'B': 'car', 'C': 'tricycle', 'D': 'pedestrian', 'E': 'bus'}",B,B,B,car,1,1.1317534446716309
0000330_04601_d_0000823.jpg,/home/brisic03/VisDrone/VisDrone2019-DET-val/images/0000330_04601_d_0000823.jpg,location,Where is the largest car located in the image?,"{'A': 'top-left', 'B': 'top-right', 'C': 'bottom-left', 'D': 'bottom-right', 'E': 'center'}",A,A,E,center,0,1.1355688571929932
0000333_00001_d_0000001.jpg,/home/brisic03/VisDrone/VisDrone2019-DET-val/images/0000333_00001_d_0000001.jpg,presence,Which object type is visible in the drone image?,"{'A': 'tricycle', 'B': 'car', 'C': 'bus', 'D': 'bicycle', 'E': 'van'}",C,C,C,bus,1,1.1269311904907227
0000333_00001_d_0000001.jpg,/home/brisic03/VisDrone/VisDrone2019-DET-val/images/0000333_00001_d_0000001.jpg,counting,How many cars are visible in the drone image?,"{'A': '0', 'B': '1', 'C': '2', 'D': '3', 'E': '4 or more'}",A,A,E,4 or more,0,1.125493049621582
0000333_00001_d_0000001.jpg,/home/brisic03/VisDrone/VisDrone2019-DET-val/images/0000333_00001_d_0000001.jpg,most_frequent,Which object type appears most often in the drone image?,"{'A': 'van', 'B': 'awning-tricycle', 'C': 'people', 'D': 'car', 'E': 'truck'}",D,D,D,car,1,1.136056900024414
0000333_00001_d_0000001.jpg,/home/brisic03/VisDrone/VisDrone2019-DET-val/images/0000333_00001_d_0000001.jpg,location,Where is the largest bus located in the image?,"{'A': 'top-left', 'B': 'top-right', 'C': 'bottom-left', 'D': 'bottom-right', 'E': 'center'}",E,E,E,center,1,1.1330337524414062
0000333_01765_d_0000010.jpg,/home/brisic03/VisDrone/VisDrone2019-DET-val/images/0000333_01765_d_0000010.jpg,presence,Which object type is visible in the drone image?,"{'A': 'van', 'B': 'pedestrian', 'C': 'awning-tricycle', 'D': 'tricycle', 'E': 'bus'}",B,B,A,van,0,1.1344239711761475
0000333_01765_d_0000010.jpg,/home/brisic03/VisDrone/VisDrone2019-DET-val/images/0000333_01765_d_0000010.jpg,counting,How many cars are visible in the drone image?,"{'A': '0', 'B': '1', 'C': '2', 'D': '3', 'E': '4 or more'}",A,A,E,4 or more,0,1.1215298175811768
0000333_01765_d_0000010.jpg,/home/brisic03/VisDrone/VisDrone2019-DET-val/images/0000333_01765_d_0000010.jpg,most_frequent,Which object type appears most often in the drone image?,"{'A': 'people', 'B': 'awning-tricycle', 'C': 'bicycle', 'D': 'car', 'E': 'pedestrian'}",D,D,D,car,1,1.1430044174194336
0000333_01765_d_0000010.jpg,/home/brisic03/VisDrone/VisDrone2019-DET-val/images/0000333_01765_d_0000010.jpg,location,Where is the largest car located in the image?,"{'A': 'top-left', 'B': 'top-right', 'C': 'bottom-left', 'D': 'bottom-right', 'E': 'center'}",A,A,D,bottom-right,0,1.1314373016357422
0000333_01961_d_0000011.jpg,/home/brisic03/VisDrone/VisDrone2019-DET-val/images/0000333_01961_d_0000011.jpg,presence,Which object type is visible in the drone image?,"{'A': 'bus', 'B': 'van', 'C': 'pedestrian', 'D': 'bicycle', 'E': 'truck'}",A,A,E,truck,0,1.1267967224121094
0000333_01961_d_0000011.jpg,/home/brisic03/VisDrone/VisDrone2019-DET-val/images/0000333_01961_d_0000011.jpg,counting,How many buss are visible in the drone image?,"{'A': '0', 'B': '1', 'C': '2', 'D': '3', 'E': '4 or more'}",B,B,B,1,1,1.132089614868164
0000333_01961_d_0000011.jpg,/home/brisic03/VisDrone/VisDrone2019-DET-val/images/0000333_01961_d_0000011.jpg,most_frequent,Which object type appears most often in the drone image?,"{'A': 'tricycle', 'B': 'car', 'C': 'people', 'D': 'truck', 'E': 'motor'}",B,B,B,car,1,1.1242973804473877
0000333_01961_d_0000011.jpg,/home/brisic03/VisDrone/VisDrone2019-DET-val/images/0000333_01961_d_0000011.jpg,location,Where is the largest bus located in the image?,"{'A': 'top-left', 'B': 'top-right', 'C': 'bottom-left', 'D': 'bottom-right', 'E': 'center'}",E,E,E,center,1,1.1389243602752686
0000333_02157_d_0000012.jpg,/home/brisic03/VisDrone/VisDrone2019-DET-val/images/0000333_02157_d_0000012.jpg,presence,Which object type is visible in the drone image?,"{'A': 'truck', 'B': 'people', 'C': 'awning-tricycle', 'D': 'pedestrian', 'E': 'car'}",E,E,E,car,1,1.1204590797424316
0000333_02157_d_0000012.jpg,/home/brisic03/VisDrone/VisDrone2019-DET-val/images/0000333_02157_d_0000012.jpg,counting,How many vans are visible in the drone image?,"{'A': '0', 'B': '1', 'C': '2', 'D': '3', 'E': '4 or more'}",A,A,E,4 or more,0,1.1194722652435303
0000333_02157_d_0000012.jpg,/home/brisic03/VisDrone/VisDrone2019-DET-val/images/0000333_02157_d_0000012.jpg,most_frequent,Which object type appears most often in the drone image?,"{'A': 'truck', 'B': 'motor', 'C': 'car', 'D': 'awning-tricycle', 'E': 'bus'}",C,C,C,car,1,1.2040917873382568
0000333_02157_d_0000012.jpg,/home/brisic03/VisDrone/VisDrone2019-DET-val/images/0000333_02157_d_0000012.jpg,location,Where is the largest car located in the image?,"{'A': 'top-left', 'B': 'top-right', 'C': 'bottom-left', 'D': 'bottom-right', 'E': 'center'}",E,E,E,center,1,1.1757409572601318
0000333_02353_d_0000013.jpg,/home/brisic03/VisDrone/VisDrone2019-DET-val/images/0000333_02353_d_0000013.jpg,presence,Which object type is visible in the drone image?,"{'A': 'van', 'B': 'bicycle', 'C': 'motor', 'D': 'people', 'E': 'car'}",D,D,A,van,0,1.1281423568725586
0000333_02353_d_0000013.jpg,/home/brisic03/VisDrone/VisDrone2019-DET-val/images/0000333_02353_d_0000013.jpg,counting,How many vans are visible in the drone image?,"{'A': '0', 'B': '1', 'C': '2', 'D': '3', 'E': '4 or more'}",A,A,E,4 or more,0,1.122391939163208
0000333_02353_d_0000013.jpg,/home/brisic03/VisDrone/VisDrone2019-DET-val/images/0000333_02353_d_0000013.jpg,most_frequent,Which object type appears most often in the drone image?,"{'A': 'people', 'B': 'car', 'C': 'truck', 'D': 'van', 'E': 'tricycle'}",B,B,B,car,1,1.1287376880645752
0000333_02353_d_0000013.jpg,/home/brisic03/VisDrone/VisDrone2019-DET-val/images/0000333_02353_d_0000013.jpg,location,Where is the largest van located in the image?,"{'A': 'top-left', 'B': 'top-right', 'C': 'bottom-left', 'D': 'bottom-right', 'E': 'center'}",A,A,C,bottom-left,0,1.1183505058288574
0000333_02549_d_0000014.jpg,/home/brisic03/VisDrone/VisDrone2019-DET-val/images/0000333_02549_d_0000014.jpg,presence,Which object type is visible in the drone image?,"{'A': 'tricycle', 'B': 'motor', 'C': 'pedestrian', 'D': 'truck', 'E': 'people'}",E,E,D,truck,0,1.2016868591308594
0000333_02549_d_0000014.jpg,/home/brisic03/VisDrone/VisDrone2019-DET-val/images/0000333_02549_d_0000014.jpg,counting,How many cars are visible in the drone image?,"{'A': '0', 'B': '1', 'C': '2', 'D': '3', 'E': '4 or more'}",E,E,E,4 or more,1,1.2266249656677246
0000333_02549_d_0000014.jpg,/home/brisic03/VisDrone/VisDrone2019-DET-val/images/0000333_02549_d_0000014.jpg,most_frequent,Which object type appears most often in the drone image?,"{'A': 'car', 'B': 'van', 'C': 'bicycle', 'D': 'awning-tricycle', 'E': 'tricycle'}",A,A,A,car,1,1.1833741664886475
0000333_02549_d_0000014.jpg,/home/brisic03/VisDrone/VisDrone2019-DET-val/images/0000333_02549_d_0000014.jpg,location,Where is the largest car located in the image?,"{'A': 'top-left', 'B': 'top-right', 'C': 'bottom-left', 'D': 'bottom-right', 'E': 'center'}",A,A,E,center,0,1.138049840927124
0000333_02745_d_0000015.jpg,/home/brisic03/VisDrone/VisDrone2019-DET-val/images/0000333_02745_d_0000015.jpg,presence,Which object type is visible in the drone image?,"{'A': 'pedestrian', 'B': 'car', 'C': 'awning-tricycle', 'D': 'bicycle', 'E': 'bus'}",B,B,B,car,1,1.1121089458465576
0000333_02745_d_0000015.jpg,/home/brisic03/VisDrone/VisDrone2019-DET-val/images/0000333_02745_d_0000015.jpg,counting,How many cars are visible in the drone image?,"{'A': '0', 'B': '1', 'C': '2', 'D': '3', 'E': '4 or more'}",A,A,E,4 or more,0,1.115644931793213
0000333_02745_d_0000015.jpg,/home/brisic03/VisDrone/VisDrone2019-DET-val/images/0000333_02745_d_0000015.jpg,most_frequent,Which object type appears most often in the drone image?,"{'A': 'car', 'B': 'pedestrian', 'C': 'van', 'D': 'truck', 'E': 'awning-tricycle'}",A,A,A,car,1,1.1241979598999023
0000333_02745_d_0000015.jpg,/home/brisic03/VisDrone/VisDrone2019-DET-val/images/0000333_02745_d_0000015.jpg,location,Where is the largest car located in the image?,"{'A': 'top-left', 'B': 'top-right', 'C': 'bottom-left', 'D': 'bottom-right', 'E': 'center'}",E,E,E,center,1,1.1182997226715088
0000333_02941_d_0000016.jpg,/home/brisic03/VisDrone/VisDrone2019-DET-val/images/0000333_02941_d_0000016.jpg,presence,Which object type is visible in the drone image?,"{'A': 'awning-tricycle', 'B': 'people', 'C': 'truck', 'D': 'car', 'E': 'tricycle'}",B,B,D,car,0,1.1297528743743896
0000333_02941_d_0000016.jpg,/home/brisic03/VisDrone/VisDrone2019-DET-val/images/0000333_02941_d_0000016.jpg,counting,How many vans are visible in the drone image?,"{'A': '0', 'B': '1', 'C': '2', 'D': '3', 'E': '4 or more'}",A,A,B,1,0,1.1333329677581787
0000333_02941_d_0000016.jpg,/home/brisic03/VisDrone/VisDrone2019-DET-val/images/0000333_02941_d_0000016.jpg,most_frequent,Which object type appears most often in the drone image?,"{'A': 'tricycle', 'B': 'truck', 'C': 'car', 'D': 'bicycle', 'E': 'motor'}",C,C,C,car,1,1.124415397644043
0000333_02941_d_0000016.jpg,/home/brisic03/VisDrone/VisDrone2019-DET-val/images/0000333_02941_d_0000016.jpg,location,Where is the largest bus located in the image?,"{'A': 'top-left', 'B': 'top-right', 'C': 'bottom-left', 'D': 'bottom-right', 'E': 'center'}",E,E,E,center,1,1.1236414909362793
0000333_03137_d_0000017.jpg,/home/brisic03/VisDrone/VisDrone2019-DET-val/images/0000333_03137_d_0000017.jpg,presence,Which object type is visible in the drone image?,"{'A': 'car', 'B': 'pedestrian', 'C': 'bus', 'D': 'truck', 'E': 'van'}",A,A,A,car,1,1.1164186000823975
0000333_03137_d_0000017.jpg,/home/brisic03/VisDrone/VisDrone2019-DET-val/images/0000333_03137_d_0000017.jpg,counting,How many cars are visible in the drone image?,"{'A': '0', 'B': '1', 'C': '2', 'D': '3', 'E': '4 or more'}",A,A,E,4 or more,0,1.1295783519744873
0000333_03137_d_0000017.jpg,/home/brisic03/VisDrone/VisDrone2019-DET-val/images/0000333_03137_d_0000017.jpg,most_frequent,Which object type appears most often in the drone image?,"{'A': 'awning-tricycle', 'B': 'truck', 'C': 'van', 'D': 'people', 'E': 'car'}",E,E,E,car,1,1.1225600242614746
0000333_03137_d_0000017.jpg,/home/brisic03/VisDrone/VisDrone2019-DET-val/images/0000333_03137_d_0000017.jpg,location,Where is the largest car located in the image?,"{'A': 'top-left', 'B': 'top-right', 'C': 'bottom-left', 'D': 'bottom-right', 'E': 'center'}",E,E,E,center,1,1.1462671756744385
0000333_03333_d_0000018.jpg,/home/brisic03/VisDrone/VisDrone2019-DET-val/images/0000333_03333_d_0000018.jpg,presence,Which object type is visible in the drone image?,"{'A': 'truck', 'B': 'car', 'C': 'motor', 'D': 'pedestrian', 'E': 'bus'}",B,B,B,car,1,1.1228020191192627
0000333_03333_d_0000018.jpg,/home/brisic03/VisDrone/VisDrone2019-DET-val/images/0000333_03333_d_0000018.jpg,counting,How many cars are visible in the drone image?,"{'A': '0', 'B': '1', 'C': '2', 'D': '3', 'E': '4 or more'}",A,A,E,4 or more,0,1.1282267570495605
0000333_03333_d_0000018.jpg,/home/brisic03/VisDrone/VisDrone2019-DET-val/images/0000333_03333_d_0000018.jpg,most_frequent,Which object type appears most often in the drone image?,"{'A': 'car', 'B': 'truck', 'C': 'people', 'D': 'motor', 'E': 'bus'}",A,A,A,car,1,1.1213395595550537
0000333_03333_d_0000018.jpg,/home/brisic03/VisDrone/VisDrone2019-DET-val/images/0000333_03333_d_0000018.jpg,location,Where is the largest car located in the image?,"{'A': 'top-left', 'B': 'top-right', 'C': 'bottom-left', 'D': 'bottom-right', 'E': 'center'}",A,A,C,bottom-left,0,1.1304264068603516
0000333_03529_d_0000019.jpg,/home/brisic03/VisDrone/VisDrone2019-DET-val/images/0000333_03529_d_0000019.jpg,presence,Which object type is visible in the drone image?,"{'A': 'truck', 'B': 'tricycle', 'C': 'bus', 'D': 'motor', 'E': 'car'}",D,D,A,truck,0,1.1285812854766846
0000333_03529_d_0000019.jpg,/home/brisic03/VisDrone/VisDrone2019-DET-val/images/0000333_03529_d_0000019.jpg,counting,How many vans are visible in the drone image?,"{'A': '0', 'B': '1', 'C': '2', 'D': '3', 'E': '4 or more'}",A,A,C,2,0,1.1267969608306885
0000333_03529_d_0000019.jpg,/home/brisic03/VisDrone/VisDrone2019-DET-val/images/0000333_03529_d_0000019.jpg,most_frequent,Which object type appears most often in the drone image?,"{'A': 'truck', 'B': 'car', 'C': 'bicycle', 'D': 'bus', 'E': 'awning-tricycle'}",B,B,B,car,1,1.1391115188598633
0000333_03529_d_0000019.jpg,/home/brisic03/VisDrone/VisDrone2019-DET-val/images/0000333_03529_d_0000019.jpg,location,Where is the largest truck located in the image?,"{'A': 'top-left', 'B': 'top-right', 'C': 'bottom-left', 'D': 'bottom-right', 'E': 'center'}",A,A,A,top-left,1,1.12794828414917
0000333_03725_d_0000020.jpg,/home/brisic03/VisDrone/VisDrone2019-DET-val/images/0000333_03725_d_0000020.jpg,presence,Which object type is visible in the drone image?,"{'A': 'car', 'B': 'people', 'C': 'motor', 'D': 'truck', 'E': 'tricycle'}",A,A,D,truck,0,1.114368200302124
0000333_03725_d_0000020.jpg,/home/brisic03/VisDrone/VisDrone2019-DET-val/images/0000333_03725_d_0000020.jpg,counting,How many trucks are visible in the drone image?,"{'A': '0', 'B': '1', 'C': '2', 'D': '3', 'E': '4 or more'}",A,A,C,2,0,1.2017271518707275
0000333_03725_d_0000020.jpg,/home/brisic03/VisDrone/VisDrone2019-DET-val/images/0000333_03725_d_0000020.jpg,most_frequent,Which object type appears most often in the drone image?,"{'A': 'bus', 'B': 'car', 'C': 'people', 'D': 'truck', 'E': 'van'}",B,B,B,car,1,1.211345911026001
0000333_03725_d_0000020.jpg,/home/brisic03/VisDrone/VisDrone2019-DET-val/images/0000333_03725_d_0000020.jpg,location,Where is the largest car located in the image?,"{'A': 'top-left', 'B': 'top-right', 'C': 'bottom-left', 'D': 'bottom-right', 'E': 'center'}",A,A,C,bottom-left,0,1.1596107482910156
0000335_00001_d_0000043.jpg,/home/brisic03/VisDrone/VisDrone2019-DET-val/images/0000335_00001_d_0000043.jpg,presence,Which object type is visible in the drone image?,"{'A': 'motor', 'B': 'pedestrian', 'C': 'bus', 'D': 'awning-tricycle', 'E': 'bicycle'}",E,E,E,bicycle,1,1.1217098236083984
0000335_00001_d_0000043.jpg,/home/brisic03/VisDrone/VisDrone2019-DET-val/images/0000335_00001_d_0000043.jpg,counting,How many awning-tricycles are visible in the drone image?,"{'A': '0', 'B': '1', 'C': '2', 'D': '3', 'E': '4 or more'}",A,A,B,1,0,1.115321159362793
0000335_00001_d_0000043.jpg,/home/brisic03/VisDrone/VisDrone2019-DET-val/images/0000335_00001_d_0000043.jpg,most_frequent,Which object type appears most often in the drone image?,"{'A': 'car', 'B': 'truck', 'C': 'people', 'D': 'bus', 'E': 'tricycle'}",A,A,A,car,1,1.1221201419830322
0000335_00001_d_0000043.jpg,/home/brisic03/VisDrone/VisDrone2019-DET-val/images/0000335_00001_d_0000043.jpg,location,Where is the largest car located in the image?,"{'A': 'top-left', 'B': 'top-right', 'C': 'bottom-left', 'D': 'bottom-right', 'E': 'center'}",E,E,E,center,1,1.1277828216552734
0000335_00197_d_0000044.jpg,/home/brisic03/VisDrone/VisDrone2019-DET-val/images/0000335_00197_d_0000044.jpg,presence,Which object type is visible in the drone image?,"{'A': 'truck', 'B': 'pedestrian', 'C': 'van', 'D': 'awning-tricycle', 'E': 'tricycle'}",A,A,E,tricycle,0,1.119067668914795
0000335_00197_d_0000044.jpg,/home/brisic03/VisDrone/VisDrone2019-DET-val/images/0000335_00197_d_0000044.jpg,counting,How many tricycles are visible in the drone image?,"{'A': '0', 'B': '1', 'C': '2', 'D': '3', 'E': '4 or more'}",A,A,E,4 or more,0,1.130134105682373
0000335_00197_d_0000044.jpg,/home/brisic03/VisDrone/VisDrone2019-DET-val/images/0000335_00197_d_0000044.jpg,most_frequent,Which object type appears most often in the drone image?,"{'A': 'car', 'B': 'motor', 'C': 'truck', 'D': 'people', 'E': 'tricycle'}",A,A,A,car,1,1.1268014907836914
0000335_00197_d_0000044.jpg,/home/brisic03/VisDrone/VisDrone2019-DET-val/images/0000335_00197_d_0000044.jpg,location,Where is the largest van located in the image?,"{'A': 'top-left', 'B': 'top-right', 'C': 'bottom-left', 'D': 'bottom-right', 'E': 'center'}",E,E,E,center,1,1.1249184608459473
0000335_00393_d_0000045.jpg,/home/brisic03/VisDrone/VisDrone2019-DET-val/images/0000335_00393_d_0000045.jpg,presence,Which object type is visible in the drone image?,"{'A': 'people', 'B': 'van', 'C': 'truck', 'D': 'tricycle', 'E': 'bicycle'}",A,A,C,truck,0,1.1113731861114502
0000335_00393_d_0000045.jpg,/home/brisic03/VisDrone/VisDrone2019-DET-val/images/0000335_00393_d_0000045.jpg,counting,How many pedestrians are visible in the drone image?,"{'A': '0', 'B': '1', 'C': '2', 'D': '3', 'E': '4 or more'}",A,A,E,4 or more,0,1.1250979900360107
0000335_00393_d_0000045.jpg,/home/brisic03/VisDrone/VisDrone2019-DET-val/images/0000335_00393_d_0000045.jpg,most_frequent,Which object type appears most often in the drone image?,"{'A': 'bus', 'B': 'awning-tricycle', 'C': 'car', 'D': 'tricycle', 'E': 'bicycle'}",C,C,C,car,1,1.1388885974884033
0000335_00393_d_0000045.jpg,/home/brisic03/VisDrone/VisDrone2019-DET-val/images/0000335_00393_d_0000045.jpg,location,Where is the largest car located in the image?,"{'A': 'top-left', 'B': 'top-right', 'C': 'bottom-left', 'D': 'bottom-right', 'E': 'center'}",C,C,D,bottom-right,0,1.128533124923706
0000335_00589_d_0000046.jpg,/home/brisic03/VisDrone/VisDrone2019-DET-val/images/0000335_00589_d_0000046.jpg,presence,Which object type is visible in the drone image?,"{'A': 'tricycle', 'B': 'awning-tricycle', 'C': 'van', 'D': 'car', 'E': 'bus'}",D,D,D,car,1,1.1312601566314697
0000335_00589_d_0000046.jpg,/home/brisic03/VisDrone/VisDrone2019-DET-val/images/0000335_00589_d_0000046.jpg,counting,How many vans are visible in the drone image?,"{'A': '0', 'B': '1', 'C': '2', 'D': '3', 'E': '4 or more'}",A,A,C,2,0,1.1357648372650146
0000335_00589_d_0000046.jpg,/home/brisic03/VisDrone/VisDrone2019-DET-val/images/0000335_00589_d_0000046.jpg,most_frequent,Which object type appears most often in the drone image?,"{'A': 'awning-tricycle', 'B': 'car', 'C': 'pedestrian', 'D': 'people', 'E': 'bus'}",B,B,B,car,1,1.1197230815887451
0000335_00589_d_0000046.jpg,/home/brisic03/VisDrone/VisDrone2019-DET-val/images/0000335_00589_d_0000046.jpg,location,Where is the largest car located in the image?,"{'A': 'top-left', 'B': 'top-right', 'C': 'bottom-left', 'D': 'bottom-right', 'E': 'center'}",E,E,E,center,1,1.1330811977386475
0000335_00785_d_0000047.jpg,/home/brisic03/VisDrone/VisDrone2019-DET-val/images/0000335_00785_d_0000047.jpg,presence,Which object type is visible in the drone image?,"{'A': 'bus', 'B': 'bicycle', 'C': 'motor', 'D': 'truck', 'E': 'van'}",B,B,C,motor,0,1.1136090755462646
0000335_00785_d_0000047.jpg,/home/brisic03/VisDrone/VisDrone2019-DET-val/images/0000335_00785_d_0000047.jpg,counting,How many cars are visible in the drone image?,"{'A': '0', 'B': '1', 'C': '2', 'D': '3', 'E': '4 or more'}",A,A,E,4 or more,0,1.1329128742218018
0000335_00785_d_0000047.jpg,/home/brisic03/VisDrone/VisDrone2019-DET-val/images/0000335_00785_d_0000047.jpg,most_frequent,Which object type appears most often in the drone image?,"{'A': 'car', 'B': 'people', 'C': 'awning-tricycle', 'D': 'bicycle', 'E': 'truck'}",A,A,A,car,1,1.1384849548339844
0000335_00785_d_0000047.jpg,/home/brisic03/VisDrone/VisDrone2019-DET-val/images/0000335_00785_d_0000047.jpg,location,Where is the largest car located in the image?,"{'A': 'top-left', 'B': 'top-right', 'C': 'bottom-left', 'D': 'bottom-right', 'E': 'center'}",E,E,C,bottom-left,0,1.1374015808105469
0000335_00981_d_0000048.jpg,/home/brisic03/VisDrone/VisDrone2019-DET-val/images/0000335_00981_d_0000048.jpg,presence,Which object type is visible in the drone image?,"{'A': 'car', 'B': 'bicycle', 'C': 'truck', 'D': 'tricycle', 'E': 'awning-tricycle'}",A,A,A,car,1,1.131591558456421
0000335_00981_d_0000048.jpg,/home/brisic03/VisDrone/VisDrone2019-DET-val/images/0000335_00981_d_0000048.jpg,counting,How many bicycles are visible in the drone image?,"{'A': '0', 'B': '1', 'C': '2', 'D': '3', 'E': '4 or more'}",A,A,B,1,0,1.1224570274353027
0000335_00981_d_0000048.jpg,/home/brisic03/VisDrone/VisDrone2019-DET-val/images/0000335_00981_d_0000048.jpg,most_frequent,Which object type appears most often in the drone image?,"{'A': 'awning-tricycle', 'B': 'tricycle', 'C': 'pedestrian', 'D': 'bus', 'E': 'car'}",E,E,E,car,1,1.1215126514434814
0000335_00981_d_0000048.jpg,/home/brisic03/VisDrone/VisDrone2019-DET-val/images/0000335_00981_d_0000048.jpg,location,Where is the largest car located in the image?,"{'A': 'top-left', 'B': 'top-right', 'C': 'bottom-left', 'D': 'bottom-right', 'E': 'center'}",E,E,C,bottom-left,0,1.1501407623291016
0000335_01765_d_0000052.jpg,/home/brisic03/VisDrone/VisDrone2019-DET-val/images/0000335_01765_d_0000052.jpg,presence,Which object type is visible in the drone image?,"{'A': 'people', 'B': 'bicycle', 'C': 'awning-tricycle', 'D': 'tricycle', 'E': 'car'}",A,A,E,car,0,1.1294059753417969
0000335_01765_d_0000052.jpg,/home/brisic03/VisDrone/VisDrone2019-DET-val/images/0000335_01765_d_0000052.jpg,counting,How many cars are visible in the drone image?,"{'A': '0', 'B': '1', 'C': '2', 'D': '3', 'E': '4 or more'}",E,E,E,4 or more,1,1.1377015113830566
0000335_01765_d_0000052.jpg,/home/brisic03/VisDrone/VisDrone2019-DET-val/images/0000335_01765_d_0000052.jpg,most_frequent,Which object type appears most often in the drone image?,"{'A': 'truck', 'B': 'car', 'C': 'awning-tricycle', 'D': 'van', 'E': 'tricycle'}",B,B,B,car,1,1.133310079574585
0000335_01765_d_0000052.jpg,/home/brisic03/VisDrone/VisDrone2019-DET-val/images/0000335_01765_d_0000052.jpg,location,Where is the largest car located in the image?,"{'A': 'top-left', 'B': 'top-right', 'C': 'bottom-left', 'D': 'bottom-right', 'E': 'center'}",E,E,E,center,1,1.1311941146850586
0000335_01961_d_0000053.jpg,/home/brisic03/VisDrone/VisDrone2019-DET-val/images/0000335_01961_d_0000053.jpg,presence,Which object type is visible in the drone image?,"{'A': 'bicycle', 'B': 'people', 'C': 'van', 'D': 'motor', 'E': 'pedestrian'}",B,B,B,people,1,1.1235840320587158
0000335_01961_d_0000053.jpg,/home/brisic03/VisDrone/VisDrone2019-DET-val/images/0000335_01961_d_0000053.jpg,counting,How many tricycles are visible in the drone image?,"{'A': '0', 'B': '1', 'C': '2', 'D': '3', 'E': '4 or more'}",A,A,B,1,0,1.1276559829711914
0000335_01961_d_0000053.jpg,/home/brisic03/VisDrone/VisDrone2019-DET-val/images/0000335_01961_d_0000053.jpg,most_frequent,Which object type appears most often in the drone image?,"{'A': 'car', 'B': 'van', 'C': 'pedestrian', 'D': 'motor', 'E': 'bicycle'}",A,A,A,car,1,1.1292643547058105
0000335_01961_d_0000053.jpg,/home/brisic03/VisDrone/VisDrone2019-DET-val/images/0000335_01961_d_0000053.jpg,location,Where is the largest car located in the image?,"{'A': 'top-left', 'B': 'top-right', 'C': 'bottom-left', 'D': 'bottom-right', 'E': 'center'}",E,E,D,bottom-right,0,1.1398286819458008
0000335_02353_d_0000055.jpg,/home/brisic03/VisDrone/VisDrone2019-DET-val/images/0000335_02353_d_0000055.jpg,presence,Which object type is visible in the drone image?,"{'A': 'bicycle', 'B': 'car', 'C': 'van', 'D': 'truck', 'E': 'bus'}",B,B,B,car,1,1.1233325004577637
0000335_02353_d_0000055.jpg,/home/brisic03/VisDrone/VisDrone2019-DET-val/images/0000335_02353_d_0000055.jpg,counting,How many trucks are visible in the drone image?,"{'A': '0', 'B': '1', 'C': '2', 'D': '3', 'E': '4 or more'}",A,A,B,1,0,1.1448915004730225
0000335_02353_d_0000055.jpg,/home/brisic03/VisDrone/VisDrone2019-DET-val/images/0000335_02353_d_0000055.jpg,most_frequent,Which object type appears most often in the drone image?,"{'A': 'bus', 'B': 'truck', 'C': 'motor', 'D': 'pedestrian', 'E': 'car'}",E,E,E,car,1,1.123218059539795
0000335_02353_d_0000055.jpg,/home/brisic03/VisDrone/VisDrone2019-DET-val/images/0000335_02353_d_0000055.jpg,location,Where is the largest car located in the image?,"{'A': 'top-left', 'B': 'top-right', 'C': 'bottom-left', 'D': 'bottom-right', 'E': 'center'}",E,E,C,bottom-left,0,1.1210930347442627
0000335_02549_d_0000056.jpg,/home/brisic03/VisDrone/VisDrone2019-DET-val/images/0000335_02549_d_0000056.jpg,presence,Which object type is visible in the drone image?,"{'A': 'van', 'B': 'tricycle', 'C': 'awning-tricycle', 'D': 'motor', 'E': 'car'}",D,D,C,awning-tricycle,0,1.121244192123413
0000335_02549_d_0000056.jpg,/home/brisic03/VisDrone/VisDrone2019-DET-val/images/0000335_02549_d_0000056.jpg,counting,How many awning-tricycles are visible in the drone image?,"{'A': '0', 'B': '1', 'C': '2', 'D': '3', 'E': '4 or more'}",A,A,B,1,0,1.1399857997894287
0000335_02549_d_0000056.jpg,/home/brisic03/VisDrone/VisDrone2019-DET-val/images/0000335_02549_d_0000056.jpg,most_frequent,Which object type appears most often in the drone image?,"{'A': 'motor', 'B': 'bicycle', 'C': 'pedestrian', 'D': 'van', 'E': 'car'}",A,A,E,car,0,1.1300477981567383
0000335_02549_d_0000056.jpg,/home/brisic03/VisDrone/VisDrone2019-DET-val/images/0000335_02549_d_0000056.jpg,location,Where is the largest car located in the image?,"{'A': 'top-left', 'B': 'top-right', 'C': 'bottom-left', 'D': 'bottom-right', 'E': 'center'}",E,E,C,bottom-left,0,1.1344962120056152
0000335_02745_d_0000057.jpg,/home/brisic03/VisDrone/VisDrone2019-DET-val/images/0000335_02745_d_0000057.jpg,presence,Which object type is visible in the drone image?,"{'A': 'truck', 'B': 'van', 'C': 'tricycle', 'D': 'people', 'E': 'awning-tricycle'}",D,D,C,tricycle,0,1.131998062133789
0000335_02745_d_0000057.jpg,/home/brisic03/VisDrone/VisDrone2019-DET-val/images/0000335_02745_d_0000057.jpg,counting,How many vans are visible in the drone image?,"{'A': '0', 'B': '1', 'C': '2', 'D': '3', 'E': '4 or more'}",A,A,B,1,0,1.1297240257263184
0000335_02745_d_0000057.jpg,/home/brisic03/VisDrone/VisDrone2019-DET-val/images/0000335_02745_d_0000057.jpg,most_frequent,Which object type appears most often in the drone image?,"{'A': 'awning-tricycle', 'B': 'van', 'C': 'car', 'D': 'people', 'E': 'pedestrian'}",C,C,C,car,1,1.1255362033843994
0000335_02745_d_0000057.jpg,/home/brisic03/VisDrone/VisDrone2019-DET-val/images/0000335_02745_d_0000057.jpg,location,Where is the largest car located in the image?,"{'A': 'top-left', 'B': 'top-right', 'C': 'bottom-left', 'D': 'bottom-right', 'E': 'center'}",E,E,E,center,1,1.127915382385254
0000335_03137_d_0000059.jpg,/home/brisic03/VisDrone/VisDrone2019-DET-val/images/0000335_03137_d_0000059.jpg,presence,Which object type is visible in the drone image?,"{'A': 'people', 'B': 'awning-tricycle', 'C': 'truck', 'D': 'bicycle', 'E': 'motor'}",A,A,E,motor,0,1.1272025108337402
0000335_03137_d_0000059.jpg,/home/brisic03/VisDrone/VisDrone2019-DET-val/images/0000335_03137_d_0000059.jpg,counting,How many cars are visible in the drone image?,"{'A': '0', 'B': '1', 'C': '2', 'D': '3', 'E': '4 or more'}",E,E,E,4 or more,1,1.1288597583770752
0000335_03137_d_0000059.jpg,/home/brisic03/VisDrone/VisDrone2019-DET-val/images/0000335_03137_d_0000059.jpg,most_frequent,Which object type appears most often in the drone image?,"{'A': 'truck', 'B': 'car', 'C': 'motor', 'D': 'van', 'E': 'pedestrian'}",B,B,B,car,1,1.139423131942749
0000335_03137_d_0000059.jpg,/home/brisic03/VisDrone/VisDrone2019-DET-val/images/0000335_03137_d_0000059.jpg,location,Where is the largest car located in the image?,"{'A': 'top-left', 'B': 'top-right', 'C': 'bottom-left', 'D': 'bottom-right', 'E': 'center'}",E,E,E,center,1,1.1313493251800537
0000335_03333_d_0000060.jpg,/home/brisic03/VisDrone/VisDrone2019-DET-val/images/0000335_03333_d_0000060.jpg,presence,Which object type is visible in the drone image?,"{'A': 'truck', 'B': 'people', 'C': 'motor', 'D': 'van', 'E': 'awning-tricycle'}",B,B,B,people,1,1.1268301010131836
0000335_03333_d_0000060.jpg,/home/brisic03/VisDrone/VisDrone2019-DET-val/images/0000335_03333_d_0000060.jpg,counting,How many tricycles are visible in the drone image?,"{'A': '0', 'B': '1', 'C': '2', 'D': '3', 'E': '4 or more'}",A,A,B,1,0,1.1310012340545654
0000335_03333_d_0000060.jpg,/home/brisic03/VisDrone/VisDrone2019-DET-val/images/0000335_03333_d_0000060.jpg,most_frequent,Which object type appears most often in the drone image?,"{'A': 'truck', 'B': 'motor', 'C': 'bicycle', 'D': 'car', 'E': 'people'}",D,D,D,car,1,1.122711181640625
0000335_03333_d_0000060.jpg,/home/brisic03/VisDrone/VisDrone2019-DET-val/images/0000335_03333_d_0000060.jpg,location,Where is the largest bus located in the image?,"{'A': 'top-left', 'B': 'top-right', 'C': 'bottom-left', 'D': 'bottom-right', 'E': 'center'}",E,E,E,center,1,1.1222717761993408
0000335_03725_d_0000062.jpg,/home/brisic03/VisDrone/VisDrone2019-DET-val/images/0000335_03725_d_0000062.jpg,presence,Which object type is visible in the drone image?,"{'A': 'people', 'B': 'van', 'C': 'awning-tricycle', 'D': 'tricycle', 'E': 'truck'}",A,A,A,people,1,1.1331465244293213
0000335_03725_d_0000062.jpg,/home/brisic03/VisDrone/VisDrone2019-DET-val/images/0000335_03725_d_0000062.jpg,counting,How many peoples are visible in the drone image?,"{'A': '0', 'B': '1', 'C': '2', 'D': '3', 'E': '4 or more'}",A,A,C,2,0,1.130990982055664
0000335_03725_d_0000062.jpg,/home/brisic03/VisDrone/VisDrone2019-DET-val/images/0000335_03725_d_0000062.jpg,most_frequent,Which object type appears most often in the drone image?,"{'A': 'tricycle', 'B': 'car', 'C': 'bicycle', 'D': 'van', 'E': 'motor'}",B,B,B,car,1,1.1256635189056396
0000335_03725_d_0000062.jpg,/home/brisic03/VisDrone/VisDrone2019-DET-val/images/0000335_03725_d_0000062.jpg,location,Where is the largest car located in the image?,"{'A': 'top-left', 'B': 'top-right', 'C': 'bottom-left', 'D': 'bottom-right', 'E': 'center'}",E,E,D,bottom-right,0,1.1707425117492676
0000335_03921_d_0000063.jpg,/home/brisic03/VisDrone/VisDrone2019-DET-val/images/0000335_03921_d_0000063.jpg,presence,Which object type is visible in the drone image?,"{'A': 'van', 'B': 'bicycle', 'C': 'tricycle', 'D': 'motor', 'E': 'truck'}",D,D,C,tricycle,0,1.1242380142211914
0000335_03921_d_0000063.jpg,/home/brisic03/VisDrone/VisDrone2019-DET-val/images/0000335_03921_d_0000063.jpg,counting,How many cars are visible in the drone image?,"{'A': '0', 'B': '1', 'C': '2', 'D': '3', 'E': '4 or more'}",E,E,E,4 or more,1,1.1277854442596436
0000335_03921_d_0000063.jpg,/home/brisic03/VisDrone/VisDrone2019-DET-val/images/0000335_03921_d_0000063.jpg,most_frequent,Which object type appears most often in the drone image?,"{'A': 'bus', 'B': 'awning-tricycle', 'C': 'truck', 'D': 'pedestrian', 'E': 'car'}",E,E,E,car,1,1.1304066181182861
0000335_03921_d_0000063.jpg,/home/brisic03/VisDrone/VisDrone2019-DET-val/images/0000335_03921_d_0000063.jpg,location,Where is the largest car located in the image?,"{'A': 'top-left', 'B': 'top-right', 'C': 'bottom-left', 'D': 'bottom-right', 'E': 'center'}",E,E,D,bottom-right,0,1.1499710083007812
0000335_04117_d_0000064.jpg,/home/brisic03/VisDrone/VisDrone2019-DET-val/images/0000335_04117_d_0000064.jpg,presence,Which object type is visible in the drone image?,"{'A': 'bicycle', 'B': 'tricycle', 'C': 'truck', 'D': 'car', 'E': 'van'}",D,D,C,truck,0,1.121089220046997
0000335_04117_d_0000064.jpg,/home/brisic03/VisDrone/VisDrone2019-DET-val/images/0000335_04117_d_0000064.jpg,counting,How many cars are visible in the drone image?,"{'A': '0', 'B': '1', 'C': '2', 'D': '3', 'E': '4 or more'}",E,E,E,4 or more,1,1.1286280155181885
0000335_04117_d_0000064.jpg,/home/brisic03/VisDrone/VisDrone2019-DET-val/images/0000335_04117_d_0000064.jpg,most_frequent,Which object type appears most often in the drone image?,"{'A': 'van', 'B': 'bicycle', 'C': 'awning-tricycle', 'D': 'car', 'E': 'pedestrian'}",D,D,D,car,1,1.1330535411834717
0000335_04117_d_0000064.jpg,/home/brisic03/VisDrone/VisDrone2019-DET-val/images/0000335_04117_d_0000064.jpg,location,Where is the largest car located in the image?,"{'A': 'top-left', 'B': 'top-right', 'C': 'bottom-left', 'D': 'bottom-right', 'E': 'center'}",E,E,D,bottom-right,0,1.1335196495056152
0000335_04313_d_0000065.jpg,/home/brisic03/VisDrone/VisDrone2019-DET-val/images/0000335_04313_d_0000065.jpg,presence,Which object type is visible in the drone image?,"{'A': 'pedestrian', 'B': 'car', 'C': 'awning-tricycle', 'D': 'people', 'E': 'motor'}",D,D,B,car,0,1.1158850193023682
0000335_04313_d_0000065.jpg,/home/brisic03/VisDrone/VisDrone2019-DET-val/images/0000335_04313_d_0000065.jpg,counting,How many motors are visible in the drone image?,"{'A': '0', 'B': '1', 'C': '2', 'D': '3', 'E': '4 or more'}",A,A,B,1,0,1.201953411102295
0000335_04313_d_0000065.jpg,/home/brisic03/VisDrone/VisDrone2019-DET-val/images/0000335_04313_d_0000065.jpg,most_frequent,Which object type appears most often in the drone image?,"{'A': 'bus', 'B': 'car', 'C': 'awning-tricycle', 'D': 'truck', 'E': 'motor'}",B,B,B,car,1,1.2092928886413574
0000335_04313_d_0000065.jpg,/home/brisic03/VisDrone/VisDrone2019-DET-val/images/0000335_04313_d_0000065.jpg,location,Where is the largest car located in the image?,"{'A': 'top-left', 'B': 'top-right', 'C': 'bottom-left', 'D': 'bottom-right', 'E': 'center'}",E,E,E,center,1,1.1507329940795898
0000335_05097_d_0000069.jpg,/home/brisic03/VisDrone/VisDrone2019-DET-val/images/0000335_05097_d_0000069.jpg,presence,Which object type is visible in the drone image?,"{'A': 'truck', 'B': 'tricycle', 'C': 'awning-tricycle', 'D': 'pedestrian', 'E': 'bus'}",D,D,D,pedestrian,1,1.1209402084350586
0000335_05097_d_0000069.jpg,/home/brisic03/VisDrone/VisDrone2019-DET-val/images/0000335_05097_d_0000069.jpg,counting,How many cars are visible in the drone image?,"{'A': '0', 'B': '1', 'C': '2', 'D': '3', 'E': '4 or more'}",D,D,E,4 or more,0,1.1173813343048096
0000335_05097_d_0000069.jpg,/home/brisic03/VisDrone/VisDrone2019-DET-val/images/0000335_05097_d_0000069.jpg,most_frequent,Which object type appears most often in the drone image?,"{'A': 'people', 'B': 'car', 'C': 'awning-tricycle', 'D': 'tricycle', 'E': 'pedestrian'}",B,B,B,car,1,1.1367499828338623
0000335_05097_d_0000069.jpg,/home/brisic03/VisDrone/VisDrone2019-DET-val/images/0000335_05097_d_0000069.jpg,location,Where is the largest car located in the image?,"{'A': 'top-left', 'B': 'top-right', 'C': 'bottom-left', 'D': 'bottom-right', 'E': 'center'}",E,E,E,center,1,1.124525785446167
0000335_05685_d_0000072.jpg,/home/brisic03/VisDrone/VisDrone2019-DET-val/images/0000335_05685_d_0000072.jpg,presence,Which object type is visible in the drone image?,"{'A': 'motor', 'B': 'car', 'C': 'truck', 'D': 'bicycle', 'E': 'van'}",B,B,D,bicycle,0,1.1156222820281982
0000335_05685_d_0000072.jpg,/home/brisic03/VisDrone/VisDrone2019-DET-val/images/0000335_05685_d_0000072.jpg,counting,How many cars are visible in the drone image?,"{'A': '0', 'B': '1', 'C': '2', 'D': '3', 'E': '4 or more'}",E,E,E,4 or more,1,1.1257133483886719
0000335_05685_d_0000072.jpg,/home/brisic03/VisDrone/VisDrone2019-DET-val/images/0000335_05685_d_0000072.jpg,most_frequent,Which object type appears most often in the drone image?,"{'A': 'bus', 'B': 'people', 'C': 'van', 'D': 'awning-tricycle', 'E': 'car'}",E,E,E,car,1,1.1280601024627686
0000335_05685_d_0000072.jpg,/home/brisic03/VisDrone/VisDrone2019-DET-val/images/0000335_05685_d_0000072.jpg,location,Where is the largest car located in the image?,"{'A': 'top-left', 'B': 'top-right', 'C': 'bottom-left', 'D': 'bottom-right', 'E': 'center'}",E,E,E,center,1,1.1242945194244385
0000335_06469_d_0000076.jpg,/home/brisic03/VisDrone/VisDrone2019-DET-val/images/0000335_06469_d_0000076.jpg,presence,Which object type is visible in the drone image?,"{'A': 'awning-tricycle', 'B': 'car', 'C': 'tricycle', 'D': 'bus', 'E': 'motor'}",B,B,B,car,1,1.135547399520874
0000335_06469_d_0000076.jpg,/home/brisic03/VisDrone/VisDrone2019-DET-val/images/0000335_06469_d_0000076.jpg,counting,How many vans are visible in the drone image?,"{'A': '0', 'B': '1', 'C': '2', 'D': '3', 'E': '4 or more'}",A,A,B,1,0,1.1198430061340332
0000335_06469_d_0000076.jpg,/home/brisic03/VisDrone/VisDrone2019-DET-val/images/0000335_06469_d_0000076.jpg,most_frequent,Which object type appears most often in the drone image?,"{'A': 'motor', 'B': 'bus', 'C': 'car', 'D': 'van', 'E': 'people'}",C,C,C,car,1,1.136051893234253
0000335_06469_d_0000076.jpg,/home/brisic03/VisDrone/VisDrone2019-DET-val/images/0000335_06469_d_0000076.jpg,location,Where is the largest car located in the image?,"{'A': 'top-left', 'B': 'top-right', 'C': 'bottom-left', 'D': 'bottom-right', 'E': 'center'}",E,E,E,center,1,1.1270670890808105
0000335_06665_d_0000077.jpg,/home/brisic03/VisDrone/VisDrone2019-DET-val/images/0000335_06665_d_0000077.jpg,presence,Which object type is visible in the drone image?,"{'A': 'car', 'B': 'motor', 'C': 'bicycle', 'D': 'people', 'E': 'pedestrian'}",A,A,B,motor,0,1.1459109783172607
0000335_06665_d_0000077.jpg,/home/brisic03/VisDrone/VisDrone2019-DET-val/images/0000335_06665_d_0000077.jpg,counting,How many peoples are visible in the drone image?,"{'A': '0', 'B': '1', 'C': '2', 'D': '3', 'E': '4 or more'}",A,A,C,2,0,1.1283440589904785
0000335_06665_d_0000077.jpg,/home/brisic03/VisDrone/VisDrone2019-DET-val/images/0000335_06665_d_0000077.jpg,most_frequent,Which object type appears most often in the drone image?,"{'A': 'bicycle', 'B': 'car', 'C': 'people', 'D': 'truck', 'E': 'tricycle'}",B,B,B,car,1,1.1176948547363281
0000335_06665_d_0000077.jpg,/home/brisic03/VisDrone/VisDrone2019-DET-val/images/0000335_06665_d_0000077.jpg,location,Where is the largest car located in the image?,"{'A': 'top-left', 'B': 'top-right', 'C': 'bottom-left', 'D': 'bottom-right', 'E': 'center'}",E,E,E,center,1,1.1384351253509521
0000335_06861_d_0000078.jpg,/home/brisic03/VisDrone/VisDrone2019-DET-val/images/0000335_06861_d_0000078.jpg,presence,Which object type is visible in the drone image?,"{'A': 'bicycle', 'B': 'bus', 'C': 'car', 'D': 'awning-tricycle', 'E': 'motor'}",C,C,C,car,1,1.122413158416748
0000335_06861_d_0000078.jpg,/home/brisic03/VisDrone/VisDrone2019-DET-val/images/0000335_06861_d_0000078.jpg,counting,How many peoples are visible in the drone image?,"{'A': '0', 'B': '1', 'C': '2', 'D': '3', 'E': '4 or more'}",A,A,B,1,0,1.1287987232208252
0000335_06861_d_0000078.jpg,/home/brisic03/VisDrone/VisDrone2019-DET-val/images/0000335_06861_d_0000078.jpg,most_frequent,Which object type appears most often in the drone image?,"{'A': 'truck', 'B': 'bicycle', 'C': 'car', 'D': 'bus', 'E': 'people'}",C,C,C,car,1,1.1186425685882568
0000335_06861_d_0000078.jpg,/home/brisic03/VisDrone/VisDrone2019-DET-val/images/0000335_06861_d_0000078.jpg,location,Where is the largest car located in the image?,"{'A': 'top-left', 'B': 'top-right', 'C': 'bottom-left', 'D': 'bottom-right', 'E': 'center'}",E,E,E,center,1,1.142516851425171
0000342_00393_d_0000244.jpg,/home/brisic03/VisDrone/VisDrone2019-DET-val/images/0000342_00393_d_0000244.jpg,presence,Which object type is visible in the drone image?,"{'A': 'awning-tricycle', 'B': 'people', 'C': 'bus', 'D': 'car', 'E': 'van'}",A,A,D,car,0,1.1296133995056152
0000342_00393_d_0000244.jpg,/home/brisic03/VisDrone/VisDrone2019-DET-val/images/0000342_00393_d_0000244.jpg,counting,How many cars are visible in the drone image?,"{'A': '0', 'B': '1', 'C': '2', 'D': '3', 'E': '4 or more'}",A,A,E,4 or more,0,1.1219418048858643
0000342_00393_d_0000244.jpg,/home/brisic03/VisDrone/VisDrone2019-DET-val/images/0000342_00393_d_0000244.jpg,most_frequent,Which object type appears most often in the drone image?,"{'A': 'tricycle', 'B': 'truck', 'C': 'pedestrian', 'D': 'van', 'E': 'car'}",B,B,E,car,0,1.1982905864715576
0000342_00393_d_0000244.jpg,/home/brisic03/VisDrone/VisDrone2019-DET-val/images/0000342_00393_d_0000244.jpg,location,Where is the largest truck located in the image?,"{'A': 'top-left', 'B': 'top-right', 'C': 'bottom-left', 'D': 'bottom-right', 'E': 'center'}",C,C,E,center,0,1.1801128387451172
0000345_07057_d_0000345.jpg,/home/brisic03/VisDrone/VisDrone2019-DET-val/images/0000345_07057_d_0000345.jpg,presence,Which object type is visible in the drone image?,"{'A': 'people', 'B': 'bus', 'C': 'car', 'D': 'pedestrian', 'E': 'truck'}",A,A,C,car,0,1.1300122737884521
0000345_07057_d_0000345.jpg,/home/brisic03/VisDrone/VisDrone2019-DET-val/images/0000345_07057_d_0000345.jpg,counting,How many bicycles are visible in the drone image?,"{'A': '0', 'B': '1', 'C': '2', 'D': '3', 'E': '4 or more'}",A,A,B,1,0,1.1192710399627686
0000345_07057_d_0000345.jpg,/home/brisic03/VisDrone/VisDrone2019-DET-val/images/0000345_07057_d_0000345.jpg,most_frequent,Which object type appears most often in the drone image?,"{'A': 'van', 'B': 'motor', 'C': 'tricycle', 'D': 'car', 'E': 'awning-tricycle'}",C,C,D,car,0,1.1179986000061035
0000345_07057_d_0000345.jpg,/home/brisic03/VisDrone/VisDrone2019-DET-val/images/0000345_07057_d_0000345.jpg,location,Where is the largest car located in the image?,"{'A': 'top-left', 'B': 'top-right', 'C': 'bottom-left', 'D': 'bottom-right', 'E': 'center'}",E,E,E,center,1,1.1347651481628418
0000346_00001_d_0000346.jpg,/home/brisic03/VisDrone/VisDrone2019-DET-val/images/0000346_00001_d_0000346.jpg,presence,Which object type is visible in the drone image?,"{'A': 'bicycle', 'B': 'tricycle', 'C': 'pedestrian', 'D': 'awning-tricycle', 'E': 'car'}",D,D,D,awning-tricycle,1,1.1173765659332275
0000346_00001_d_0000346.jpg,/home/brisic03/VisDrone/VisDrone2019-DET-val/images/0000346_00001_d_0000346.jpg,counting,How many pedestrians are visible in the drone image?,"{'A': '0', 'B': '1', 'C': '2', 'D': '3', 'E': '4 or more'}",A,A,E,4 or more,0,1.147660255432129
0000346_00001_d_0000346.jpg,/home/brisic03/VisDrone/VisDrone2019-DET-val/images/0000346_00001_d_0000346.jpg,most_frequent,Which object type appears most often in the drone image?,"{'A': 'pedestrian', 'B': 'tricycle', 'C': 'car', 'D': 'truck', 'E': 'van'}",A,A,C,car,0,1.125753402709961
0000346_00001_d_0000346.jpg,/home/brisic03/VisDrone/VisDrone2019-DET-val/images/0000346_00001_d_0000346.jpg,location,Where is the largest car located in the image?,"{'A': 'top-left', 'B': 'top-right', 'C': 'bottom-left', 'D': 'bottom-right', 'E': 'center'}",A,A,D,bottom-right,0,1.126746416091919
0000346_01961_d_0000356.jpg,/home/brisic03/VisDrone/VisDrone2019-DET-val/images/0000346_01961_d_0000356.jpg,presence,Which object type is visible in the drone image?,"{'A': 'pedestrian', 'B': 'motor', 'C': 'truck', 'D': 'van', 'E': 'bicycle'}",A,A,D,van,0,1.1132853031158447
0000346_01961_d_0000356.jpg,/home/brisic03/VisDrone/VisDrone2019-DET-val/images/0000346_01961_d_0000356.jpg,counting,How many trucks are visible in the drone image?,"{'A': '0', 'B': '1', 'C': '2', 'D': '3', 'E': '4 or more'}",A,A,B,1,0,1.1356587409973145
0000346_01961_d_0000356.jpg,/home/brisic03/VisDrone/VisDrone2019-DET-val/images/0000346_01961_d_0000356.jpg,most_frequent,Which object type appears most often in the drone image?,"{'A': 'car', 'B': 'truck', 'C': 'pedestrian', 'D': 'tricycle', 'E': 'bicycle'}",A,A,A,car,1,1.1277968883514404
0000346_01961_d_0000356.jpg,/home/brisic03/VisDrone/VisDrone2019-DET-val/images/0000346_01961_d_0000356.jpg,location,Where is the largest car located in the image?,"{'A': 'top-left', 'B': 'top-right', 'C': 'bottom-left', 'D': 'bottom-right', 'E': 'center'}",E,E,E,center,1,1.1268844604492188
0000346_02549_d_0000359.jpg,/home/brisic03/VisDrone/VisDrone2019-DET-val/images/0000346_02549_d_0000359.jpg,presence,Which object type is visible in the drone image?,"{'A': 'people', 'B': 'motor', 'C': 'awning-tricycle', 'D': 'bicycle', 'E': 'van'}",A,A,B,motor,0,1.1284565925598145
0000346_02549_d_0000359.jpg,/home/brisic03/VisDrone/VisDrone2019-DET-val/images/0000346_02549_d_0000359.jpg,counting,How many vans are visible in the drone image?,"{'A': '0', 'B': '1', 'C': '2', 'D': '3', 'E': '4 or more'}",A,A,E,4 or more,0,1.1177253723144531
0000346_02549_d_0000359.jpg,/home/brisic03/VisDrone/VisDrone2019-DET-val/images/0000346_02549_d_0000359.jpg,most_frequent,Which object type appears most often in the drone image?,"{'A': 'awning-tricycle', 'B': 'truck', 'C': 'bicycle', 'D': 'tricycle', 'E': 'car'}",E,E,E,car,1,1.1371712684631348
0000346_02549_d_0000359.jpg,/home/brisic03/VisDrone/VisDrone2019-DET-val/images/0000346_02549_d_0000359.jpg,location,Where is the largest car located in the image?,"{'A': 'top-left', 'B': 'top-right', 'C': 'bottom-left', 'D': 'bottom-right', 'E': 'center'}",E,E,D,bottom-right,0,1.1316258907318115
0000346_03921_d_0000366.jpg,/home/brisic03/VisDrone/VisDrone2019-DET-val/images/0000346_03921_d_0000366.jpg,presence,Which object type is visible in the drone image?,"{'A': 'car', 'B': 'van', 'C': 'motor', 'D': 'awning-tricycle', 'E': 'pedestrian'}",A,A,B,van,0,1.1248667240142822
0000346_03921_d_0000366.jpg,/home/brisic03/VisDrone/VisDrone2019-DET-val/images/0000346_03921_d_0000366.jpg,counting,How many peoples are visible in the drone image?,"{'A': '0', 'B': '1', 'C': '2', 'D': '3', 'E': '4 or more'}",A,A,B,1,0,1.1268784999847412
0000346_03921_d_0000366.jpg,/home/brisic03/VisDrone/VisDrone2019-DET-val/images/0000346_03921_d_0000366.jpg,most_frequent,Which object type appears most often in the drone image?,"{'A': 'pedestrian', 'B': 'tricycle', 'C': 'bus', 'D': 'van', 'E': 'car'}",A,A,E,car,0,1.1455824375152588
0000346_03921_d_0000366.jpg,/home/brisic03/VisDrone/VisDrone2019-DET-val/images/0000346_03921_d_0000366.jpg,location,Where is the largest van located in the image?,"{'A': 'top-left', 'B': 'top-right', 'C': 'bottom-left', 'D': 'bottom-right', 'E': 'center'}",D,D,D,bottom-right,1,1.1286122798919678
0000346_07057_d_0000382.jpg,/home/brisic03/VisDrone/VisDrone2019-DET-val/images/0000346_07057_d_0000382.jpg,presence,Which object type is visible in the drone image?,"{'A': 'bicycle', 'B': 'bus', 'C': 'pedestrian', 'D': 'truck', 'E': 'tricycle'}",A,A,D,truck,0,1.117567777633667
0000346_07057_d_0000382.jpg,/home/brisic03/VisDrone/VisDrone2019-DET-val/images/0000346_07057_d_0000382.jpg,counting,How many trucks are visible in the drone image?,"{'A': '0', 'B': '1', 'C': '2', 'D': '3', 'E': '4 or more'}",A,A,B,1,0,1.1263818740844727
0000346_07057_d_0000382.jpg,/home/brisic03/VisDrone/VisDrone2019-DET-val/images/0000346_07057_d_0000382.jpg,most_frequent,Which object type appears most often in the drone image?,"{'A': 'bicycle', 'B': 'car', 'C': 'bus', 'D': 'pedestrian', 'E': 'motor'}",A,A,B,car,0,1.1228840351104736
0000346_07057_d_0000382.jpg,/home/brisic03/VisDrone/VisDrone2019-DET-val/images/0000346_07057_d_0000382.jpg,location,Where is the largest bus located in the image?,"{'A': 'top-left', 'B': 'top-right', 'C': 'bottom-left', 'D': 'bottom-right', 'E': 'center'}",A,A,B,top-right,0,1.1331443786621094
0000348_00589_d_0000409.jpg,/home/brisic03/VisDrone/VisDrone2019-DET-val/images/0000348_00589_d_0000409.jpg,presence,Which object type is visible in the drone image?,"{'A': 'tricycle', 'B': 'truck', 'C': 'people', 'D': 'bicycle', 'E': 'pedestrian'}",C,C,E,pedestrian,0,1.1129319667816162
0000348_00589_d_0000409.jpg,/home/brisic03/VisDrone/VisDrone2019-DET-val/images/0000348_00589_d_0000409.jpg,counting,How many pedestrians are visible in the drone image?,"{'A': '0', 'B': '1', 'C': '2', 'D': '3', 'E': '4 or more'}",A,A,B,1,0,1.119283676147461
0000348_00589_d_0000409.jpg,/home/brisic03/VisDrone/VisDrone2019-DET-val/images/0000348_00589_d_0000409.jpg,most_frequent,Which object type appears most often in the drone image?,"{'A': 'car', 'B': 'motor', 'C': 'tricycle', 'D': 'pedestrian', 'E': 'van'}",A,A,C,tricycle,0,1.1374423503875732
0000348_00589_d_0000409.jpg,/home/brisic03/VisDrone/VisDrone2019-DET-val/images/0000348_00589_d_0000409.jpg,location,Where is the largest van located in the image?,"{'A': 'top-left', 'B': 'top-right', 'C': 'bottom-left', 'D': 'bottom-right', 'E': 'center'}",E,E,E,center,1,1.1243417263031006
0000348_03333_d_0000423.jpg,/home/brisic03/VisDrone/VisDrone2019-DET-val/images/0000348_03333_d_0000423.jpg,presence,Which object type is visible in the drone image?,"{'A': 'pedestrian', 'B': 'motor', 'C': 'bicycle', 'D': 'van', 'E': 'awning-tricycle'}",C,C,C,bicycle,1,1.1484699249267578
0000348_03333_d_0000423.jpg,/home/brisic03/VisDrone/VisDrone2019-DET-val/images/0000348_03333_d_0000423.jpg,counting,How many motors are visible in the drone image?,"{'A': '0', 'B': '1', 'C': '2', 'D': '3', 'E': '4 or more'}",A,A,B,1,0,1.1295404434204102
0000348_03333_d_0000423.jpg,/home/brisic03/VisDrone/VisDrone2019-DET-val/images/0000348_03333_d_0000423.jpg,most_frequent,Which object type appears most often in the drone image?,"{'A': 'pedestrian', 'B': 'truck', 'C': 'bicycle', 'D': 'tricycle', 'E': 'van'}",A,A,A,pedestrian,1,1.126810073852539
0000348_03333_d_0000423.jpg,/home/brisic03/VisDrone/VisDrone2019-DET-val/images/0000348_03333_d_0000423.jpg,location,Where is the largest bicycle located in the image?,"{'A': 'top-left', 'B': 'top-right', 'C': 'bottom-left', 'D': 'bottom-right', 'E': 'center'}",C,C,C,bottom-left,1,1.140265941619873
0000356_00589_d_0000632.jpg,/home/brisic03/VisDrone/VisDrone2019-DET-val/images/0000356_00589_d_0000632.jpg,presence,Which object type is visible in the drone image?,"{'A': 'truck', 'B': 'tricycle', 'C': 'pedestrian', 'D': 'motor', 'E': 'car'}",C,C,E,car,0,1.1275348663330078
0000356_00589_d_0000632.jpg,/home/brisic03/VisDrone/VisDrone2019-DET-val/images/0000356_00589_d_0000632.jpg,counting,How many tricycles are visible in the drone image?,"{'A': '0', 'B': '1', 'C': '2', 'D': '3', 'E': '4 or more'}",A,A,B,1,0,1.1269276142120361
0000356_00589_d_0000632.jpg,/home/brisic03/VisDrone/VisDrone2019-DET-val/images/0000356_00589_d_0000632.jpg,most_frequent,Which object type appears most often in the drone image?,"{'A': 'bus', 'B': 'awning-tricycle', 'C': 'van', 'D': 'car', 'E': 'pedestrian'}",D,D,D,car,1,1.12919282913208
0000356_00589_d_0000632.jpg,/home/brisic03/VisDrone/VisDrone2019-DET-val/images/0000356_00589_d_0000632.jpg,location,Where is the largest car located in the image?,"{'A': 'top-left', 'B': 'top-right', 'C': 'bottom-left', 'D': 'bottom-right', 'E': 'center'}",A,A,C,bottom-left,0,1.1268057823181152
0000356_01177_d_0000635.jpg,/home/brisic03/VisDrone/VisDrone2019-DET-val/images/0000356_01177_d_0000635.jpg,presence,Which object type is visible in the drone image?,"{'A': 'car', 'B': 'motor', 'C': 'truck', 'D': 'people', 'E': 'bicycle'}",A,A,A,car,1,1.1248328685760498
0000356_01177_d_0000635.jpg,/home/brisic03/VisDrone/VisDrone2019-DET-val/images/0000356_01177_d_0000635.jpg,counting,How many peoples are visible in the drone image?,"{'A': '0', 'B': '1', 'C': '2', 'D': '3', 'E': '4 or more'}",A,A,C,2,0,1.1386387348175049
0000356_01177_d_0000635.jpg,/home/brisic03/VisDrone/VisDrone2019-DET-val/images/0000356_01177_d_0000635.jpg,most_frequent,Which object type appears most often in the drone image?,"{'A': 'truck', 'B': 'pedestrian', 'C': 'car', 'D': 'awning-tricycle', 'E': 'people'}",C,C,C,car,1,1.131598711013794
0000356_01177_d_0000635.jpg,/home/brisic03/VisDrone/VisDrone2019-DET-val/images/0000356_01177_d_0000635.jpg,location,Where is the largest car located in the image?,"{'A': 'top-left', 'B': 'top-right', 'C': 'bottom-left', 'D': 'bottom-right', 'E': 'center'}",E,E,C,bottom-left,0,1.1337237358093262
0000356_01569_d_0000637.jpg,/home/brisic03/VisDrone/VisDrone2019-DET-val/images/0000356_01569_d_0000637.jpg,presence,Which object type is visible in the drone image?,"{'A': 'truck', 'B': 'car', 'C': 'awning-tricycle', 'D': 'bicycle', 'E': 'motor'}",D,D,B,car,0,1.1236763000488281
0000356_01569_d_0000637.jpg,/home/brisic03/VisDrone/VisDrone2019-DET-val/images/0000356_01569_d_0000637.jpg,counting,How many motors are visible in the drone image?,"{'A': '0', 'B': '1', 'C': '2', 'D': '3', 'E': '4 or more'}",A,A,E,4 or more,0,1.1297814846038818
0000356_01569_d_0000637.jpg,/home/brisic03/VisDrone/VisDrone2019-DET-val/images/0000356_01569_d_0000637.jpg,most_frequent,Which object type appears most often in the drone image?,"{'A': 'car', 'B': 'van', 'C': 'awning-tricycle', 'D': 'bicycle', 'E': 'pedestrian'}",A,A,A,car,1,1.130662202835083
0000356_01569_d_0000637.jpg,/home/brisic03/VisDrone/VisDrone2019-DET-val/images/0000356_01569_d_0000637.jpg,location,Where is the largest car located in the image?,"{'A': 'top-left', 'B': 'top-right', 'C': 'bottom-left', 'D': 'bottom-right', 'E': 'center'}",E,E,D,bottom-right,0,1.1364877223968506
0000356_01765_d_0000638.jpg,/home/brisic03/VisDrone/VisDrone2019-DET-val/images/0000356_01765_d_0000638.jpg,presence,Which object type is visible in the drone image?,"{'A': 'motor', 'B': 'car', 'C': 'tricycle', 'D': 'awning-tricycle', 'E': 'van'}",B,B,C,tricycle,0,1.1199522018432617
0000356_01765_d_0000638.jpg,/home/brisic03/VisDrone/VisDrone2019-DET-val/images/0000356_01765_d_0000638.jpg,counting,How many cars are visible in the drone image?,"{'A': '0', 'B': '1', 'C': '2', 'D': '3', 'E': '4 or more'}",E,E,E,4 or more,1,1.139646291732788
0000356_01765_d_0000638.jpg,/home/brisic03/VisDrone/VisDrone2019-DET-val/images/0000356_01765_d_0000638.jpg,most_frequent,Which object type appears most often in the drone image?,"{'A': 'car', 'B': 'people', 'C': 'awning-tricycle', 'D': 'van', 'E': 'truck'}",A,A,A,car,1,1.1310033798217773
0000356_01765_d_0000638.jpg,/home/brisic03/VisDrone/VisDrone2019-DET-val/images/0000356_01765_d_0000638.jpg,location,Where is the largest car located in the image?,"{'A': 'top-left', 'B': 'top-right', 'C': 'bottom-left', 'D': 'bottom-right', 'E': 'center'}",E,E,D,bottom-right,0,1.1334807872772217
0000356_01961_d_0000639.jpg,/home/brisic03/VisDrone/VisDrone2019-DET-val/images/0000356_01961_d_0000639.jpg,presence,Which object type is visible in the drone image?,"{'A': 'motor', 'B': 'bus', 'C': 'tricycle', 'D': 'car', 'E': 'truck'}",B,B,A,motor,0,1.1144461631774902
0000356_01961_d_0000639.jpg,/home/brisic03/VisDrone/VisDrone2019-DET-val/images/0000356_01961_d_0000639.jpg,counting,How many pedestrians are visible in the drone image?,"{'A': '0', 'B': '1', 'C': '2', 'D': '3', 'E': '4 or more'}",A,A,B,1,0,1.1266326904296875
0000356_01961_d_0000639.jpg,/home/brisic03/VisDrone/VisDrone2019-DET-val/images/0000356_01961_d_0000639.jpg,most_frequent,Which object type appears most often in the drone image?,"{'A': 'truck', 'B': 'van', 'C': 'people', 'D': 'car', 'E': 'tricycle'}",C,C,D,car,0,1.1292717456817627
0000356_01961_d_0000639.jpg,/home/brisic03/VisDrone/VisDrone2019-DET-val/images/0000356_01961_d_0000639.jpg,location,Where is the largest car located in the image?,"{'A': 'top-left', 'B': 'top-right', 'C': 'bottom-left', 'D': 'bottom-right', 'E': 'center'}",E,E,D,bottom-right,0,1.1342804431915283
0000356_02157_d_0000640.jpg,/home/brisic03/VisDrone/VisDrone2019-DET-val/images/0000356_02157_d_0000640.jpg,presence,Which object type is visible in the drone image?,"{'A': 'bus', 'B': 'truck', 'C': 'awning-tricycle', 'D': 'tricycle', 'E': 'motor'}",C,C,E,motor,0,1.126941204071045
0000356_02157_d_0000640.jpg,/home/brisic03/VisDrone/VisDrone2019-DET-val/images/0000356_02157_d_0000640.jpg,counting,How many peoples are visible in the drone image?,"{'A': '0', 'B': '1', 'C': '2', 'D': '3', 'E': '4 or more'}",A,A,B,1,0,1.1336536407470703
0000356_02157_d_0000640.jpg,/home/brisic03/VisDrone/VisDrone2019-DET-val/images/0000356_02157_d_0000640.jpg,most_frequent,Which object type appears most often in the drone image?,"{'A': 'bus', 'B': 'car', 'C': 'awning-tricycle', 'D': 'van', 'E': 'bicycle'}",B,B,B,car,1,1.135249137878418
0000356_02157_d_0000640.jpg,/home/brisic03/VisDrone/VisDrone2019-DET-val/images/0000356_02157_d_0000640.jpg,location,Where is the largest car located in the image?,"{'A': 'top-left', 'B': 'top-right', 'C': 'bottom-left', 'D': 'bottom-right', 'E': 'center'}",E,E,D,bottom-right,0,1.130854845046997
0000356_02353_d_0000641.jpg,/home/brisic03/VisDrone/VisDrone2019-DET-val/images/0000356_02353_d_0000641.jpg,presence,Which object type is visible in the drone image?,"{'A': 'pedestrian', 'B': 'bus', 'C': 'tricycle', 'D': 'van', 'E': 'awning-tricycle'}",A,A,E,awning-tricycle,0,1.1234345436096191
0000356_02353_d_0000641.jpg,/home/brisic03/VisDrone/VisDrone2019-DET-val/images/0000356_02353_d_0000641.jpg,counting,How many trucks are visible in the drone image?,"{'A': '0', 'B': '1', 'C': '2', 'D': '3', 'E': '4 or more'}",A,A,C,2,0,1.134833574295044
0000356_02353_d_0000641.jpg,/home/brisic03/VisDrone/VisDrone2019-DET-val/images/0000356_02353_d_0000641.jpg,most_frequent,Which object type appears most often in the drone image?,"{'A': 'van', 'B': 'people', 'C': 'tricycle', 'D': 'truck', 'E': 'car'}",B,B,E,car,0,1.122563123703003
0000356_02353_d_0000641.jpg,/home/brisic03/VisDrone/VisDrone2019-DET-val/images/0000356_02353_d_0000641.jpg,location,Where is the largest car located in the image?,"{'A': 'top-left', 'B': 'top-right', 'C': 'bottom-left', 'D': 'bottom-right', 'E': 'center'}",E,E,E,center,1,1.133650779724121
0000356_02745_d_0000643.jpg,/home/brisic03/VisDrone/VisDrone2019-DET-val/images/0000356_02745_d_0000643.jpg,presence,Which object type is visible in the drone image?,"{'A': 'bicycle', 'B': 'truck', 'C': 'pedestrian', 'D': 'van', 'E': 'people'}",E,E,C,pedestrian,0,1.1254076957702637
0000356_02745_d_0000643.jpg,/home/brisic03/VisDrone/VisDrone2019-DET-val/images/0000356_02745_d_0000643.jpg,counting,How many motors are visible in the drone image?,"{'A': '0', 'B': '1', 'C': '2', 'D': '3', 'E': '4 or more'}",A,A,E,4 or more,0,1.129589557647705
0000356_02745_d_0000643.jpg,/home/brisic03/VisDrone/VisDrone2019-DET-val/images/0000356_02745_d_0000643.jpg,most_frequent,Which object type appears most often in the drone image?,"{'A': 'pedestrian', 'B': 'car', 'C': 'bus', 'D': 'motor', 'E': 'awning-tricycle'}",B,B,B,car,1,1.1361582279205322
0000356_02745_d_0000643.jpg,/home/brisic03/VisDrone/VisDrone2019-DET-val/images/0000356_02745_d_0000643.jpg,location,Where is the largest car located in the image?,"{'A': 'top-left', 'B': 'top-right', 'C': 'bottom-left', 'D': 'bottom-right', 'E': 'center'}",D,D,C,bottom-left,0,1.1306242942810059
0000356_02941_d_0000644.jpg,/home/brisic03/VisDrone/VisDrone2019-DET-val/images/0000356_02941_d_0000644.jpg,presence,Which object type is visible in the drone image?,"{'A': 'motor', 'B': 'tricycle', 'C': 'car', 'D': 'truck', 'E': 'awning-tricycle'}",E,E,D,truck,0,1.1297879219055176
0000356_02941_d_0000644.jpg,/home/brisic03/VisDrone/VisDrone2019-DET-val/images/0000356_02941_d_0000644.jpg,counting,How many tricycles are visible in the drone image?,"{'A': '0', 'B': '1', 'C': '2', 'D': '3', 'E': '4 or more'}",A,A,B,1,0,1.1270174980163574
0000356_02941_d_0000644.jpg,/home/brisic03/VisDrone/VisDrone2019-DET-val/images/0000356_02941_d_0000644.jpg,most_frequent,Which object type appears most often in the drone image?,"{'A': 'pedestrian', 'B': 'van', 'C': 'awning-tricycle', 'D': 'people', 'E': 'car'}",A,A,B,van,0,1.124654769897461
0000356_02941_d_0000644.jpg,/home/brisic03/VisDrone/VisDrone2019-DET-val/images/0000356_02941_d_0000644.jpg,location,Where is the largest van located in the image?,"{'A': 'top-left', 'B': 'top-right', 'C': 'bottom-left', 'D': 'bottom-right', 'E': 'center'}",A,A,C,bottom-left,0,1.1360499858856201
0000356_03333_d_0000646.jpg,/home/brisic03/VisDrone/VisDrone2019-DET-val/images/0000356_03333_d_0000646.jpg,presence,Which object type is visible in the drone image?,"{'A': 'truck', 'B': 'tricycle', 'C': 'van', 'D': 'bicycle', 'E': 'bus'}",D,D,C,van,0,1.1200847625732422
0000356_03333_d_0000646.jpg,/home/brisic03/VisDrone/VisDrone2019-DET-val/images/0000356_03333_d_0000646.jpg,counting,How many trucks are visible in the drone image?,"{'A': '0', 'B': '1', 'C': '2', 'D': '3', 'E': '4 or more'}",A,A,C,2,0,1.1449472904205322
0000356_03333_d_0000646.jpg,/home/brisic03/VisDrone/VisDrone2019-DET-val/images/0000356_03333_d_0000646.jpg,most_frequent,Which object type appears most often in the drone image?,"{'A': 'tricycle', 'B': 'car', 'C': 'bus', 'D': 'awning-tricycle', 'E': 'pedestrian'}",B,B,B,car,1,1.1291165351867676
0000356_03333_d_0000646.jpg,/home/brisic03/VisDrone/VisDrone2019-DET-val/images/0000356_03333_d_0000646.jpg,location,Where is the largest car located in the image?,"{'A': 'top-left', 'B': 'top-right', 'C': 'bottom-left', 'D': 'bottom-right', 'E': 'center'}",B,B,E,center,0,1.1384081840515137
0000356_03529_d_0000647.jpg,/home/brisic03/VisDrone/VisDrone2019-DET-val/images/0000356_03529_d_0000647.jpg,presence,Which object type is visible in the drone image?,"{'A': 'awning-tricycle', 'B': 'motor', 'C': 'car', 'D': 'pedestrian', 'E': 'people'}",C,C,C,car,1,1.1192958354949951
0000356_03529_d_0000647.jpg,/home/brisic03/VisDrone/VisDrone2019-DET-val/images/0000356_03529_d_0000647.jpg,counting,How many buss are visible in the drone image?,"{'A': '0', 'B': '1', 'C': '2', 'D': '3', 'E': '4 or more'}",A,A,B,1,0,1.1310927867889404
0000356_03529_d_0000647.jpg,/home/brisic03/VisDrone/VisDrone2019-DET-val/images/0000356_03529_d_0000647.jpg,most_frequent,Which object type appears most often in the drone image?,"{'A': 'awning-tricycle', 'B': 'pedestrian', 'C': 'people', 'D': 'car', 'E': 'tricycle'}",D,D,D,car,1,1.1345622539520264
0000356_03529_d_0000647.jpg,/home/brisic03/VisDrone/VisDrone2019-DET-val/images/0000356_03529_d_0000647.jpg,location,Where is the largest van located in the image?,"{'A': 'top-left', 'B': 'top-right', 'C': 'bottom-left', 'D': 'bottom-right', 'E': 'center'}",A,A,E,center,0,1.1215147972106934
0000356_03725_d_0000648.jpg,/home/brisic03/VisDrone/VisDrone2019-DET-val/images/0000356_03725_d_0000648.jpg,presence,Which object type is visible in the drone image?,"{'A': 'bus', 'B': 'van', 'C': 'truck', 'D': 'tricycle', 'E': 'car'}",D,D,D,tricycle,1,1.1264307498931885
0000356_03725_d_0000648.jpg,/home/brisic03/VisDrone/VisDrone2019-DET-val/images/0000356_03725_d_0000648.jpg,counting,How many awning-tricycles are visible in the drone image?,"{'A': '0', 'B': '1', 'C': '2', 'D': '3', 'E': '4 or more'}",A,A,B,1,0,1.1222507953643799
0000356_03725_d_0000648.jpg,/home/brisic03/VisDrone/VisDrone2019-DET-val/images/0000356_03725_d_0000648.jpg,most_frequent,Which object type appears most often in the drone image?,"{'A': 'awning-tricycle', 'B': 'van', 'C': 'motor', 'D': 'car', 'E': 'pedestrian'}",D,D,D,car,1,1.2027764320373535
0000356_03725_d_0000648.jpg,/home/brisic03/VisDrone/VisDrone2019-DET-val/images/0000356_03725_d_0000648.jpg,location,Where is the largest car located in the image?,"{'A': 'top-left', 'B': 'top-right', 'C': 'bottom-left', 'D': 'bottom-right', 'E': 'center'}",E,E,D,bottom-right,0,1.215808629989624
0000356_03921_d_0000649.jpg,/home/brisic03/VisDrone/VisDrone2019-DET-val/images/0000356_03921_d_0000649.jpg,presence,Which object type is visible in the drone image?,"{'A': 'people', 'B': 'pedestrian', 'C': 'van', 'D': 'bus', 'E': 'bicycle'}",A,A,A,people,1,1.1549005508422852
0000356_03921_d_0000649.jpg,/home/brisic03/VisDrone/VisDrone2019-DET-val/images/0000356_03921_d_0000649.jpg,counting,How many trucks are visible in the drone image?,"{'A': '0', 'B': '1', 'C': '2', 'D': '3', 'E': '4 or more'}",A,A,C,2,0,1.1251628398895264
0000356_03921_d_0000649.jpg,/home/brisic03/VisDrone/VisDrone2019-DET-val/images/0000356_03921_d_0000649.jpg,most_frequent,Which object type appears most often in the drone image?,"{'A': 'pedestrian', 'B': 'tricycle', 'C': 'motor', 'D': 'awning-tricycle', 'E': 'car'}",A,A,E,car,0,1.1180012226104736
0000356_03921_d_0000649.jpg,/home/brisic03/VisDrone/VisDrone2019-DET-val/images/0000356_03921_d_0000649.jpg,location,Where is the largest car located in the image?,"{'A': 'top-left', 'B': 'top-right', 'C': 'bottom-left', 'D': 'bottom-right', 'E': 'center'}",E,E,E,center,1,1.120783805847168
0000356_04117_d_0000650.jpg,/home/brisic03/VisDrone/VisDrone2019-DET-val/images/0000356_04117_d_0000650.jpg,presence,Which object type is visible in the drone image?,"{'A': 'awning-tricycle', 'B': 'tricycle', 'C': 'car', 'D': 'truck', 'E': 'van'}",B,B,B,tricycle,1,1.156686544418335
0000356_04117_d_0000650.jpg,/home/brisic03/VisDrone/VisDrone2019-DET-val/images/0000356_04117_d_0000650.jpg,counting,How many cars are visible in the drone image?,"{'A': '0', 'B': '1', 'C': '2', 'D': '3', 'E': '4 or more'}",A,A,E,4 or more,0,1.1305363178253174
0000356_04117_d_0000650.jpg,/home/brisic03/VisDrone/VisDrone2019-DET-val/images/0000356_04117_d_0000650.jpg,most_frequent,Which object type appears most often in the drone image?,"{'A': 'car', 'B': 'van', 'C': 'people', 'D': 'awning-tricycle', 'E': 'tricycle'}",A,A,A,car,1,1.1180541515350342
0000356_04117_d_0000650.jpg,/home/brisic03/VisDrone/VisDrone2019-DET-val/images/0000356_04117_d_0000650.jpg,location,Where is the largest car located in the image?,"{'A': 'top-left', 'B': 'top-right', 'C': 'bottom-left', 'D': 'bottom-right', 'E': 'center'}",C,C,D,bottom-right,0,1.1349513530731201
0000356_04313_d_0000651.jpg,/home/brisic03/VisDrone/VisDrone2019-DET-val/images/0000356_04313_d_0000651.jpg,presence,Which object type is visible in the drone image?,"{'A': 'bus', 'B': 'people', 'C': 'pedestrian', 'D': 'car', 'E': 'tricycle'}",B,B,E,tricycle,0,1.121185302734375
0000356_04313_d_0000651.jpg,/home/brisic03/VisDrone/VisDrone2019-DET-val/images/0000356_04313_d_0000651.jpg,counting,How many tricycles are visible in the drone image?,"{'A': '0', 'B': '1', 'C': '2', 'D': '3', 'E': '4 or more'}",A,A,B,1,0,1.1253015995025635
0000356_04313_d_0000651.jpg,/home/brisic03/VisDrone/VisDrone2019-DET-val/images/0000356_04313_d_0000651.jpg,most_frequent,Which object type appears most often in the drone image?,"{'A': 'pedestrian', 'B': 'bus', 'C': 'car', 'D': 'motor', 'E': 'van'}",C,C,C,car,1,1.1224212646484375
0000356_04313_d_0000651.jpg,/home/brisic03/VisDrone/VisDrone2019-DET-val/images/0000356_04313_d_0000651.jpg,location,Where is the largest car located in the image?,"{'A': 'top-left', 'B': 'top-right', 'C': 'bottom-left', 'D': 'bottom-right', 'E': 'center'}",E,E,E,center,1,1.119797706604004
0000356_04705_d_0000653.jpg,/home/brisic03/VisDrone/VisDrone2019-DET-val/images/0000356_04705_d_0000653.jpg,presence,Which object type is visible in the drone image?,"{'A': 'bicycle', 'B': 'awning-tricycle', 'C': 'tricycle', 'D': 'bus', 'E': 'car'}",D,D,E,car,0,1.1293423175811768
0000356_04705_d_0000653.jpg,/home/brisic03/VisDrone/VisDrone2019-DET-val/images/0000356_04705_d_0000653.jpg,counting,How many motors are visible in the drone image?,"{'A': '0', 'B': '1', 'C': '2', 'D': '3', 'E': '4 or more'}",A,A,C,2,0,1.1237828731536865
0000356_04705_d_0000653.jpg,/home/brisic03/VisDrone/VisDrone2019-DET-val/images/0000356_04705_d_0000653.jpg,most_frequent,Which object type appears most often in the drone image?,"{'A': 'car', 'B': 'pedestrian', 'C': 'bicycle', 'D': 'people', 'E': 'truck'}",A,A,A,car,1,1.1224839687347412
0000356_04705_d_0000653.jpg,/home/brisic03/VisDrone/VisDrone2019-DET-val/images/0000356_04705_d_0000653.jpg,location,Where is the largest car located in the image?,"{'A': 'top-left', 'B': 'top-right', 'C': 'bottom-left', 'D': 'bottom-right', 'E': 'center'}",E,E,D,bottom-right,0,1.1289629936218262
0000356_04901_d_0000654.jpg,/home/brisic03/VisDrone/VisDrone2019-DET-val/images/0000356_04901_d_0000654.jpg,presence,Which object type is visible in the drone image?,"{'A': 'pedestrian', 'B': 'motor', 'C': 'bus', 'D': 'car', 'E': 'people'}",C,C,B,motor,0,1.1616432666778564
0000356_04901_d_0000654.jpg,/home/brisic03/VisDrone/VisDrone2019-DET-val/images/0000356_04901_d_0000654.jpg,counting,How many tricycles are visible in the drone image?,"{'A': '0', 'B': '1', 'C': '2', 'D': '3', 'E': '4 or more'}",A,A,B,1,0,1.1159138679504395
0000356_04901_d_0000654.jpg,/home/brisic03/VisDrone/VisDrone2019-DET-val/images/0000356_04901_d_0000654.jpg,most_frequent,Which object type appears most often in the drone image?,"{'A': 'pedestrian', 'B': 'truck', 'C': 'car', 'D': 'awning-tricycle', 'E': 'people'}",C,C,C,car,1,1.1489932537078857
0000356_04901_d_0000654.jpg,/home/brisic03/VisDrone/VisDrone2019-DET-val/images/0000356_04901_d_0000654.jpg,location,Where is the largest bus located in the image?,"{'A': 'top-left', 'B': 'top-right', 'C': 'bottom-left', 'D': 'bottom-right', 'E': 'center'}",D,D,E,center,0,1.1217880249023438
0000356_05097_d_0000655.jpg,/home/brisic03/VisDrone/VisDrone2019-DET-val/images/0000356_05097_d_0000655.jpg,presence,Which object type is visible in the drone image?,"{'A': 'bicycle', 'B': 'bus', 'C': 'car', 'D': 'awning-tricycle', 'E': 'pedestrian'}",A,A,D,awning-tricycle,0,1.1229486465454102
0000356_05097_d_0000655.jpg,/home/brisic03/VisDrone/VisDrone2019-DET-val/images/0000356_05097_d_0000655.jpg,counting,How many peoples are visible in the drone image?,"{'A': '0', 'B': '1', 'C': '2', 'D': '3', 'E': '4 or more'}",A,A,B,1,0,1.132051944732666
0000356_05097_d_0000655.jpg,/home/brisic03/VisDrone/VisDrone2019-DET-val/images/0000356_05097_d_0000655.jpg,most_frequent,Which object type appears most often in the drone image?,"{'A': 'awning-tricycle', 'B': 'bus', 'C': 'tricycle', 'D': 'car', 'E': 'people'}",E,E,D,car,0,1.13389253616333
0000356_05097_d_0000655.jpg,/home/brisic03/VisDrone/VisDrone2019-DET-val/images/0000356_05097_d_0000655.jpg,location,Where is the largest car located in the image?,"{'A': 'top-left', 'B': 'top-right', 'C': 'bottom-left', 'D': 'bottom-right', 'E': 'center'}",E,E,E,center,1,1.1324644088745117
0000358_03333_d_0000697.jpg,/home/brisic03/VisDrone/VisDrone2019-DET-val/images/0000358_03333_d_0000697.jpg,presence,Which object type is visible in the drone image?,"{'A': 'awning-tricycle', 'B': 'people', 'C': 'tricycle', 'D': 'car', 'E': 'motor'}",B,B,D,car,0,1.127981185913086
0000358_03333_d_0000697.jpg,/home/brisic03/VisDrone/VisDrone2019-DET-val/images/0000358_03333_d_0000697.jpg,counting,How many vans are visible in the drone image?,"{'A': '0', 'B': '1', 'C': '2', 'D': '3', 'E': '4 or more'}",A,A,D,3,0,1.1272656917572021
0000358_03333_d_0000697.jpg,/home/brisic03/VisDrone/VisDrone2019-DET-val/images/0000358_03333_d_0000697.jpg,most_frequent,Which object type appears most often in the drone image?,"{'A': 'tricycle', 'B': 'pedestrian', 'C': 'awning-tricycle', 'D': 'bicycle', 'E': 'car'}",E,E,E,car,1,1.1216607093811035
0000358_03333_d_0000697.jpg,/home/brisic03/VisDrone/VisDrone2019-DET-val/images/0000358_03333_d_0000697.jpg,location,Where is the largest car located in the image?,"{'A': 'top-left', 'B': 'top-right', 'C': 'bottom-left', 'D': 'bottom-right', 'E': 'center'}",A,A,C,bottom-left,0,1.131164789199829
0000359_00393_d_0000701.jpg,/home/brisic03/VisDrone/VisDrone2019-DET-val/images/0000359_00393_d_0000701.jpg,presence,Which object type is visible in the drone image?,"{'A': 'car', 'B': 'motor', 'C': 'van', 'D': 'pedestrian', 'E': 'truck'}",D,D,D,pedestrian,1,1.1218364238739014
0000359_00393_d_0000701.jpg,/home/brisic03/VisDrone/VisDrone2019-DET-val/images/0000359_00393_d_0000701.jpg,counting,How many pedestrians are visible in the drone image?,"{'A': '0', 'B': '1', 'C': '2', 'D': '3', 'E': '4 or more'}",A,A,B,1,0,1.126089096069336
0000359_00393_d_0000701.jpg,/home/brisic03/VisDrone/VisDrone2019-DET-val/images/0000359_00393_d_0000701.jpg,most_frequent,Which object type appears most often in the drone image?,"{'A': 'truck', 'B': 'motor', 'C': 'van', 'D': 'car', 'E': 'people'}",D,D,D,car,1,1.1254336833953857
0000359_00393_d_0000701.jpg,/home/brisic03/VisDrone/VisDrone2019-DET-val/images/0000359_00393_d_0000701.jpg,location,Where is the largest car located in the image?,"{'A': 'top-left', 'B': 'top-right', 'C': 'bottom-left', 'D': 'bottom-right', 'E': 'center'}",E,E,E,center,1,1.1346023082733154
0000359_00589_d_0000702.jpg,/home/brisic03/VisDrone/VisDrone2019-DET-val/images/0000359_00589_d_0000702.jpg,presence,Which object type is visible in the drone image?,"{'A': 'car', 'B': 'bicycle', 'C': 'truck', 'D': 'motor', 'E': 'bus'}",B,B,D,motor,0,1.1169888973236084
0000359_00589_d_0000702.jpg,/home/brisic03/VisDrone/VisDrone2019-DET-val/images/0000359_00589_d_0000702.jpg,counting,How many tricycles are visible in the drone image?,"{'A': '0', 'B': '1', 'C': '2', 'D': '3', 'E': '4 or more'}",A,A,B,1,0,1.1162772178649902
0000359_00589_d_0000702.jpg,/home/brisic03/VisDrone/VisDrone2019-DET-val/images/0000359_00589_d_0000702.jpg,most_frequent,Which object type appears most often in the drone image?,"{'A': 'bus', 'B': 'bicycle', 'C': 'truck', 'D': 'van', 'E': 'car'}",B,B,E,car,0,1.1542065143585205
0000359_00589_d_0000702.jpg,/home/brisic03/VisDrone/VisDrone2019-DET-val/images/0000359_00589_d_0000702.jpg,location,Where is the largest car located in the image?,"{'A': 'top-left', 'B': 'top-right', 'C': 'bottom-left', 'D': 'bottom-right', 'E': 'center'}",D,D,D,bottom-right,1,1.1316862106323242
0000359_00785_d_0000703.jpg,/home/brisic03/VisDrone/VisDrone2019-DET-val/images/0000359_00785_d_0000703.jpg,presence,Which object type is visible in the drone image?,"{'A': 'truck', 'B': 'tricycle', 'C': 'van', 'D': 'pedestrian', 'E': 'car'}",D,D,D,pedestrian,1,1.1160964965820312
0000359_00785_d_0000703.jpg,/home/brisic03/VisDrone/VisDrone2019-DET-val/images/0000359_00785_d_0000703.jpg,counting,How many pedestrians are visible in the drone image?,"{'A': '0', 'B': '1', 'C': '2', 'D': '3', 'E': '4 or more'}",A,A,B,1,0,1.1354193687438965
0000359_00785_d_0000703.jpg,/home/brisic03/VisDrone/VisDrone2019-DET-val/images/0000359_00785_d_0000703.jpg,most_frequent,Which object type appears most often in the drone image?,"{'A': 'truck', 'B': 'awning-tricycle', 'C': 'car', 'D': 'pedestrian', 'E': 'bus'}",C,C,C,car,1,1.1380655765533447
0000359_00785_d_0000703.jpg,/home/brisic03/VisDrone/VisDrone2019-DET-val/images/0000359_00785_d_0000703.jpg,location,Where is the largest car located in the image?,"{'A': 'top-left', 'B': 'top-right', 'C': 'bottom-left', 'D': 'bottom-right', 'E': 'center'}",A,A,D,bottom-right,0,1.1328954696655273
0000359_00981_d_0000704.jpg,/home/brisic03/VisDrone/VisDrone2019-DET-val/images/0000359_00981_d_0000704.jpg,presence,Which object type is visible in the drone image?,"{'A': 'motor', 'B': 'bicycle', 'C': 'truck', 'D': 'pedestrian', 'E': 'van'}",D,D,B,bicycle,0,1.1195225715637207
0000359_00981_d_0000704.jpg,/home/brisic03/VisDrone/VisDrone2019-DET-val/images/0000359_00981_d_0000704.jpg,counting,How many motors are visible in the drone image?,"{'A': '0', 'B': '1', 'C': '2', 'D': '3', 'E': '4 or more'}",A,A,B,1,0,1.1398932933807373
0000359_00981_d_0000704.jpg,/home/brisic03/VisDrone/VisDrone2019-DET-val/images/0000359_00981_d_0000704.jpg,most_frequent,Which object type appears most often in the drone image?,"{'A': 'people', 'B': 'pedestrian', 'C': 'van', 'D': 'awning-tricycle', 'E': 'car'}",A,A,E,car,0,1.1355175971984863
0000359_00981_d_0000704.jpg,/home/brisic03/VisDrone/VisDrone2019-DET-val/images/0000359_00981_d_0000704.jpg,location,Where is the largest car located in the image?,"{'A': 'top-left', 'B': 'top-right', 'C': 'bottom-left', 'D': 'bottom-right', 'E': 'center'}",A,A,D,bottom-right,0,1.1276941299438477
0000359_01177_d_0000705.jpg,/home/brisic03/VisDrone/VisDrone2019-DET-val/images/0000359_01177_d_0000705.jpg,presence,Which object type is visible in the drone image?,"{'A': 'motor', 'B': 'bus', 'C': 'pedestrian', 'D': 'tricycle', 'E': 'car'}",C,C,A,motor,0,1.119710922241211
0000359_01177_d_0000705.jpg,/home/brisic03/VisDrone/VisDrone2019-DET-val/images/0000359_01177_d_0000705.jpg,counting,How many cars are visible in the drone image?,"{'A': '0', 'B': '1', 'C': '2', 'D': '3', 'E': '4 or more'}",E,E,E,4 or more,1,1.1341686248779297
0000359_01177_d_0000705.jpg,/home/brisic03/VisDrone/VisDrone2019-DET-val/images/0000359_01177_d_0000705.jpg,most_frequent,Which object type appears most often in the drone image?,"{'A': 'truck', 'B': 'tricycle', 'C': 'pedestrian', 'D': 'car', 'E': 'bus'}",D,D,D,car,1,1.1345899105072021
0000359_01177_d_0000705.jpg,/home/brisic03/VisDrone/VisDrone2019-DET-val/images/0000359_01177_d_0000705.jpg,location,Where is the largest car located in the image?,"{'A': 'top-left', 'B': 'top-right', 'C': 'bottom-left', 'D': 'bottom-right', 'E': 'center'}",E,E,E,center,1,1.1348152160644531
0000359_01373_d_0000706.jpg,/home/brisic03/VisDrone/VisDrone2019-DET-val/images/0000359_01373_d_0000706.jpg,presence,Which object type is visible in the drone image?,"{'A': 'tricycle', 'B': 'car', 'C': 'truck', 'D': 'motor', 'E': 'people'}",B,B,B,car,1,1.1225504875183105
0000359_01373_d_0000706.jpg,/home/brisic03/VisDrone/VisDrone2019-DET-val/images/0000359_01373_d_0000706.jpg,counting,How many cars are visible in the drone image?,"{'A': '0', 'B': '1', 'C': '2', 'D': '3', 'E': '4 or more'}",E,E,E,4 or more,1,1.1300251483917236
0000359_01373_d_0000706.jpg,/home/brisic03/VisDrone/VisDrone2019-DET-val/images/0000359_01373_d_0000706.jpg,most_frequent,Which object type appears most often in the drone image?,"{'A': 'people', 'B': 'tricycle', 'C': 'car', 'D': 'truck', 'E': 'bus'}",C,C,C,car,1,1.1314475536346436
0000359_01373_d_0000706.jpg,/home/brisic03/VisDrone/VisDrone2019-DET-val/images/0000359_01373_d_0000706.jpg,location,Where is the largest car located in the image?,"{'A': 'top-left', 'B': 'top-right', 'C': 'bottom-left', 'D': 'bottom-right', 'E': 'center'}",A,A,E,center,0,1.1321465969085693
0000359_01961_d_0000707.jpg,/home/brisic03/VisDrone/VisDrone2019-DET-val/images/0000359_01961_d_0000707.jpg,presence,Which object type is visible in the drone image?,"{'A': 'van', 'B': 'truck', 'C': 'people', 'D': 'pedestrian', 'E': 'awning-tricycle'}",C,C,A,van,0,1.1407134532928467
0000359_01961_d_0000707.jpg,/home/brisic03/VisDrone/VisDrone2019-DET-val/images/0000359_01961_d_0000707.jpg,counting,How many pedestrians are visible in the drone image?,"{'A': '0', 'B': '1', 'C': '2', 'D': '3', 'E': '4 or more'}",A,A,C,2,0,1.1282107830047607
0000359_01961_d_0000707.jpg,/home/brisic03/VisDrone/VisDrone2019-DET-val/images/0000359_01961_d_0000707.jpg,most_frequent,Which object type appears most often in the drone image?,"{'A': 'people', 'B': 'awning-tricycle', 'C': 'car', 'D': 'pedestrian', 'E': 'van'}",C,C,C,car,1,1.1306405067443848
0000359_01961_d_0000707.jpg,/home/brisic03/VisDrone/VisDrone2019-DET-val/images/0000359_01961_d_0000707.jpg,location,Where is the largest car located in the image?,"{'A': 'top-left', 'B': 'top-right', 'C': 'bottom-left', 'D': 'bottom-right', 'E': 'center'}",A,A,E,center,0,1.1279575824737549
0000359_02353_d_0000708.jpg,/home/brisic03/VisDrone/VisDrone2019-DET-val/images/0000359_02353_d_0000708.jpg,presence,Which object type is visible in the drone image?,"{'A': 'pedestrian', 'B': 'motor', 'C': 'people', 'D': 'bus', 'E': 'truck'}",A,A,A,pedestrian,1,1.1230969429016113
0000359_02353_d_0000708.jpg,/home/brisic03/VisDrone/VisDrone2019-DET-val/images/0000359_02353_d_0000708.jpg,counting,How many cars are visible in the drone image?,"{'A': '0', 'B': '1', 'C': '2', 'D': '3', 'E': '4 or more'}",A,A,E,4 or more,0,1.1294407844543457
0000359_02353_d_0000708.jpg,/home/brisic03/VisDrone/VisDrone2019-DET-val/images/0000359_02353_d_0000708.jpg,most_frequent,Which object type appears most often in the drone image?,"{'A': 'motor', 'B': 'pedestrian', 'C': 'car', 'D': 'truck', 'E': 'tricycle'}",C,C,C,car,1,1.1269023418426514
0000359_02353_d_0000708.jpg,/home/brisic03/VisDrone/VisDrone2019-DET-val/images/0000359_02353_d_0000708.jpg,location,Where is the largest car located in the image?,"{'A': 'top-left', 'B': 'top-right', 'C': 'bottom-left', 'D': 'bottom-right', 'E': 'center'}",E,E,C,bottom-left,0,1.1285960674285889
0000359_02549_d_0000709.jpg,/home/brisic03/VisDrone/VisDrone2019-DET-val/images/0000359_02549_d_0000709.jpg,presence,Which object type is visible in the drone image?,"{'A': 'bicycle', 'B': 'bus', 'C': 'van', 'D': 'pedestrian', 'E': 'motor'}",E,E,C,van,0,1.122854232788086
0000359_02549_d_0000709.jpg,/home/brisic03/VisDrone/VisDrone2019-DET-val/images/0000359_02549_d_0000709.jpg,counting,How many vans are visible in the drone image?,"{'A': '0', 'B': '1', 'C': '2', 'D': '3', 'E': '4 or more'}",A,A,C,2,0,1.120558500289917
0000359_02549_d_0000709.jpg,/home/brisic03/VisDrone/VisDrone2019-DET-val/images/0000359_02549_d_0000709.jpg,most_frequent,Which object type appears most often in the drone image?,"{'A': 'truck', 'B': 'people', 'C': 'pedestrian', 'D': 'car', 'E': 'awning-tricycle'}",D,D,D,car,1,1.146252155303955
0000359_02549_d_0000709.jpg,/home/brisic03/VisDrone/VisDrone2019-DET-val/images/0000359_02549_d_0000709.jpg,location,Where is the largest car located in the image?,"{'A': 'top-left', 'B': 'top-right', 'C': 'bottom-left', 'D': 'bottom-right', 'E': 'center'}",E,E,E,center,1,1.1306140422821045
0000359_03333_d_0000711.jpg,/home/brisic03/VisDrone/VisDrone2019-DET-val/images/0000359_03333_d_0000711.jpg,presence,Which object type is visible in the drone image?,"{'A': 'tricycle', 'B': 'bus', 'C': 'awning-tricycle', 'D': 'motor', 'E': 'bicycle'}",E,E,D,motor,0,1.1357800960540771
0000359_03333_d_0000711.jpg,/home/brisic03/VisDrone/VisDrone2019-DET-val/images/0000359_03333_d_0000711.jpg,counting,How many cars are visible in the drone image?,"{'A': '0', 'B': '1', 'C': '2', 'D': '3', 'E': '4 or more'}",A,A,C,2,0,1.1328039169311523
0000359_03333_d_0000711.jpg,/home/brisic03/VisDrone/VisDrone2019-DET-val/images/0000359_03333_d_0000711.jpg,location,Where is the largest car located in the image?,"{'A': 'top-left', 'B': 'top-right', 'C': 'bottom-left', 'D': 'bottom-right', 'E': 'center'}",E,E,E,center,1,1.1248795986175537
0000359_03529_d_0000712.jpg,/home/brisic03/VisDrone/VisDrone2019-DET-val/images/0000359_03529_d_0000712.jpg,presence,Which object type is visible in the drone image?,"{'A': 'car', 'B': 'motor', 'C': 'bus', 'D': 'van', 'E': 'truck'}",A,A,B,motor,0,1.1221415996551514
0000359_03529_d_0000712.jpg,/home/brisic03/VisDrone/VisDrone2019-DET-val/images/0000359_03529_d_0000712.jpg,counting,How many vans are visible in the drone image?,"{'A': '0', 'B': '1', 'C': '2', 'D': '3', 'E': '4 or more'}",A,A,C,2,0,1.125230312347412
0000359_03529_d_0000712.jpg,/home/brisic03/VisDrone/VisDrone2019-DET-val/images/0000359_03529_d_0000712.jpg,most_frequent,Which object type appears most often in the drone image?,"{'A': 'awning-tricycle', 'B': 'people', 'C': 'bicycle', 'D': 'pedestrian', 'E': 'bus'}",B,B,B,people,1,1.132293939590454
0000359_03529_d_0000712.jpg,/home/brisic03/VisDrone/VisDrone2019-DET-val/images/0000359_03529_d_0000712.jpg,location,Where is the largest car located in the image?,"{'A': 'top-left', 'B': 'top-right', 'C': 'bottom-left', 'D': 'bottom-right', 'E': 'center'}",E,E,E,center,1,1.1317129135131836
0000360_00001_d_0000713.jpg,/home/brisic03/VisDrone/VisDrone2019-DET-val/images/0000360_00001_d_0000713.jpg,presence,Which object type is visible in the drone image?,"{'A': 'motor', 'B': 'van', 'C': 'car', 'D': 'bus', 'E': 'bicycle'}",C,C,A,motor,0,1.1140978336334229
0000360_00001_d_0000713.jpg,/home/brisic03/VisDrone/VisDrone2019-DET-val/images/0000360_00001_d_0000713.jpg,counting,How many motors are visible in the drone image?,"{'A': '0', 'B': '1', 'C': '2', 'D': '3', 'E': '4 or more'}",A,A,B,1,0,1.1306238174438477
0000360_00001_d_0000713.jpg,/home/brisic03/VisDrone/VisDrone2019-DET-val/images/0000360_00001_d_0000713.jpg,most_frequent,Which object type appears most often in the drone image?,"{'A': 'bicycle', 'B': 'car', 'C': 'truck', 'D': 'people', 'E': 'motor'}",B,B,B,car,1,1.1232764720916748
0000360_00001_d_0000713.jpg,/home/brisic03/VisDrone/VisDrone2019-DET-val/images/0000360_00001_d_0000713.jpg,location,Where is the largest car located in the image?,"{'A': 'top-left', 'B': 'top-right', 'C': 'bottom-left', 'D': 'bottom-right', 'E': 'center'}",E,E,E,center,1,1.1314787864685059
0000360_00197_d_0000714.jpg,/home/brisic03/VisDrone/VisDrone2019-DET-val/images/0000360_00197_d_0000714.jpg,presence,Which object type is visible in the drone image?,"{'A': 'people', 'B': 'awning-tricycle', 'C': 'motor', 'D': 'van', 'E': 'pedestrian'}",A,A,B,awning-tricycle,0,1.1256210803985596
0000360_00197_d_0000714.jpg,/home/brisic03/VisDrone/VisDrone2019-DET-val/images/0000360_00197_d_0000714.jpg,counting,How many vans are visible in the drone image?,"{'A': '0', 'B': '1', 'C': '2', 'D': '3', 'E': '4 or more'}",A,A,B,1,0,1.1359670162200928
0000360_00197_d_0000714.jpg,/home/brisic03/VisDrone/VisDrone2019-DET-val/images/0000360_00197_d_0000714.jpg,most_frequent,Which object type appears most often in the drone image?,"{'A': 'people', 'B': 'van', 'C': 'motor', 'D': 'car', 'E': 'awning-tricycle'}",A,A,D,car,0,1.1346330642700195
0000360_00197_d_0000714.jpg,/home/brisic03/VisDrone/VisDrone2019-DET-val/images/0000360_00197_d_0000714.jpg,location,Where is the largest van located in the image?,"{'A': 'top-left', 'B': 'top-right', 'C': 'bottom-left', 'D': 'bottom-right', 'E': 'center'}",A,A,E,center,0,1.1324961185455322
0000360_00393_d_0000715.jpg,/home/brisic03/VisDrone/VisDrone2019-DET-val/images/0000360_00393_d_0000715.jpg,presence,Which object type is visible in the drone image?,"{'A': 'motor', 'B': 'truck', 'C': 'car', 'D': 'tricycle', 'E': 'awning-tricycle'}",A,A,C,car,0,1.119222640991211
0000360_00393_d_0000715.jpg,/home/brisic03/VisDrone/VisDrone2019-DET-val/images/0000360_00393_d_0000715.jpg,counting,How many motors are visible in the drone image?,"{'A': '0', 'B': '1', 'C': '2', 'D': '3', 'E': '4 or more'}",A,A,C,2,0,1.1433732509613037
0000360_00393_d_0000715.jpg,/home/brisic03/VisDrone/VisDrone2019-DET-val/images/0000360_00393_d_0000715.jpg,most_frequent,Which object type appears most often in the drone image?,"{'A': 'bus', 'B': 'people', 'C': 'motor', 'D': 'car', 'E': 'bicycle'}",D,D,D,car,1,1.1244728565216064
0000360_00393_d_0000715.jpg,/home/brisic03/VisDrone/VisDrone2019-DET-val/images/0000360_00393_d_0000715.jpg,location,Where is the largest car located in the image?,"{'A': 'top-left', 'B': 'top-right', 'C': 'bottom-left', 'D': 'bottom-right', 'E': 'center'}",A,A,E,center,0,1.1182441711425781
0000360_00589_d_0000716.jpg,/home/brisic03/VisDrone/VisDrone2019-DET-val/images/0000360_00589_d_0000716.jpg,presence,Which object type is visible in the drone image?,"{'A': 'people', 'B': 'car', 'C': 'motor', 'D': 'tricycle', 'E': 'bus'}",A,A,A,people,1,1.1260457038879395
0000360_00589_d_0000716.jpg,/home/brisic03/VisDrone/VisDrone2019-DET-val/images/0000360_00589_d_0000716.jpg,counting,How many awning-tricycles are visible in the drone image?,"{'A': '0', 'B': '1', 'C': '2', 'D': '3', 'E': '4 or more'}",A,A,C,2,0,1.133791446685791
0000360_00589_d_0000716.jpg,/home/brisic03/VisDrone/VisDrone2019-DET-val/images/0000360_00589_d_0000716.jpg,most_frequent,Which object type appears most often in the drone image?,"{'A': 'motor', 'B': 'tricycle', 'C': 'people', 'D': 'car', 'E': 'truck'}",D,D,D,car,1,1.1340367794036865
0000360_00589_d_0000716.jpg,/home/brisic03/VisDrone/VisDrone2019-DET-val/images/0000360_00589_d_0000716.jpg,location,Where is the largest car located in the image?,"{'A': 'top-left', 'B': 'top-right', 'C': 'bottom-left', 'D': 'bottom-right', 'E': 'center'}",E,E,E,center,1,1.1199254989624023
0000360_00785_d_0000717.jpg,/home/brisic03/VisDrone/VisDrone2019-DET-val/images/0000360_00785_d_0000717.jpg,presence,Which object type is visible in the drone image?,"{'A': 'tricycle', 'B': 'motor', 'C': 'car', 'D': 'pedestrian', 'E': 'bus'}",D,D,D,pedestrian,1,1.1398701667785645
0000360_00785_d_0000717.jpg,/home/brisic03/VisDrone/VisDrone2019-DET-val/images/0000360_00785_d_0000717.jpg,counting,How many pedestrians are visible in the drone image?,"{'A': '0', 'B': '1', 'C': '2', 'D': '3', 'E': '4 or more'}",A,A,B,1,0,1.1299545764923096
0000360_00785_d_0000717.jpg,/home/brisic03/VisDrone/VisDrone2019-DET-val/images/0000360_00785_d_0000717.jpg,most_frequent,Which object type appears most often in the drone image?,"{'A': 'bus', 'B': 'car', 'C': 'awning-tricycle', 'D': 'truck', 'E': 'people'}",E,E,B,car,0,1.1455671787261963
0000360_00785_d_0000717.jpg,/home/brisic03/VisDrone/VisDrone2019-DET-val/images/0000360_00785_d_0000717.jpg,location,Where is the largest car located in the image?,"{'A': 'top-left', 'B': 'top-right', 'C': 'bottom-left', 'D': 'bottom-right', 'E': 'center'}",A,A,C,bottom-left,0,1.1301026344299316
0000360_00981_d_0000718.jpg,/home/brisic03/VisDrone/VisDrone2019-DET-val/images/0000360_00981_d_0000718.jpg,presence,Which object type is visible in the drone image?,"{'A': 'truck', 'B': 'pedestrian', 'C': 'car', 'D': 'people', 'E': 'van'}",C,C,E,van,0,1.1154015064239502
0000360_00981_d_0000718.jpg,/home/brisic03/VisDrone/VisDrone2019-DET-val/images/0000360_00981_d_0000718.jpg,counting,How many motors are visible in the drone image?,"{'A': '0', 'B': '1', 'C': '2', 'D': '3', 'E': '4 or more'}",A,A,E,4 or more,0,1.1337778568267822
0000360_00981_d_0000718.jpg,/home/brisic03/VisDrone/VisDrone2019-DET-val/images/0000360_00981_d_0000718.jpg,most_frequent,Which object type appears most often in the drone image?,"{'A': 'people', 'B': 'van', 'C': 'pedestrian', 'D': 'awning-tricycle', 'E': 'car'}",A,A,E,car,0,1.1284894943237305
0000360_00981_d_0000718.jpg,/home/brisic03/VisDrone/VisDrone2019-DET-val/images/0000360_00981_d_0000718.jpg,location,Where is the largest car located in the image?,"{'A': 'top-left', 'B': 'top-right', 'C': 'bottom-left', 'D': 'bottom-right', 'E': 'center'}",E,E,E,center,1,1.1211049556732178
0000360_02353_d_0000725.jpg,/home/brisic03/VisDrone/VisDrone2019-DET-val/images/0000360_02353_d_0000725.jpg,presence,Which object type is visible in the drone image?,"{'A': 'car', 'B': 'bicycle', 'C': 'pedestrian', 'D': 'people', 'E': 'tricycle'}",A,A,D,people,0,1.113243818283081
0000360_02353_d_0000725.jpg,/home/brisic03/VisDrone/VisDrone2019-DET-val/images/0000360_02353_d_0000725.jpg,counting,How many awning-tricycles are visible in the drone image?,"{'A': '0', 'B': '1', 'C': '2', 'D': '3', 'E': '4 or more'}",A,A,C,2,0,1.1386234760284424
0000360_02353_d_0000725.jpg,/home/brisic03/VisDrone/VisDrone2019-DET-val/images/0000360_02353_d_0000725.jpg,most_frequent,Which object type appears most often in the drone image?,"{'A': 'awning-tricycle', 'B': 'car', 'C': 'truck', 'D': 'pedestrian', 'E': 'bicycle'}",B,B,B,car,1,1.137437343597412
0000360_02353_d_0000725.jpg,/home/brisic03/VisDrone/VisDrone2019-DET-val/images/0000360_02353_d_0000725.jpg,location,Where is the largest car located in the image?,"{'A': 'top-left', 'B': 'top-right', 'C': 'bottom-left', 'D': 'bottom-right', 'E': 'center'}",E,E,D,bottom-right,0,1.1335525512695312
0000360_02745_d_0000727.jpg,/home/brisic03/VisDrone/VisDrone2019-DET-val/images/0000360_02745_d_0000727.jpg,presence,Which object type is visible in the drone image?,"{'A': 'bicycle', 'B': 'tricycle', 'C': 'awning-tricycle', 'D': 'motor', 'E': 'van'}",A,A,A,bicycle,1,1.1346430778503418
0000360_02745_d_0000727.jpg,/home/brisic03/VisDrone/VisDrone2019-DET-val/images/0000360_02745_d_0000727.jpg,counting,How many bicycles are visible in the drone image?,"{'A': '0', 'B': '1', 'C': '2', 'D': '3', 'E': '4 or more'}",A,A,C,2,0,1.120234489440918
0000360_02745_d_0000727.jpg,/home/brisic03/VisDrone/VisDrone2019-DET-val/images/0000360_02745_d_0000727.jpg,most_frequent,Which object type appears most often in the drone image?,"{'A': 'van', 'B': 'car', 'C': 'motor', 'D': 'bicycle', 'E': 'awning-tricycle'}",B,B,B,car,1,1.1352245807647705
0000360_02745_d_0000727.jpg,/home/brisic03/VisDrone/VisDrone2019-DET-val/images/0000360_02745_d_0000727.jpg,location,Where is the largest car located in the image?,"{'A': 'top-left', 'B': 'top-right', 'C': 'bottom-left', 'D': 'bottom-right', 'E': 'center'}",C,C,E,center,0,1.1325490474700928
0000360_02941_d_0000728.jpg,/home/brisic03/VisDrone/VisDrone2019-DET-val/images/0000360_02941_d_0000728.jpg,presence,Which object type is visible in the drone image?,"{'A': 'car', 'B': 'people', 'C': 'awning-tricycle', 'D': 'tricycle', 'E': 'pedestrian'}",A,A,E,pedestrian,0,1.1288676261901855
0000360_02941_d_0000728.jpg,/home/brisic03/VisDrone/VisDrone2019-DET-val/images/0000360_02941_d_0000728.jpg,counting,How many tricycles are visible in the drone image?,"{'A': '0', 'B': '1', 'C': '2', 'D': '3', 'E': '4 or more'}",A,A,C,2,0,1.1162786483764648
0000360_02941_d_0000728.jpg,/home/brisic03/VisDrone/VisDrone2019-DET-val/images/0000360_02941_d_0000728.jpg,most_frequent,Which object type appears most often in the drone image?,"{'A': 'car', 'B': 'motor', 'C': 'bus', 'D': 'pedestrian', 'E': 'tricycle'}",A,A,A,car,1,1.1366174221038818
0000360_02941_d_0000728.jpg,/home/brisic03/VisDrone/VisDrone2019-DET-val/images/0000360_02941_d_0000728.jpg,location,Where is the largest car located in the image?,"{'A': 'top-left', 'B': 'top-right', 'C': 'bottom-left', 'D': 'bottom-right', 'E': 'center'}",E,E,E,center,1,1.1345610618591309
0000360_03137_d_0000729.jpg,/home/brisic03/VisDrone/VisDrone2019-DET-val/images/0000360_03137_d_0000729.jpg,presence,Which object type is visible in the drone image?,"{'A': 'pedestrian', 'B': 'motor', 'C': 'car', 'D': 'van', 'E': 'people'}",A,A,A,pedestrian,1,1.1242966651916504
0000360_03137_d_0000729.jpg,/home/brisic03/VisDrone/VisDrone2019-DET-val/images/0000360_03137_d_0000729.jpg,counting,How many motors are visible in the drone image?,"{'A': '0', 'B': '1', 'C': '2', 'D': '3', 'E': '4 or more'}",A,A,E,4 or more,0,1.1310956478118896
0000360_03137_d_0000729.jpg,/home/brisic03/VisDrone/VisDrone2019-DET-val/images/0000360_03137_d_0000729.jpg,most_frequent,Which object type appears most often in the drone image?,"{'A': 'bus', 'B': 'van', 'C': 'tricycle', 'D': 'people', 'E': 'car'}",D,D,E,car,0,1.1343119144439697
0000360_03137_d_0000729.jpg,/home/brisic03/VisDrone/VisDrone2019-DET-val/images/0000360_03137_d_0000729.jpg,location,Where is the largest car located in the image?,"{'A': 'top-left', 'B': 'top-right', 'C': 'bottom-left', 'D': 'bottom-right', 'E': 'center'}",E,E,E,center,1,1.1351046562194824
0000360_03333_d_0000730.jpg,/home/brisic03/VisDrone/VisDrone2019-DET-val/images/0000360_03333_d_0000730.jpg,presence,Which object type is visible in the drone image?,"{'A': 'bicycle', 'B': 'awning-tricycle', 'C': 'motor', 'D': 'bus', 'E': 'people'}",E,E,C,motor,0,1.1162874698638916
0000360_03333_d_0000730.jpg,/home/brisic03/VisDrone/VisDrone2019-DET-val/images/0000360_03333_d_0000730.jpg,counting,How many trucks are visible in the drone image?,"{'A': '0', 'B': '1', 'C': '2', 'D': '3', 'E': '4 or more'}",A,A,B,1,0,1.123340368270874
0000360_03333_d_0000730.jpg,/home/brisic03/VisDrone/VisDrone2019-DET-val/images/0000360_03333_d_0000730.jpg,most_frequent,Which object type appears most often in the drone image?,"{'A': 'bus', 'B': 'car', 'C': 'awning-tricycle', 'D': 'people', 'E': 'pedestrian'}",B,B,B,car,1,1.177649974822998
0000360_03333_d_0000730.jpg,/home/brisic03/VisDrone/VisDrone2019-DET-val/images/0000360_03333_d_0000730.jpg,location,Where is the largest car located in the image?,"{'A': 'top-left', 'B': 'top-right', 'C': 'bottom-left', 'D': 'bottom-right', 'E': 'center'}",E,E,D,bottom-right,0,1.1296794414520264
0000360_03529_d_0000731.jpg,/home/brisic03/VisDrone/VisDrone2019-DET-val/images/0000360_03529_d_0000731.jpg,presence,Which object type is visible in the drone image?,"{'A': 'van', 'B': 'car', 'C': 'bicycle', 'D': 'truck', 'E': 'pedestrian'}",C,C,B,car,0,1.1292338371276855
0000360_03529_d_0000731.jpg,/home/brisic03/VisDrone/VisDrone2019-DET-val/images/0000360_03529_d_0000731.jpg,counting,How many motors are visible in the drone image?,"{'A': '0', 'B': '1', 'C': '2', 'D': '3', 'E': '4 or more'}",A,A,E,4 or more,0,1.1295461654663086
0000360_03529_d_0000731.jpg,/home/brisic03/VisDrone/VisDrone2019-DET-val/images/0000360_03529_d_0000731.jpg,most_frequent,Which object type appears most often in the drone image?,"{'A': 'awning-tricycle', 'B': 'tricycle', 'C': 'bicycle', 'D': 'car', 'E': 'pedestrian'}",B,B,D,car,0,1.1306545734405518
0000360_03529_d_0000731.jpg,/home/brisic03/VisDrone/VisDrone2019-DET-val/images/0000360_03529_d_0000731.jpg,location,Where is the largest car located in the image?,"{'A': 'top-left', 'B': 'top-right', 'C': 'bottom-left', 'D': 'bottom-right', 'E': 'center'}",E,E,E,center,1,1.1377065181732178
0000360_03921_d_0000733.jpg,/home/brisic03/VisDrone/VisDrone2019-DET-val/images/0000360_03921_d_0000733.jpg,presence,Which object type is visible in the drone image?,"{'A': 'people', 'B': 'car', 'C': 'motor', 'D': 'bicycle', 'E': 'truck'}",A,A,B,car,0,1.1225786209106445
0000360_03921_d_0000733.jpg,/home/brisic03/VisDrone/VisDrone2019-DET-val/images/0000360_03921_d_0000733.jpg,counting,How many vans are visible in the drone image?,"{'A': '0', 'B': '1', 'C': '2', 'D': '3', 'E': '4 or more'}",A,A,C,2,0,1.1246936321258545
0000360_03921_d_0000733.jpg,/home/brisic03/VisDrone/VisDrone2019-DET-val/images/0000360_03921_d_0000733.jpg,most_frequent,Which object type appears most often in the drone image?,"{'A': 'bus', 'B': 'pedestrian', 'C': 'van', 'D': 'bicycle', 'E': 'car'}",E,E,E,car,1,1.125873327255249
0000360_03921_d_0000733.jpg,/home/brisic03/VisDrone/VisDrone2019-DET-val/images/0000360_03921_d_0000733.jpg,location,Where is the largest car located in the image?,"{'A': 'top-left', 'B': 'top-right', 'C': 'bottom-left', 'D': 'bottom-right', 'E': 'center'}",E,E,D,bottom-right,0,1.1254920959472656
0000360_04117_d_0000734.jpg,/home/brisic03/VisDrone/VisDrone2019-DET-val/images/0000360_04117_d_0000734.jpg,presence,Which object type is visible in the drone image?,"{'A': 'pedestrian', 'B': 'motor', 'C': 'bicycle', 'D': 'truck', 'E': 'car'}",A,A,A,pedestrian,1,1.1207201480865479
0000360_04117_d_0000734.jpg,/home/brisic03/VisDrone/VisDrone2019-DET-val/images/0000360_04117_d_0000734.jpg,counting,How many vans are visible in the drone image?,"{'A': '0', 'B': '1', 'C': '2', 'D': '3', 'E': '4 or more'}",A,A,B,1,0,1.146944522857666
0000360_04117_d_0000734.jpg,/home/brisic03/VisDrone/VisDrone2019-DET-val/images/0000360_04117_d_0000734.jpg,most_frequent,Which object type appears most often in the drone image?,"{'A': 'truck', 'B': 'awning-tricycle', 'C': 'car', 'D': 'tricycle', 'E': 'motor'}",C,C,C,car,1,1.1297950744628906
0000360_04117_d_0000734.jpg,/home/brisic03/VisDrone/VisDrone2019-DET-val/images/0000360_04117_d_0000734.jpg,location,Where is the largest car located in the image?,"{'A': 'top-left', 'B': 'top-right', 'C': 'bottom-left', 'D': 'bottom-right', 'E': 'center'}",D,D,D,bottom-right,1,1.1294453144073486
0000360_04705_d_0000737.jpg,/home/brisic03/VisDrone/VisDrone2019-DET-val/images/0000360_04705_d_0000737.jpg,presence,Which object type is visible in the drone image?,"{'A': 'car', 'B': 'tricycle', 'C': 'pedestrian', 'D': 'motor', 'E': 'people'}",D,D,A,car,0,1.1165440082550049
0000360_04705_d_0000737.jpg,/home/brisic03/VisDrone/VisDrone2019-DET-val/images/0000360_04705_d_0000737.jpg,counting,How many motors are visible in the drone image?,"{'A': '0', 'B': '1', 'C': '2', 'D': '3', 'E': '4 or more'}",A,A,D,3,0,1.129875659942627
0000360_04705_d_0000737.jpg,/home/brisic03/VisDrone/VisDrone2019-DET-val/images/0000360_04705_d_0000737.jpg,most_frequent,Which object type appears most often in the drone image?,"{'A': 'people', 'B': 'motor', 'C': 'bicycle', 'D': 'pedestrian', 'E': 'awning-tricycle'}",A,A,A,people,1,1.1341915130615234
0000360_04705_d_0000737.jpg,/home/brisic03/VisDrone/VisDrone2019-DET-val/images/0000360_04705_d_0000737.jpg,location,Where is the largest car located in the image?,"{'A': 'top-left', 'B': 'top-right', 'C': 'bottom-left', 'D': 'bottom-right', 'E': 'center'}",A,A,E,center,0,1.129662036895752
0000360_05293_d_0000740.jpg,/home/brisic03/VisDrone/VisDrone2019-DET-val/images/0000360_05293_d_0000740.jpg,presence,Which object type is visible in the drone image?,"{'A': 'pedestrian', 'B': 'motor', 'C': 'bus', 'D': 'car', 'E': 'awning-tricycle'}",E,E,B,motor,0,1.1327767372131348
0000360_05293_d_0000740.jpg,/home/brisic03/VisDrone/VisDrone2019-DET-val/images/0000360_05293_d_0000740.jpg,counting,How many cars are visible in the drone image?,"{'A': '0', 'B': '1', 'C': '2', 'D': '3', 'E': '4 or more'}",E,E,E,4 or more,1,1.1276609897613525
0000360_05293_d_0000740.jpg,/home/brisic03/VisDrone/VisDrone2019-DET-val/images/0000360_05293_d_0000740.jpg,most_frequent,Which object type appears most often in the drone image?,"{'A': 'motor', 'B': 'car', 'C': 'bicycle', 'D': 'tricycle', 'E': 'awning-tricycle'}",B,B,B,car,1,1.1292455196380615
0000360_05293_d_0000740.jpg,/home/brisic03/VisDrone/VisDrone2019-DET-val/images/0000360_05293_d_0000740.jpg,location,Where is the largest van located in the image?,"{'A': 'top-left', 'B': 'top-right', 'C': 'bottom-left', 'D': 'bottom-right', 'E': 'center'}",C,C,E,center,0,1.1284127235412598
0000360_05685_d_0000742.jpg,/home/brisic03/VisDrone/VisDrone2019-DET-val/images/0000360_05685_d_0000742.jpg,presence,Which object type is visible in the drone image?,"{'A': 'people', 'B': 'bicycle', 'C': 'pedestrian', 'D': 'bus', 'E': 'awning-tricycle'}",A,A,C,pedestrian,0,1.1222708225250244
0000360_05685_d_0000742.jpg,/home/brisic03/VisDrone/VisDrone2019-DET-val/images/0000360_05685_d_0000742.jpg,counting,How many motors are visible in the drone image?,"{'A': '0', 'B': '1', 'C': '2', 'D': '3', 'E': '4 or more'}",A,A,E,4 or more,0,1.1314506530761719
0000360_05685_d_0000742.jpg,/home/brisic03/VisDrone/VisDrone2019-DET-val/images/0000360_05685_d_0000742.jpg,most_frequent,Which object type appears most often in the drone image?,"{'A': 'van', 'B': 'motor', 'C': 'tricycle', 'D': 'car', 'E': 'truck'}",B,B,D,car,0,1.132664442062378
0000360_05685_d_0000742.jpg,/home/brisic03/VisDrone/VisDrone2019-DET-val/images/0000360_05685_d_0000742.jpg,location,Where is the largest car located in the image?,"{'A': 'top-left', 'B': 'top-right', 'C': 'bottom-left', 'D': 'bottom-right', 'E': 'center'}",E,E,E,center,1,1.1302828788757324
0000360_06273_d_0000745.jpg,/home/brisic03/VisDrone/VisDrone2019-DET-val/images/0000360_06273_d_0000745.jpg,presence,Which object type is visible in the drone image?,"{'A': 'people', 'B': 'bicycle', 'C': 'car', 'D': 'motor', 'E': 'tricycle'}",A,A,D,motor,0,1.1307082176208496
0000360_06273_d_0000745.jpg,/home/brisic03/VisDrone/VisDrone2019-DET-val/images/0000360_06273_d_0000745.jpg,counting,How many motors are visible in the drone image?,"{'A': '0', 'B': '1', 'C': '2', 'D': '3', 'E': '4 or more'}",A,A,B,1,0,1.1289966106414795
0000360_06273_d_0000745.jpg,/home/brisic03/VisDrone/VisDrone2019-DET-val/images/0000360_06273_d_0000745.jpg,most_frequent,Which object type appears most often in the drone image?,"{'A': 'bus', 'B': 'van', 'C': 'pedestrian', 'D': 'awning-tricycle', 'E': 'people'}",E,E,C,pedestrian,0,1.1230754852294922
0000360_06273_d_0000745.jpg,/home/brisic03/VisDrone/VisDrone2019-DET-val/images/0000360_06273_d_0000745.jpg,location,Where is the largest pedestrian located in the image?,"{'A': 'top-left', 'B': 'top-right', 'C': 'bottom-left', 'D': 'bottom-right', 'E': 'center'}",D,D,D,bottom-right,1,1.1369280815124512
0000360_06665_d_0000747.jpg,/home/brisic03/VisDrone/VisDrone2019-DET-val/images/0000360_06665_d_0000747.jpg,presence,Which object type is visible in the drone image?,"{'A': 'motor', 'B': 'pedestrian', 'C': 'van', 'D': 'truck', 'E': 'awning-tricycle'}",D,D,C,van,0,1.1218304634094238
0000360_06665_d_0000747.jpg,/home/brisic03/VisDrone/VisDrone2019-DET-val/images/0000360_06665_d_0000747.jpg,counting,How many bicycles are visible in the drone image?,"{'A': '0', 'B': '1', 'C': '2', 'D': '3', 'E': '4 or more'}",B,B,B,1,1,1.1343531608581543
0000360_06665_d_0000747.jpg,/home/brisic03/VisDrone/VisDrone2019-DET-val/images/0000360_06665_d_0000747.jpg,most_frequent,Which object type appears most often in the drone image?,"{'A': 'tricycle', 'B': 'car', 'C': 'van', 'D': 'awning-tricycle', 'E': 'motor'}",B,B,B,car,1,1.1295804977416992
0000360_06665_d_0000747.jpg,/home/brisic03/VisDrone/VisDrone2019-DET-val/images/0000360_06665_d_0000747.jpg,location,Where is the largest car located in the image?,"{'A': 'top-left', 'B': 'top-right', 'C': 'bottom-left', 'D': 'bottom-right', 'E': 'center'}",C,C,D,bottom-right,0,1.1296911239624023
0000360_06861_d_0000748.jpg,/home/brisic03/VisDrone/VisDrone2019-DET-val/images/0000360_06861_d_0000748.jpg,presence,Which object type is visible in the drone image?,"{'A': 'van', 'B': 'people', 'C': 'bicycle', 'D': 'awning-tricycle', 'E': 'car'}",D,D,D,awning-tricycle,1,1.1310625076293945
0000360_06861_d_0000748.jpg,/home/brisic03/VisDrone/VisDrone2019-DET-val/images/0000360_06861_d_0000748.jpg,counting,How many cars are visible in the drone image?,"{'A': '0', 'B': '1', 'C': '2', 'D': '3', 'E': '4 or more'}",A,A,E,4 or more,0,1.1357855796813965
0000360_06861_d_0000748.jpg,/home/brisic03/VisDrone/VisDrone2019-DET-val/images/0000360_06861_d_0000748.jpg,most_frequent,Which object type appears most often in the drone image?,"{'A': 'tricycle', 'B': 'pedestrian', 'C': 'people', 'D': 'awning-tricycle', 'E': 'car'}",A,A,E,car,0,1.1209745407104492
0000360_06861_d_0000748.jpg,/home/brisic03/VisDrone/VisDrone2019-DET-val/images/0000360_06861_d_0000748.jpg,location,Where is the largest car located in the image?,"{'A': 'top-left', 'B': 'top-right', 'C': 'bottom-left', 'D': 'bottom-right', 'E': 'center'}",E,E,E,center,1,1.15102219581604
0000360_07057_d_0000749.jpg,/home/brisic03/VisDrone/VisDrone2019-DET-val/images/0000360_07057_d_0000749.jpg,presence,Which object type is visible in the drone image?,"{'A': 'pedestrian', 'B': 'tricycle', 'C': 'car', 'D': 'bicycle', 'E': 'motor'}",A,A,A,pedestrian,1,1.1248869895935059
0000360_07057_d_0000749.jpg,/home/brisic03/VisDrone/VisDrone2019-DET-val/images/0000360_07057_d_0000749.jpg,counting,How many tricycles are visible in the drone image?,"{'A': '0', 'B': '1', 'C': '2', 'D': '3', 'E': '4 or more'}",B,B,C,2,0,1.116746425628662
0000360_07057_d_0000749.jpg,/home/brisic03/VisDrone/VisDrone2019-DET-val/images/0000360_07057_d_0000749.jpg,most_frequent,Which object type appears most often in the drone image?,"{'A': 'people', 'B': 'tricycle', 'C': 'bus', 'D': 'pedestrian', 'E': 'car'}",A,A,E,car,0,1.1286814212799072
0000360_07057_d_0000749.jpg,/home/brisic03/VisDrone/VisDrone2019-DET-val/images/0000360_07057_d_0000749.jpg,location,Where is the largest car located in the image?,"{'A': 'top-left', 'B': 'top-right', 'C': 'bottom-left', 'D': 'bottom-right', 'E': 'center'}",B,B,E,center,0,1.122166395187378
0000360_07253_d_0000750.jpg,/home/brisic03/VisDrone/VisDrone2019-DET-val/images/0000360_07253_d_0000750.jpg,presence,Which object type is visible in the drone image?,"{'A': 'bicycle', 'B': 'pedestrian', 'C': 'awning-tricycle', 'D': 'truck', 'E': 'car'}",C,C,E,car,0,1.1280341148376465
0000360_07253_d_0000750.jpg,/home/brisic03/VisDrone/VisDrone2019-DET-val/images/0000360_07253_d_0000750.jpg,counting,How many motors are visible in the drone image?,"{'A': '0', 'B': '1', 'C': '2', 'D': '3', 'E': '4 or more'}",A,A,D,3,0,1.1307728290557861
0000360_07253_d_0000750.jpg,/home/brisic03/VisDrone/VisDrone2019-DET-val/images/0000360_07253_d_0000750.jpg,most_frequent,Which object type appears most often in the drone image?,"{'A': 'pedestrian', 'B': 'tricycle', 'C': 'awning-tricycle', 'D': 'bus', 'E': 'car'}",A,A,E,car,0,1.1311964988708496
0000360_07253_d_0000750.jpg,/home/brisic03/VisDrone/VisDrone2019-DET-val/images/0000360_07253_d_0000750.jpg,location,Where is the largest awning-tricycle located in the image?,"{'A': 'top-left', 'B': 'top-right', 'C': 'bottom-left', 'D': 'bottom-right', 'E': 'center'}",E,E,C,bottom-left,0,1.1201574802398682
0000360_07645_d_0000752.jpg,/home/brisic03/VisDrone/VisDrone2019-DET-val/images/0000360_07645_d_0000752.jpg,presence,Which object type is visible in the drone image?,"{'A': 'car', 'B': 'motor', 'C': 'truck', 'D': 'bus', 'E': 'pedestrian'}",A,A,A,car,1,1.1259467601776123
0000360_07645_d_0000752.jpg,/home/brisic03/VisDrone/VisDrone2019-DET-val/images/0000360_07645_d_0000752.jpg,counting,How many pedestrians are visible in the drone image?,"{'A': '0', 'B': '1', 'C': '2', 'D': '3', 'E': '4 or more'}",A,A,E,4 or more,0,1.1325337886810303
0000360_07645_d_0000752.jpg,/home/brisic03/VisDrone/VisDrone2019-DET-val/images/0000360_07645_d_0000752.jpg,most_frequent,Which object type appears most often in the drone image?,"{'A': 'car', 'B': 'awning-tricycle', 'C': 'pedestrian', 'D': 'people', 'E': 'bus'}",A,A,A,car,1,1.1328871250152588
0000360_07645_d_0000752.jpg,/home/brisic03/VisDrone/VisDrone2019-DET-val/images/0000360_07645_d_0000752.jpg,location,Where is the largest van located in the image?,"{'A': 'top-left', 'B': 'top-right', 'C': 'bottom-left', 'D': 'bottom-right', 'E': 'center'}",B,B,C,bottom-left,0,1.1201438903808594
0000364_00589_d_0000798.jpg,/home/brisic03/VisDrone/VisDrone2019-DET-val/images/0000364_00589_d_0000798.jpg,presence,Which object type is visible in the drone image?,"{'A': 'bicycle', 'B': 'truck', 'C': 'tricycle', 'D': 'van', 'E': 'people'}",C,C,C,tricycle,1,1.1162388324737549
0000364_00589_d_0000798.jpg,/home/brisic03/VisDrone/VisDrone2019-DET-val/images/0000364_00589_d_0000798.jpg,counting,How many motors are visible in the drone image?,"{'A': '0', 'B': '1', 'C': '2', 'D': '3', 'E': '4 or more'}",A,A,E,4 or more,0,1.1461172103881836
0000364_00589_d_0000798.jpg,/home/brisic03/VisDrone/VisDrone2019-DET-val/images/0000364_00589_d_0000798.jpg,most_frequent,Which object type appears most often in the drone image?,"{'A': 'truck', 'B': 'people', 'C': 'tricycle', 'D': 'bus', 'E': 'car'}",C,C,C,tricycle,1,1.124579668045044
0000364_00589_d_0000798.jpg,/home/brisic03/VisDrone/VisDrone2019-DET-val/images/0000364_00589_d_0000798.jpg,location,Where is the largest truck located in the image?,"{'A': 'top-left', 'B': 'top-right', 'C': 'bottom-left', 'D': 'bottom-right', 'E': 'center'}",D,D,D,bottom-right,1,1.1231319904327393
0000364_01177_d_0000799.jpg,/home/brisic03/VisDrone/VisDrone2019-DET-val/images/0000364_01177_d_0000799.jpg,presence,Which object type is visible in the drone image?,"{'A': 'car', 'B': 'pedestrian', 'C': 'tricycle', 'D': 'truck', 'E': 'van'}",A,A,E,van,0,1.1198937892913818
0000364_01177_d_0000799.jpg,/home/brisic03/VisDrone/VisDrone2019-DET-val/images/0000364_01177_d_0000799.jpg,counting,How many tricycles are visible in the drone image?,"{'A': '0', 'B': '1', 'C': '2', 'D': '3', 'E': '4 or more'}",A,A,E,4 or more,0,1.129063606262207
0000364_01177_d_0000799.jpg,/home/brisic03/VisDrone/VisDrone2019-DET-val/images/0000364_01177_d_0000799.jpg,most_frequent,Which object type appears most often in the drone image?,"{'A': 'car', 'B': 'motor', 'C': 'pedestrian', 'D': 'van', 'E': 'bicycle'}",A,A,C,pedestrian,0,1.1107616424560547
0000364_01177_d_0000799.jpg,/home/brisic03/VisDrone/VisDrone2019-DET-val/images/0000364_01177_d_0000799.jpg,location,Where is the largest truck located in the image?,"{'A': 'top-left', 'B': 'top-right', 'C': 'bottom-left', 'D': 'bottom-right', 'E': 'center'}",C,C,E,center,0,1.1322338581085205
0000364_01373_d_0000780.jpg,/home/brisic03/VisDrone/VisDrone2019-DET-val/images/0000364_01373_d_0000780.jpg,presence,Which object type is visible in the drone image?,"{'A': 'pedestrian', 'B': 'awning-tricycle', 'C': 'van', 'D': 'bicycle', 'E': 'motor'}",B,B,B,awning-tricycle,1,1.1063311100006104
0000364_01373_d_0000780.jpg,/home/brisic03/VisDrone/VisDrone2019-DET-val/images/0000364_01373_d_0000780.jpg,counting,How many cars are visible in the drone image?,"{'A': '0', 'B': '1', 'C': '2', 'D': '3', 'E': '4 or more'}",A,A,C,2,0,1.1215198040008545
0000364_01373_d_0000780.jpg,/home/brisic03/VisDrone/VisDrone2019-DET-val/images/0000364_01373_d_0000780.jpg,most_frequent,Which object type appears most often in the drone image?,"{'A': 'bus', 'B': 'awning-tricycle', 'C': 'pedestrian', 'D': 'motor', 'E': 'people'}",D,D,D,motor,1,1.1319301128387451
0000364_01373_d_0000780.jpg,/home/brisic03/VisDrone/VisDrone2019-DET-val/images/0000364_01373_d_0000780.jpg,location,Where is the largest car located in the image?,"{'A': 'top-left', 'B': 'top-right', 'C': 'bottom-left', 'D': 'bottom-right', 'E': 'center'}",D,D,D,bottom-right,1,1.1266860961914062
0000364_01569_d_0000781.jpg,/home/brisic03/VisDrone/VisDrone2019-DET-val/images/0000364_01569_d_0000781.jpg,presence,Which object type is visible in the drone image?,"{'A': 'bicycle', 'B': 'truck', 'C': 'car', 'D': 'pedestrian', 'E': 'van'}",C,C,B,truck,0,1.1146345138549805
0000364_01569_d_0000781.jpg,/home/brisic03/VisDrone/VisDrone2019-DET-val/images/0000364_01569_d_0000781.jpg,counting,How many peoples are visible in the drone image?,"{'A': '0', 'B': '1', 'C': '2', 'D': '3', 'E': '4 or more'}",A,A,C,2,0,1.1281061172485352
0000364_01569_d_0000781.jpg,/home/brisic03/VisDrone/VisDrone2019-DET-val/images/0000364_01569_d_0000781.jpg,most_frequent,Which object type appears most often in the drone image?,"{'A': 'car', 'B': 'tricycle', 'C': 'bicycle', 'D': 'people', 'E': 'awning-tricycle'}",A,A,B,tricycle,0,1.1356799602508545
0000364_01569_d_0000781.jpg,/home/brisic03/VisDrone/VisDrone2019-DET-val/images/0000364_01569_d_0000781.jpg,location,Where is the largest car located in the image?,"{'A': 'top-left', 'B': 'top-right', 'C': 'bottom-left', 'D': 'bottom-right', 'E': 'center'}",E,E,E,center,1,1.1240277290344238
0000364_01765_d_0000782.jpg,/home/brisic03/VisDrone/VisDrone2019-DET-val/images/0000364_01765_d_0000782.jpg,presence,Which object type is visible in the drone image?,"{'A': 'bus', 'B': 'people', 'C': 'awning-tricycle', 'D': 'bicycle', 'E': 'tricycle'}",B,B,A,bus,0,1.139045000076294
0000364_01765_d_0000782.jpg,/home/brisic03/VisDrone/VisDrone2019-DET-val/images/0000364_01765_d_0000782.jpg,counting,How many motors are visible in the drone image?,"{'A': '0', 'B': '1', 'C': '2', 'D': '3', 'E': '4 or more'}",A,A,E,4 or more,0,1.1212666034698486
0000364_01765_d_0000782.jpg,/home/brisic03/VisDrone/VisDrone2019-DET-val/images/0000364_01765_d_0000782.jpg,most_frequent,Which object type appears most often in the drone image?,"{'A': 'car', 'B': 'tricycle', 'C': 'truck', 'D': 'bicycle', 'E': 'bus'}",A,A,B,tricycle,0,1.1271343231201172
0000364_01765_d_0000782.jpg,/home/brisic03/VisDrone/VisDrone2019-DET-val/images/0000364_01765_d_0000782.jpg,location,Where is the largest truck located in the image?,"{'A': 'top-left', 'B': 'top-right', 'C': 'bottom-left', 'D': 'bottom-right', 'E': 'center'}",A,A,C,bottom-left,0,1.1233305931091309
