image,image_path,target_class,gt_count,area_ratios,csv_bucket,recomputed_bucket,bucket_match
0000001_02999_d_0000005.jpg,/data/raja/Datasets/VisDrone/VisDrone2019-DET-val/images/0000001_02999_d_0000005.jpg,car,7,"[0.003554, 0.002751, 0.002396, 0.002316, 0.001856, 0.00108, 0.001049, 0.000868, 0.000732, 0.000506, 0.000459, 0.000419, 0.00041, 0.000301]",4 or more,4 or more,True
0000001_03499_d_0000006.jpg,/data/raja/Datasets/VisDrone/VisDrone2019-DET-val/images/0000001_03499_d_0000006.jpg,awning-tricycle,1,"[0.00108, 0.000912]",1,1,True
0000001_03999_d_0000007.jpg,/data/raja/Datasets/VisDrone/VisDrone2019-DET-val/images/0000001_03999_d_0000007.jpg,motor,5,"[0.0025, 0.001688, 0.001654, 0.001273, 0.001194, 0.000726, 0.000658, 0.000648, 0.000643, 0.000587, 0.000553, 0.000514, 0.000415, 0.000382, 0.000287, 0.000246, 0.00023]",4 or more,4 or more,True
0000001_04527_d_0000008.jpg,/data/raja/Datasets/VisDrone/VisDrone2019-DET-val/images/0000001_04527_d_0000008.jpg,motor,1,"[0.001782, 0.000972, 0.000885, 0.00087, 0.000812, 0.00081, 0.00079, 0.00078, 0.000748, 0.000726, 0.000702, 0.000699, 0.000692, 0.00069, 0.000666, 0.000648, 0.000594, 0.000593, 0.000589, 0.000573, 0.000567, 0.000552, 0.00054, 0.000534, 0.000532, 0.000521, 0.000494, 0.000489, 0.000463, 0.000456, 0.000449, 0.000449, 0.000444, 0.000393, 0.000375, 0.000361, 0.000361, 0.000357, 0.000344, 0.000308, 0.000299, 0.000299, 0.000299, 0.000295, 0.000286, 0.000284, 9.6e-05, 7.7e-05]",1,1,True
0000001_05249_d_0000009.jpg,/data/raja/Datasets/VisDrone/VisDrone2019-DET-val/images/0000001_05249_d_0000009.jpg,car,39,"[0.008961, 0.003243, 0.002934, 0.002743, 0.002735, 0.002662, 0.00237, 0.002315, 0.00226, 0.002187, 0.002089, 0.002077, 0.001824, 0.001821, 0.001808, 0.001664, 0.00164, 0.001636, 0.001534, 0.00151, 0.001508, 0.001486, 0.001481, 0.001473, 0.001451, 0.001447, 0.001447, 0.001399, 0.00136, 0.001353, 0.0013, 0.001264, 0.001182, 0.001147, 0.001099, 0.001053, 0.001043, 0.001028, 0.001022, 0.000992, 0.000975, 0.000964, 0.000955, 0.000951, 0.000932, 0.000922, 0.000922, 0.00089, 0.00089, 0.000887, 0.000867, 0.000861, 0.000856, 0.00085, 0.000811, 0.000776, 0.000771, 0.00077, 0.000767, 0.000723, 0.000709, 0.000705, 0.000692, 0.00066, 0.000637, 0.000637, 0.000633, 0.000617, 0.000615, 0.000607, 0.000586, 0.000583, 0.000564, 0.000559, 0.000503, 0.000494]",4 or more,4 or more,True
0000001_05499_d_0000010.jpg,/data/raja/Datasets/VisDrone/VisDrone2019-DET-val/images/0000001_05499_d_0000010.jpg,van,4,"[0.008263, 0.002025, 0.001697, 0.001355]",4 or more,4 or more,True
0000001_05999_d_0000011.jpg,/data/raja/Datasets/VisDrone/VisDrone2019-DET-val/images/0000001_05999_d_0000011.jpg,motor,1,"[0.001053, 0.000833, 0.000627, 0.000573, 0.000544, 0.000506, 0.000203, 0.000202, 0.000182, 0.000174, 0.000164, 0.000163, 0.000149, 0.000139, 0.000127, 0.000119, 0.000104, 0.000104, 9e-05]",1,1,True
0000001_07999_d_0000012.jpg,/data/raja/Datasets/VisDrone/VisDrone2019-DET-val/images/0000001_07999_d_0000012.jpg,tricycle,3,"[0.001971, 0.001849, 0.001707, 0.00087, 0.000747, 0.00071, 0.000642, 0.000543, 0.000238]",3,3,True
0000001_08414_d_0000013.jpg,/data/raja/Datasets/VisDrone/VisDrone2019-DET-val/images/0000001_08414_d_0000013.jpg,car,17,"[0.011818, 0.007084, 0.005755, 0.003735, 0.003649, 0.003633, 0.003619, 0.003099, 0.002959, 0.002863, 0.0025, 0.002053, 0.00197, 0.001659, 0.001429, 0.001292, 0.001066, 0.000911, 0.000489, 0.000421]",4 or more,4 or more,True
0000021_00000_d_0000001.jpg,/data/raja/Datasets/VisDrone/VisDrone2019-DET-val/images/0000021_00000_d_0000001.jpg,people,2,"[0.005266, 0.001146, 0.000216, 0.000185, 0.000125, 0.000123, 0.000116, 0.000104, 6.2e-05, 5.8e-05, 5.8e-05, 3.9e-05]",2,2,True
0000021_00500_d_0000002.jpg,/data/raja/Datasets/VisDrone/VisDrone2019-DET-val/images/0000021_00500_d_0000002.jpg,pedestrian,2,"[0.001574, 0.00135, 0.000347, 0.000339, 0.00023, 0.000174, 7.7e-05]",2,2,True
0000021_00800_d_0000003.jpg,/data/raja/Datasets/VisDrone/VisDrone2019-DET-val/images/0000021_00800_d_0000003.jpg,pedestrian,2,"[0.001154, 0.001134, 0.000503]",2,2,True
0000022_00000_d_0000004.jpg,/data/raja/Datasets/VisDrone/VisDrone2019-DET-val/images/0000022_00000_d_0000004.jpg,pedestrian,7,"[0.004659, 0.004456, 0.003009, 0.002701, 0.002085, 0.001458, 0.00125, 0.000777, 0.000721, 0.000625, 0.000615, 0.000602, 0.00053, 0.00053, 0.000463, 0.000382, 0.00037, 0.000284, 0.000284, 0.000278, 0.00026, 0.000247, 7.7e-05]",4 or more,4 or more,True
0000022_00500_d_0000005.jpg,/data/raja/Datasets/VisDrone/VisDrone2019-DET-val/images/0000022_00500_d_0000005.jpg,pedestrian,6,"[0.009253, 0.00287, 0.002469, 0.001952, 0.00136, 0.001215, 0.000781, 0.000721, 0.000679, 0.000637, 0.000556, 0.000556, 0.000355, 0.000243, 0.000208, 0.000208, 9.8e-05]",4 or more,4 or more,True
0000022_01036_d_0000006.jpg,/data/raja/Datasets/VisDrone/VisDrone2019-DET-val/images/0000022_01036_d_0000006.jpg,pedestrian,8,"[0.003628, 0.002836, 0.002658, 0.002407, 0.002407, 0.00208, 0.002066, 0.002045]",4 or more,4 or more,True
0000022_01251_d_0000007.jpg,/data/raja/Datasets/VisDrone/VisDrone2019-DET-val/images/0000022_01251_d_0000007.jpg,motor,2,"[0.008958, 0.008125]",2,2,True
0000023_00000_d_0000008.jpg,/data/raja/Datasets/VisDrone/VisDrone2019-DET-val/images/0000023_00000_d_0000008.jpg,pedestrian,6,"[0.004456, 0.004392, 0.003059, 0.002618, 0.001782, 0.00125, 0.000777, 0.000552, 0.000486, 0.000417, 0.000417, 0.000365, 0.000355, 0.000351, 0.000284, 0.000278, 0.000231, 0.000203, 0.000185, 8.7e-05]",4 or more,4 or more,True
0000023_00300_d_0000009.jpg,/data/raja/Datasets/VisDrone/VisDrone2019-DET-val/images/0000023_00300_d_0000009.jpg,people,5,"[0.003289, 0.001956, 0.001782, 0.001597, 0.001119, 0.000764, 0.000476]",4 or more,4 or more,True
0000023_00868_d_0000010.jpg,/data/raja/Datasets/VisDrone/VisDrone2019-DET-val/images/0000023_00868_d_0000010.jpg,pedestrian,10,"[0.007813, 0.005536, 0.004635, 0.003619, 0.003194, 0.002706, 0.002706, 0.002199, 0.001269, 0.001269]",4 or more,4 or more,True
0000023_01233_d_0000011.jpg,/data/raja/Datasets/VisDrone/VisDrone2019-DET-val/images/0000023_01233_d_0000011.jpg,motor,2,"[0.011159, 0.009105]",2,2,True
0000024_00000_d_0000012.jpg,/data/raja/Datasets/VisDrone/VisDrone2019-DET-val/images/0000024_00000_d_0000012.jpg,pedestrian,9,"[0.003349, 0.00305, 0.002951, 0.002419, 0.002218, 0.002218, 0.001979, 0.001902, 0.00125, 0.00081, 0.000617, 0.000513, 0.000509]",4 or more,4 or more,True
0000024_00500_d_0000013.jpg,/data/raja/Datasets/VisDrone/VisDrone2019-DET-val/images/0000024_00500_d_0000013.jpg,motor,3,"[0.005853, 0.002811, 0.002755]",3,3,True
0000024_01000_d_0000014.jpg,/data/raja/Datasets/VisDrone/VisDrone2019-DET-val/images/0000024_01000_d_0000014.jpg,pedestrian,3,"[0.001806, 0.001574, 0.001512, 0.000764, 0.000478, 0.000405, 0.00027, 0.000185, 6.9e-05, 4.6e-05]",3,3,True
0000024_01543_d_0000015.jpg,/data/raja/Datasets/VisDrone/VisDrone2019-DET-val/images/0000024_01543_d_0000015.jpg,pedestrian,7,"[0.003889, 0.003279, 0.003102, 0.003038, 0.002662, 0.00239, 0.001875]",4 or more,4 or more,True
0000026_00000_d_0000024.jpg,/data/raja/Datasets/VisDrone/VisDrone2019-DET-val/images/0000026_00000_d_0000024.jpg,van,1,[0.034123],1,1,True
0000026_00500_d_0000025.jpg,/data/raja/Datasets/VisDrone/VisDrone2019-DET-val/images/0000026_00500_d_0000025.jpg,car,10,"[0.020392, 0.018237, 0.017863, 0.017093, 0.016409, 0.015779, 0.015104, 0.014035, 0.011901, 0.011845]",4 or more,4 or more,True
0000026_01000_d_0000026.jpg,/data/raja/Datasets/VisDrone/VisDrone2019-DET-val/images/0000026_01000_d_0000026.jpg,motor,2,"[0.001338, 0.00129, 0.000858]",2,2,True
0000026_01500_d_0000027.jpg,/data/raja/Datasets/VisDrone/VisDrone2019-DET-val/images/0000026_01500_d_0000027.jpg,pedestrian,1,[0.00113],1,1,True
0000026_02000_d_0000028.jpg,/data/raja/Datasets/VisDrone/VisDrone2019-DET-val/images/0000026_02000_d_0000028.jpg,car,9,"[0.0203, 0.018651, 0.016661, 0.016613, 0.015817, 0.010035, 0.009135, 0.003014, 0.002191]",4 or more,4 or more,True
0000026_02500_d_0000029.jpg,/data/raja/Datasets/VisDrone/VisDrone2019-DET-val/images/0000026_02500_d_0000029.jpg,van,2,"[0.014638, 0.013106]",2,2,True
0000026_03000_d_0000030.jpg,/data/raja/Datasets/VisDrone/VisDrone2019-DET-val/images/0000026_03000_d_0000030.jpg,van,1,[0.013143],1,1,True
0000026_03500_d_0000031.jpg,/data/raja/Datasets/VisDrone/VisDrone2019-DET-val/images/0000026_03500_d_0000031.jpg,pedestrian,1,"[0.001319, 0.00096]",1,1,True
0000026_04000_d_0000032.jpg,/data/raja/Datasets/VisDrone/VisDrone2019-DET-val/images/0000026_04000_d_0000032.jpg,car,12,"[0.02083, 0.020088, 0.019439, 0.016794, 0.015763, 0.014115, 0.013968, 0.011096, 0.011055, 0.010948, 0.009758, 0.00853]",4 or more,4 or more,True
0000026_04500_d_0000033.jpg,/data/raja/Datasets/VisDrone/VisDrone2019-DET-val/images/0000026_04500_d_0000033.jpg,tricycle,1,[0.003503],1,1,True
0000026_04978_d_0000034.jpg,/data/raja/Datasets/VisDrone/VisDrone2019-DET-val/images/0000026_04978_d_0000034.jpg,truck,1,[0.001951],1,1,True
0000055_00000_d_0000109.jpg,/data/raja/Datasets/VisDrone/VisDrone2019-DET-val/images/0000055_00000_d_0000109.jpg,people,18,"[0.005, 0.003997, 0.003385, 0.00287, 0.002157, 0.002157, 0.002052, 0.001977, 0.001906, 0.001867, 0.001719, 0.001642, 0.001447, 0.0014, 0.001186, 0.001111, 0.001082, 0.001026, 0.000897, 0.00088, 0.000783, 0.000764, 0.000756, 0.000723, 0.000723, 0.000718, 0.0007, 0.000602, 0.000552, 0.00053, 0.000469, 0.000424, 0.000324]",4 or more,4 or more,True
0000055_00714_d_0000110.jpg,/data/raja/Datasets/VisDrone/VisDrone2019-DET-val/images/0000055_00714_d_0000110.jpg,motor,13,"[0.006944, 0.005353, 0.004414, 0.004253, 0.003987, 0.003511, 0.002691, 0.002639, 0.002593, 0.001736, 0.001736, 0.00162, 0.001094]",4 or more,4 or more,True
0000069_00001_d_0000001.jpg,/data/raja/Datasets/VisDrone/VisDrone2019-DET-val/images/0000069_00001_d_0000001.jpg,motor,3,"[0.003431, 0.001649, 0.001064, 0.000946, 0.000854]",3,3,True
0000069_00483_d_0000002.jpg,/data/raja/Datasets/VisDrone/VisDrone2019-DET-val/images/0000069_00483_d_0000002.jpg,people,3,"[0.007958, 0.00124, 0.001064]",3,3,True
0000069_00713_d_0000003.jpg,/data/raja/Datasets/VisDrone/VisDrone2019-DET-val/images/0000069_00713_d_0000003.jpg,pedestrian,23,"[0.014654, 0.013804, 0.01298, 0.01297, 0.01271, 0.011634, 0.00812, 0.005369, 0.00471, 0.004687, 0.004508, 0.002522, 0.002284, 0.001911, 0.001574, 0.001437, 0.001417, 0.001312, 0.001251, 0.001238, 0.00115, 0.00113, 0.001015, 0.000877, 0.000768, 0.000767, 0.000752, 0.000727, 0.000719, 0.000623, 0.000588, 0.000505, 0.000438, 0.000415]",4 or more,4 or more,True
0000069_01109_d_0000004.jpg,/data/raja/Datasets/VisDrone/VisDrone2019-DET-val/images/0000069_01109_d_0000004.jpg,motor,2,"[0.001384, 0.001105]",2,2,True
0000069_01878_d_0000005.jpg,/data/raja/Datasets/VisDrone/VisDrone2019-DET-val/images/0000069_01878_d_0000005.jpg,bicycle,1,[0.00134],1,1,True
0000069_02163_d_0000006.jpg,/data/raja/Datasets/VisDrone/VisDrone2019-DET-val/images/0000069_02163_d_0000006.jpg,tricycle,1,[0.001211],1,1,True
0000069_02480_d_0000007.jpg,/data/raja/Datasets/VisDrone/VisDrone2019-DET-val/images/0000069_02480_d_0000007.jpg,car,10,"[0.002284, 0.00223, 0.001911, 0.001895, 0.001672, 0.001299, 0.00125, 0.001087, 0.001081, 0.00107, 0.000846, 0.000529, 0.000327, 0.000243, 0.000231, 0.000188, 0.000161, 0.000125]",4 or more,4 or more,True
0000072_02834_d_0000003.jpg,/data/raja/Datasets/VisDrone/VisDrone2019-DET-val/images/0000072_02834_d_0000003.jpg,bicycle,1,[0.001579],1,1,True
0000076_02142_d_0000009.jpg,/data/raja/Datasets/VisDrone/VisDrone2019-DET-val/images/0000076_02142_d_0000009.jpg,truck,6,"[0.030137, 0.012413, 0.011188, 0.008343, 0.004898, 0.002609]",4 or more,4 or more,True
0000081_00000_d_0000001.jpg,/data/raja/Datasets/VisDrone/VisDrone2019-DET-val/images/0000081_00000_d_0000001.jpg,people,4,"[0.002571, 0.001713, 0.001296, 0.001157, 0.000754, 0.000652, 0.000567, 0.00053, 0.000525, 0.000492, 0.000463, 0.000459, 0.000417, 0.000324, 0.000318, 0.000276, 0.000276, 0.000231]",4 or more,4 or more,True
0000086_00000_d_0000001.jpg,/data/raja/Datasets/VisDrone/VisDrone2019-DET-val/images/0000086_00000_d_0000001.jpg,pedestrian,20,"[0.004664, 0.004583, 0.004572, 0.004263, 0.004252, 0.003804, 0.003457, 0.002512, 0.002355, 0.002351, 0.002315, 0.002272, 0.002236, 0.002053, 0.001869, 0.001833, 0.001813, 0.001576, 0.001562, 0.001142, 0.000903, 0.000729, 0.000723, 0.000679]",4 or more,4 or more,True
0000086_00592_d_0000002.jpg,/data/raja/Datasets/VisDrone/VisDrone2019-DET-val/images/0000086_00592_d_0000002.jpg,people,13,"[0.006617, 0.003484, 0.003152, 0.002836, 0.00272, 0.002483, 0.002014, 0.001977, 0.001856, 0.001678, 0.001198, 0.001142, 0.001094, 0.000849, 0.000833, 0.000764, 0.000602, 0.000602, 0.000573, 0.000521, 0.000403, 0.000351, 0.000293, 0.000185, 0.00015]",4 or more,4 or more,True
0000086_01084_d_0000003.jpg,/data/raja/Datasets/VisDrone/VisDrone2019-DET-val/images/0000086_01084_d_0000003.jpg,bicycle,1,[0.001246],1,1,True
0000086_01443_d_0000004.jpg,/data/raja/Datasets/VisDrone/VisDrone2019-DET-val/images/0000086_01443_d_0000004.jpg,pedestrian,25,"[0.007211, 0.002843, 0.00244, 0.00244, 0.002307, 0.002292, 0.002174, 0.002164, 0.001944, 0.001796, 0.001736, 0.001736, 0.001499, 0.001443, 0.001429, 0.001327, 0.001323, 0.001319, 0.001273, 0.001246, 0.001128, 0.001053, 0.001028, 0.001017, 0.001017, 0.000984, 0.000972, 0.000951, 0.000926, 0.000918, 0.000918, 0.000918, 0.000864, 0.000853, 0.000853, 0.000833, 0.000833, 0.00081, 0.00081, 0.000787, 0.000781, 0.000777, 0.000777, 0.000723, 0.000702, 0.0007, 0.000671, 0.000625, 0.000615, 0.000615, 0.000615, 0.000594, 0.000594, 0.000594, 0.000567, 0.000513, 0.000509, 0.000503, 0.000503, 0.000503, 0.000486, 0.000482, 0.000482, 0.000434, 0.000424, 0.000399, 0.000392, 0.000386, 0.000382, 0.000355, 0.000347, 0.00034, 0.00033, 0.000324, 0.000324, 0.000293, 0.000284, 0.00026, 0.000243, 0.00023, 0.000208, 0.000197, 0.000189]",4 or more,4 or more,True
0000086_01954_d_0000005.jpg,/data/raja/Datasets/VisDrone/VisDrone2019-DET-val/images/0000086_01954_d_0000005.jpg,people,10,"[0.002294, 0.001505, 0.001458, 0.001447, 0.001429, 0.001389, 0.001316, 0.001215, 0.001111, 0.001076, 0.000972, 0.000964, 0.000926, 0.000926, 0.00082, 0.000772, 0.000733, 0.000608, 0.000602, 0.00055, 0.000525, 0.000451, 0.000328, 0.000318, 0.000301, 0.000278, 0.000262, 0.000247, 0.00023, 0.000201, 0.000176, 0.000176, 0.000162, 0.000135, 0.000123, 0.000106, 0.000106, 0.000106, 9.6e-05, 8.7e-05, 8.5e-05, 5.4e-05, 4.6e-05]",4 or more,4 or more,True
0000103_00180_d_0000026.jpg,/data/raja/Datasets/VisDrone/VisDrone2019-DET-val/images/0000103_00180_d_0000026.jpg,pedestrian,1,[0.016632],1,1,True
0000103_00502_d_0000027.jpg,/data/raja/Datasets/VisDrone/VisDrone2019-DET-val/images/0000103_00502_d_0000027.jpg,pedestrian,2,"[0.013143, 0.009423]",2,2,True
0000103_01734_d_0000028.jpg,/data/raja/Datasets/VisDrone/VisDrone2019-DET-val/images/0000103_01734_d_0000028.jpg,car,3,"[0.34163, 0.167289, 0.064498]",3,3,True
0000103_02544_d_0000029.jpg,/data/raja/Datasets/VisDrone/VisDrone2019-DET-val/images/0000103_02544_d_0000029.jpg,pedestrian,1,[0.022645],1,1,True
0000103_02964_d_0000030.jpg,/data/raja/Datasets/VisDrone/VisDrone2019-DET-val/images/0000103_02964_d_0000030.jpg,truck,1,[0.082095],1,1,True
0000103_03349_d_0000031.jpg,/data/raja/Datasets/VisDrone/VisDrone2019-DET-val/images/0000103_03349_d_0000031.jpg,pedestrian,1,[0.015338],1,1,True
0000103_03738_d_0000032.jpg,/data/raja/Datasets/VisDrone/VisDrone2019-DET-val/images/0000103_03738_d_0000032.jpg,truck,1,[0.129461],1,1,True
0000103_04122_d_0000033.jpg,/data/raja/Datasets/VisDrone/VisDrone2019-DET-val/images/0000103_04122_d_0000033.jpg,pedestrian,3,"[0.004109, 0.003933, 0.003659]",3,3,True
0000103_04513_d_0000034.jpg,/data/raja/Datasets/VisDrone/VisDrone2019-DET-val/images/0000103_04513_d_0000034.jpg,car,1,[0.019223],1,1,True
0000103_04948_d_0000035.jpg,/data/raja/Datasets/VisDrone/VisDrone2019-DET-val/images/0000103_04948_d_0000035.jpg,car,1,[0.068795],1,1,True
0000115_00315_d_0000080.jpg,/data/raja/Datasets/VisDrone/VisDrone2019-DET-val/images/0000115_00315_d_0000080.jpg,pedestrian,1,"[0.001508, 0.000978, 0.000806, 0.000386, 9.6e-05, 9.3e-05, 8.5e-05, 8.5e-05, 7.7e-05, 6.9e-05, 6.9e-05, 6.9e-05, 6.9e-05, 6.4e-05, 6.4e-05, 6.2e-05, 5.2e-05, 4.6e-05, 4.6e-05, 2.7e-05]",1,1,True
0000115_00796_d_0000081.jpg,/data/raja/Datasets/VisDrone/VisDrone2019-DET-val/images/0000115_00796_d_0000081.jpg,tricycle,1,[0.001563],1,1,True
0000115_01031_d_0000082.jpg,/data/raja/Datasets/VisDrone/VisDrone2019-DET-val/images/0000115_01031_d_0000082.jpg,car,9,"[0.010887, 0.009414, 0.007772, 0.003565, 0.00331, 0.002431, 0.002431, 0.001406, 0.001256, 0.000806, 0.000772]",4 or more,4 or more,True
0000116_00351_d_0000083.jpg,/data/raja/Datasets/VisDrone/VisDrone2019-DET-val/images/0000116_00351_d_0000083.jpg,pedestrian,3,"[0.001466, 0.001103, 0.0011, 0.000984, 0.000926, 0.000885, 0.000552, 0.000339, 0.000311, 0.00023, 0.00023, 0.000185, 0.000174, 0.000135]",3,3,True
0000116_00819_d_0000084.jpg,/data/raja/Datasets/VisDrone/VisDrone2019-DET-val/images/0000116_00819_d_0000084.jpg,motor,4,"[0.003958, 0.003912, 0.003819, 0.001256, 0.000309, 0.000297, 0.000203, 0.000135]",4 or more,4 or more,True
0000116_01059_d_0000085.jpg,/data/raja/Datasets/VisDrone/VisDrone2019-DET-val/images/0000116_01059_d_0000085.jpg,car,7,"[0.007531, 0.004948, 0.004132, 0.003989, 0.00365, 0.002926, 0.001563, 0.000405, 0.000278]",4 or more,4 or more,True
0000116_01338_d_0000086.jpg,/data/raja/Datasets/VisDrone/VisDrone2019-DET-val/images/0000116_01338_d_0000086.jpg,pedestrian,1,"[0.001053, 0.000694, 0.00037, 0.000339, 0.000311, 0.000231, 0.000231, 0.00023, 0.000162, 0.000162, 0.000145, 0.000125, 0.000116, 0.000116, 0.000108, 0.000104]",1,1,True
0000117_00112_d_0000087.jpg,/data/raja/Datasets/VisDrone/VisDrone2019-DET-val/images/0000117_00112_d_0000087.jpg,people,2,"[0.001834, 0.001081, 0.000484, 0.000484, 0.000237, 0.000221, 0.000201, 0.000169, 0.000164]",2,2,True
0000117_01326_d_0000088.jpg,/data/raja/Datasets/VisDrone/VisDrone2019-DET-val/images/0000117_01326_d_0000088.jpg,van,3,"[0.008195, 0.002893, 0.001096]",3,3,True
0000117_01731_d_0000089.jpg,/data/raja/Datasets/VisDrone/VisDrone2019-DET-val/images/0000117_01731_d_0000089.jpg,motor,2,"[0.003111, 0.002246, 0.000985, 0.000309]",2,2,True
0000117_02708_d_0000090.jpg,/data/raja/Datasets/VisDrone/VisDrone2019-DET-val/images/0000117_02708_d_0000090.jpg,tricycle,1,"[0.001749, 0.000961]",1,1,True
0000117_03096_d_0000091.jpg,/data/raja/Datasets/VisDrone/VisDrone2019-DET-val/images/0000117_03096_d_0000091.jpg,car,5,"[0.018612, 0.007157, 0.004325, 0.001807, 0.001379, 0.000976, 0.000942, 0.00078, 0.000707]",4 or more,4 or more,True
0000129_02411_d_0000138.jpg,/data/raja/Datasets/VisDrone/VisDrone2019-DET-val/images/0000129_02411_d_0000138.jpg,truck,6,"[0.003082, 0.002154, 0.001698, 0.001601, 0.001517, 0.001499, 0.000639]",4 or more,4 or more,True
0000153_00001_d_0000001.jpg,/data/raja/Datasets/VisDrone/VisDrone2019-DET-val/images/0000153_00001_d_0000001.jpg,truck,2,"[0.012924, 0.002508]",2,2,True
0000153_00401_d_0000001.jpg,/data/raja/Datasets/VisDrone/VisDrone2019-DET-val/images/0000153_00401_d_0000001.jpg,awning-tricycle,1,"[0.015718, 0.000648, 0.000367, 0.000361, 0.000226, 0.000139, 7.7e-05]",1,1,True
0000153_00801_d_0000001.jpg,/data/raja/Datasets/VisDrone/VisDrone2019-DET-val/images/0000153_00801_d_0000001.jpg,motor,3,"[0.004714, 0.002294, 0.001464, 0.000696, 0.000149, 0.000139, 0.000127, 0.000125, 9.6e-05, 9.6e-05, 9.6e-05, 7.7e-05, 6.8e-05, 3.5e-05]",3,3,True
0000153_01201_d_0000001.jpg,/data/raja/Datasets/VisDrone/VisDrone2019-DET-val/images/0000153_01201_d_0000001.jpg,bicycle,1,[0.00235],1,1,True
0000153_01601_d_0000001.jpg,/data/raja/Datasets/VisDrone/VisDrone2019-DET-val/images/0000153_01601_d_0000001.jpg,tricycle,1,[0.001003],1,1,True
0000153_01801_d_0000001.jpg,/data/raja/Datasets/VisDrone/VisDrone2019-DET-val/images/0000153_01801_d_0000001.jpg,awning-tricycle,1,[0.001958],1,1,True
0000154_00001_d_0000001.jpg,/data/raja/Datasets/VisDrone/VisDrone2019-DET-val/images/0000154_00001_d_0000001.jpg,tricycle,1,"[0.002126, 0.000521, 0.000376]",1,1,True
0000154_00401_d_0000001.jpg,/data/raja/Datasets/VisDrone/VisDrone2019-DET-val/images/0000154_00401_d_0000001.jpg,tricycle,2,"[0.001759, 0.001188, 0.000849, 0.000656]",2,2,True
0000154_00801_d_0000001.jpg,/data/raja/Datasets/VisDrone/VisDrone2019-DET-val/images/0000154_00801_d_0000001.jpg,people,2,"[0.001435, 0.001256, 0.000953, 0.000833, 0.000787, 0.000689, 0.000579, 0.000278, 0.000162, 0.000154, 0.000149, 0.000135, 0.000135, 0.000116, 0.000108, 9.6e-05, 8.7e-05, 7.7e-05, 7.7e-05, 6.2e-05, 6.2e-05, 6.2e-05, 4.6e-05]",2,2,True
0000154_01201_d_0000001.jpg,/data/raja/Datasets/VisDrone/VisDrone2019-DET-val/images/0000154_01201_d_0000001.jpg,people,2,"[0.001049, 0.001019, 0.000972, 0.000694, 0.000328, 0.000293, 0.00026, 0.00023, 0.000176, 0.000174, 0.000135, 0.000116, 9.6e-05, 8.7e-05, 8.7e-05, 7.7e-05, 7.7e-05, 6.9e-05, 6.9e-05, 6.8e-05, 6.2e-05, 4.8e-05, 4.6e-05]",2,2,True
0000154_01601_d_0000001.jpg,/data/raja/Datasets/VisDrone/VisDrone2019-DET-val/images/0000154_01601_d_0000001.jpg,motor,1,"[0.001019, 0.000988, 0.000586, 0.000567, 0.00054, 0.000525, 0.000463, 0.00044, 0.000295, 0.000289, 0.000278, 0.00026, 0.000251, 0.000251, 0.000243, 0.000208, 0.000189, 0.000189, 0.00017, 0.000139, 0.000108, 9.3e-05, 8.7e-05, 8.7e-05, 6.9e-05, 6.8e-05]",1,1,True
0000154_02001_d_0000001.jpg,/data/raja/Datasets/VisDrone/VisDrone2019-DET-val/images/0000154_02001_d_0000001.jpg,van,2,"[0.018573, 0.001146]",2,2,True
0000155_00001_d_0000001.jpg,/data/raja/Datasets/VisDrone/VisDrone2019-DET-val/images/0000155_00001_d_0000001.jpg,bus,2,"[0.012645, 0.009693]",2,2,True
0000155_00401_d_0000001.jpg,/data/raja/Datasets/VisDrone/VisDrone2019-DET-val/images/0000155_00401_d_0000001.jpg,bicycle,1,"[0.001867, 0.00015]",1,1,True
0000155_00801_d_0000001.jpg,/data/raja/Datasets/VisDrone/VisDrone2019-DET-val/images/0000155_00801_d_0000001.jpg,pedestrian,2,"[0.001244, 0.00108, 0.000502, 0.000451, 0.000451, 0.000444, 0.000324, 0.000243, 9.3e-05]",2,2,True
0000155_01201_d_0000001.jpg,/data/raja/Datasets/VisDrone/VisDrone2019-DET-val/images/0000155_01201_d_0000001.jpg,awning-tricycle,1,"[0.002126, 0.000289, 0.00017]",1,1,True
0000155_01601_d_0000001.jpg,/data/raja/Datasets/VisDrone/VisDrone2019-DET-val/images/0000155_01601_d_0000001.jpg,awning-tricycle,1,"[0.001539, 0.000976, 0.00027, 0.000127]",1,1,True
0000155_01871_d_0000001.jpg,/data/raja/Datasets/VisDrone/VisDrone2019-DET-val/images/0000155_01871_d_0000001.jpg,van,3,"[0.007535, 0.004443, 0.001655, 0.000459, 0.000394, 0.000208, 0.000193]",3,3,True
0000162_00001_d_0000001.jpg,/data/raja/Datasets/VisDrone/VisDrone2019-DET-val/images/0000162_00001_d_0000001.jpg,awning-tricycle,1,"[0.001377, 0.000127]",1,1,True
0000162_00401_d_0000001.jpg,/data/raja/Datasets/VisDrone/VisDrone2019-DET-val/images/0000162_00401_d_0000001.jpg,motor,1,"[0.001319, 0.000723, 0.000666, 0.000424, 0.000405, 0.000309, 0.000191, 0.000185, 0.000149, 0.000123]",1,1,True
0000162_00801_d_0000001.jpg,/data/raja/Datasets/VisDrone/VisDrone2019-DET-val/images/0000162_00801_d_0000001.jpg,car,3,"[0.005621, 0.003854, 0.001094, 0.000868, 0.000843, 0.000586, 0.000463, 0.000255, 0.000139]",3,3,True
0000162_01058_d_0000001.jpg,/data/raja/Datasets/VisDrone/VisDrone2019-DET-val/images/0000162_01058_d_0000001.jpg,motor,3,"[0.001973, 0.001686, 0.001134, 0.000509, 0.000467, 0.000243, 0.000203, 0.000176, 9.5e-05, 6.2e-05, 5.8e-05, 4.6e-05]",3,3,True
0000163_00001_d_0000001.jpg,/data/raja/Datasets/VisDrone/VisDrone2019-DET-val/images/0000163_00001_d_0000001.jpg,truck,5,"[0.020039, 0.013071, 0.004429, 0.003858, 0.001204]",4 or more,4 or more,True
0000163_00359_d_0000001.jpg,/data/raja/Datasets/VisDrone/VisDrone2019-DET-val/images/0000163_00359_d_0000001.jpg,van,1,[0.003997],1,1,True
0000165_04325_d_0000105.jpg,/data/raja/Datasets/VisDrone/VisDrone2019-DET-val/images/0000165_04325_d_0000105.jpg,bicycle,2,"[0.00176, 0.001178, 0.000725, 0.000608, 0.000463, 0.000389, 0.000328, 0.000289, 8.7e-05, 6.2e-05]",2,2,True
0000166_00558_d_0000118.jpg,/data/raja/Datasets/VisDrone/VisDrone2019-DET-val/images/0000166_00558_d_0000118.jpg,van,4,"[0.007293, 0.005823, 0.001329, 0.001019, 0.000404, 0.000192]",4 or more,4 or more,True
0000193_00000_d_0000103.jpg,/data/raja/Datasets/VisDrone/VisDrone2019-DET-val/images/0000193_00000_d_0000103.jpg,truck,1,[0.005914],1,1,True
0000193_01497_d_0000111.jpg,/data/raja/Datasets/VisDrone/VisDrone2019-DET-val/images/0000193_01497_d_0000111.jpg,van,2,"[0.00189, 0.00162]",2,2,True
0000193_01705_d_0000112.jpg,/data/raja/Datasets/VisDrone/VisDrone2019-DET-val/images/0000193_01705_d_0000112.jpg,awning-tricycle,2,"[0.002419, 0.001929, 0.000401]",2,2,True
0000193_01876_d_0000113.jpg,/data/raja/Datasets/VisDrone/VisDrone2019-DET-val/images/0000193_01876_d_0000113.jpg,car,9,"[0.011719, 0.008422, 0.008233, 0.005388, 0.00521, 0.003295, 0.001782, 0.001705, 0.001273, 0.00082]",4 or more,4 or more,True
0000193_02029_d_0000114.jpg,/data/raja/Datasets/VisDrone/VisDrone2019-DET-val/images/0000193_02029_d_0000114.jpg,people,6,"[0.001944, 0.001466, 0.001389, 0.00135, 0.001256, 0.001003, 0.000671, 0.000509, 0.000509, 0.000463, 0.000424, 0.000417, 0.000382, 0.000382, 0.00037, 0.00037, 0.000367, 0.000361, 0.000312, 0.000311, 0.000309, 0.000309, 0.000295, 0.000295, 0.000295, 0.000289, 0.000262, 0.00023, 0.000216, 0.000162, 0.00015, 0.000139, 0.000127, 0.000116]",4 or more,4 or more,True
0000193_02212_d_0000115.jpg,/data/raja/Datasets/VisDrone/VisDrone2019-DET-val/images/0000193_02212_d_0000115.jpg,car,1,"[0.005378, 0.000964, 0.00081, 0.00017]",1,1,True
0000193_02416_d_0000116.jpg,/data/raja/Datasets/VisDrone/VisDrone2019-DET-val/images/0000193_02416_d_0000116.jpg,van,1,[0.001796],1,1,True
0000193_02606_d_0000117.jpg,/data/raja/Datasets/VisDrone/VisDrone2019-DET-val/images/0000193_02606_d_0000117.jpg,motor,2,"[0.001674, 0.001154, 0.00099, 0.00081, 0.00081, 0.000772, 0.000347, 0.000347, 0.00033, 0.00026, 0.000201, 0.000162, 0.000162, 0.000154, 0.000154, 0.000127, 0.000116, 9.3e-05, 9.3e-05, 8.7e-05]",2,2,True
0000193_02725_d_0000118.jpg,/data/raja/Datasets/VisDrone/VisDrone2019-DET-val/images/0000193_02725_d_0000118.jpg,motor,3,"[0.001613, 0.001119, 0.001082, 0.000953, 0.000926, 0.000671, 0.000648, 0.000403, 0.000309, 0.000243, 0.000176, 0.000176, 0.000135, 0.000135, 0.000122, 0.000116, 9.6e-05]",3,3,True
0000194_00000_d_0000119.jpg,/data/raja/Datasets/VisDrone/VisDrone2019-DET-val/images/0000194_00000_d_0000119.jpg,tricycle,2,"[0.005068, 0.00108, 0.000648]",2,2,True
0000194_00200_d_0000120.jpg,/data/raja/Datasets/VisDrone/VisDrone2019-DET-val/images/0000194_00200_d_0000120.jpg,motor,1,"[0.001235, 0.000675, 0.000666, 0.000637, 0.000573, 0.000552, 0.000432, 0.000424, 0.000424, 0.000309, 0.000212, 0.000201, 0.000176, 0.000162, 0.000135, 0.000127, 0.000116, 0.000116, 0.000116, 9.3e-05]",1,1,True
0000194_00399_d_0000121.jpg,/data/raja/Datasets/VisDrone/VisDrone2019-DET-val/images/0000194_00399_d_0000121.jpg,people,1,"[0.0011, 0.000868, 0.00071, 0.000702, 0.000694, 0.000637, 0.000567, 0.00054, 0.00053, 0.00053, 0.000509, 0.000502, 0.000488, 0.000486, 0.000486, 0.000463, 0.000446, 0.000444, 0.000434, 0.000424, 0.000382, 0.000365, 0.000365, 0.000361, 0.000347, 0.000347, 0.00033, 0.000309, 0.000276, 0.000276, 0.00027, 0.000262, 0.00026, 0.000247, 0.000247, 0.000231, 0.000231, 0.000203, 0.000185, 0.000176, 0.000174, 0.000162, 0.000162, 0.000149, 0.000139, 0.000135, 0.000127, 0.000116, 0.000116, 0.000116, 9.6e-05, 9.6e-05, 5.4e-05, 3.9e-05, 2.3e-05]",1,1,True
0000194_00625_d_0000122.jpg,/data/raja/Datasets/VisDrone/VisDrone2019-DET-val/images/0000194_00625_d_0000122.jpg,tricycle,4,"[0.005041, 0.003796, 0.003484, 0.003125, 0.000772, 0.000347]",4 or more,4 or more,True
0000194_00800_d_0000123.jpg,/data/raja/Datasets/VisDrone/VisDrone2019-DET-val/images/0000194_00800_d_0000123.jpg,car,3,"[0.005349, 0.002859, 0.001343]",3,3,True
0000194_00998_d_0000124.jpg,/data/raja/Datasets/VisDrone/VisDrone2019-DET-val/images/0000194_00998_d_0000124.jpg,car,4,"[0.007523, 0.005341, 0.004815, 0.001019]",4 or more,4 or more,True
0000194_01192_d_0000125.jpg,/data/raja/Datasets/VisDrone/VisDrone2019-DET-val/images/0000194_01192_d_0000125.jpg,van,1,[0.007608],1,1,True
0000196_04512_d_0000144.jpg,/data/raja/Datasets/VisDrone/VisDrone2019-DET-val/images/0000196_04512_d_0000144.jpg,motor,1,"[0.001276, 0.000415, 0.000415, 0.000385, 0.000344, 0.000295, 0.000286, 0.000277, 0.000253, 0.000251, 0.000234, 0.000208, 0.000183, 0.000181, 0.000149, 0.000127, 0.000116, 0.000101, 9.2e-05, 9.1e-05, 8.2e-05]",1,1,True
0000199_01269_d_0000166.jpg,/data/raja/Datasets/VisDrone/VisDrone2019-DET-val/images/0000199_01269_d_0000166.jpg,awning-tricycle,1,[0.001013],1,1,True
0000213_02500_d_0000240.jpg,/data/raja/Datasets/VisDrone/VisDrone2019-DET-val/images/0000213_02500_d_0000240.jpg,car,7,"[0.008201, 0.002411, 0.002099, 0.001897, 0.001588, 0.001534, 0.001057, 0.000865, 0.000785, 0.000686, 0.000669, 0.000597, 0.000588, 0.000577, 0.000572, 0.000565, 0.000548, 0.000538, 0.000536, 0.000461, 0.000458, 0.000415, 0.000387, 0.000384, 0.000359, 0.000334, 0.000334, 0.00031, 0.000303, 0.0003, 0.000288, 0.000279, 0.000246, 0.000225, 0.000216, 0.000202, 0.000188, 0.00015, 0.00015, 0.000148, 0.000127, 0.000125, 0.000125, 0.000106, 0.000106, 8.7e-05, 7.8e-05]",4 or more,4 or more,True
0000213_02965_d_0000241.jpg,/data/raja/Datasets/VisDrone/VisDrone2019-DET-val/images/0000213_02965_d_0000241.jpg,pedestrian,1,"[0.002038, 0.000894, 0.000387, 0.000381, 0.000296, 0.000242, 0.000233, 0.000195, 0.000192, 0.000146, 0.000127, 8.2e-05, 5.3e-05]",1,1,True
0000213_03478_d_0000242.jpg,/data/raja/Datasets/VisDrone/VisDrone2019-DET-val/images/0000213_03478_d_0000242.jpg,tricycle,2,"[0.006672, 0.00258, 0.000761, 0.000323]",2,2,True
0000213_03920_d_0000243.jpg,/data/raja/Datasets/VisDrone/VisDrone2019-DET-val/images/0000213_03920_d_0000243.jpg,bicycle,3,"[0.002846, 0.001653, 0.001251, 0.000556]",3,3,True
0000213_04405_d_0000244.jpg,/data/raja/Datasets/VisDrone/VisDrone2019-DET-val/images/0000213_04405_d_0000244.jpg,bicycle,1,[0.003532],1,1,True
0000213_04998_d_0000245.jpg,/data/raja/Datasets/VisDrone/VisDrone2019-DET-val/images/0000213_04998_d_0000245.jpg,tricycle,4,"[0.007439, 0.002205, 0.00148, 0.001237, 0.000162]",4 or more,4 or more,True
0000213_05340_d_0000246.jpg,/data/raja/Datasets/VisDrone/VisDrone2019-DET-val/images/0000213_05340_d_0000246.jpg,truck,1,[0.007505],1,1,True
0000213_05745_d_0000247.jpg,/data/raja/Datasets/VisDrone/VisDrone2019-DET-val/images/0000213_05745_d_0000247.jpg,tricycle,3,"[0.004126, 0.001648, 0.001615]",3,3,True
0000215_00000_d_0000256.jpg,/data/raja/Datasets/VisDrone/VisDrone2019-DET-val/images/0000215_00000_d_0000256.jpg,tricycle,2,"[0.004508, 0.004104, 0.000173, 9.5e-05, 7.7e-05]",2,2,True
0000215_00447_d_0000257.jpg,/data/raja/Datasets/VisDrone/VisDrone2019-DET-val/images/0000215_00447_d_0000257.jpg,van,5,"[0.006063, 0.003452, 0.001999, 0.001753, 0.001438, 0.000577, 0.000507]",4 or more,4 or more,True
0000215_00909_d_0000258.jpg,/data/raja/Datasets/VisDrone/VisDrone2019-DET-val/images/0000215_00909_d_0000258.jpg,van,7,"[0.014038, 0.00761, 0.003468, 0.003256, 0.002768, 0.002273, 0.001649, 0.000775]",4 or more,4 or more,True
0000215_01395_d_0000259.jpg,/data/raja/Datasets/VisDrone/VisDrone2019-DET-val/images/0000215_01395_d_0000259.jpg,tricycle,2,"[0.001491, 0.001209, 0.000834, 0.000626]",2,2,True
0000215_01869_d_0000260.jpg,/data/raja/Datasets/VisDrone/VisDrone2019-DET-val/images/0000215_01869_d_0000260.jpg,van,2,"[0.006857, 0.005869, 0.000719]",2,2,True
0000215_02319_d_0000261.jpg,/data/raja/Datasets/VisDrone/VisDrone2019-DET-val/images/0000215_02319_d_0000261.jpg,awning-tricycle,5,"[0.001245, 0.001205, 0.001177, 0.001142, 0.001009, 0.000882, 0.000864, 0.000807, 0.000745, 0.000721, 0.000701, 0.000673, 0.000649, 0.000623, 0.000597, 0.000444, 0.000404]",4 or more,4 or more,True
0000215_02667_d_0000262.jpg,/data/raja/Datasets/VisDrone/VisDrone2019-DET-val/images/0000215_02667_d_0000262.jpg,bicycle,1,"[0.001064, 0.000676]",1,1,True
0000215_02932_d_0000263.jpg,/data/raja/Datasets/VisDrone/VisDrone2019-DET-val/images/0000215_02932_d_0000263.jpg,van,4,"[0.004619, 0.00259, 0.002118, 0.001565, 0.000641]",4 or more,4 or more,True
0000215_03226_d_0000264.jpg,/data/raja/Datasets/VisDrone/VisDrone2019-DET-val/images/0000215_03226_d_0000264.jpg,van,1,"[0.002063, 0.000525]",1,1,True
0000216_00520_d_0000001.jpg,/data/raja/Datasets/VisDrone/VisDrone2019-DET-val/images/0000216_00520_d_0000001.jpg,car,24,"[0.001692, 0.001565, 0.001554, 0.001537, 0.001523, 0.00148, 0.001424, 0.001269, 0.001225, 0.0012, 0.001194, 0.001177, 0.001153, 0.001105, 0.00109, 0.00109, 0.001081, 0.001039, 0.001038, 0.001038, 0.001033, 0.001017, 0.001015, 0.001009, 0.000995, 0.000992, 0.000989, 0.000973, 0.000973, 0.000973, 0.000951, 0.000949, 0.00093, 0.00093, 0.000929, 0.000923, 0.000909, 0.000904, 0.000904, 0.000868, 0.00084, 0.000828, 0.000827, 0.000804, 0.000788, 0.000788, 0.000752, 0.000749, 0.000311, 0.000262]",4 or more,4 or more,True
0000220_01242_d_0000004.jpg,/data/raja/Datasets/VisDrone/VisDrone2019-DET-val/images/0000220_01242_d_0000004.jpg,bus,1,"[0.001198, 0.00041, 0.000273]",1,1,True
0000223_01802_d_0000005.jpg,/data/raja/Datasets/VisDrone/VisDrone2019-DET-val/images/0000223_01802_d_0000005.jpg,car,7,"[0.00387, 0.003461, 0.003212, 0.001485, 0.001459, 0.001143, 0.001088, 0.000996, 0.00099, 0.000743, 0.000732, 0.000664, 0.000627, 0.00053, 0.000404, 0.000339, 0.000336, 0.000273, 0.000251, 0.000243, 0.000231, 0.000223, 0.000208, 0.000189, 0.000189, 0.000189, 0.000159, 0.000147, 0.000135, 0.000127, 0.000107, 9.4e-05, 9.2e-05, 8.2e-05, 7.4e-05, 6.9e-05, 5.4e-05, 4.1e-05]",4 or more,4 or more,True
0000237_00001_d_0000001.jpg,/data/raja/Datasets/VisDrone/VisDrone2019-DET-val/images/0000237_00001_d_0000001.jpg,motor,1,[0.001206],1,1,True
0000242_00001_d_0000001.jpg,/data/raja/Datasets/VisDrone/VisDrone2019-DET-val/images/0000242_00001_d_0000001.jpg,truck,2,"[0.04849, 0.004352]",2,2,True
0000242_00500_d_0000002.jpg,/data/raja/Datasets/VisDrone/VisDrone2019-DET-val/images/0000242_00500_d_0000002.jpg,car,8,"[0.0101, 0.004942, 0.003997, 0.00305, 0.002083, 0.001796, 0.001674, 0.001042, 0.00099, 0.000459, 0.000301, 0.000257, 0.000255, 0.000251, 0.000251, 0.000226, 0.000201, 0.000191, 0.000191, 0.000174, 0.000139, 0.000116, 6.9e-05, 4.8e-05]",4 or more,4 or more,True
0000242_00627_d_0000003.jpg,/data/raja/Datasets/VisDrone/VisDrone2019-DET-val/images/0000242_00627_d_0000003.jpg,truck,1,"[0.008763, 0.000887, 0.00059]",1,1,True
0000242_00843_d_0000004.jpg,/data/raja/Datasets/VisDrone/VisDrone2019-DET-val/images/0000242_00843_d_0000004.jpg,car,2,"[0.083773, 0.080208]",2,2,True
0000242_00963_d_0000005.jpg,/data/raja/Datasets/VisDrone/VisDrone2019-DET-val/images/0000242_00963_d_0000005.jpg,pedestrian,1,[0.001929],1,1,True
0000242_01139_d_0000006.jpg,/data/raja/Datasets/VisDrone/VisDrone2019-DET-val/images/0000242_01139_d_0000006.jpg,motor,2,"[0.003333, 0.001181, 0.000984, 0.000648, 0.000295, 2.9e-05]",2,2,True
0000242_01475_d_0000007.jpg,/data/raja/Datasets/VisDrone/VisDrone2019-DET-val/images/0000242_01475_d_0000007.jpg,tricycle,1,[0.001188],1,1,True
0000242_01912_d_0000008.jpg,/data/raja/Datasets/VisDrone/VisDrone2019-DET-val/images/0000242_01912_d_0000008.jpg,car,4,"[0.00321, 0.00142, 0.001296, 0.001065, 0.000891, 0.000891, 0.000806, 0.000787, 0.000777, 0.000521, 0.000463, 0.000424, 0.000405, 0.000318, 0.000313, 0.000255, 0.000243, 0.000216, 0.000212, 0.000162, 0.000139, 0.000116, 5.8e-05, 5.8e-05, 5.8e-05, 4.8e-05, 3.9e-05, 3.1e-05, 2.3e-05]",4 or more,4 or more,True
0000242_02400_d_0000009.jpg,/data/raja/Datasets/VisDrone/VisDrone2019-DET-val/images/0000242_02400_d_0000009.jpg,motor,1,"[0.00173, 0.000955, 0.000394]",1,1,True
0000242_02762_d_0000010.jpg,/data/raja/Datasets/VisDrone/VisDrone2019-DET-val/images/0000242_02762_d_0000010.jpg,car,18,"[0.006759, 0.004726, 0.00349, 0.003086, 0.002963, 0.002928, 0.002284, 0.00208, 0.002025, 0.00189, 0.001856, 0.001736, 0.001705, 0.001447, 0.001242, 0.001148, 0.001146, 0.001013, 0.000934, 0.000887, 0.000521]",4 or more,4 or more,True
0000242_03199_d_0000011.jpg,/data/raja/Datasets/VisDrone/VisDrone2019-DET-val/images/0000242_03199_d_0000011.jpg,car,3,"[0.004321, 0.002901, 0.002153, 0.000694, 0.000401]",3,3,True
0000242_03668_d_0000012.jpg,/data/raja/Datasets/VisDrone/VisDrone2019-DET-val/images/0000242_03668_d_0000012.jpg,van,1,[0.002689],1,1,True
0000242_04116_d_0000013.jpg,/data/raja/Datasets/VisDrone/VisDrone2019-DET-val/images/0000242_04116_d_0000013.jpg,awning-tricycle,1,[0.003374],1,1,True
0000242_04600_d_0000014.jpg,/data/raja/Datasets/VisDrone/VisDrone2019-DET-val/images/0000242_04600_d_0000014.jpg,awning-tricycle,1,[0.002809],1,1,True
0000242_05059_d_0000015.jpg,/data/raja/Datasets/VisDrone/VisDrone2019-DET-val/images/0000242_05059_d_0000015.jpg,motor,2,"[0.001944, 0.001458, 0.000868, 0.00082, 0.000463, 0.00026, 0.000231, 1.9e-05]",2,2,True
0000242_05570_d_0000016.jpg,/data/raja/Datasets/VisDrone/VisDrone2019-DET-val/images/0000242_05570_d_0000016.jpg,car,5,"[0.008602, 0.002689, 0.001833, 0.001686, 0.001566, 0.000926, 0.00071, 0.000666, 0.000193, 0.000174, 0.000156, 0.000122, 0.000108, 8.1e-05, 6.8e-05, 4.8e-05]",4 or more,4 or more,True
0000242_06010_d_0000017.jpg,/data/raja/Datasets/VisDrone/VisDrone2019-DET-val/images/0000242_06010_d_0000017.jpg,car,2,"[0.001667, 0.001304, 0.00055, 0.000521, 0.000367, 0.000201, 0.000191, 0.000108, 9.5e-05, 9.5e-05, 8.1e-05, 8.1e-05, 8.1e-05, 6.9e-05, 6.8e-05, 5.4e-05, 4.8e-05, 4.8e-05, 4.8e-05, 3.9e-05, 3.9e-05, 3.1e-05, 3.1e-05, 2.3e-05, 2.3e-05, 1.5e-05]",2,2,True
0000242_06452_d_0000018.jpg,/data/raja/Datasets/VisDrone/VisDrone2019-DET-val/images/0000242_06452_d_0000018.jpg,bus,1,"[0.001728, 0.000648]",1,1,True
0000244_00001_d_0000001.jpg,/data/raja/Datasets/VisDrone/VisDrone2019-DET-val/images/0000244_00001_d_0000001.jpg,van,1,"[0.002971, 0.000772, 0.000432, 0.000426, 0.000191, 6.8e-05]",1,1,True
0000244_00500_d_0000002.jpg,/data/raja/Datasets/VisDrone/VisDrone2019-DET-val/images/0000244_00500_d_0000002.jpg,awning-tricycle,5,"[0.002708, 0.002492, 0.00164, 0.001615, 0.001447]",4 or more,4 or more,True
0000244_01000_d_0000003.jpg,/data/raja/Datasets/VisDrone/VisDrone2019-DET-val/images/0000244_01000_d_0000003.jpg,car,10,"[0.005833, 0.004485, 0.004213, 0.003885, 0.003194, 0.002758, 0.001975, 0.001705, 0.001574, 0.001242, 0.000843, 0.00077, 0.000556, 0.000525, 0.000521, 0.000351, 0.000301, 0.000301, 0.000247, 0.000247, 0.000212, 0.000176, 0.000174, 0.000174, 0.000174, 0.00017, 0.000139, 0.000127, 0.000123, 0.000123, 0.000122, 0.000116, 0.000108, 0.000108, 0.000106, 9.5e-05, 9.3e-05, 8.7e-05, 6.9e-05, 6.9e-05, 6.9e-05, 6.9e-05, 6.8e-05, 6.8e-05, 4.8e-05, 4.8e-05, 4.6e-05, 3.9e-05, 3.9e-05, 3.9e-05, 3.9e-05, 2.9e-05]",4 or more,4 or more,True
0000244_01500_d_0000004.jpg,/data/raja/Datasets/VisDrone/VisDrone2019-DET-val/images/0000244_01500_d_0000004.jpg,bus,1,"[0.001003, 0.000451]",1,1,True
0000244_02000_d_0000005.jpg,/data/raja/Datasets/VisDrone/VisDrone2019-DET-val/images/0000244_02000_d_0000005.jpg,van,4,"[0.00717, 0.001418, 0.001273, 0.001148, 0.000382, 0.000233, 0.000189, 0.000104, 6.8e-05]",4 or more,4 or more,True
0000244_02500_d_0000006.jpg,/data/raja/Datasets/VisDrone/VisDrone2019-DET-val/images/0000244_02500_d_0000006.jpg,van,5,"[0.006146, 0.00321, 0.003187, 0.001655, 0.001082, 0.000401, 0.000347, 0.000251, 0.000251, 0.000139, 9.5e-05]",4 or more,4 or more,True
0000244_03000_d_0000007.jpg,/data/raja/Datasets/VisDrone/VisDrone2019-DET-val/images/0000244_03000_d_0000007.jpg,bus,1,[0.001613],1,1,True
0000244_03500_d_0000008.jpg,/data/raja/Datasets/VisDrone/VisDrone2019-DET-val/images/0000244_03500_d_0000008.jpg,awning-tricycle,2,"[0.002546, 0.00135]",2,2,True
0000244_04000_d_0000009.jpg,/data/raja/Datasets/VisDrone/VisDrone2019-DET-val/images/0000244_04000_d_0000009.jpg,motor,1,"[0.002099, 0.000885, 0.000772, 0.000625, 0.000608, 0.000255]",1,1,True
0000244_04400_d_0000010.jpg,/data/raja/Datasets/VisDrone/VisDrone2019-DET-val/images/0000244_04400_d_0000010.jpg,truck,5,"[0.018906, 0.010702, 0.00859, 0.007774, 0.002539]",4 or more,4 or more,True
0000244_04900_d_0000011.jpg,/data/raja/Datasets/VisDrone/VisDrone2019-DET-val/images/0000244_04900_d_0000011.jpg,truck,7,"[0.016875, 0.01331, 0.011285, 0.008611, 0.004657, 0.004074, 0.002801, 0.000648]",4 or more,4 or more,True
0000244_05400_d_0000012.jpg,/data/raja/Datasets/VisDrone/VisDrone2019-DET-val/images/0000244_05400_d_0000012.jpg,tricycle,2,"[0.001319, 0.001076, 0.000851, 8.1e-05, 6.8e-05]",2,2,True
0000244_05900_d_0000013.jpg,/data/raja/Datasets/VisDrone/VisDrone2019-DET-val/images/0000244_05900_d_0000013.jpg,car,5,"[0.001632, 0.001582, 0.001508, 0.001279, 0.001111, 0.000988, 0.000891, 0.000806, 0.000799, 0.000754, 0.00054, 0.000525, 0.000521, 0.000492, 0.000476, 0.000463, 0.000417, 0.000405, 0.000401, 0.000378, 0.000347, 0.000324, 0.000318, 0.000301, 0.000243, 0.000231, 0.000203, 0.000193, 0.000174, 0.000139, 0.000139, 0.000135, 9.5e-05, 8.1e-05, 5.8e-05, 3.9e-05, 3.9e-05, 3.9e-05, 3.9e-05, 3.9e-05, 3.1e-05, 2.3e-05, 2.3e-05]",4 or more,4 or more,True
0000244_06388_d_0000014.jpg,/data/raja/Datasets/VisDrone/VisDrone2019-DET-val/images/0000244_06388_d_0000014.jpg,car,1,"[0.00125, 0.000916, 0.000721, 0.000702, 0.000679, 0.000666, 0.000648, 0.000586, 0.000579, 0.000567, 0.000502, 0.000502, 0.000432, 0.000376, 0.000376, 0.000301, 0.000297, 0.000289, 0.000278, 0.000262, 0.000255, 0.000251, 0.000231, 0.000231, 0.000212, 0.000193, 0.000174, 0.000174, 0.000122, 0.000122, 0.000108, 0.000106, 9.5e-05, 9.3e-05, 4.8e-05]",1,1,True
0000249_00001_d_0000001.jpg,/data/raja/Datasets/VisDrone/VisDrone2019-DET-val/images/0000249_00001_d_0000001.jpg,awning-tricycle,1,[0.001017],1,1,True
0000249_00235_d_0000002.jpg,/data/raja/Datasets/VisDrone/VisDrone2019-DET-val/images/0000249_00235_d_0000002.jpg,car,10,"[0.008384, 0.006846, 0.005556, 0.003403, 0.002755, 0.002296, 0.002033, 0.001458, 0.001302, 0.001119, 0.000976, 0.000972, 0.000733, 0.000696, 0.000656, 0.00059, 0.000525, 0.000486, 0.000367, 0.000365, 0.000301, 0.000278, 0.000193, 0.000191, 0.000154, 0.000139, 0.000123, 0.000108, 8.1e-05, 5.4e-05, 5.4e-05, 4.6e-05, 2.9e-05]",4 or more,4 or more,True
0000249_00603_d_0000003.jpg,/data/raja/Datasets/VisDrone/VisDrone2019-DET-val/images/0000249_00603_d_0000003.jpg,van,3,"[0.006921, 0.003017, 0.001605, 0.000772, 0.00059, 0.000326, 0.000326, 0.000123, 9.5e-05, 4.6e-05]",3,3,True
0000249_01100_d_0000004.jpg,/data/raja/Datasets/VisDrone/VisDrone2019-DET-val/images/0000249_01100_d_0000004.jpg,car,5,"[0.00599, 0.003765, 0.003457, 0.00173, 0.001111, 0.000617, 0.000594, 0.000432, 0.000376, 0.000326, 0.000309, 0.000293, 0.000243, 0.000231, 0.000208, 0.000191, 0.000139]",4 or more,4 or more,True
0000249_01514_d_0000005.jpg,/data/raja/Datasets/VisDrone/VisDrone2019-DET-val/images/0000249_01514_d_0000005.jpg,truck,1,[0.005093],1,1,True
0000249_01635_d_0000006.jpg,/data/raja/Datasets/VisDrone/VisDrone2019-DET-val/images/0000249_01635_d_0000006.jpg,tricycle,1,"[0.001082, 0.00034, 0.000189, 3.9e-05, 1.5e-05]",1,1,True
0000249_02073_d_0000007.jpg,/data/raja/Datasets/VisDrone/VisDrone2019-DET-val/images/0000249_02073_d_0000007.jpg,truck,1,"[0.013623, 0.000108]",1,1,True
0000249_02468_d_0000008.jpg,/data/raja/Datasets/VisDrone/VisDrone2019-DET-val/images/0000249_02468_d_0000008.jpg,tricycle,1,[0.003808],1,1,True
0000249_02900_d_0000009.jpg,/data/raja/Datasets/VisDrone/VisDrone2019-DET-val/images/0000249_02900_d_0000009.jpg,van,1,"[0.001231, 0.000806, 0.000521]",1,1,True
0000249_03400_d_0000010.jpg,/data/raja/Datasets/VisDrone/VisDrone2019-DET-val/images/0000249_03400_d_0000010.jpg,car,19,"[0.013021, 0.004774, 0.004261, 0.004064, 0.003461, 0.003231, 0.003148, 0.002546, 0.002222, 0.002199, 0.001998, 0.001904, 0.001902, 0.001813, 0.001775, 0.001563, 0.001562, 0.001181, 0.001142, 0.000937, 0.000781, 0.00071, 0.00066, 0.000625, 0.000625, 0.000573, 0.000521, 0.000486, 0.000482, 0.000451, 0.000424, 0.000405, 0.000351, 0.000347, 0.000301, 0.000301, 0.000301, 0.000301, 0.000255, 0.000251, 0.000233, 0.000212, 0.000193, 0.000123, 0.000122, 0.000108]",4 or more,4 or more,True
0000249_03900_d_0000011.jpg,/data/raja/Datasets/VisDrone/VisDrone2019-DET-val/images/0000249_03900_d_0000011.jpg,truck,2,"[0.005903, 0.002546, 0.000972, 0.000602, 0.000347, 0.00027, 0.000191]",2,2,True
0000253_00001_d_0000001.jpg,/data/raja/Datasets/VisDrone/VisDrone2019-DET-val/images/0000253_00001_d_0000001.jpg,bus,1,[0.001053],1,1,True
0000256_00715_d_0000019.jpg,/data/raja/Datasets/VisDrone/VisDrone2019-DET-val/images/0000256_00715_d_0000019.jpg,bus,3,"[0.01138, 0.004758, 0.004567, 0.000623]",3,3,True
0000256_02173_d_0000030.jpg,/data/raja/Datasets/VisDrone/VisDrone2019-DET-val/images/0000256_02173_d_0000030.jpg,car,6,"[0.012209, 0.0017, 0.001216, 0.001153, 0.001153, 0.001076, 0.000995, 0.000973, 0.000888, 0.000882, 0.000867, 0.000437, 0.000384, 0.000288, 0.000277, 0.000196, 0.000183]",4 or more,4 or more,True
0000263_02401_d_0000179.jpg,/data/raja/Datasets/VisDrone/VisDrone2019-DET-val/images/0000263_02401_d_0000179.jpg,car,9,"[0.013544, 0.010458, 0.009389, 0.008725, 0.007843, 0.005392, 0.005087, 0.003176, 0.001861]",4 or more,4 or more,True
0000269_00001_d_0000348.jpg,/data/raja/Datasets/VisDrone/VisDrone2019-DET-val/images/0000269_00001_d_0000348.jpg,tricycle,1,"[0.003811, 0.000196, 0.000115, 3.4e-05, 1.9e-05]",1,1,True
0000269_00201_d_0000349.jpg,/data/raja/Datasets/VisDrone/VisDrone2019-DET-val/images/0000269_00201_d_0000349.jpg,van,1,"[0.001863, 0.000545, 0.000475, 0.000475]",1,1,True
0000269_00601_d_0000351.jpg,/data/raja/Datasets/VisDrone/VisDrone2019-DET-val/images/0000269_00601_d_0000351.jpg,motor,1,"[0.001144, 0.000577, 0.000415, 0.000296, 0.00013, 6.3e-05, 4.6e-05]",1,1,True
0000271_00001_d_0000374.jpg,/data/raja/Datasets/VisDrone/VisDrone2019-DET-val/images/0000271_00001_d_0000374.jpg,awning-tricycle,1,[0.002368],1,1,True
0000271_00201_d_0000375.jpg,/data/raja/Datasets/VisDrone/VisDrone2019-DET-val/images/0000271_00201_d_0000375.jpg,awning-tricycle,3,"[0.006234, 0.003124, 0.002499]",3,3,True
0000271_00401_d_0000376.jpg,/data/raja/Datasets/VisDrone/VisDrone2019-DET-val/images/0000271_00401_d_0000376.jpg,truck,4,"[0.005784, 0.004552, 0.003072, 0.002286, 0.000669]",4 or more,4 or more,True
0000271_00601_d_0000377.jpg,/data/raja/Datasets/VisDrone/VisDrone2019-DET-val/images/0000271_00601_d_0000377.jpg,pedestrian,1,"[0.00113, 0.000827, 0.000818, 0.000711, 0.000709, 0.000588, 0.0005, 0.000477, 0.000446, 0.000404, 0.000337, 0.000311, 0.000298, 0.00026, 0.000231, 0.000225, 0.000173, 0.000173, 0.000169, 0.000164, 0.000161, 0.000146, 0.000146, 0.000141, 0.000121, 0.000114, 5.3e-05, 4.6e-05]",1,1,True
0000271_00801_d_0000378.jpg,/data/raja/Datasets/VisDrone/VisDrone2019-DET-val/images/0000271_00801_d_0000378.jpg,car,7,"[0.00545, 0.00406, 0.003578, 0.002686, 0.00268, 0.002067, 0.001246, 0.00084, 0.000807, 0.000754, 0.000464, 0.000402, 0.000384, 0.000384, 0.000308, 0.000278, 0.000277, 0.000173]",4 or more,4 or more,True
0000271_01201_d_0000379.jpg,/data/raja/Datasets/VisDrone/VisDrone2019-DET-val/images/0000271_01201_d_0000379.jpg,bicycle,1,"[0.001692, 0.00074, 0.000673, 0.000296, 0.000195, 0.000112]",1,1,True
0000271_01401_d_0000380.jpg,/data/raja/Datasets/VisDrone/VisDrone2019-DET-val/images/0000271_01401_d_0000380.jpg,van,2,"[0.003513, 0.001724]",2,2,True
0000271_01601_d_0000381.jpg,/data/raja/Datasets/VisDrone/VisDrone2019-DET-val/images/0000271_01601_d_0000381.jpg,car,6,"[0.009334, 0.006298, 0.004965, 0.001144, 0.001096, 0.001004, 0.000888, 0.000788, 0.000486, 0.000408, 0.000384, 0.000363, 0.00031, 0.00031, 0.000288, 0.000278]",4 or more,4 or more,True
0000271_02401_d_0000385.jpg,/data/raja/Datasets/VisDrone/VisDrone2019-DET-val/images/0000271_02401_d_0000385.jpg,motor,2,"[0.002345, 0.001132, 0.000889, 0.000481, 0.000219, 0.000196, 0.000148, 0.000123, 5.8e-05]",2,2,True
0000271_02601_d_0000386.jpg,/data/raja/Datasets/VisDrone/VisDrone2019-DET-val/images/0000271_02601_d_0000386.jpg,truck,4,"[0.001899, 0.001581, 0.001081, 0.001009, 0.001, 0.00096, 0.000937, 0.000865, 0.000796, 0.000774, 0.000669, 0.000666, 0.000575]",4 or more,4 or more,True
0000271_03001_d_0000387.jpg,/data/raja/Datasets/VisDrone/VisDrone2019-DET-val/images/0000271_03001_d_0000387.jpg,van,1,"[0.00115, 0.000577, 0.000323]",1,1,True
0000271_03801_d_0000391.jpg,/data/raja/Datasets/VisDrone/VisDrone2019-DET-val/images/0000271_03801_d_0000391.jpg,van,2,"[0.005216, 0.004848, 0.000715, 0.000649, 0.000343]",2,2,True
0000271_04401_d_0000394.jpg,/data/raja/Datasets/VisDrone/VisDrone2019-DET-val/images/0000271_04401_d_0000394.jpg,truck,5,"[0.011004, 0.008135, 0.006828, 0.003391, 0.001012, 0.000738, 0.000212]",4 or more,4 or more,True
0000271_04801_d_0000396.jpg,/data/raja/Datasets/VisDrone/VisDrone2019-DET-val/images/0000271_04801_d_0000396.jpg,motor,1,"[0.001892, 0.00026, 0.000242, 0.000233, 0.000115, 9.8e-05, 8.7e-05]",1,1,True
0000271_05001_d_0000397.jpg,/data/raja/Datasets/VisDrone/VisDrone2019-DET-val/images/0000271_05001_d_0000397.jpg,car,4,"[0.013965, 0.008189, 0.002768, 0.001373, 0.000953, 0.000767, 0.0006, 0.000577, 0.000486, 0.000476, 0.000311, 0.000277, 0.000261]",4 or more,4 or more,True
0000271_05201_d_0000398.jpg,/data/raja/Datasets/VisDrone/VisDrone2019-DET-val/images/0000271_05201_d_0000398.jpg,pedestrian,2,"[0.001175, 0.001153, 0.000895, 0.000431, 0.000208, 0.000161, 0.000135]",2,2,True
0000271_05401_d_0000399.jpg,/data/raja/Datasets/VisDrone/VisDrone2019-DET-val/images/0000271_05401_d_0000399.jpg,van,2,"[0.015294, 0.002749, 0.0004, 0.000398, 0.000381]",2,2,True
0000271_05601_d_0000400.jpg,/data/raja/Datasets/VisDrone/VisDrone2019-DET-val/images/0000271_05601_d_0000400.jpg,truck,1,"[0.001671, 0.000721]",1,1,True
0000271_05801_d_0000401.jpg,/data/raja/Datasets/VisDrone/VisDrone2019-DET-val/images/0000271_05801_d_0000401.jpg,truck,1,[0.005173],1,1,True
0000271_06001_d_0000402.jpg,/data/raja/Datasets/VisDrone/VisDrone2019-DET-val/images/0000271_06001_d_0000402.jpg,tricycle,1,[0.001355],1,1,True
0000271_06201_d_0000403.jpg,/data/raja/Datasets/VisDrone/VisDrone2019-DET-val/images/0000271_06201_d_0000403.jpg,motor,11,"[0.002049, 0.002042, 0.00183, 0.001713, 0.001695, 0.001661, 0.00149, 0.001364, 0.001311, 0.001142, 0.0011, 0.00095, 0.000749, 0.000538, 0.000332, 0.000303, 0.000245, 0.000212, 0.000187, 8.7e-05, 8.1e-05]",4 or more,4 or more,True
0000271_06401_d_0000404.jpg,/data/raja/Datasets/VisDrone/VisDrone2019-DET-val/images/0000271_06401_d_0000404.jpg,bicycle,1,"[0.001639, 0.000159]",1,1,True
0000271_06601_d_0000405.jpg,/data/raja/Datasets/VisDrone/VisDrone2019-DET-val/images/0000271_06601_d_0000405.jpg,pedestrian,1,"[0.001523, 0.000657, 0.000588, 0.000569, 0.000492, 0.000328, 0.00026, 0.000254, 0.000243, 0.000234, 0.000222, 0.000208, 0.000199, 0.000192, 0.000192, 0.000161, 0.000138]",1,1,True
0000271_06801_d_0000406.jpg,/data/raja/Datasets/VisDrone/VisDrone2019-DET-val/images/0000271_06801_d_0000406.jpg,van,2,"[0.004412, 0.00263]",2,2,True
0000271_07001_d_0000407.jpg,/data/raja/Datasets/VisDrone/VisDrone2019-DET-val/images/0000271_07001_d_0000407.jpg,tricycle,1,[0.002845],1,1,True
0000271_07201_d_0000408.jpg,/data/raja/Datasets/VisDrone/VisDrone2019-DET-val/images/0000271_07201_d_0000408.jpg,bicycle,1,[0.00124],1,1,True
0000271_07401_d_0000409.jpg,/data/raja/Datasets/VisDrone/VisDrone2019-DET-val/images/0000271_07401_d_0000409.jpg,motor,1,"[0.001972, 0.000626, 0.000425, 0.000375, 0.000112]",1,1,True
0000273_05601_d_0000466.jpg,/data/raja/Datasets/VisDrone/VisDrone2019-DET-val/images/0000273_05601_d_0000466.jpg,truck,7,"[0.015744, 0.006735, 0.006615, 0.003797, 0.003399, 0.001803, 0.001015]",4 or more,4 or more,True
0000276_00001_d_0000507.jpg,/data/raja/Datasets/VisDrone/VisDrone2019-DET-val/images/0000276_00001_d_0000507.jpg,car,5,"[0.004216, 0.004164, 0.002561, 0.002386, 0.001384, 0.000649, 0.000646, 0.00055, 0.000538, 0.0005, 0.000343, 0.000278]",4 or more,4 or more,True
0000276_00401_d_0000509.jpg,/data/raja/Datasets/VisDrone/VisDrone2019-DET-val/images/0000276_00401_d_0000509.jpg,tricycle,1,"[0.001138, 0.000121]",1,1,True
0000276_00601_d_0000510.jpg,/data/raja/Datasets/VisDrone/VisDrone2019-DET-val/images/0000276_00601_d_0000510.jpg,awning-tricycle,1,"[0.004095, 0.0002]",1,1,True
0000276_01001_d_0000512.jpg,/data/raja/Datasets/VisDrone/VisDrone2019-DET-val/images/0000276_01001_d_0000512.jpg,van,1,"[0.002418, 0.000148, 7.4e-05, 6.1e-05]",1,1,True
0000276_01201_d_0000513.jpg,/data/raja/Datasets/VisDrone/VisDrone2019-DET-val/images/0000276_01201_d_0000513.jpg,car,4,"[0.006574, 0.005345, 0.004152, 0.004046, 0.000423, 0.000311, 0.000208, 0.000115, 0.000115, 9.5e-05, 6.1e-05]",4 or more,4 or more,True
0000276_01401_d_0000514.jpg,/data/raja/Datasets/VisDrone/VisDrone2019-DET-val/images/0000276_01401_d_0000514.jpg,van,1,"[0.002403, 0.000673, 7.8e-05, 1.5e-05]",1,1,True
0000276_01801_d_0000516.jpg,/data/raja/Datasets/VisDrone/VisDrone2019-DET-val/images/0000276_01801_d_0000516.jpg,truck,2,"[0.01387, 0.007032, 0.000807, 0.000519, 9.5e-05, 6.1e-05, 3.4e-05]",2,2,True
0000276_02201_d_0000518.jpg,/data/raja/Datasets/VisDrone/VisDrone2019-DET-val/images/0000276_02201_d_0000518.jpg,car,2,"[0.003737, 0.0012, 0.00065, 0.000529, 0.000381, 0.000188, 0.000159, 0.000138, 0.000127, 0.000106, 9.5e-05, 8.7e-05, 8.7e-05, 7.7e-05, 6.9e-05, 6.1e-05, 5.4e-05, 4.7e-05, 3.8e-05, 3.5e-05, 3.4e-05]",2,2,True
0000276_02401_d_0000519.jpg,/data/raja/Datasets/VisDrone/VisDrone2019-DET-val/images/0000276_02401_d_0000519.jpg,car,1,"[0.004663, 0.000805, 0.000447, 0.000362, 0.000337, 0.000329, 0.00025, 0.000154, 0.00015, 0.00015, 0.000138, 0.000138, 0.000137, 9.5e-05, 8.7e-05, 6.7e-05, 6.1e-05, 5.8e-05, 5.4e-05, 4.7e-05, 4.6e-05, 4.6e-05, 4.6e-05, 4e-05, 4e-05, 4e-05, 4e-05, 3.5e-05, 2.4e-05]",1,1,True
0000276_02601_d_0000520.jpg,/data/raja/Datasets/VisDrone/VisDrone2019-DET-val/images/0000276_02601_d_0000520.jpg,truck,4,"[0.005935, 0.003599, 0.003235, 0.002232, 0.000493, 0.000245, 0.000212, 0.0002]",4 or more,4 or more,True
0000276_02801_d_0000521.jpg,/data/raja/Datasets/VisDrone/VisDrone2019-DET-val/images/0000276_02801_d_0000521.jpg,truck,3,"[0.035899, 0.013529, 0.007065, 0.000507, 0.000438, 0.000317, 0.000288]",3,3,True
0000276_03001_d_0000522.jpg,/data/raja/Datasets/VisDrone/VisDrone2019-DET-val/images/0000276_03001_d_0000522.jpg,car,5,"[0.005275, 0.003113, 0.001776, 0.001581, 0.001047, 0.000738, 0.00073, 0.000507, 0.000404, 0.000376, 0.0003, 0.000188, 0.000187, 0.00015, 0.000137, 0.000137, 0.000127, 9.5e-05, 7.8e-05, 6.9e-05, 5.2e-05, 4.6e-05]",4 or more,4 or more,True
0000276_03201_d_0000523.jpg,/data/raja/Datasets/VisDrone/VisDrone2019-DET-val/images/0000276_03201_d_0000523.jpg,car,3,"[0.004429, 0.003923, 0.00253, 0.000575, 0.000219, 0.000208, 0.000187, 0.000175, 0.000175, 0.000173, 0.000138, 0.000137, 7.7e-05, 4.6e-05, 4e-05, 2.3e-05, 1.2e-05]",3,3,True
0000276_03401_d_0000524.jpg,/data/raja/Datasets/VisDrone/VisDrone2019-DET-val/images/0000276_03401_d_0000524.jpg,car,5,"[0.009174, 0.005046, 0.003902, 0.002157, 0.001845, 0.000727, 0.000519, 0.000507, 0.000442, 0.000425, 0.000425, 0.00042, 0.000402, 0.000346, 0.000325, 0.00031, 0.000261, 0.000229, 0.000161, 0.000125, 9.5e-05, 9.2e-05, 7.8e-05, 7.8e-05, 7.8e-05, 6.1e-05, 4.3e-05]",4 or more,4 or more,True
0000276_03601_d_0000525.jpg,/data/raja/Datasets/VisDrone/VisDrone2019-DET-val/images/0000276_03601_d_0000525.jpg,van,1,"[0.007172, 0.000825, 0.000212, 0.000187]",1,1,True
0000276_03801_d_0000526.jpg,/data/raja/Datasets/VisDrone/VisDrone2019-DET-val/images/0000276_03801_d_0000526.jpg,truck,8,"[0.012732, 0.002732, 0.001984, 0.001907, 0.001699, 0.0016, 0.001393, 0.001251, 0.000813, 0.000692]",4 or more,4 or more,True
0000276_04001_d_0000527.jpg,/data/raja/Datasets/VisDrone/VisDrone2019-DET-val/images/0000276_04001_d_0000527.jpg,bus,1,[0.002422],1,1,True
0000276_04201_d_0000528.jpg,/data/raja/Datasets/VisDrone/VisDrone2019-DET-val/images/0000276_04201_d_0000528.jpg,truck,10,"[0.069239, 0.044533, 0.020319, 0.015079, 0.014083, 0.007232, 0.003402, 0.002537, 0.002252, 0.002163, 0.000749]",4 or more,4 or more,True
0000276_04401_d_0000529.jpg,/data/raja/Datasets/VisDrone/VisDrone2019-DET-val/images/0000276_04401_d_0000529.jpg,truck,6,"[0.106863, 0.053129, 0.025029, 0.021623, 0.01192, 0.004237, 0.000834]",4 or more,4 or more,True
0000276_04601_d_0000530.jpg,/data/raja/Datasets/VisDrone/VisDrone2019-DET-val/images/0000276_04601_d_0000530.jpg,truck,1,"[0.008599, 0.000415, 0.000277]",1,1,True
0000276_04801_d_0000531.jpg,/data/raja/Datasets/VisDrone/VisDrone2019-DET-val/images/0000276_04801_d_0000531.jpg,truck,3,"[0.03431, 0.002205, 0.001928]",3,3,True
0000276_05001_d_0000532.jpg,/data/raja/Datasets/VisDrone/VisDrone2019-DET-val/images/0000276_05001_d_0000532.jpg,car,2,"[0.004037, 0.001471, 0.00075, 0.000278, 0.000138, 0.000116, 8.7e-05]",2,2,True
0000276_05201_d_0000533.jpg,/data/raja/Datasets/VisDrone/VisDrone2019-DET-val/images/0000276_05201_d_0000533.jpg,car,3,"[0.011442, 0.008697, 0.002653, 0.000294, 0.000277, 5.4e-05]",3,3,True
0000276_06001_d_0000537.jpg,/data/raja/Datasets/VisDrone/VisDrone2019-DET-val/images/0000276_06001_d_0000537.jpg,truck,1,"[0.005482, 0.000992, 0.0006, 0.000423, 4.6e-05]",1,1,True
0000277_00001_d_0000539.jpg,/data/raja/Datasets/VisDrone/VisDrone2019-DET-val/images/0000277_00001_d_0000539.jpg,motor,1,"[0.001272, 0.000834, 0.000376, 0.000363, 0.000161, 3.1e-05, 2.3e-05, 1.9e-05, 1e-05]",1,1,True
0000277_00201_d_0000540.jpg,/data/raja/Datasets/VisDrone/VisDrone2019-DET-val/images/0000277_00201_d_0000540.jpg,car,28,"[0.010496, 0.006471, 0.006048, 0.005438, 0.004794, 0.004152, 0.004023, 0.003997, 0.003316, 0.00326, 0.002564, 0.002491, 0.002485, 0.002484, 0.002456, 0.002062, 0.002035, 0.001999, 0.001756, 0.001667, 0.001648, 0.001562, 0.001379, 0.00124, 0.001142, 0.00113, 0.001067, 0.001003, 0.00092, 0.00075, 0.000673, 0.000615, 0.000507, 0.000431, 0.000402, 0.000375, 0.00036, 0.000359, 0.000354, 0.000354, 0.000323, 0.00031, 0.000292, 0.000254, 0.000161, 0.000138, 0.000138, 0.000135, 0.000104, 9.6e-05, 5.4e-05]",4 or more,4 or more,True
0000277_00401_d_0000541.jpg,/data/raja/Datasets/VisDrone/VisDrone2019-DET-val/images/0000277_00401_d_0000541.jpg,van,3,"[0.002059, 0.001935, 0.001649, 0.00098, 0.000888, 0.000493, 0.000418, 0.00039, 0.00035, 0.000327, 0.000229, 0.000185, 0.000161, 9.5e-05]",3,3,True
0000277_01401_d_0000546.jpg,/data/raja/Datasets/VisDrone/VisDrone2019-DET-val/images/0000277_01401_d_0000546.jpg,people,2,"[0.001868, 0.001479, 0.000868, 0.000458, 5.8e-05, 4.3e-05, 3.4e-05]",2,2,True
0000277_01601_d_0000547.jpg,/data/raja/Datasets/VisDrone/VisDrone2019-DET-val/images/0000277_01601_d_0000547.jpg,motor,2,"[0.007962, 0.002794, 0.000557, 0.000245, 0.000104]",2,2,True
0000277_01801_d_0000548.jpg,/data/raja/Datasets/VisDrone/VisDrone2019-DET-val/images/0000277_01801_d_0000548.jpg,truck,2,"[0.004706, 0.001084, 0.000533, 0.000288, 0.000254, 0.000188, 0.000175]",2,2,True
0000277_02001_d_0000549.jpg,/data/raja/Datasets/VisDrone/VisDrone2019-DET-val/images/0000277_02001_d_0000549.jpg,van,5,"[0.01385, 0.009125, 0.002018, 0.001943, 0.001194, 0.000725, 0.00053]",4 or more,4 or more,True
0000277_02201_d_0000550.jpg,/data/raja/Datasets/VisDrone/VisDrone2019-DET-val/images/0000277_02201_d_0000550.jpg,car,28,"[0.038002, 0.023558, 0.020591, 0.006436, 0.006044, 0.004983, 0.004517, 0.004498, 0.003485, 0.003283, 0.003149, 0.002999, 0.002884, 0.002451, 0.002414, 0.002125, 0.002111, 0.002047, 0.002018, 0.001807, 0.001769, 0.001476, 0.001424, 0.001399, 0.001211, 0.001121, 0.0011, 0.00109, 0.000915, 0.000787, 0.000761, 0.000697, 0.000637, 0.000597, 0.000585, 0.000484, 0.000457, 0.000446, 0.000363, 0.0002]",4 or more,4 or more,True
0000277_02401_d_0000551.jpg,/data/raja/Datasets/VisDrone/VisDrone2019-DET-val/images/0000277_02401_d_0000551.jpg,pedestrian,1,"[0.002347, 0.000476, 0.000363, 0.000288, 0.00024, 0.000211, 0.000141, 0.000121, 9.8e-05, 8.1e-05, 7.7e-05, 2e-05]",1,1,True
0000277_02601_d_0000552.jpg,/data/raja/Datasets/VisDrone/VisDrone2019-DET-val/images/0000277_02601_d_0000552.jpg,van,2,"[0.014802, 0.007959, 0.000788, 0.000767, 0.000505, 0.000185, 0.000161]",2,2,True
0000277_03201_d_0000554.jpg,/data/raja/Datasets/VisDrone/VisDrone2019-DET-val/images/0000277_03201_d_0000554.jpg,car,23,"[0.00505, 0.004483, 0.003382, 0.003218, 0.002947, 0.002934, 0.002845, 0.002707, 0.002666, 0.002325, 0.002184, 0.002056, 0.001765, 0.001669, 0.001562, 0.001471, 0.001466, 0.001442, 0.001384, 0.001371, 0.001364, 0.001349, 0.001033, 0.000968, 0.000913, 0.000904, 0.000888, 0.000796, 0.000796, 0.000677, 0.000661, 0.000475, 0.000474, 0.000438, 0.00035, 0.000317, 0.000269, 0.000254, 0.000231, 0.000182, 0.000164, 0.000104, 0.000104]",4 or more,4 or more,True
0000277_03401_d_0000555.jpg,/data/raja/Datasets/VisDrone/VisDrone2019-DET-val/images/0000277_03401_d_0000555.jpg,people,3,"[0.002885, 0.002018, 0.001105, 0.000562, 0.000519, 0.000375, 0.00024, 0.000123, 8.7e-05]",3,3,True
0000277_03601_d_0000556.jpg,/data/raja/Datasets/VisDrone/VisDrone2019-DET-val/images/0000277_03601_d_0000556.jpg,tricycle,1,[0.002676],1,1,True
0000277_04001_d_0000558.jpg,/data/raja/Datasets/VisDrone/VisDrone2019-DET-val/images/0000277_04001_d_0000558.jpg,pedestrian,3,"[0.001171, 0.001083, 0.001061, 0.000986, 0.000848, 0.000846, 0.000784, 0.000768, 0.000649, 0.000646, 0.00062, 0.000605, 0.000562, 0.000562, 0.000537, 0.000525, 0.000498, 0.000497, 0.000492, 0.000492, 0.000461, 0.000458, 0.000423, 0.00039, 0.000358, 0.000231]",3,3,True
0000277_04201_d_0000559.jpg,/data/raja/Datasets/VisDrone/VisDrone2019-DET-val/images/0000277_04201_d_0000559.jpg,pedestrian,2,"[0.001175, 0.001036, 0.000923, 0.000895, 0.000858, 0.00085, 0.000846, 0.000833, 0.000828, 0.000813, 0.0008, 0.000788, 0.000779, 0.000706, 0.000706, 0.000706, 0.000677, 0.000657, 0.000657, 0.000646, 0.000646, 0.000634, 0.000619, 0.000605, 0.000542, 0.000537, 0.000533, 0.000508, 0.00049, 0.000471, 0.000412, 0.000362, 0.000327, 0.000323]",2,2,True
0000277_04401_d_0000560.jpg,/data/raja/Datasets/VisDrone/VisDrone2019-DET-val/images/0000277_04401_d_0000560.jpg,truck,1,[0.001017],1,1,True
0000277_04601_d_0000561.jpg,/data/raja/Datasets/VisDrone/VisDrone2019-DET-val/images/0000277_04601_d_0000561.jpg,car,28,"[0.038201, 0.009273, 0.006851, 0.00633, 0.005761, 0.003449, 0.003379, 0.003153, 0.003076, 0.002987, 0.002956, 0.002632, 0.002624, 0.002495, 0.002315, 0.002145, 0.002059, 0.002056, 0.001812, 0.001722, 0.001642, 0.001507, 0.001442, 0.001282, 0.001151, 0.001078, 0.001075, 0.00105, 0.00098, 0.000875, 0.000848, 0.000818, 0.000779, 0.000752, 0.00064, 0.000519, 0.000484, 0.000481, 0.000475, 0.000458, 0.000447, 0.000408, 0.000362, 0.000354, 0.000325, 0.000323, 0.000264, 0.000237, 0.000219, 0.000208, 0.0002, 0.000196, 0.000192, 0.00019, 0.000187, 0.000187, 0.000138, 0.000135, 8.1e-05]",4 or more,4 or more,True
0000277_05001_d_0000562.jpg,/data/raja/Datasets/VisDrone/VisDrone2019-DET-val/images/0000277_05001_d_0000562.jpg,van,1,"[0.004152, 0.000884, 0.0005]",1,1,True
0000280_00001_d_0000612.jpg,/data/raja/Datasets/VisDrone/VisDrone2019-DET-val/images/0000280_00001_d_0000612.jpg,tricycle,1,"[0.00405, 0.000846, 0.000377, 0.000175]",1,1,True
0000280_00201_d_0000613.jpg,/data/raja/Datasets/VisDrone/VisDrone2019-DET-val/images/0000280_00201_d_0000613.jpg,bicycle,1,[0.001346],1,1,True
0000280_00401_d_0000614.jpg,/data/raja/Datasets/VisDrone/VisDrone2019-DET-val/images/0000280_00401_d_0000614.jpg,pedestrian,2,"[0.001479, 0.001275, 0.000505, 0.000298, 0.000285, 0.000177, 0.000169, 0.000156, 0.000156, 0.000154]",2,2,True
0000280_00601_d_0000615.jpg,/data/raja/Datasets/VisDrone/VisDrone2019-DET-val/images/0000280_00601_d_0000615.jpg,tricycle,1,"[0.001488, 0.000212]",1,1,True
0000280_00801_d_0000616.jpg,/data/raja/Datasets/VisDrone/VisDrone2019-DET-val/images/0000280_00801_d_0000616.jpg,people,4,"[0.002422, 0.002149, 0.001399, 0.001116, 0.000694, 0.000654, 0.000523, 0.0004, 0.000245, 0.000231, 0.000208, 0.000146, 0.000121]",4 or more,4 or more,True
0000280_01001_d_0000617.jpg,/data/raja/Datasets/VisDrone/VisDrone2019-DET-val/images/0000280_01001_d_0000617.jpg,pedestrian,1,"[0.001163, 0.000761, 0.000654, 0.000591, 0.0005, 0.000392, 0.000182, 0.000173, 0.000169, 0.000141, 0.000121, 0.000114, 0.000108, 0.000108]",1,1,True
0000280_01201_d_0000618.jpg,/data/raja/Datasets/VisDrone/VisDrone2019-DET-val/images/0000280_01201_d_0000618.jpg,van,2,"[0.015724, 0.001046, 0.000398, 0.000363, 0.000231, 0.000216, 0.000215, 0.000175]",2,2,True
0000280_01401_d_0000619.jpg,/data/raja/Datasets/VisDrone/VisDrone2019-DET-val/images/0000280_01401_d_0000619.jpg,pedestrian,5,"[0.002697, 0.001413, 0.00122, 0.001142, 0.001015, 0.000875, 0.000706, 0.000654, 0.000606, 0.000519, 0.000375, 0.00035, 0.000346, 0.000309, 0.000307, 0.000222, 0.000202, 0.00019, 0.000182]",4 or more,4 or more,True
0000280_01601_d_0000620.jpg,/data/raja/Datasets/VisDrone/VisDrone2019-DET-val/images/0000280_01601_d_0000620.jpg,people,1,"[0.001466, 0.000992, 0.00039, 0.000337, 0.000192, 0.000154, 8.7e-05]",1,1,True
0000280_01801_d_0000621.jpg,/data/raja/Datasets/VisDrone/VisDrone2019-DET-val/images/0000280_01801_d_0000621.jpg,car,17,"[0.015014, 0.009262, 0.007951, 0.006828, 0.005903, 0.003983, 0.003735, 0.003626, 0.003099, 0.002411, 0.002163, 0.001863, 0.001364, 0.001274, 0.001153, 0.001153, 0.001087, 0.000865, 0.00083, 0.000779, 0.0007, 0.000634, 0.000634, 0.000625, 0.000554, 0.000553, 0.000545, 0.000533, 0.000531, 0.000384, 0.000381, 0.000363, 0.000311, 0.000292, 0.000288, 0.000245, 0.000245, 0.000245, 0.000229, 0.000229, 0.000215, 0.000215, 0.000212, 0.000161, 0.000161, 0.000148, 0.000148, 0.000138, 0.000138, 0.000137, 0.000116, 0.000115, 0.000106, 9.6e-05, 9.6e-05, 9.5e-05, 8.7e-05, 8.7e-05, 6.9e-05, 5.4e-05, 4.6e-05, 3.5e-05, 3.5e-05]",4 or more,4 or more,True
0000280_02001_d_0000622.jpg,/data/raja/Datasets/VisDrone/VisDrone2019-DET-val/images/0000280_02001_d_0000622.jpg,bicycle,1,"[0.001413, 0.000277]",1,1,True
0000280_02201_d_0000623.jpg,/data/raja/Datasets/VisDrone/VisDrone2019-DET-val/images/0000280_02201_d_0000623.jpg,van,1,[0.003933],1,1,True
0000280_02401_d_0000624.jpg,/data/raja/Datasets/VisDrone/VisDrone2019-DET-val/images/0000280_02401_d_0000624.jpg,car,13,"[0.012771, 0.007718, 0.006344, 0.005584, 0.005118, 0.00336, 0.003028, 0.002453, 0.002403, 0.002076, 0.001274, 0.001047, 0.001038, 0.000942, 0.000875, 0.000846, 0.000663, 0.000597, 0.000525, 0.000507, 0.00039, 0.000292, 0.000216, 0.00015, 0.000137, 9.6e-05, 8.7e-05, 8.7e-05, 8.5e-05, 7.8e-05, 5.4e-05, 5.3e-05, 4e-05, 3.5e-05, 2.3e-05]",4 or more,4 or more,True
0000280_02601_d_0000625.jpg,/data/raja/Datasets/VisDrone/VisDrone2019-DET-val/images/0000280_02601_d_0000625.jpg,van,1,"[0.005065, 6.1e-05]",1,1,True
0000280_02801_d_0000626.jpg,/data/raja/Datasets/VisDrone/VisDrone2019-DET-val/images/0000280_02801_d_0000626.jpg,motor,2,"[0.001177, 0.001033, 0.000317, 0.000201, 0.000192, 0.000185, 0.000147, 8.1e-05]",2,2,True
0000280_03001_d_0000627.jpg,/data/raja/Datasets/VisDrone/VisDrone2019-DET-val/images/0000280_03001_d_0000627.jpg,van,6,"[0.002952, 0.00292, 0.001999, 0.001626, 0.001615, 0.001522, 0.000779, 0.000384, 0.000215]",4 or more,4 or more,True
0000280_03201_d_0000628.jpg,/data/raja/Datasets/VisDrone/VisDrone2019-DET-val/images/0000280_03201_d_0000628.jpg,bus,1,[0.00143],1,1,True
0000280_03401_d_0000629.jpg,/data/raja/Datasets/VisDrone/VisDrone2019-DET-val/images/0000280_03401_d_0000629.jpg,motor,1,"[0.001201, 0.000884, 0.000646, 0.000408, 0.000392, 0.000287, 0.000283, 0.000265, 0.000123, 3.5e-05, 1.4e-05]",1,1,True
0000283_00401_d_0000676.jpg,/data/raja/Datasets/VisDrone/VisDrone2019-DET-val/images/0000283_00401_d_0000676.jpg,car,3,"[0.014111, 0.003819, 0.003735, 0.000191]",3,3,True
0000283_00601_d_0000677.jpg,/data/raja/Datasets/VisDrone/VisDrone2019-DET-val/images/0000283_00601_d_0000677.jpg,truck,1,"[0.001085, 0.000263]",1,1,True
0000283_00801_d_0000678.jpg,/data/raja/Datasets/VisDrone/VisDrone2019-DET-val/images/0000283_00801_d_0000678.jpg,car,1,"[0.001133, 0.000362, 5.3e-05, 5.2e-05, 4.3e-05, 2.7e-05, 2.7e-05, 1.4e-05]",1,1,True
0000283_01001_d_0000679.jpg,/data/raja/Datasets/VisDrone/VisDrone2019-DET-val/images/0000283_01001_d_0000679.jpg,car,1,"[0.006366, 0.000666, 0.000621, 0.00059]",1,1,True
0000287_00001_d_0000759.jpg,/data/raja/Datasets/VisDrone/VisDrone2019-DET-val/images/0000287_00001_d_0000759.jpg,truck,1,[0.001394],1,1,True
0000287_00201_d_0000760.jpg,/data/raja/Datasets/VisDrone/VisDrone2019-DET-val/images/0000287_00201_d_0000760.jpg,motor,5,"[0.003344, 0.002866, 0.001951, 0.001845, 0.001453, 0.000804]",4 or more,4 or more,True
0000287_00401_d_0000761.jpg,/data/raja/Datasets/VisDrone/VisDrone2019-DET-val/images/0000287_00401_d_0000761.jpg,van,1,"[0.002166, 0.000625]",1,1,True
0000287_00601_d_0000762.jpg,/data/raja/Datasets/VisDrone/VisDrone2019-DET-val/images/0000287_00601_d_0000762.jpg,motor,1,"[0.00143, 0.000796, 0.0002, 5.8e-05, 5.8e-05, 4.8e-05]",1,1,True
0000287_00801_d_0000763.jpg,/data/raja/Datasets/VisDrone/VisDrone2019-DET-val/images/0000287_00801_d_0000763.jpg,awning-tricycle,1,"[0.001661, 0.000475]",1,1,True
0000287_01001_d_0000764.jpg,/data/raja/Datasets/VisDrone/VisDrone2019-DET-val/images/0000287_01001_d_0000764.jpg,tricycle,2,"[0.003806, 0.002484, 0.000135]",2,2,True
0000287_01201_d_0000765.jpg,/data/raja/Datasets/VisDrone/VisDrone2019-DET-val/images/0000287_01201_d_0000765.jpg,van,3,"[0.009051, 0.00203, 0.001315, 0.000983, 0.000481, 0.000423, 0.000202, 6.7e-05]",3,3,True
0000287_01401_d_0000766.jpg,/data/raja/Datasets/VisDrone/VisDrone2019-DET-val/images/0000287_01401_d_0000766.jpg,car,11,"[0.008058, 0.005625, 0.0054, 0.002598, 0.001978, 0.001968, 0.001636, 0.001561, 0.001384, 0.00134, 0.001142, 0.000701, 0.000692, 0.000601, 0.0005, 0.000404, 0.000381, 0.000375, 0.000329, 0.000294, 0.000277, 0.000277, 0.000269, 0.000231, 0.000231, 0.000187, 0.000162, 4.3e-05]",4 or more,4 or more,True
0000287_01601_d_0000767.jpg,/data/raja/Datasets/VisDrone/VisDrone2019-DET-val/images/0000287_01601_d_0000767.jpg,van,3,"[0.001529, 0.001423, 0.00128, 0.000539, 0.000288]",3,3,True
0000287_01801_d_0000768.jpg,/data/raja/Datasets/VisDrone/VisDrone2019-DET-val/images/0000287_01801_d_0000768.jpg,motor,1,"[0.001081, 0.000676, 0.000464, 0.000222]",1,1,True
0000287_02001_d_0000769.jpg,/data/raja/Datasets/VisDrone/VisDrone2019-DET-val/images/0000287_02001_d_0000769.jpg,van,2,"[0.010319, 0.008132]",2,2,True
0000287_02201_d_0000770.jpg,/data/raja/Datasets/VisDrone/VisDrone2019-DET-val/images/0000287_02201_d_0000770.jpg,car,11,"[0.009273, 0.008823, 0.0066, 0.002787, 0.001903, 0.001579, 0.001569, 0.001507, 0.001399, 0.001138, 0.001132, 5.8e-05, 2.3e-05]",4 or more,4 or more,True
0000287_02401_d_0000771.jpg,/data/raja/Datasets/VisDrone/VisDrone2019-DET-val/images/0000287_02401_d_0000771.jpg,van,1,[0.014379],1,1,True
0000287_02601_d_0000772.jpg,/data/raja/Datasets/VisDrone/VisDrone2019-DET-val/images/0000287_02601_d_0000772.jpg,awning-tricycle,1,"[0.004069, 0.000584]",1,1,True
0000287_02801_d_0000773.jpg,/data/raja/Datasets/VisDrone/VisDrone2019-DET-val/images/0000287_02801_d_0000773.jpg,truck,1,[0.016473],1,1,True
0000287_03001_d_0000774.jpg,/data/raja/Datasets/VisDrone/VisDrone2019-DET-val/images/0000287_03001_d_0000774.jpg,van,2,"[0.005275, 0.003468]",2,2,True
0000287_03401_d_0000776.jpg,/data/raja/Datasets/VisDrone/VisDrone2019-DET-val/images/0000287_03401_d_0000776.jpg,truck,1,[0.010686],1,1,True
0000287_04601_d_0000780.jpg,/data/raja/Datasets/VisDrone/VisDrone2019-DET-val/images/0000287_04601_d_0000780.jpg,van,2,"[0.002787, 0.001713]",2,2,True
0000287_04801_d_0000781.jpg,/data/raja/Datasets/VisDrone/VisDrone2019-DET-val/images/0000287_04801_d_0000781.jpg,truck,1,[0.004694],1,1,True
0000287_05001_d_0000782.jpg,/data/raja/Datasets/VisDrone/VisDrone2019-DET-val/images/0000287_05001_d_0000782.jpg,van,2,"[0.003835, 0.001967]",2,2,True
0000289_00001_d_0000811.jpg,/data/raja/Datasets/VisDrone/VisDrone2019-DET-val/images/0000289_00001_d_0000811.jpg,car,15,"[0.010373, 0.008218, 0.006034, 0.005637, 0.00438, 0.004204, 0.003599, 0.003414, 0.00322, 0.002768, 0.002682, 0.00252, 0.002268, 0.001636, 0.001447]",4 or more,4 or more,True
0000289_00201_d_0000812.jpg,/data/raja/Datasets/VisDrone/VisDrone2019-DET-val/images/0000289_00201_d_0000812.jpg,motor,3,"[0.002411, 0.002027, 0.001341, 0.000867, 0.000673, 0.000458, 0.00025]",3,3,True
0000289_00401_d_0000813.jpg,/data/raja/Datasets/VisDrone/VisDrone2019-DET-val/images/0000289_00401_d_0000813.jpg,bicycle,3,"[0.001586, 0.001351, 0.00105, 0.000519]",3,3,True
0000289_00601_d_0000814.jpg,/data/raja/Datasets/VisDrone/VisDrone2019-DET-val/images/0000289_00601_d_0000814.jpg,motor,3,"[0.002273, 0.001105, 0.001077, 0.000985, 0.000923, 0.000796, 0.00049]",3,3,True
0000289_00801_d_0000815.jpg,/data/raja/Datasets/VisDrone/VisDrone2019-DET-val/images/0000289_00801_d_0000815.jpg,awning-tricycle,1,"[0.001423, 0.000686]",1,1,True
0000289_01001_d_0000816.jpg,/data/raja/Datasets/VisDrone/VisDrone2019-DET-val/images/0000289_01001_d_0000816.jpg,tricycle,1,[0.002166],1,1,True
0000289_01201_d_0000817.jpg,/data/raja/Datasets/VisDrone/VisDrone2019-DET-val/images/0000289_01201_d_0000817.jpg,awning-tricycle,3,"[0.004775, 0.003814, 0.001401]",3,3,True
0000289_01401_d_0000818.jpg,/data/raja/Datasets/VisDrone/VisDrone2019-DET-val/images/0000289_01401_d_0000818.jpg,van,2,"[0.002647, 0.001592]",2,2,True
0000289_01601_d_0000819.jpg,/data/raja/Datasets/VisDrone/VisDrone2019-DET-val/images/0000289_01601_d_0000819.jpg,van,1,[0.001023],1,1,True
0000289_02001_d_0000821.jpg,/data/raja/Datasets/VisDrone/VisDrone2019-DET-val/images/0000289_02001_d_0000821.jpg,bicycle,2,"[0.001269, 0.001176, 0.000418]",2,2,True
0000289_02201_d_0000822.jpg,/data/raja/Datasets/VisDrone/VisDrone2019-DET-val/images/0000289_02201_d_0000822.jpg,car,13,"[0.024669, 0.023688, 0.022566, 0.02228, 0.02031, 0.01609, 0.015302, 0.01395, 0.012535, 0.008446, 0.007612, 0.00431, 0.002356]",4 or more,4 or more,True
0000289_02401_d_0000823.jpg,/data/raja/Datasets/VisDrone/VisDrone2019-DET-val/images/0000289_02401_d_0000823.jpg,car,15,"[0.01291, 0.007569, 0.006299, 0.003841, 0.003027, 0.002876, 0.002584, 0.002399, 0.002076, 0.002045, 0.001985, 0.001687, 0.001102, 0.001064, 0.001043, 0.000983, 0.000953, 0.00084, 0.000779, 0.00075, 0.00075]",4 or more,4 or more,True
0000289_02601_d_0000824.jpg,/data/raja/Datasets/VisDrone/VisDrone2019-DET-val/images/0000289_02601_d_0000824.jpg,motor,1,"[0.001038, 0.0009, 0.000888, 0.000788, 0.000619, 0.000613, 0.000588, 0.000511, 0.000408, 0.0004, 0.000384, 0.000336, 0.000277, 0.000254, 0.000231, 0.000169]",1,1,True
0000289_03001_d_0000826.jpg,/data/raja/Datasets/VisDrone/VisDrone2019-DET-val/images/0000289_03001_d_0000826.jpg,motor,3,"[0.001681, 0.001422, 0.001015, 0.000969, 0.000856, 0.00083, 0.000825, 0.000775, 0.000767, 0.000752, 0.000603, 0.000597, 0.000538, 0.000493, 0.000484, 0.000475, 0.000461, 0.000202, 0.000192, 0.00018]",3,3,True
0000289_03201_d_0000827.jpg,/data/raja/Datasets/VisDrone/VisDrone2019-DET-val/images/0000289_03201_d_0000827.jpg,motor,11,"[0.002169, 0.002111, 0.001788, 0.001728, 0.001648, 0.001599, 0.001569, 0.001413, 0.001307, 0.001265, 0.001009, 0.000969, 0.000949, 0.000949, 0.000775, 0.000752, 0.00073, 0.000641, 0.000461, 0.000446, 0.000412, 0.0003, 0.000292, 0.000288, 0.000237, 0.000211, 0.000202, 0.000123, 8.7e-05, 8.7e-05]",4 or more,4 or more,True
0000289_03401_d_0000828.jpg,/data/raja/Datasets/VisDrone/VisDrone2019-DET-val/images/0000289_03401_d_0000828.jpg,motor,4,"[0.001985, 0.001073, 0.001038, 0.001012, 0.000752, 0.000686, 0.000423, 0.000404, 0.000375, 0.000317, 0.000288, 0.000242, 0.000231, 0.000225, 0.000163]",4 or more,4 or more,True
0000289_03601_d_0000829.jpg,/data/raja/Datasets/VisDrone/VisDrone2019-DET-val/images/0000289_03601_d_0000829.jpg,car,14,"[0.013005, 0.010782, 0.007613, 0.006661, 0.004516, 0.004003, 0.003349, 0.003149, 0.003076, 0.003031, 0.002091, 0.001494, 0.001216, 0.001192, 0.000384]",4 or more,4 or more,True
0000289_03801_d_0000830.jpg,/data/raja/Datasets/VisDrone/VisDrone2019-DET-val/images/0000289_03801_d_0000830.jpg,car,11,"[0.011891, 0.009496, 0.00863, 0.004268, 0.004167, 0.003253, 0.003253, 0.002059, 0.001797, 0.001692, 0.001499, 0.00075, 0.000675, 0.000531, 0.000486, 0.000332]",4 or more,4 or more,True
0000289_04001_d_0000831.jpg,/data/raja/Datasets/VisDrone/VisDrone2019-DET-val/images/0000289_04001_d_0000831.jpg,van,3,"[0.005163, 0.004517, 0.002027]",3,3,True
0000289_04201_d_0000832.jpg,/data/raja/Datasets/VisDrone/VisDrone2019-DET-val/images/0000289_04201_d_0000832.jpg,people,1,"[0.001075, 0.000909, 0.000675, 0.000417, 0.000325, 0.000311, 0.000303, 0.000182, 0.000156, 6.9e-05]",1,1,True
0000289_04401_d_0000833.jpg,/data/raja/Datasets/VisDrone/VisDrone2019-DET-val/images/0000289_04401_d_0000833.jpg,car,10,"[0.020245, 0.017157, 0.007353, 0.003768, 0.002402, 0.001462, 0.001418, 0.001246, 0.00115, 0.001023, 0.000969, 0.00092, 0.000915, 0.000597]",4 or more,4 or more,True
0000289_04601_d_0000834.jpg,/data/raja/Datasets/VisDrone/VisDrone2019-DET-val/images/0000289_04601_d_0000834.jpg,awning-tricycle,1,[0.001199],1,1,True
0000289_04801_d_0000835.jpg,/data/raja/Datasets/VisDrone/VisDrone2019-DET-val/images/0000289_04801_d_0000835.jpg,pedestrian,10,"[0.002215, 0.001874, 0.001843, 0.001812, 0.001706, 0.001453, 0.001418, 0.001394, 0.001254, 0.001121, 0.000754, 0.000661, 0.000646, 0.000606, 0.000565, 0.00035, 0.000317, 0.000269, 0.000243, 0.000201, 0.000146]",4 or more,4 or more,True
0000289_05001_d_0000836.jpg,/data/raja/Datasets/VisDrone/VisDrone2019-DET-val/images/0000289_05001_d_0000836.jpg,motor,5,"[0.002276, 0.002174, 0.001717, 0.001466, 0.001057, 0.000969, 0.00085, 0.000784, 0.000477]",4 or more,4 or more,True
0000289_05201_d_0000837.jpg,/data/raja/Datasets/VisDrone/VisDrone2019-DET-val/images/0000289_05201_d_0000837.jpg,motor,7,"[0.004363, 0.001669, 0.001634, 0.001618, 0.001609, 0.001379, 0.001077, 0.000925, 0.0009, 0.000882, 0.000817, 0.000784, 0.000784, 0.000673, 0.000663, 0.000626, 0.000389, 0.000376, 0.000359, 0.000317, 0.00025, 0.000243]",4 or more,4 or more,True
0000289_05401_d_0000838.jpg,/data/raja/Datasets/VisDrone/VisDrone2019-DET-val/images/0000289_05401_d_0000838.jpg,bicycle,3,"[0.002874, 0.001557, 0.001261]",3,3,True
0000289_05601_d_0000839.jpg,/data/raja/Datasets/VisDrone/VisDrone2019-DET-val/images/0000289_05601_d_0000839.jpg,van,3,"[0.002411, 0.001547, 0.001384, 0.000889, 0.000363]",3,3,True
0000289_05801_d_0000840.jpg,/data/raja/Datasets/VisDrone/VisDrone2019-DET-val/images/0000289_05801_d_0000840.jpg,people,1,"[0.00129, 0.000686, 0.000656, 0.000467, 0.000433, 0.000404, 0.00036, 0.000148, 0.000121, 7.2e-05]",1,1,True
0000289_06001_d_0000841.jpg,/data/raja/Datasets/VisDrone/VisDrone2019-DET-val/images/0000289_06001_d_0000841.jpg,motor,5,"[0.002091, 0.001895, 0.001695, 0.00168, 0.001671, 0.000749, 0.000673, 0.000262, 0.00019, 0.000121, 8.7e-05]",4 or more,4 or more,True
0000289_06201_d_0000842.jpg,/data/raja/Datasets/VisDrone/VisDrone2019-DET-val/images/0000289_06201_d_0000842.jpg,pedestrian,4,"[0.00203, 0.001935, 0.001399, 0.001134, 0.000882, 0.000865, 0.000447, 0.000346, 0.000294, 0.000294, 0.000264, 0.000222, 0.00019]",4 or more,4 or more,True
0000289_06401_d_0000843.jpg,/data/raja/Datasets/VisDrone/VisDrone2019-DET-val/images/0000289_06401_d_0000843.jpg,bicycle,1,"[0.001073, 0.000557, 0.0004, 0.000138, 8.7e-05]",1,1,True
0000289_06601_d_0000844.jpg,/data/raja/Datasets/VisDrone/VisDrone2019-DET-val/images/0000289_06601_d_0000844.jpg,bicycle,2,"[0.001116, 0.001013, 0.000484, 0.000211, 0.000201, 0.000138, 9.2e-05]",2,2,True
0000289_06801_d_0000845.jpg,/data/raja/Datasets/VisDrone/VisDrone2019-DET-val/images/0000289_06801_d_0000845.jpg,van,1,"[0.003743, 0.000774]",1,1,True
0000289_07001_d_0000846.jpg,/data/raja/Datasets/VisDrone/VisDrone2019-DET-val/images/0000289_07001_d_0000846.jpg,car,22,"[0.006217, 0.00599, 0.004827, 0.004516, 0.004292, 0.004219, 0.004026, 0.00397, 0.003941, 0.003674, 0.00366, 0.003606, 0.003346, 0.003111, 0.003099, 0.002739, 0.002215, 0.002091, 0.002091, 0.002061, 0.002042, 0.002026]",4 or more,4 or more,True
0000289_07201_d_0000847.jpg,/data/raja/Datasets/VisDrone/VisDrone2019-DET-val/images/0000289_07201_d_0000847.jpg,truck,1,[0.004333],1,1,True
0000290_04001_d_0000867.jpg,/data/raja/Datasets/VisDrone/VisDrone2019-DET-val/images/0000290_04001_d_0000867.jpg,car,24,"[0.005698, 0.005632, 0.004784, 0.004273, 0.004023, 0.003758, 0.003729, 0.003201, 0.003074, 0.003045, 0.002941, 0.002738, 0.002355, 0.002153, 0.001907, 0.001849, 0.001636, 0.001549, 0.001216, 0.001216, 0.001192, 0.001153, 0.001142, 0.001015, 0.000969, 0.000846, 0.00083, 0.000825, 0.000788, 0.000785, 0.000623, 0.000621, 0.000597, 0.000508, 0.000486, 0.000442, 0.000404, 0.000392, 0.000242]",4 or more,4 or more,True
0000291_00001_d_0000868.jpg,/data/raja/Datasets/VisDrone/VisDrone2019-DET-val/images/0000291_00001_d_0000868.jpg,awning-tricycle,1,"[0.001884, 0.000104]",1,1,True
0000291_00201_d_0000869.jpg,/data/raja/Datasets/VisDrone/VisDrone2019-DET-val/images/0000291_00201_d_0000869.jpg,motor,1,"[0.001003, 0.000841, 0.000649, 0.000585, 0.000562, 0.000538, 0.000525, 0.000519, 0.00049, 0.000481, 0.000464, 0.000415, 0.00031, 0.000182, 0.000173, 0.000148, 5.2e-05, 4.8e-05]",1,1,True
0000291_00401_d_0000870.jpg,/data/raja/Datasets/VisDrone/VisDrone2019-DET-val/images/0000291_00401_d_0000870.jpg,car,12,"[0.00619, 0.005792, 0.004918, 0.004819, 0.00441, 0.003368, 0.003341, 0.00273, 0.002525, 0.001843, 0.001351, 0.001038, 0.000969, 0.000557, 0.000553, 0.000505, 0.00042, 0.000365, 0.000242, 0.00019, 0.00018, 0.000131, 0.000115, 0.000106, 0.000106, 9.8e-05, 9.6e-05, 8.7e-05, 7.8e-05, 6.9e-05, 6.7e-05, 4.7e-05, 4.7e-05, 4.6e-05, 3.5e-05, 2.9e-05, 2.9e-05, 2.9e-05, 1.9e-05, 1.4e-05]",4 or more,4 or more,True
0000291_00601_d_0000871.jpg,/data/raja/Datasets/VisDrone/VisDrone2019-DET-val/images/0000291_00601_d_0000871.jpg,truck,1,[0.003711],1,1,True
0000291_01001_d_0000873.jpg,/data/raja/Datasets/VisDrone/VisDrone2019-DET-val/images/0000291_01001_d_0000873.jpg,car,17,"[0.006944, 0.005277, 0.004969, 0.004098, 0.003973, 0.003802, 0.003579, 0.003276, 0.002892, 0.002454, 0.002155, 0.001961, 0.001903, 0.001667, 0.001571, 0.001315, 0.001174, 0.00085, 0.000692, 0.000685, 0.000657, 0.000634, 0.0006, 0.000398, 0.000363]",4 or more,4 or more,True
0000291_01201_d_0000874.jpg,/data/raja/Datasets/VisDrone/VisDrone2019-DET-val/images/0000291_01201_d_0000874.jpg,people,5,"[0.001695, 0.001192, 0.001162, 0.001142, 0.00113, 0.000951, 0.000825, 0.000793, 0.000784, 0.000769, 0.00075, 0.000692, 0.000673, 0.000656, 0.000646, 0.000585, 0.000557, 0.000557, 0.000548, 0.000484, 0.000484, 0.000467, 0.000425, 0.000346, 0.000283, 0.000275, 0.000254, 0.00025, 0.000231, 0.000211, 0.000202, 0.000185, 0.000183, 0.000183, 0.000183, 0.000182, 0.00018, 0.000173, 0.000173, 0.000173, 0.000164, 0.000144, 0.000135, 0.000125, 9.5e-05]",4 or more,4 or more,True
0000291_01401_d_0000875.jpg,/data/raja/Datasets/VisDrone/VisDrone2019-DET-val/images/0000291_01401_d_0000875.jpg,van,14,"[0.006238, 0.002843, 0.002388, 0.002315, 0.002241, 0.001912, 0.001817, 0.001488, 0.00125, 0.0012, 0.001177, 0.001115, 0.001115, 0.001003, 0.000951, 0.000884, 0.000738, 0.00073, 0.000641]",4 or more,4 or more,True
0000291_01601_d_0000876.jpg,/data/raja/Datasets/VisDrone/VisDrone2019-DET-val/images/0000291_01601_d_0000876.jpg,awning-tricycle,3,"[0.005113, 0.003362, 0.002496]",3,3,True
0000291_01801_d_0000877.jpg,/data/raja/Datasets/VisDrone/VisDrone2019-DET-val/images/0000291_01801_d_0000877.jpg,people,2,"[0.001312, 0.001073, 0.000888, 0.000882, 0.000856, 0.000387, 0.00036, 0.000308, 0.000285, 0.000225, 0.000192, 0.000182, 0.000164, 0.000138, 7.4e-05]",2,2,True
0000291_02001_d_0000878.jpg,/data/raja/Datasets/VisDrone/VisDrone2019-DET-val/images/0000291_02001_d_0000878.jpg,tricycle,5,"[0.005761, 0.003268, 0.002958, 0.002228, 0.001312, 0.00095, 0.000745, 0.000698]",4 or more,4 or more,True
0000291_02201_d_0000879.jpg,/data/raja/Datasets/VisDrone/VisDrone2019-DET-val/images/0000291_02201_d_0000879.jpg,bus,2,"[0.002503, 0.001722]",2,2,True
0000291_02601_d_0000881.jpg,/data/raja/Datasets/VisDrone/VisDrone2019-DET-val/images/0000291_02601_d_0000881.jpg,people,3,"[0.001326, 0.001182, 0.001064, 0.000985, 0.0009, 0.0009, 0.000892, 0.000807, 0.000787, 0.000761, 0.00075, 0.00075, 0.000744, 0.00073, 0.000725, 0.000673, 0.0006, 0.000577, 0.000565, 0.000548, 0.00053, 0.0005, 0.000481, 0.000475, 0.000457, 0.00045, 0.000415, 0.000404, 0.000402, 0.000402, 0.000369, 0.000283, 0.000237, 0.000201, 0.000147, 0.000121]",3,3,True
0000291_03201_d_0000884.jpg,/data/raja/Datasets/VisDrone/VisDrone2019-DET-val/images/0000291_03201_d_0000884.jpg,tricycle,3,"[0.003072, 0.001884, 0.001576, 0.000597, 0.000173, 0.000137]",3,3,True
0000291_03401_d_0000885.jpg,/data/raja/Datasets/VisDrone/VisDrone2019-DET-val/images/0000291_03401_d_0000885.jpg,pedestrian,10,"[0.002745, 0.002411, 0.002155, 0.001931, 0.001899, 0.001592, 0.00149, 0.001246, 0.001194, 0.001009, 0.000995, 0.000995, 0.000928, 0.00092, 0.000884, 0.000882, 0.000877, 0.000867, 0.000865, 0.00084, 0.000827, 0.000827, 0.000822, 0.000813, 0.000804, 0.000796, 0.000784, 0.000768, 0.000761, 0.000735, 0.000735, 0.000731, 0.000727, 0.000723, 0.000707, 0.000703, 0.000694, 0.000692, 0.000686, 0.000677, 0.00067, 0.000657, 0.000654, 0.000654, 0.000649, 0.000646, 0.000637, 0.000631, 0.000619, 0.000606, 0.000606, 0.000592, 0.000569, 0.000565, 0.000554, 0.000548, 0.000548, 0.000539, 0.000538, 0.000537, 0.000525, 0.000525, 0.000519, 0.000511, 0.000507, 0.000496, 0.00049, 0.000473, 0.000473, 0.000473, 0.00045, 0.000423, 0.0004, 0.000384, 0.000372, 0.000356, 0.000327, 0.000308]",4 or more,4 or more,True
0000291_03601_d_0000886.jpg,/data/raja/Datasets/VisDrone/VisDrone2019-DET-val/images/0000291_03601_d_0000886.jpg,motor,4,"[0.002984, 0.001972, 0.001649, 0.001138, 0.00096, 0.00095, 0.000942, 0.000923, 0.000882, 0.00083, 0.000769]",4 or more,4 or more,True
0000291_03801_d_0000887.jpg,/data/raja/Datasets/VisDrone/VisDrone2019-DET-val/images/0000291_03801_d_0000887.jpg,people,20,"[0.001753, 0.001626, 0.001538, 0.001497, 0.00148, 0.001458, 0.001419, 0.001415, 0.001413, 0.001413, 0.001387, 0.001316, 0.00131, 0.001245, 0.001211, 0.001142, 0.001067, 0.001023, 0.001015, 0.001003, 0.000953, 0.000953, 0.000952, 0.00092, 0.000915, 0.000892, 0.000889, 0.000856, 0.000836, 0.000834, 0.000779, 0.000775, 0.000761, 0.00073, 0.00073, 0.000725, 0.000675, 0.000673, 0.000637, 0.000634, 0.000634, 0.000623, 0.000621, 0.000603, 0.000596, 0.000585, 0.000557, 0.000557, 0.000536, 0.00053, 0.000529, 0.000529, 0.000523, 0.000519, 0.000511, 0.000484, 0.000474, 0.000467, 0.000467, 0.000457, 0.00045, 0.00045, 0.000425, 0.000424, 0.00042, 0.000415, 0.000404, 0.0004, 0.000398, 0.000392, 0.000384, 0.000375, 0.000343, 0.000308, 0.000303]",4 or more,4 or more,True
0000291_04001_d_0000888.jpg,/data/raja/Datasets/VisDrone/VisDrone2019-DET-val/images/0000291_04001_d_0000888.jpg,motor,6,"[0.002849, 0.001571, 0.001476, 0.001251, 0.00124, 0.001205, 0.00098, 0.000942, 0.000808, 0.000572]",4 or more,4 or more,True
0000291_04201_d_0000889.jpg,/data/raja/Datasets/VisDrone/VisDrone2019-DET-val/images/0000291_04201_d_0000889.jpg,pedestrian,7,"[0.001698, 0.001384, 0.001349, 0.001107, 0.001061, 0.001043, 0.001015, 0.00098, 0.000904, 0.000846, 0.000804, 0.000735, 0.000719, 0.000703, 0.000562, 0.000512, 0.000484, 0.000455, 0.000425, 0.000423, 0.000417, 0.000325, 0.0003, 0.000192]",4 or more,4 or more,True
0000291_04401_d_0000890.jpg,/data/raja/Datasets/VisDrone/VisDrone2019-DET-val/images/0000291_04401_d_0000890.jpg,awning-tricycle,3,"[0.009948, 0.005963, 0.001171]",3,3,True
0000291_05001_d_0000892.jpg,/data/raja/Datasets/VisDrone/VisDrone2019-DET-val/images/0000291_05001_d_0000892.jpg,pedestrian,10,"[0.001626, 0.00146, 0.001275, 0.001225, 0.001225, 0.001201, 0.001175, 0.001175, 0.001039, 0.001017, 0.000995, 0.000951, 0.000928, 0.000913, 0.000908, 0.000867, 0.000846, 0.000827, 0.000752, 0.000703, 0.000703, 0.000703, 0.000657, 0.000654, 0.000539, 0.000538, 0.000507, 0.0005, 0.000498, 0.000381, 0.000323, 0.000292, 0.000254, 0.000127]",4 or more,4 or more,True
0000291_05201_d_0000893.jpg,/data/raja/Datasets/VisDrone/VisDrone2019-DET-val/images/0000291_05201_d_0000893.jpg,pedestrian,10,"[0.001599, 0.001366, 0.001324, 0.001225, 0.001211, 0.001194, 0.001105, 0.001061, 0.001057, 0.001025, 0.000992, 0.000992, 0.00098, 0.000928, 0.000895, 0.000884, 0.000882, 0.000867, 0.000865, 0.000744, 0.000738, 0.000735, 0.00073, 0.000719, 0.000692, 0.000686, 0.000646, 0.00062, 0.000619, 0.000569, 0.00055, 0.000523, 0.000511, 0.000487, 0.000484, 0.000475, 0.000471, 0.000438, 0.000431, 0.000392, 0.000387, 0.000381, 0.000338, 0.000242, 0.000222, 0.000208, 0.000154, 0.000131, 0.000128, 0.000101, 5.3e-05]",4 or more,4 or more,True
0000293_03601_d_0000940.jpg,/data/raja/Datasets/VisDrone/VisDrone2019-DET-val/images/0000293_03601_d_0000940.jpg,tricycle,1,"[0.001269, 0.000288]",1,1,True
0000295_00000_d_0000021.jpg,/data/raja/Datasets/VisDrone/VisDrone2019-DET-val/images/0000295_00000_d_0000021.jpg,bus,3,"[0.004811, 0.001912, 0.0016, 0.000864, 0.000856]",3,3,True
0000295_00200_d_0000022.jpg,/data/raja/Datasets/VisDrone/VisDrone2019-DET-val/images/0000295_00200_d_0000022.jpg,car,21,"[0.015244, 0.009231, 0.007353, 0.006822, 0.005216, 0.004708, 0.00436, 0.004311, 0.003806, 0.002835, 0.002355, 0.002286, 0.001978, 0.001901, 0.00173, 0.001497, 0.001462, 0.001453, 0.001349, 0.001211, 0.001209, 0.000996, 0.000953, 0.000836, 0.000836, 0.000836, 0.000804, 0.000727, 0.0007, 0.000675, 0.000673, 0.000577, 0.000553, 0.00055, 0.000423, 0.000404, 0.000402, 0.000402, 0.000384, 0.000329, 0.000327, 0.000317, 0.000311, 0.000308, 0.000308, 0.000292, 0.000138]",4 or more,4 or more,True
0000295_00600_d_0000024.jpg,/data/raja/Datasets/VisDrone/VisDrone2019-DET-val/images/0000295_00600_d_0000024.jpg,car,12,"[0.002811, 0.002637, 0.002595, 0.002076, 0.001817, 0.001762, 0.001758, 0.001494, 0.001446, 0.001384, 0.001251, 0.001222, 0.000976, 0.000976, 0.000952, 0.000915, 0.000834, 0.00078, 0.000677, 0.000669, 0.000619, 0.000519, 0.000507, 0.000438, 0.000423, 0.000398, 0.000327, 0.000288, 0.000277, 0.000256, 0.000215, 0.00015, 0.000138, 0.000138, 0.000127, 0.000125, 0.000125, 0.000115, 0.000106, 0.000101, 0.0001, 0.0001, 9.6e-05, 9.5e-05, 9.4e-05, 8.7e-05, 8.7e-05, 8.7e-05, 8.7e-05, 8.7e-05, 8.7e-05, 7.8e-05, 7.8e-05, 7.7e-05, 6.9e-05, 5.8e-05, 5.4e-05, 5.4e-05, 4.7e-05, 4.2e-05, 4e-05, 2.9e-05, 2.9e-05, 2.9e-05, 2.9e-05, 2.4e-05, 1.9e-05]",4 or more,4 or more,True
0000295_00800_d_0000025.jpg,/data/raja/Datasets/VisDrone/VisDrone2019-DET-val/images/0000295_00800_d_0000025.jpg,bicycle,2,"[0.00111, 0.001031, 0.000924, 0.00083, 0.000392, 0.000381, 0.000381, 0.000254]",2,2,True
0000295_01000_d_0000026.jpg,/data/raja/Datasets/VisDrone/VisDrone2019-DET-val/images/0000295_01000_d_0000026.jpg,car,17,"[0.00733, 0.006782, 0.006286, 0.006217, 0.004083, 0.003671, 0.003209, 0.002211, 0.002163, 0.002149, 0.001636, 0.001379, 0.001171, 0.00111, 0.001073, 0.001012, 0.001009, 0.000983, 0.000976, 0.000753, 0.000701, 0.000613, 0.0006, 0.00055, 0.000505, 0.000475, 0.000475, 0.000444, 0.000423, 0.000402, 0.000294, 0.000285, 0.000279, 0.00026, 0.000202, 0.000154, 0.000138, 0.000137, 0.000125, 0.000115, 0.000115, 0.000115, 0.000108, 0.000106, 0.000101, 9.5e-05, 9.4e-05, 9.2e-05, 9.2e-05, 9.2e-05, 9.2e-05, 8.7e-05, 8.5e-05, 8.1e-05, 7.5e-05, 7.4e-05, 7.4e-05, 6.9e-05, 6.9e-05, 6.9e-05, 6.9e-05, 6.3e-05, 6.3e-05, 6.3e-05, 6.2e-05, 6.1e-05, 5.8e-05, 5.8e-05, 5.8e-05, 5.4e-05, 5.4e-05, 5.2e-05, 5.2e-05, 4.8e-05, 4.6e-05, 4.6e-05, 4.6e-05, 4.6e-05, 4e-05, 4e-05, 3.8e-05, 3.8e-05, 3.5e-05, 3.4e-05, 3.4e-05, 3.4e-05, 3.4e-05, 2.9e-05, 2.9e-05, 2.9e-05, 2.7e-05, 2.7e-05, 2.4e-05, 2.3e-05, 2.3e-05, 2.3e-05, 2.3e-05, 1.9e-05, 1.9e-05, 1.9e-05, 1.5e-05, 1.4e-05]",4 or more,4 or more,True
0000295_01200_d_0000027.jpg,/data/raja/Datasets/VisDrone/VisDrone2019-DET-val/images/0000295_01200_d_0000027.jpg,bus,2,"[0.005479, 0.001438, 0.000841, 0.000409, 0.000384, 0.000369]",2,2,True
0000295_01400_d_0000028.jpg,/data/raja/Datasets/VisDrone/VisDrone2019-DET-val/images/0000295_01400_d_0000028.jpg,bicycle,1,"[0.001618, 0.000525, 0.000408, 0.00026, 0.000156, 0.000114, 0.0001, 8.1e-05, 5.8e-05]",1,1,True
0000295_01600_d_0000029.jpg,/data/raja/Datasets/VisDrone/VisDrone2019-DET-val/images/0000295_01600_d_0000029.jpg,car,17,"[0.004905, 0.004367, 0.003999, 0.003595, 0.00301, 0.002191, 0.002175, 0.002174, 0.002078, 0.001996, 0.001583, 0.001571, 0.001499, 0.001278, 0.001231, 0.001107, 0.001046, 0.000996, 0.000894, 0.000894, 0.000894, 0.000877, 0.000864, 0.000807, 0.000796, 0.000779, 0.000744, 0.000723, 0.000669, 0.00065, 0.000601, 0.000571, 0.000571, 0.000562, 0.000486, 0.000464, 0.000461, 0.000402, 0.000398, 0.000384, 0.000381, 0.000376, 0.000329, 0.000329, 0.000327, 0.00031, 0.000294, 0.000283, 0.000278, 0.000277, 0.000261, 0.000245, 0.000237, 0.000231, 0.000229, 0.000229, 0.000225, 0.000215, 0.000212, 0.0002, 0.000196, 0.00019, 0.000188, 0.000187, 0.000173, 0.000148, 0.000144]",4 or more,4 or more,True
0000295_01800_d_0000030.jpg,/data/raja/Datasets/VisDrone/VisDrone2019-DET-val/images/0000295_01800_d_0000030.jpg,bus,6,"[0.002624, 0.002157, 0.001384, 0.001275, 0.001209, 0.001129, 0.000202]",4 or more,4 or more,True
0000295_02000_d_0000031.jpg,/data/raja/Datasets/VisDrone/VisDrone2019-DET-val/images/0000295_02000_d_0000031.jpg,awning-tricycle,1,[0.001346],1,1,True
0000295_02200_d_0000032.jpg,/data/raja/Datasets/VisDrone/VisDrone2019-DET-val/images/0000295_02200_d_0000032.jpg,bus,6,"[0.012712, 0.008007, 0.006005, 0.005424, 0.00345, 0.002826]",4 or more,4 or more,True
0000295_02400_d_0000033.jpg,/data/raja/Datasets/VisDrone/VisDrone2019-DET-val/images/0000295_02400_d_0000033.jpg,motor,1,"[0.001073, 0.00092, 0.0009, 0.000566, 0.000474, 0.000409, 0.000384, 0.000376, 0.000354, 0.000296, 0.000104, 9.2e-05, 9.2e-05, 8.7e-05, 8.1e-05, 7.5e-05]",1,1,True
0000295_02900_d_0000034.jpg,/data/raja/Datasets/VisDrone/VisDrone2019-DET-val/images/0000295_02900_d_0000034.jpg,car,24,"[0.012664, 0.012582, 0.009739, 0.008659, 0.007699, 0.006828, 0.006448, 0.00551, 0.005147, 0.005122, 0.004186, 0.003856, 0.003695, 0.003529, 0.002445, 0.002439, 0.001936, 0.00168, 0.001581, 0.001379, 0.001274, 0.001169, 0.001111, 0.001043, 0.000915, 0.000865, 0.000836, 0.00065, 0.000641, 0.000619, 0.000601, 0.000577, 0.000442, 0.000404, 0.000384, 0.000346, 0.000346, 0.00031, 0.000277, 0.000246, 0.000245, 0.000231, 0.000231, 0.000229, 0.000215, 0.0002, 0.000188, 0.000175, 0.000175, 0.000173, 0.000161, 0.000161, 0.000154, 0.00015, 0.000138, 0.000137, 0.000127, 0.000125, 0.000106, 0.000106, 0.000106, 0.000106, 0.0001, 9.5e-05, 9.5e-05, 9.5e-05, 9.2e-05, 8.7e-05, 7.8e-05, 7.8e-05, 7.7e-05, 6.9e-05, 6.9e-05, 6.9e-05, 6.7e-05, 6.1e-05, 5.4e-05, 5.4e-05, 4.7e-05, 4.7e-05, 4e-05, 4e-05, 4e-05, 3.5e-05, 3.5e-05, 3.4e-05, 2.9e-05, 2.4e-05, 2.3e-05]",4 or more,4 or more,True
0000296_00601_d_0000038.jpg,/data/raja/Datasets/VisDrone/VisDrone2019-DET-val/images/0000296_00601_d_0000038.jpg,motor,1,[0.001225],1,1,True
0000296_01001_d_0000040.jpg,/data/raja/Datasets/VisDrone/VisDrone2019-DET-val/images/0000296_01001_d_0000040.jpg,bus,3,"[0.081972, 0.003397, 0.001852, 0.000402, 0.000392, 0.000384]",3,3,True
0000300_03201_d_0000154.jpg,/data/raja/Datasets/VisDrone/VisDrone2019-DET-val/images/0000300_03201_d_0000154.jpg,pedestrian,5,"[0.002916, 0.00222, 0.002125, 0.001682, 0.001121, 0.000961, 0.000934, 0.000675, 0.000458, 0.00024, 0.000138, 0.000104]",4 or more,4 or more,True
0000301_00001_d_0000156.jpg,/data/raja/Datasets/VisDrone/VisDrone2019-DET-val/images/0000301_00001_d_0000156.jpg,tricycle,1,"[0.012474, 0.000825, 0.000505, 0.000493, 0.000484, 0.000475]",1,1,True
0000301_00201_d_0000157.jpg,/data/raja/Datasets/VisDrone/VisDrone2019-DET-val/images/0000301_00201_d_0000157.jpg,pedestrian,2,"[0.0017, 0.001194, 0.000949, 0.00084, 0.000577, 0.000437, 0.000437, 0.000325, 0.000296, 0.000285, 0.000285, 0.00026, 0.000242, 0.000234, 0.000231, 0.000223, 0.000215, 0.0002, 0.0002, 0.000188, 0.000177, 0.000169, 0.000156, 0.000141, 0.000121, 0.000115, 5.3e-05]",2,2,True
0000301_01001_d_0000161.jpg,/data/raja/Datasets/VisDrone/VisDrone2019-DET-val/images/0000301_01001_d_0000161.jpg,van,2,"[0.001648, 0.001349, 0.00075, 0.000619]",2,2,True
0000301_01201_d_0000162.jpg,/data/raja/Datasets/VisDrone/VisDrone2019-DET-val/images/0000301_01201_d_0000162.jpg,car,16,"[0.031713, 0.024967, 0.003231, 0.002561, 0.002432, 0.002382, 0.002307, 0.002098, 0.002062, 0.002009, 0.001346, 0.001211, 0.00113, 0.001077, 0.001067, 0.001023, 0.000952, 0.000917, 0.000848, 0.000719, 0.000597, 0.000229, 0.000125, 6.1e-05]",4 or more,4 or more,True
0000303_03401_d_0000200.jpg,/data/raja/Datasets/VisDrone/VisDrone2019-DET-val/images/0000303_03401_d_0000200.jpg,car,17,"[0.00506, 0.004743, 0.004498, 0.003626, 0.003176, 0.002834, 0.002799, 0.002633, 0.002353, 0.001886, 0.001612, 0.001476, 0.001384, 0.001269, 0.001134, 0.00113, 0.001073, 0.00075, 0.00067, 0.000663, 0.000623, 0.000621, 0.000606, 0.000601, 0.000529, 0.000523, 0.000475, 0.000347, 0.000337, 0.000323, 0.000278, 0.00026]",4 or more,4 or more,True
0000308_04401_d_0000327.jpg,/data/raja/Datasets/VisDrone/VisDrone2019-DET-val/images/0000308_04401_d_0000327.jpg,pedestrian,5,"[0.002537, 0.001669, 0.001522, 0.001105, 0.001057, 0.000862, 0.000712, 0.000692, 0.000512, 0.000461, 0.000444, 0.000431, 0.000425, 0.000404, 0.000402, 0.000381, 0.000381, 0.000375, 0.000375, 0.000336, 0.0003, 0.000277, 0.000243, 0.000234, 0.000231, 0.000216, 0.000202, 0.000173, 0.000173, 0.000173, 0.000141, 0.00011, 0.000101, 9.2e-05, 8.7e-05, 8.7e-05]",4 or more,4 or more,True
0000312_00001_d_0000414.jpg,/data/raja/Datasets/VisDrone/VisDrone2019-DET-val/images/0000312_00001_d_0000414.jpg,truck,2,"[0.009749, 0.008472]",2,2,True
0000312_00201_d_0000415.jpg,/data/raja/Datasets/VisDrone/VisDrone2019-DET-val/images/0000312_00201_d_0000415.jpg,truck,2,"[0.01946, 0.017994]",2,2,True
0000312_00601_d_0000417.jpg,/data/raja/Datasets/VisDrone/VisDrone2019-DET-val/images/0000312_00601_d_0000417.jpg,motor,1,"[0.001067, 0.000525, 0.000415, 0.000404, 0.000384, 0.00031, 0.000274, 0.00025]",1,1,True
0000312_01001_d_0000419.jpg,/data/raja/Datasets/VisDrone/VisDrone2019-DET-val/images/0000312_01001_d_0000419.jpg,pedestrian,1,"[0.002098, 0.000749, 0.00074, 0.000703, 0.000621, 0.000605, 0.000588, 0.000523, 0.000519, 0.000446, 0.00039, 0.000296, 0.000275, 0.000238, 0.000208, 0.000168, 0.000141]",1,1,True
0000312_01201_d_0000420.jpg,/data/raja/Datasets/VisDrone/VisDrone2019-DET-val/images/0000312_01201_d_0000420.jpg,tricycle,1,"[0.002422, 0.000144]",1,1,True
0000312_02201_d_0000425.jpg,/data/raja/Datasets/VisDrone/VisDrone2019-DET-val/images/0000312_02201_d_0000425.jpg,tricycle,2,"[0.001387, 0.0011]",2,2,True
0000312_02401_d_0000426.jpg,/data/raja/Datasets/VisDrone/VisDrone2019-DET-val/images/0000312_02401_d_0000426.jpg,car,31,"[0.011626, 0.0108, 0.010595, 0.008864, 0.00763, 0.007304, 0.00644, 0.006152, 0.006028, 0.005995, 0.005923, 0.005403, 0.005275, 0.005129, 0.004752, 0.004112, 0.004024, 0.003928, 0.003893, 0.003749, 0.003124, 0.003114, 0.002907, 0.002595, 0.002422, 0.001736, 0.001661, 0.001538, 0.001523, 0.001413, 0.001413, 0.0009]",4 or more,4 or more,True
0000312_04201_d_0000435.jpg,/data/raja/Datasets/VisDrone/VisDrone2019-DET-val/images/0000312_04201_d_0000435.jpg,car,29,"[0.009198, 0.006964, 0.006831, 0.006587, 0.006274, 0.005815, 0.005656, 0.005398, 0.005392, 0.004951, 0.004804, 0.004427, 0.004335, 0.004328, 0.004066, 0.00406, 0.003935, 0.003604, 0.00313, 0.003074, 0.003045, 0.002995, 0.002849, 0.002207, 0.00218, 0.001987, 0.001951, 0.001922, 0.001869]",4 or more,4 or more,True
0000313_06401_d_0000468.jpg,/data/raja/Datasets/VisDrone/VisDrone2019-DET-val/images/0000313_06401_d_0000468.jpg,car,5,"[0.002059, 0.002026, 0.002018, 0.001634, 0.001105, 0.000973, 0.000827, 0.000719, 0.000641, 0.000571, 0.000554, 0.000523, 0.000505, 0.0005, 0.000461, 0.000384, 0.000381, 0.000375, 0.000349, 0.000336, 0.000329, 0.000311, 0.000287, 0.000231, 0.000221, 0.000185, 0.000173, 0.000148, 0.000144, 0.000138, 0.000138, 0.000137, 0.000131, 0.000127, 0.000125, 0.000116, 0.000116, 0.000104, 9.5e-05, 8.7e-05, 7.7e-05, 6.9e-05, 6.9e-05, 6.2e-05, 4.7e-05, 4.7e-05, 4e-05]",4 or more,4 or more,True
0000313_06601_d_0000469.jpg,/data/raja/Datasets/VisDrone/VisDrone2019-DET-val/images/0000313_06601_d_0000469.jpg,truck,1,[0.001057],1,1,True
0000313_07001_d_0000471.jpg,/data/raja/Datasets/VisDrone/VisDrone2019-DET-val/images/0000313_07001_d_0000471.jpg,car,1,"[0.001057, 0.000913, 0.000908, 0.000634, 0.000615]",1,1,True
0000315_01601_d_0000509.jpg,/data/raja/Datasets/VisDrone/VisDrone2019-DET-val/images/0000315_01601_d_0000509.jpg,tricycle,3,"[0.001569, 0.001209, 0.00109, 0.000865, 0.000577, 9.5e-05]",3,3,True
0000316_00001_d_0000519.jpg,/data/raja/Datasets/VisDrone/VisDrone2019-DET-val/images/0000316_00001_d_0000519.jpg,motor,2,"[0.001373, 0.001209, 0.000615, 0.00053, 0.000484, 0.000458, 0.000362, 0.000338, 0.000274, 0.000233, 0.000221, 0.000175, 0.000112, 9.5e-05]",2,2,True
0000316_00201_d_0000520.jpg,/data/raja/Datasets/VisDrone/VisDrone2019-DET-val/images/0000316_00201_d_0000520.jpg,car,8,"[0.007096, 0.004631, 0.003183, 0.00248, 0.002353, 0.002235, 0.001242, 0.001004, 0.00031, 0.000294, 0.000264, 0.000138, 0.000138, 0.000137, 6.2e-05]",4 or more,4 or more,True
0000316_00401_d_0000521.jpg,/data/raja/Datasets/VisDrone/VisDrone2019-DET-val/images/0000316_00401_d_0000521.jpg,motor,1,[0.00134],1,1,True
0000316_00601_d_0000522.jpg,/data/raja/Datasets/VisDrone/VisDrone2019-DET-val/images/0000316_00601_d_0000522.jpg,motor,1,"[0.001222, 0.00096, 0.000343, 0.000242, 4.3e-05]",1,1,True
0000316_00801_d_0000523.jpg,/data/raja/Datasets/VisDrone/VisDrone2019-DET-val/images/0000316_00801_d_0000523.jpg,van,1,"[0.001405, 0.000673, 0.000615, 0.000277]",1,1,True
0000316_01001_d_0000524.jpg,/data/raja/Datasets/VisDrone/VisDrone2019-DET-val/images/0000316_01001_d_0000524.jpg,car,3,"[0.004328, 0.003464, 0.0012, 0.000989]",3,3,True
0000316_01201_d_0000525.jpg,/data/raja/Datasets/VisDrone/VisDrone2019-DET-val/images/0000316_01201_d_0000525.jpg,awning-tricycle,3,"[0.002091, 0.001903, 0.001817]",3,3,True
0000316_01401_d_0000526.jpg,/data/raja/Datasets/VisDrone/VisDrone2019-DET-val/images/0000316_01401_d_0000526.jpg,motor,1,"[0.001371, 0.000511, 0.000404]",1,1,True
0000316_01601_d_0000527.jpg,/data/raja/Datasets/VisDrone/VisDrone2019-DET-val/images/0000316_01601_d_0000527.jpg,car,7,"[0.006782, 0.00647, 0.005637, 0.005205, 0.001687, 0.001669, 0.001031]",4 or more,4 or more,True
0000316_01801_d_0000528.jpg,/data/raja/Datasets/VisDrone/VisDrone2019-DET-val/images/0000316_01801_d_0000528.jpg,motor,4,"[0.002034, 0.001837, 0.001696, 0.001576]",4 or more,4 or more,True
0000316_02001_d_0000529.jpg,/data/raja/Datasets/VisDrone/VisDrone2019-DET-val/images/0000316_02001_d_0000529.jpg,car,2,"[0.003679, 0.001753]",2,2,True
0000316_02201_d_0000530.jpg,/data/raja/Datasets/VisDrone/VisDrone2019-DET-val/images/0000316_02201_d_0000530.jpg,pedestrian,3,"[0.00126, 0.001211, 0.001194, 0.000946, 0.000712]",3,3,True
0000323_02601_d_0000645.jpg,/data/raja/Datasets/VisDrone/VisDrone2019-DET-val/images/0000323_02601_d_0000645.jpg,pedestrian,5,"[0.001993, 0.00135, 0.001298, 0.001274, 0.001223, 0.000458, 0.000425, 0.000279, 0.000234, 0.000182, 0.000114, 8.7e-05, 5.8e-05, 5e-05]",4 or more,4 or more,True
0000327_00001_d_0000711.jpg,/data/raja/Datasets/VisDrone/VisDrone2019-DET-val/images/0000327_00001_d_0000711.jpg,motor,1,"[0.001583, 0.00075, 0.000423, 0.000164, 8.1e-05, 6.9e-05, 5.8e-05]",1,1,True
0000327_00201_d_0000712.jpg,/data/raja/Datasets/VisDrone/VisDrone2019-DET-val/images/0000327_00201_d_0000712.jpg,pedestrian,1,"[0.00126, 0.000254, 0.00019, 0.000169, 0.000121, 0.000115, 8.7e-05, 8.7e-05, 8.1e-05, 8.1e-05, 8.1e-05, 5.8e-05, 4.6e-05]",1,1,True
0000327_00401_d_0000713.jpg,/data/raja/Datasets/VisDrone/VisDrone2019-DET-val/images/0000327_00401_d_0000713.jpg,people,1,"[0.001201, 0.000467, 0.000199, 0.000101, 4.3e-05]",1,1,True
0000327_00601_d_0000714.jpg,/data/raja/Datasets/VisDrone/VisDrone2019-DET-val/images/0000327_00601_d_0000714.jpg,motor,1,"[0.003166, 0.000531, 0.000376, 0.000376, 0.00031, 0.000277, 0.000243, 0.000154, 0.000108, 0.000104, 0.000101]",1,1,True
0000327_00801_d_0000715.jpg,/data/raja/Datasets/VisDrone/VisDrone2019-DET-val/images/0000327_00801_d_0000715.jpg,van,3,"[0.014392, 0.013226, 0.002246, 0.000986, 0.000701, 0.000464, 0.000398, 0.000384, 0.000292]",3,3,True
0000327_01001_d_0000716.jpg,/data/raja/Datasets/VisDrone/VisDrone2019-DET-val/images/0000327_01001_d_0000716.jpg,van,1,"[0.001453, 0.000908, 0.000825, 0.000196]",1,1,True
0000327_01201_d_0000717.jpg,/data/raja/Datasets/VisDrone/VisDrone2019-DET-val/images/0000327_01201_d_0000717.jpg,people,2,"[0.001453, 0.001453, 0.000807, 0.000474, 0.000275, 0.00019, 0.000182, 9.8e-05, 9.2e-05]",2,2,True
0000327_01401_d_0000718.jpg,/data/raja/Datasets/VisDrone/VisDrone2019-DET-val/images/0000327_01401_d_0000718.jpg,bicycle,2,"[0.001419, 0.00109, 0.000908, 0.000836, 0.000817, 0.000131]",2,2,True
0000327_01801_d_0000720.jpg,/data/raja/Datasets/VisDrone/VisDrone2019-DET-val/images/0000327_01801_d_0000720.jpg,truck,1,[0.00515],1,1,True
0000327_02601_d_0000724.jpg,/data/raja/Datasets/VisDrone/VisDrone2019-DET-val/images/0000327_02601_d_0000724.jpg,pedestrian,1,"[0.001019, 0.000605, 0.000438, 0.000381, 0.000377, 0.000336, 0.000288, 0.000285, 0.000277, 0.000254, 0.00025, 0.000234, 0.000208, 0.000202, 0.000182, 0.000161, 0.000155, 0.000148, 0.000128, 9.6e-05, 9.2e-05, 8.6e-05]",1,1,True
0000327_02801_d_0000725.jpg,/data/raja/Datasets/VisDrone/VisDrone2019-DET-val/images/0000327_02801_d_0000725.jpg,van,2,"[0.002941, 0.001885, 0.000875, 0.000507]",2,2,True
0000327_03001_d_0000726.jpg,/data/raja/Datasets/VisDrone/VisDrone2019-DET-val/images/0000327_03001_d_0000726.jpg,pedestrian,1,"[0.001172, 0.000727, 0.000661, 0.000287, 0.00026, 0.000254, 0.000231, 0.000182, 0.000173, 0.000169, 0.000169, 0.000164, 0.000161, 0.000154, 0.000138, 0.000128, 8.2e-05, 7.7e-05, 7.5e-05, 6.2e-05, 3.5e-05]",1,1,True
0000327_03201_d_0000727.jpg,/data/raja/Datasets/VisDrone/VisDrone2019-DET-val/images/0000327_03201_d_0000727.jpg,van,6,"[0.009554, 0.006467, 0.005046, 0.00218, 0.001269, 0.001078, 0.000888, 0.000601, 0.000511, 0.000346, 0.000262, 0.000164, 0.000156, 0.000138, 0.000115, 0.000108, 9.6e-05]",4 or more,4 or more,True
0000327_03401_d_0000728.jpg,/data/raja/Datasets/VisDrone/VisDrone2019-DET-val/images/0000327_03401_d_0000728.jpg,car,10,"[0.007505, 0.004414, 0.003885, 0.003659, 0.003606, 0.00296, 0.001615, 0.001424, 0.001349, 0.001274, 0.000808, 0.000623, 0.000425, 0.000423, 0.000242, 0.000231, 0.000225, 0.000215, 0.000215, 0.000202, 0.000187, 0.000173, 0.00015, 0.00015, 0.000125]",4 or more,4 or more,True
0000327_03601_d_0000729.jpg,/data/raja/Datasets/VisDrone/VisDrone2019-DET-val/images/0000327_03601_d_0000729.jpg,truck,2,"[0.026482, 0.004164, 0.000862]",2,2,True
0000327_03801_d_0000730.jpg,/data/raja/Datasets/VisDrone/VisDrone2019-DET-val/images/0000327_03801_d_0000730.jpg,pedestrian,1,"[0.001322, 0.000537, 0.000525, 0.000242, 0.000233, 0.000222, 0.000221, 0.000221, 0.000219, 0.000202, 0.000201, 0.000199, 0.00019, 0.000183, 0.000182, 0.000182, 0.000161, 0.000161, 0.000156, 0.000154, 0.000154, 0.000148, 0.000148, 0.000147, 0.000141, 0.000138, 0.000131, 0.00013, 0.000121, 0.00011, 7.5e-05, 7.2e-05]",1,1,True
0000327_04001_d_0000731.jpg,/data/raja/Datasets/VisDrone/VisDrone2019-DET-val/images/0000327_04001_d_0000731.jpg,van,1,"[0.001373, 0.000985, 0.000787, 0.000484, 0.000106]",1,1,True
0000327_04201_d_0000732.jpg,/data/raja/Datasets/VisDrone/VisDrone2019-DET-val/images/0000327_04201_d_0000732.jpg,motor,1,"[0.001116, 0.00083, 0.000827, 0.000654, 0.000577, 0.000538, 0.000354, 0.000337, 0.000256, 0.00019, 0.00018, 0.000127]",1,1,True
0000330_00001_d_0000800.jpg,/data/raja/Datasets/VisDrone/VisDrone2019-DET-val/images/0000330_00001_d_0000800.jpg,van,1,[0.007984],1,1,True
0000330_00201_d_0000801.jpg,/data/raja/Datasets/VisDrone/VisDrone2019-DET-val/images/0000330_00201_d_0000801.jpg,pedestrian,4,"[0.00192, 0.00149, 0.00126, 0.001238, 0.000476, 0.000412, 0.000328, 0.000288, 0.000279, 0.000275, 0.000269, 0.000268, 0.000231, 0.000231, 0.000225, 0.0002, 0.000161, 0.000128, 0.000121, 0.000101, 8.7e-05, 8.1e-05, 7.5e-05, 6.2e-05, 6.2e-05, 6.2e-05, 6.2e-05, 4.2e-05, 3.5e-05, 3.5e-05, 2.3e-05, 2.3e-05]",4 or more,4 or more,True
0000330_00401_d_0000802.jpg,/data/raja/Datasets/VisDrone/VisDrone2019-DET-val/images/0000330_00401_d_0000802.jpg,tricycle,3,"[0.001863, 0.001698, 0.001569, 0.000337]",3,3,True
0000330_00601_d_0000803.jpg,/data/raja/Datasets/VisDrone/VisDrone2019-DET-val/images/0000330_00601_d_0000803.jpg,car,15,"[0.012487, 0.012226, 0.009112, 0.006831, 0.005372, 0.00431, 0.00406, 0.003233, 0.003149, 0.002255, 0.002215, 0.002163, 0.001687, 0.001672, 0.001653, 0.000738, 0.000727, 0.000625, 0.000531, 0.000484, 0.000465, 0.000464, 0.000457, 0.000423, 0.000384, 0.000359, 0.00035, 0.000346, 0.000296, 0.000294, 0.000292, 0.000292, 0.000265, 0.000261, 0.00026, 0.000229, 0.000211, 0.000169, 0.000169, 0.000161, 0.00015, 0.000138, 0.000137, 0.000127, 0.000127, 0.000127, 0.000115, 0.000106, 0.000106, 0.000106, 0.000106, 0.0001, 9.5e-05, 8.7e-05, 7.7e-05, 7.7e-05, 6.2e-05, 6.1e-05, 6.1e-05, 5.8e-05, 5.4e-05, 4.6e-05, 4e-05, 3.4e-05]",4 or more,4 or more,True
0000330_00801_d_0000804.jpg,/data/raja/Datasets/VisDrone/VisDrone2019-DET-val/images/0000330_00801_d_0000804.jpg,people,2,"[0.003007, 0.001038, 0.000417, 0.000123, 0.0001, 4.8e-05, 4.6e-05]",2,2,True
0000330_01001_d_0000805.jpg,/data/raja/Datasets/VisDrone/VisDrone2019-DET-val/images/0000330_01001_d_0000805.jpg,tricycle,1,[0.002941],1,1,True
0000330_01201_d_0000806.jpg,/data/raja/Datasets/VisDrone/VisDrone2019-DET-val/images/0000330_01201_d_0000806.jpg,car,22,"[0.01261, 0.011747, 0.009706, 0.008151, 0.007866, 0.007382, 0.006819, 0.005652, 0.00421, 0.00387, 0.003633, 0.002308, 0.002099, 0.001984, 0.001522, 0.001315, 0.001315, 0.00123, 0.001205, 0.001172, 0.001157, 0.0011, 0.000976, 0.000929, 0.000779, 0.000754, 0.000663, 0.000657, 0.000646, 0.000621, 0.000584, 0.000498, 0.000465, 0.000375, 0.000328, 0.000317, 0.000265, 0.000256, 0.000237, 0.000208, 0.0002, 0.000187, 0.000185, 0.000161, 0.000154, 0.000144, 0.000138, 0.000138, 0.000138, 0.000137, 0.000125, 0.000116, 8.7e-05, 8.7e-05, 6.9e-05]",4 or more,4 or more,True
0000330_01401_d_0000807.jpg,/data/raja/Datasets/VisDrone/VisDrone2019-DET-val/images/0000330_01401_d_0000807.jpg,car,29,"[0.021151, 0.008949, 0.007151, 0.005952, 0.005931, 0.005571, 0.00345, 0.002759, 0.002598, 0.002509, 0.002418, 0.002307, 0.002278, 0.002153, 0.001965, 0.001945, 0.001876, 0.001818, 0.001778, 0.001695, 0.00168, 0.001624, 0.001437, 0.001312, 0.00129, 0.001216, 0.001191, 0.001153, 0.001115, 0.00093, 0.000603, 0.000538, 0.00045, 0.00045, 0.000384, 0.000359, 0.000359, 0.000349, 0.000343, 0.00031, 0.000292, 0.000292, 0.000288, 0.000269, 0.000256, 0.000246, 0.000245, 0.000159, 0.000154, 0.000137, 0.000127, 0.000115, 8.5e-05, 5.2e-05, 4e-05, 3.5e-05]",4 or more,4 or more,True
0000330_01601_d_0000808.jpg,/data/raja/Datasets/VisDrone/VisDrone2019-DET-val/images/0000330_01601_d_0000808.jpg,motor,1,"[0.001225, 0.000493, 0.000425, 0.000408, 0.000343, 0.000327, 0.00031, 0.000288, 0.000245, 0.000144, 0.00013, 0.000123, 0.0001, 8.7e-05, 2.7e-05, 1.7e-05, 8e-06]",1,1,True
0000330_01801_d_0000809.jpg,/data/raja/Datasets/VisDrone/VisDrone2019-DET-val/images/0000330_01801_d_0000809.jpg,car,16,"[0.007522, 0.007145, 0.005767, 0.005657, 0.005604, 0.00551, 0.005029, 0.004801, 0.004629, 0.004475, 0.002461, 0.002191, 0.001312, 0.001311, 0.001274, 0.001176, 0.000894, 0.000804, 0.000804, 0.000669, 0.000447]",4 or more,4 or more,True
0000330_02001_d_0000810.jpg,/data/raja/Datasets/VisDrone/VisDrone2019-DET-val/images/0000330_02001_d_0000810.jpg,car,16,"[0.009262, 0.007925, 0.007122, 0.006597, 0.004192, 0.003722, 0.002582, 0.002474, 0.002439, 0.002254, 0.001807, 0.001776, 0.001762, 0.001574, 0.001569, 0.001349, 0.000976, 0.00085, 0.000841, 0.00083, 0.000807, 0.000625, 0.000531, 0.000412, 0.000363, 0.000346, 0.000327, 0.000245, 0.00018, 0.000173, 9.8e-05, 7.4e-05, 6.2e-05]",4 or more,4 or more,True
0000330_02201_d_0000811.jpg,/data/raja/Datasets/VisDrone/VisDrone2019-DET-val/images/0000330_02201_d_0000811.jpg,pedestrian,3,"[0.001292, 0.001225, 0.001105, 0.000376, 0.000336, 0.000298, 0.000251, 0.000225, 0.000223, 0.000199, 0.000177, 0.000154]",3,3,True
0000330_02801_d_0000814.jpg,/data/raja/Datasets/VisDrone/VisDrone2019-DET-val/images/0000330_02801_d_0000814.jpg,car,13,"[0.020092, 0.010796, 0.008512, 0.007947, 0.00346, 0.003182, 0.003028, 0.001899, 0.001607, 0.001461, 0.001107, 0.001107, 0.001031, 0.000976, 0.00092, 0.000841, 0.000731]",4 or more,4 or more,True
0000330_03001_d_0000815.jpg,/data/raja/Datasets/VisDrone/VisDrone2019-DET-val/images/0000330_03001_d_0000815.jpg,motor,1,"[0.001038, 0.000571, 0.000538]",1,1,True
0000330_03201_d_0000816.jpg,/data/raja/Datasets/VisDrone/VisDrone2019-DET-val/images/0000330_03201_d_0000816.jpg,people,3,"[0.001528, 0.001374, 0.001077, 0.000507, 0.000477, 0.0003, 0.000275, 0.000254, 0.00025]",3,3,True
0000330_04001_d_0000820.jpg,/data/raja/Datasets/VisDrone/VisDrone2019-DET-val/images/0000330_04001_d_0000820.jpg,motor,7,"[0.004125, 0.003113, 0.002876, 0.002584, 0.001351, 0.001316, 0.001012, 0.000775, 0.000769, 0.000747, 0.000531]",4 or more,4 or more,True
0000330_04201_d_0000821.jpg,/data/raja/Datasets/VisDrone/VisDrone2019-DET-val/images/0000330_04201_d_0000821.jpg,van,5,"[0.004123, 0.001903, 0.001857, 0.001845, 0.001349]",4 or more,4 or more,True
0000330_04401_d_0000822.jpg,/data/raja/Datasets/VisDrone/VisDrone2019-DET-val/images/0000330_04401_d_0000822.jpg,truck,1,[0.00148],1,1,True
0000330_04601_d_0000823.jpg,/data/raja/Datasets/VisDrone/VisDrone2019-DET-val/images/0000330_04601_d_0000823.jpg,van,1,"[0.013892, 0.000571]",1,1,True
0000333_00001_d_0000001.jpg,/data/raja/Datasets/VisDrone/VisDrone2019-DET-val/images/0000333_00001_d_0000001.jpg,car,32,"[0.002843, 0.002745, 0.002552, 0.002543, 0.002397, 0.002353, 0.002301, 0.002292, 0.002276, 0.00222, 0.002206, 0.001967, 0.001868, 0.00184, 0.00184, 0.001803, 0.001784, 0.001759, 0.00173, 0.001695, 0.001692, 0.001624, 0.001562, 0.001557, 0.001531, 0.001453, 0.001449, 0.001226, 0.001176, 0.001151, 0.00115, 0.001081, 0.000877, 0.000861, 0.000525, 0.000484]",4 or more,4 or more,True
0000333_01765_d_0000010.jpg,/data/raja/Datasets/VisDrone/VisDrone2019-DET-val/images/0000333_01765_d_0000010.jpg,car,33,"[0.002038, 0.001978, 0.001799, 0.00173, 0.001695, 0.001692, 0.001599, 0.001569, 0.001346, 0.001298, 0.001275, 0.001254, 0.001254, 0.001238, 0.001226, 0.001225, 0.001194, 0.001172, 0.001153, 0.001153, 0.001127, 0.001127, 0.001105, 0.0011, 0.001083, 0.001078, 0.001061, 0.001039, 0.001038, 0.001038, 0.001038, 0.001036, 0.001017, 0.000989, 0.000989, 0.00095, 0.000949, 0.00093, 0.00093, 0.000929, 0.000913, 0.000787, 0.000713, 0.000692]",4 or more,4 or more,True
0000333_01961_d_0000011.jpg,/data/raja/Datasets/VisDrone/VisDrone2019-DET-val/images/0000333_01961_d_0000011.jpg,bus,1,[0.003663],1,1,True
0000333_02157_d_0000012.jpg,/data/raja/Datasets/VisDrone/VisDrone2019-DET-val/images/0000333_02157_d_0000012.jpg,van,6,"[0.001538, 0.001499, 0.001474, 0.001384, 0.001307, 0.001226, 0.000985]",4 or more,4 or more,True
0000333_02353_d_0000013.jpg,/data/raja/Datasets/VisDrone/VisDrone2019-DET-val/images/0000333_02353_d_0000013.jpg,van,6,"[0.002166, 0.001788, 0.001639, 0.001499, 0.001226, 0.00105, 0.000888]",4 or more,4 or more,True
0000333_02549_d_0000014.jpg,/data/raja/Datasets/VisDrone/VisDrone2019-DET-val/images/0000333_02549_d_0000014.jpg,car,19,"[0.002307, 0.001753, 0.001557, 0.001401, 0.001375, 0.001322, 0.001322, 0.001274, 0.00126, 0.001226, 0.001176, 0.00115, 0.00113, 0.001105, 0.00107, 0.001039, 0.001036, 0.001036, 0.001017, 0.000995, 0.000989, 0.000989, 0.000969, 0.000961, 0.000923, 0.000909, 0.000888, 0.000888, 0.000877, 0.000846, 0.000744]",4 or more,4 or more,True
0000333_02745_d_0000015.jpg,/data/raja/Datasets/VisDrone/VisDrone2019-DET-val/images/0000333_02745_d_0000015.jpg,car,15,"[0.001507, 0.001275, 0.001274, 0.001272, 0.001225, 0.001177, 0.001172, 0.001163, 0.001153, 0.001129, 0.001105, 0.0011, 0.001039, 0.001015, 0.001009, 0.000973, 0.00093, 0.000928, 0.000877, 0.000846, 0.000828, 0.000761, 0.00073, 0.000685]",4 or more,4 or more,True
0000333_02941_d_0000016.jpg,/data/raja/Datasets/VisDrone/VisDrone2019-DET-val/images/0000333_02941_d_0000016.jpg,van,1,[0.001698],1,1,True
0000333_03137_d_0000017.jpg,/data/raja/Datasets/VisDrone/VisDrone2019-DET-val/images/0000333_03137_d_0000017.jpg,car,15,"[0.001424, 0.001413, 0.001349, 0.001346, 0.001346, 0.001298, 0.001246, 0.001246, 0.001176, 0.001107, 0.00109, 0.001057, 0.001039, 0.001038, 0.001015, 0.000994, 0.000969, 0.000787, 0.000577, 0.0005, 0.000164, 0.000146, 0.000146]",4 or more,4 or more,True
0000333_03333_d_0000018.jpg,/data/raja/Datasets/VisDrone/VisDrone2019-DET-val/images/0000333_03333_d_0000018.jpg,car,25,"[0.001895, 0.001777, 0.00168, 0.001522, 0.00152, 0.001499, 0.001384, 0.001298, 0.001246, 0.001226, 0.0012, 0.0012, 0.001194, 0.001153, 0.001153, 0.001142, 0.001105, 0.001105, 0.001083, 0.001061, 0.001061, 0.001061, 0.001029, 0.001025, 0.001015, 0.000989, 0.000989, 0.000973, 0.000969, 0.000969, 0.000952, 0.000949, 0.000928, 0.000908, 0.000828, 0.000769, 0.000666, 0.000539]",4 or more,4 or more,True
0000333_03529_d_0000019.jpg,/data/raja/Datasets/VisDrone/VisDrone2019-DET-val/images/0000333_03529_d_0000019.jpg,van,2,"[0.001261, 0.0012, 0.000969, 0.000917]",2,2,True
0000333_03725_d_0000020.jpg,/data/raja/Datasets/VisDrone/VisDrone2019-DET-val/images/0000333_03725_d_0000020.jpg,truck,2,"[0.001353, 0.001075, 0.000952, 0.000906, 0.000827, 0.000804, 0.000676]",2,2,True
0000335_00001_d_0000043.jpg,/data/raja/Datasets/VisDrone/VisDrone2019-DET-val/images/0000335_00001_d_0000043.jpg,awning-tricycle,1,[0.001265],1,1,True
0000335_00197_d_0000044.jpg,/data/raja/Datasets/VisDrone/VisDrone2019-DET-val/images/0000335_00197_d_0000044.jpg,tricycle,4,"[0.00465, 0.004252, 0.002191, 0.001209, 0.000856]",4 or more,4 or more,True
0000335_00393_d_0000045.jpg,/data/raja/Datasets/VisDrone/VisDrone2019-DET-val/images/0000335_00393_d_0000045.jpg,pedestrian,5,"[0.001312, 0.001275, 0.001223, 0.001201, 0.001084, 0.000961, 0.00083, 0.000767, 0.000486, 0.000477, 0.000444]",4 or more,4 or more,True
0000335_00589_d_0000046.jpg,/data/raja/Datasets/VisDrone/VisDrone2019-DET-val/images/0000335_00589_d_0000046.jpg,van,2,"[0.009058, 0.003979]",2,2,True
0000335_00785_d_0000047.jpg,/data/raja/Datasets/VisDrone/VisDrone2019-DET-val/images/0000335_00785_d_0000047.jpg,car,6,"[0.011944, 0.00902, 0.004777, 0.004356, 0.002214, 0.001162, 0.000865, 0.000727, 0.000675, 0.000554, 0.000438, 0.000404, 0.000338, 0.000323, 0.000185]",4 or more,4 or more,True
0000335_00981_d_0000048.jpg,/data/raja/Datasets/VisDrone/VisDrone2019-DET-val/images/0000335_00981_d_0000048.jpg,bicycle,1,[0.001043],1,1,True
0000335_01765_d_0000052.jpg,/data/raja/Datasets/VisDrone/VisDrone2019-DET-val/images/0000335_01765_d_0000052.jpg,car,12,"[0.009996, 0.008578, 0.003795, 0.003287, 0.001818, 0.001817, 0.00168, 0.001461, 0.0014, 0.001176, 0.00111, 0.001015, 0.000953, 0.000865, 0.00078, 0.000649, 0.000625, 0.000577, 0.000577, 0.000465, 0.000402, 0.000384, 0.000384, 0.000346, 0.000329, 0.000294, 0.000294, 0.000294, 0.000261, 0.000187, 0.000115]",4 or more,4 or more,True
0000335_01961_d_0000053.jpg,/data/raja/Datasets/VisDrone/VisDrone2019-DET-val/images/0000335_01961_d_0000053.jpg,tricycle,1,[0.00283],1,1,True
0000335_02353_d_0000055.jpg,/data/raja/Datasets/VisDrone/VisDrone2019-DET-val/images/0000335_02353_d_0000055.jpg,truck,1,[0.008151],1,1,True
0000335_02549_d_0000056.jpg,/data/raja/Datasets/VisDrone/VisDrone2019-DET-val/images/0000335_02549_d_0000056.jpg,awning-tricycle,1,[0.002249],1,1,True
0000335_02745_d_0000057.jpg,/data/raja/Datasets/VisDrone/VisDrone2019-DET-val/images/0000335_02745_d_0000057.jpg,van,1,"[0.00258, 0.000592, 0.000127, 5.4e-05]",1,1,True
0000335_03137_d_0000059.jpg,/data/raja/Datasets/VisDrone/VisDrone2019-DET-val/images/0000335_03137_d_0000059.jpg,car,15,"[0.013267, 0.007747, 0.005934, 0.005479, 0.004563, 0.002982, 0.001946, 0.001636, 0.001533, 0.001384, 0.001315, 0.001211, 0.0012, 0.00111, 0.001087, 0.00078, 0.000597, 0.000444, 0.000363, 0.000347, 0.000292, 0.000245, 0.00019, 0.000185, 0.000173, 0.000169, 0.000162, 0.000162, 0.000121, 0.000116, 0.000106, 7.8e-05, 7.8e-05, 7.8e-05, 6.9e-05, 6.2e-05, 5.8e-05, 5.4e-05, 4.6e-05, 4e-05, 3.5e-05, 3.5e-05, 2.4e-05, 1.9e-05, 1.5e-05]",4 or more,4 or more,True
0000335_03333_d_0000060.jpg,/data/raja/Datasets/VisDrone/VisDrone2019-DET-val/images/0000335_03333_d_0000060.jpg,tricycle,1,[0.004798],1,1,True
0000335_03725_d_0000062.jpg,/data/raja/Datasets/VisDrone/VisDrone2019-DET-val/images/0000335_03725_d_0000062.jpg,people,2,"[0.001319, 0.001103, 0.000254]",2,2,True
0000335_03921_d_0000063.jpg,/data/raja/Datasets/VisDrone/VisDrone2019-DET-val/images/0000335_03921_d_0000063.jpg,car,25,"[0.019896, 0.014944, 0.010175, 0.007578, 0.007184, 0.006765, 0.006198, 0.005387, 0.005248, 0.005095, 0.00483, 0.004737, 0.004176, 0.003547, 0.003542, 0.003045, 0.002891, 0.002609, 0.002099, 0.002038, 0.001762, 0.001762, 0.001716, 0.001607, 0.001323]",4 or more,4 or more,True
0000335_04117_d_0000064.jpg,/data/raja/Datasets/VisDrone/VisDrone2019-DET-val/images/0000335_04117_d_0000064.jpg,car,17,"[0.026072, 0.015955, 0.013008, 0.010081, 0.009991, 0.009184, 0.00793, 0.007093, 0.005598, 0.003979, 0.00351, 0.00333, 0.002779, 0.00197, 0.001918, 0.001438, 0.001281, 0.00095]",4 or more,4 or more,True
0000335_04313_d_0000065.jpg,/data/raja/Datasets/VisDrone/VisDrone2019-DET-val/images/0000335_04313_d_0000065.jpg,motor,1,"[0.001922, 0.000925, 5.8e-05]",1,1,True
0000335_05097_d_0000069.jpg,/data/raja/Datasets/VisDrone/VisDrone2019-DET-val/images/0000335_05097_d_0000069.jpg,car,10,"[0.019311, 0.015066, 0.012717, 0.011089, 0.008911, 0.008111, 0.002609, 0.001826, 0.001696, 0.001013, 0.000865, 0.000433]",4 or more,4 or more,True
0000335_05685_d_0000072.jpg,/data/raja/Datasets/VisDrone/VisDrone2019-DET-val/images/0000335_05685_d_0000072.jpg,car,10,"[0.026599, 0.023756, 0.012276, 0.011505, 0.011038, 0.00828, 0.007751, 0.006695, 0.006171, 0.005683]",4 or more,4 or more,True
0000335_06469_d_0000076.jpg,/data/raja/Datasets/VisDrone/VisDrone2019-DET-val/images/0000335_06469_d_0000076.jpg,van,1,[0.012147],1,1,True
0000335_06665_d_0000077.jpg,/data/raja/Datasets/VisDrone/VisDrone2019-DET-val/images/0000335_06665_d_0000077.jpg,people,2,"[0.001615, 0.001038]",2,2,True
0000335_06861_d_0000078.jpg,/data/raja/Datasets/VisDrone/VisDrone2019-DET-val/images/0000335_06861_d_0000078.jpg,people,1,"[0.001759, 0.000649, 0.000354, 0.000208]",1,1,True
0000342_00393_d_0000244.jpg,/data/raja/Datasets/VisDrone/VisDrone2019-DET-val/images/0000342_00393_d_0000244.jpg,car,12,"[0.00941, 0.006226, 0.005441, 0.003045, 0.002983, 0.00286, 0.002364, 0.00203, 0.001471, 0.001184, 0.001153, 0.001125, 0.000995, 0.000983, 0.000923, 0.000889, 0.000864, 0.000723, 0.0007, 0.00067, 0.000654, 0.000625, 0.000619, 0.000606, 0.000605, 0.0006, 0.000577, 0.000553, 0.000461, 0.000423, 0.000402, 0.000384, 0.000327, 0.000212, 0.0002, 0.000185, 0.000173, 0.000159, 0.00015, 0.000148, 0.000144, 0.000127, 0.000115, 0.000104, 8.7e-05, 7.8e-05, 7.7e-05, 6.1e-05, 6.1e-05, 5.4e-05]",4 or more,4 or more,True
0000345_07057_d_0000345.jpg,/data/raja/Datasets/VisDrone/VisDrone2019-DET-val/images/0000345_07057_d_0000345.jpg,bicycle,1,"[0.001087, 0.000641, 0.000254, 0.000115, 0.000112]",1,1,True
0000346_00001_d_0000346.jpg,/data/raja/Datasets/VisDrone/VisDrone2019-DET-val/images/0000346_00001_d_0000346.jpg,pedestrian,4,"[0.00222, 0.001778, 0.00126, 0.001171, 0.000973, 0.000866, 0.000703, 0.000519, 0.00049, 0.000484, 0.000444, 0.0004, 0.000391, 0.000377, 0.000362, 0.000338, 0.000307, 0.000285, 0.000265, 0.00025, 0.000243, 0.00024]",4 or more,4 or more,True
0000346_01961_d_0000356.jpg,/data/raja/Datasets/VisDrone/VisDrone2019-DET-val/images/0000346_01961_d_0000356.jpg,truck,1,"[0.001423, 0.000505]",1,1,True
0000346_02549_d_0000359.jpg,/data/raja/Datasets/VisDrone/VisDrone2019-DET-val/images/0000346_02549_d_0000359.jpg,van,5,"[0.013529, 0.00218, 0.001826, 0.001745, 0.001609]",4 or more,4 or more,True
0000346_03921_d_0000366.jpg,/data/raja/Datasets/VisDrone/VisDrone2019-DET-val/images/0000346_03921_d_0000366.jpg,people,1,"[0.001338, 0.000474, 0.000265, 0.000231, 0.000211, 9.2e-05, 7.4e-05]",1,1,True
0000346_07057_d_0000382.jpg,/data/raja/Datasets/VisDrone/VisDrone2019-DET-val/images/0000346_07057_d_0000382.jpg,truck,1,"[0.001211, 0.000444]",1,1,True
0000348_00589_d_0000409.jpg,/data/raja/Datasets/VisDrone/VisDrone2019-DET-val/images/0000348_00589_d_0000409.jpg,pedestrian,1,"[0.00115, 0.000779, 0.000769, 0.00075, 0.000707, 0.000661, 0.000661, 0.000657, 0.000654, 0.000637, 0.000592, 0.000579, 0.000487, 0.00045, 0.000427, 0.000392, 0.000363, 0.000275]",1,1,True
0000348_03333_d_0000423.jpg,/data/raja/Datasets/VisDrone/VisDrone2019-DET-val/images/0000348_03333_d_0000423.jpg,motor,1,[0.001869],1,1,True
0000356_00589_d_0000632.jpg,/data/raja/Datasets/VisDrone/VisDrone2019-DET-val/images/0000356_00589_d_0000632.jpg,tricycle,1,"[0.002286, 0.000725, 0.000115]",1,1,True
0000356_01177_d_0000635.jpg,/data/raja/Datasets/VisDrone/VisDrone2019-DET-val/images/0000356_01177_d_0000635.jpg,people,2,"[0.001129, 0.00109, 0.000865, 0.000804, 0.0008, 0.000539, 0.000343, 0.000336, 0.000312, 0.000287, 0.000283, 0.000277, 0.000264, 0.000175]",2,2,True
0000356_01569_d_0000637.jpg,/data/raja/Datasets/VisDrone/VisDrone2019-DET-val/images/0000356_01569_d_0000637.jpg,motor,5,"[0.001776, 0.001415, 0.001192, 0.001182, 0.001043, 0.000727, 0.0005, 0.000381, 0.000327, 0.000242]",4 or more,4 or more,True
0000356_01765_d_0000638.jpg,/data/raja/Datasets/VisDrone/VisDrone2019-DET-val/images/0000356_01765_d_0000638.jpg,car,21,"[0.014844, 0.012124, 0.006274, 0.005228, 0.004945, 0.004937, 0.00434, 0.004293, 0.0042, 0.00402, 0.003383, 0.003094, 0.00301, 0.002885, 0.002614, 0.002354, 0.002299, 0.001812, 0.001791, 0.001401, 0.001047, 0.00092, 0.000721, 0.000685, 0.000646, 0.000606, 0.000525, 0.000508, 0.000505, 0.0005, 0.000484, 0.000461, 0.000423, 0.000384, 0.00031, 0.00031, 0.000274, 0.000269, 0.000185, 0.000162]",4 or more,4 or more,True
0000356_01961_d_0000639.jpg,/data/raja/Datasets/VisDrone/VisDrone2019-DET-val/images/0000356_01961_d_0000639.jpg,pedestrian,1,"[0.001661, 0.000657, 0.000538, 0.000447, 0.000358, 0.000317, 0.000288, 0.000279, 0.000265, 0.000264, 0.00025, 0.00025, 0.000234, 0.000211, 0.000199, 0.000199, 0.000192, 0.000185, 0.000185, 0.000177, 0.000169, 0.000168, 0.000161, 0.000154, 0.000141]",1,1,True
0000356_02157_d_0000640.jpg,/data/raja/Datasets/VisDrone/VisDrone2019-DET-val/images/0000356_02157_d_0000640.jpg,people,1,"[0.001031, 0.000817, 0.000626, 0.000615, 0.000572, 0.000519, 0.000473, 0.000173]",1,1,True
0000356_02353_d_0000641.jpg,/data/raja/Datasets/VisDrone/VisDrone2019-DET-val/images/0000356_02353_d_0000641.jpg,truck,2,"[0.00163, 0.00125]",2,2,True
0000356_02745_d_0000643.jpg,/data/raja/Datasets/VisDrone/VisDrone2019-DET-val/images/0000356_02745_d_0000643.jpg,motor,4,"[0.001732, 0.001644, 0.001471, 0.001449, 0.00083, 0.000707, 0.000571, 0.000545, 0.000433, 0.000384, 0.000343, 0.000338, 0.000312, 0.000308, 0.000287, 0.00026, 0.000256, 0.000225, 0.000211, 0.000169, 0.000163]",4 or more,4 or more,True
0000356_02941_d_0000644.jpg,/data/raja/Datasets/VisDrone/VisDrone2019-DET-val/images/0000356_02941_d_0000644.jpg,tricycle,1,"[0.001474, 0.000646, 0.000384]",1,1,True
0000356_03333_d_0000646.jpg,/data/raja/Datasets/VisDrone/VisDrone2019-DET-val/images/0000356_03333_d_0000646.jpg,truck,2,"[0.002941, 0.001534]",2,2,True
0000356_03529_d_0000647.jpg,/data/raja/Datasets/VisDrone/VisDrone2019-DET-val/images/0000356_03529_d_0000647.jpg,bus,1,[0.002958],1,1,True
0000356_03725_d_0000648.jpg,/data/raja/Datasets/VisDrone/VisDrone2019-DET-val/images/0000356_03725_d_0000648.jpg,awning-tricycle,1,[0.001192],1,1,True
0000356_03921_d_0000649.jpg,/data/raja/Datasets/VisDrone/VisDrone2019-DET-val/images/0000356_03921_d_0000649.jpg,truck,2,"[0.003542, 0.002349]",2,2,True
0000356_04117_d_0000650.jpg,/data/raja/Datasets/VisDrone/VisDrone2019-DET-val/images/0000356_04117_d_0000650.jpg,car,16,"[0.02301, 0.020367, 0.016436, 0.007689, 0.002719, 0.002191, 0.001967, 0.001812, 0.001762, 0.001615, 0.001453, 0.001424, 0.00124, 0.0012, 0.001169, 0.001115, 0.000976, 0.00096, 0.00073, 0.000646, 0.00064]",4 or more,4 or more,True
0000356_04313_d_0000651.jpg,/data/raja/Datasets/VisDrone/VisDrone2019-DET-val/images/0000356_04313_d_0000651.jpg,tricycle,1,"[0.001394, 0.000623, 0.000283]",1,1,True
0000356_04705_d_0000653.jpg,/data/raja/Datasets/VisDrone/VisDrone2019-DET-val/images/0000356_04705_d_0000653.jpg,motor,2,"[0.001918, 0.001617, 0.000796, 0.000619, 0.00053, 0.000467]",2,2,True
0000356_04901_d_0000654.jpg,/data/raja/Datasets/VisDrone/VisDrone2019-DET-val/images/0000356_04901_d_0000654.jpg,tricycle,1,[0.002893],1,1,True
0000356_05097_d_0000655.jpg,/data/raja/Datasets/VisDrone/VisDrone2019-DET-val/images/0000356_05097_d_0000655.jpg,people,1,"[0.001312, 0.000656, 0.000606, 0.000556, 0.000508, 0.000502, 0.000404, 0.000325, 0.000309, 0.000298, 0.00026, 0.000254, 0.000231, 0.000211]",1,1,True
0000358_03333_d_0000697.jpg,/data/raja/Datasets/VisDrone/VisDrone2019-DET-val/images/0000358_03333_d_0000697.jpg,van,3,"[0.003885, 0.003714, 0.002798, 0.000381, 0.000175, 0.000159, 7.8e-05]",3,3,True
0000359_00393_d_0000701.jpg,/data/raja/Datasets/VisDrone/VisDrone2019-DET-val/images/0000359_00393_d_0000701.jpg,pedestrian,1,"[0.001172, 0.000425, 0.000323, 0.000311, 0.000298, 0.000296, 0.000114, 0.000108]",1,1,True
0000359_00589_d_0000702.jpg,/data/raja/Datasets/VisDrone/VisDrone2019-DET-val/images/0000359_00589_d_0000702.jpg,tricycle,1,[0.001332],1,1,True
0000359_00785_d_0000703.jpg,/data/raja/Datasets/VisDrone/VisDrone2019-DET-val/images/0000359_00785_d_0000703.jpg,pedestrian,1,"[0.001096, 0.000387, 0.000161]",1,1,True
0000359_00981_d_0000704.jpg,/data/raja/Datasets/VisDrone/VisDrone2019-DET-val/images/0000359_00981_d_0000704.jpg,motor,1,[0.006248],1,1,True
0000359_01177_d_0000705.jpg,/data/raja/Datasets/VisDrone/VisDrone2019-DET-val/images/0000359_01177_d_0000705.jpg,car,30,"[0.030113, 0.022254, 0.013133, 0.012363, 0.009679, 0.006714, 0.005983, 0.005767, 0.004996, 0.004629, 0.004187, 0.003749, 0.003691, 0.00308, 0.003028, 0.002803, 0.002355, 0.002341, 0.002336, 0.002324, 0.002249, 0.002134, 0.002033, 0.001979, 0.001824, 0.001624, 0.001481, 0.001349, 0.0012, 0.001081, 0.000928, 0.000888, 0.000856, 0.000846, 0.000807, 0.000796, 0.000577, 0.000529, 0.000262]",4 or more,4 or more,True
0000359_01373_d_0000706.jpg,/data/raja/Datasets/VisDrone/VisDrone2019-DET-val/images/0000359_01373_d_0000706.jpg,car,8,"[0.056594, 0.033945, 0.031794, 0.014048, 0.00955, 0.007439, 0.005407, 0.003889]",4 or more,4 or more,True
0000359_01961_d_0000707.jpg,/data/raja/Datasets/VisDrone/VisDrone2019-DET-val/images/0000359_01961_d_0000707.jpg,pedestrian,2,"[0.003449, 0.001638]",2,2,True
0000359_02353_d_0000708.jpg,/data/raja/Datasets/VisDrone/VisDrone2019-DET-val/images/0000359_02353_d_0000708.jpg,car,5,"[0.005173, 0.003168, 0.002918, 0.001379, 0.001078, 0.000888, 0.000745, 0.000577, 0.000486, 0.000323, 0.000277, 0.000175, 0.000106]",4 or more,4 or more,True
0000359_02549_d_0000709.jpg,/data/raja/Datasets/VisDrone/VisDrone2019-DET-val/images/0000359_02549_d_0000709.jpg,van,2,"[0.009083, 0.004683]",2,2,True
0000359_03333_d_0000711.jpg,/data/raja/Datasets/VisDrone/VisDrone2019-DET-val/images/0000359_03333_d_0000711.jpg,car,2,"[0.005721, 0.004383, 0.0002, 9.6e-05]",2,2,True
0000359_03529_d_0000712.jpg,/data/raja/Datasets/VisDrone/VisDrone2019-DET-val/images/0000359_03529_d_0000712.jpg,van,2,"[0.011799, 0.010258]",2,2,True
0000360_00001_d_0000713.jpg,/data/raja/Datasets/VisDrone/VisDrone2019-DET-val/images/0000360_00001_d_0000713.jpg,motor,1,"[0.001522, 0.000548, 0.00035, 0.000329, 0.000323, 0.000256, 0.000254, 0.000231, 0.000219, 0.000211, 0.000192, 0.000138, 0.000115, 6.7e-05]",1,1,True
0000360_00197_d_0000714.jpg,/data/raja/Datasets/VisDrone/VisDrone2019-DET-val/images/0000360_00197_d_0000714.jpg,van,1,"[0.014569, 0.00092]",1,1,True
0000360_00393_d_0000715.jpg,/data/raja/Datasets/VisDrone/VisDrone2019-DET-val/images/0000360_00393_d_0000715.jpg,motor,2,"[0.001561, 0.001325, 0.000692, 0.000686, 0.000676, 0.000606, 0.000566, 0.000519, 0.000467, 0.000425, 0.000346, 0.000296, 0.000231, 0.000183, 9.2e-05]",2,2,True
0000360_00589_d_0000716.jpg,/data/raja/Datasets/VisDrone/VisDrone2019-DET-val/images/0000360_00589_d_0000716.jpg,awning-tricycle,2,"[0.002846, 0.002537, 0.000892, 0.000856]",2,2,True
0000360_00785_d_0000717.jpg,/data/raja/Datasets/VisDrone/VisDrone2019-DET-val/images/0000360_00785_d_0000717.jpg,pedestrian,1,"[0.00134, 0.000761]",1,1,True
0000360_00981_d_0000718.jpg,/data/raja/Datasets/VisDrone/VisDrone2019-DET-val/images/0000360_00981_d_0000718.jpg,motor,6,"[0.003199, 0.002199, 0.00131, 0.001261, 0.001138, 0.001125, 0.000952, 0.000949, 0.000865, 0.000784, 0.00073, 0.000656, 0.000431, 0.0004, 0.000173]",4 or more,4 or more,True
0000360_02353_d_0000725.jpg,/data/raja/Datasets/VisDrone/VisDrone2019-DET-val/images/0000360_02353_d_0000725.jpg,awning-tricycle,2,"[0.002941, 0.002512, 0.000825]",2,2,True
0000360_02745_d_0000727.jpg,/data/raja/Datasets/VisDrone/VisDrone2019-DET-val/images/0000360_02745_d_0000727.jpg,bicycle,2,"[0.001784, 0.00135, 0.000221]",2,2,True
0000360_02941_d_0000728.jpg,/data/raja/Datasets/VisDrone/VisDrone2019-DET-val/images/0000360_02941_d_0000728.jpg,tricycle,2,"[0.00483, 0.001534]",2,2,True
0000360_03137_d_0000729.jpg,/data/raja/Datasets/VisDrone/VisDrone2019-DET-val/images/0000360_03137_d_0000729.jpg,motor,4,"[0.002849, 0.001817, 0.001142, 0.00105, 0.00065, 0.000533, 0.000519, 0.000409, 0.000362]",4 or more,4 or more,True
0000360_03333_d_0000730.jpg,/data/raja/Datasets/VisDrone/VisDrone2019-DET-val/images/0000360_03333_d_0000730.jpg,truck,1,[0.007497],1,1,True
0000360_03529_d_0000731.jpg,/data/raja/Datasets/VisDrone/VisDrone2019-DET-val/images/0000360_03529_d_0000731.jpg,motor,4,"[0.003948, 0.003617, 0.001292, 0.001061, 0.000807, 0.000588, 0.000566, 0.000296]",4 or more,4 or more,True
0000360_03921_d_0000733.jpg,/data/raja/Datasets/VisDrone/VisDrone2019-DET-val/images/0000360_03921_d_0000733.jpg,van,2,"[0.005323, 0.001538]",2,2,True
0000360_04117_d_0000734.jpg,/data/raja/Datasets/VisDrone/VisDrone2019-DET-val/images/0000360_04117_d_0000734.jpg,van,1,[0.027449],1,1,True
0000360_04705_d_0000737.jpg,/data/raja/Datasets/VisDrone/VisDrone2019-DET-val/images/0000360_04705_d_0000737.jpg,motor,3,"[0.004521, 0.003923, 0.003124]",3,3,True
0000360_05293_d_0000740.jpg,/data/raja/Datasets/VisDrone/VisDrone2019-DET-val/images/0000360_05293_d_0000740.jpg,car,12,"[0.035186, 0.015239, 0.01384, 0.007689, 0.005625, 0.003068, 0.0027, 0.002499, 0.002259, 0.00192, 0.001774, 0.001507, 0.000924, 0.000825, 0.00065, 0.000631, 0.000623, 0.000588, 0.000575, 0.000538, 0.0005, 0.000464, 0.000442, 0.000442, 0.000402, 0.0004, 0.000343, 0.000294, 0.000294, 0.000277, 0.000261, 0.000202, 0.000175, 0.000173]",4 or more,4 or more,True
0000360_05685_d_0000742.jpg,/data/raja/Datasets/VisDrone/VisDrone2019-DET-val/images/0000360_05685_d_0000742.jpg,motor,4,"[0.004632, 0.003627, 0.003464, 0.002288, 0.000369, 0.000169, 0.00013]",4 or more,4 or more,True
0000360_06273_d_0000745.jpg,/data/raja/Datasets/VisDrone/VisDrone2019-DET-val/images/0000360_06273_d_0000745.jpg,motor,1,[0.001057],1,1,True
0000360_06665_d_0000747.jpg,/data/raja/Datasets/VisDrone/VisDrone2019-DET-val/images/0000360_06665_d_0000747.jpg,bicycle,1,"[0.00183, 0.000654, 0.000101]",1,1,True
0000360_06861_d_0000748.jpg,/data/raja/Datasets/VisDrone/VisDrone2019-DET-val/images/0000360_06861_d_0000748.jpg,car,12,"[0.02757, 0.018244, 0.014604, 0.011323, 0.009709, 0.009112, 0.007362, 0.006274, 0.00515, 0.004758, 0.003743, 0.002034]",4 or more,4 or more,True
0000360_07057_d_0000749.jpg,/data/raja/Datasets/VisDrone/VisDrone2019-DET-val/images/0000360_07057_d_0000749.jpg,tricycle,2,"[0.016747, 0.009319]",2,2,True
0000360_07253_d_0000750.jpg,/data/raja/Datasets/VisDrone/VisDrone2019-DET-val/images/0000360_07253_d_0000750.jpg,motor,3,"[0.003186, 0.001817, 0.001003, 0.000867]",3,3,True
0000360_07645_d_0000752.jpg,/data/raja/Datasets/VisDrone/VisDrone2019-DET-val/images/0000360_07645_d_0000752.jpg,pedestrian,4,"[0.005075, 0.003299, 0.003111, 0.002596]",4 or more,4 or more,True
0000364_00589_d_0000798.jpg,/data/raja/Datasets/VisDrone/VisDrone2019-DET-val/images/0000364_00589_d_0000798.jpg,motor,6,"[0.004533, 0.002654, 0.002074, 0.001863, 0.001661, 0.00157, 0.000932, 0.000772, 0.000772, 0.000405, 0.000243, 0.000216, 0.000127]",4 or more,4 or more,True
0000364_01177_d_0000799.jpg,/data/raja/Datasets/VisDrone/VisDrone2019-DET-val/images/0000364_01177_d_0000799.jpg,tricycle,5,"[0.008295, 0.002813, 0.002267, 0.001389, 0.001377, 0.000513, 0.000451, 0.000208]",4 or more,4 or more,True
0000364_01373_d_0000780.jpg,/data/raja/Datasets/VisDrone/VisDrone2019-DET-val/images/0000364_01373_d_0000780.jpg,car,2,"[0.02255, 0.009882, 0.000764]",2,2,True
0000364_01569_d_0000781.jpg,/data/raja/Datasets/VisDrone/VisDrone2019-DET-val/images/0000364_01569_d_0000781.jpg,people,2,"[0.001927, 0.001013, 0.00099, 0.000727, 0.000694, 0.000689, 0.000677, 0.000675, 0.000399, 0.000382, 0.000361, 0.000328, 0.000312, 0.000309, 0.000295, 0.000289, 0.000278, 0.00026, 0.00026, 0.000247, 0.000231, 0.000208, 0.000191, 0.000154, 0.000104, 9.6e-05]",2,2,True
0000364_01765_d_0000782.jpg,/data/raja/Datasets/VisDrone/VisDrone2019-DET-val/images/0000364_01765_d_0000782.jpg,motor,6,"[0.003733, 0.003627, 0.002546, 0.001454, 0.001134, 0.001026, 0.000621, 0.00053, 0.000467, 0.000424, 0.000394]",4 or more,4 or more,True
